NAME	GS<br> follow link to MSigDB	GS DETAILS	SIZE	ES	NES	NOM p-val	FDR q-val	FWER p-val	RANK AT MAX	LEADING EDGE	
NS1 MEDIATED EFFECTS ON HOST PATHWAYS%REACTOME DATABASE ID RELEASE 93%168276	NS1 MEDIATED EFFECTS ON HOST PATHWAYS%REACTOME DATABASE ID RELEASE 93%168276	Details ...	36	-0.6789413	-1.8901997	0.001984127	0.40624464	0.407	1893	tags=33%, list=12%, signal=38%	
REGULATION OF SISTER CHROMATID COHESION%GOBP%GO:0007063	REGULATION OF SISTER CHROMATID COHESION%GOBP%GO:0007063	Details ...	15	-0.8190452	-1.8701769	0.0	0.29093695	0.528	947	tags=33%, list=6%, signal=35%	
NLS-BEARING PROTEIN IMPORT INTO NUCLEUS%GOBP%GO:0006607	NLS-BEARING PROTEIN IMPORT INTO NUCLEUS%GOBP%GO:0006607	Details ...	16	-0.7890554	-1.8689178	0.001984127	0.19788124	0.534	386	tags=31%, list=2%, signal=32%	
PROTEIN LOCALIZATION TO MICROTUBULE CYTOSKELETON%GOBP%GO:0072698	PROTEIN LOCALIZATION TO MICROTUBULE CYTOSKELETON%GOBP%GO:0072698	Details ...	34	-0.66783744	-1.8326938	0.0	0.26946262	0.753	1135	tags=38%, list=7%, signal=41%	
NEGATIVE REGULATION OF CHROMOSOME ORGANIZATION%GOBP%GO:2001251	NEGATIVE REGULATION OF CHROMOSOME ORGANIZATION%GOBP%GO:2001251	Details ...	65	-0.584074	-1.8192388	0.0	0.27123362	0.831	1484	tags=25%, list=9%, signal=27%	
MECP2 AND ASSOCIATED RETT SYNDROME%WIKIPATHWAYS_20250810%WP3584%HOMO SAPIENS	MECP2 AND ASSOCIATED RETT SYNDROME%WIKIPATHWAYS_20250810%WP3584%HOMO SAPIENS	Details ...	48	-0.6184789	-1.8090065	0.0018315018	0.2670437	0.873	1564	tags=23%, list=10%, signal=25%	
PRADER WILLI AND ANGELMAN SYNDROME%WIKIPATHWAYS_20250810%WP3998%HOMO SAPIENS	PRADER WILLI AND ANGELMAN SYNDROME%WIKIPATHWAYS_20250810%WP3998%HOMO SAPIENS	Details ...	64	-0.5799997	-1.7937021	0.0	0.2958573	0.923	1893	tags=28%, list=12%, signal=32%	
MICROTUBULE ORGANIZING CENTER LOCALIZATION%GOBP%GO:0061842	MICROTUBULE ORGANIZING CENTER LOCALIZATION%GOBP%GO:0061842	Details ...	20	-0.72607344	-1.788024	0.0	0.28255278	0.935	3056	tags=60%, list=19%, signal=74%	
TRANSPORT OF RIBONUCLEOPROTEINS INTO THE HOST NUCLEUS%REACTOME DATABASE ID RELEASE 93%168271	TRANSPORT OF RIBONUCLEOPROTEINS INTO THE HOST NUCLEUS%REACTOME DATABASE ID RELEASE 93%168271	Details ...	28	-0.68382907	-1.7859263	0.0	0.2602596	0.94	2235	tags=36%, list=14%, signal=41%	
PROTEIN LOCALIZATION TO CYTOSKELETON%GOBP%GO:0044380	PROTEIN LOCALIZATION TO CYTOSKELETON%GOBP%GO:0044380	Details ...	40	-0.6256031	-1.7840875	0.0	0.24049085	0.942	1135	tags=33%, list=7%, signal=35%	
PROTEIN LOCALIZATION TO CENTROSOME%GOBP%GO:0071539	PROTEIN LOCALIZATION TO CENTROSOME%GOBP%GO:0071539	Details ...	21	-0.71852994	-1.7796838	0.0019493178	0.23289835	0.953	1135	tags=43%, list=7%, signal=46%	
POSITIVE REGULATION OF CARDIAC MUSCLE HYPERTROPHY%GOBP%GO:0010613	POSITIVE REGULATION OF CARDIAC MUSCLE HYPERTROPHY%GOBP%GO:0010613	Details ...	21	-0.7169437	-1.779104	0.0018656716	0.21485335	0.954	1077	tags=19%, list=7%, signal=20%	
PROTEIN LOCALIZATION TO MICROTUBULE ORGANIZING CENTER%GOBP%GO:1905508	PROTEIN LOCALIZATION TO MICROTUBULE ORGANIZING CENTER%GOBP%GO:1905508	Details ...	21	-0.71852994	-1.768479	0.003944773	0.23380321	0.973	1135	tags=43%, list=7%, signal=46%	
LEUKOCYTE TETHERING OR ROLLING%GOBP%GO:0050901	LEUKOCYTE TETHERING OR ROLLING%GOBP%GO:0050901	Details ...	17	-0.7468593	-1.7671033	0.0038461538	0.2217945	0.981	1300	tags=18%, list=8%, signal=19%	
NON-MOTILE CILIUM ASSEMBLY%GOBP%GO:1905515	NON-MOTILE CILIUM ASSEMBLY%GOBP%GO:1905515	Details ...	29	-0.6675714	-1.763939	0.0018726592	0.21679078	0.983	2644	tags=52%, list=16%, signal=62%	
CENTROSOME LOCALIZATION%GOBP%GO:0051642	CENTROSOME LOCALIZATION%GOBP%GO:0051642	Details ...	20	-0.72607344	-1.7631388	0.0	0.20631202	0.983	3056	tags=60%, list=19%, signal=74%	
IL2 SIGNALING EVENTS MEDIATED BY STAT5%PATHWAY INTERACTION DATABASE NCI-NATURE CURATED DATA%IL2 SIGNALING EVENTS MEDIATED BY STAT5	IL2 SIGNALING EVENTS MEDIATED BY STAT5%PATHWAY INTERACTION DATABASE NCI-NATURE CURATED DATA%IL2 SIGNALING EVENTS MEDIATED BY STAT5	Details ...	21	-0.7203721	-1.7618184	0.001984127	0.19770731	0.985	2666	tags=38%, list=16%, signal=45%	
PID_IL2_STAT5_PATHWAY%MSIGDB_C2%PID_IL2_STAT5_PATHWAY	PID_IL2_STAT5_PATHWAY%MSIGDB_C2%PID_IL2_STAT5_PATHWAY	Details ...	20	-0.7253658	-1.7602721	0.0019723866	0.19097036	0.988	2666	tags=40%, list=16%, signal=48%	
POSITIVE REGULATION OF MUSCLE HYPERTROPHY%GOBP%GO:0014742	POSITIVE REGULATION OF MUSCLE HYPERTROPHY%GOBP%GO:0014742	Details ...	21	-0.7169437	-1.7529851	0.0019646366	0.20067236	0.992	1077	tags=19%, list=7%, signal=20%	
ESTROGEN SIGNALING%WIKIPATHWAYS_20250810%WP712%HOMO SAPIENS	ESTROGEN SIGNALING%WIKIPATHWAYS_20250810%WP712%HOMO SAPIENS	Details ...	17	-0.7496179	-1.7507021	0.002008032	0.19657266	0.994	2623	tags=47%, list=16%, signal=56%	
DEFECTIVE TPR MAY CONFER SUSCEPTIBILITY TOWARDS THYROID PAPILLARY CARCINOMA (TPC)%REACTOME DATABASE ID RELEASE 93%5619107	DEFECTIVE TPR MAY CONFER SUSCEPTIBILITY TOWARDS THYROID PAPILLARY CARCINOMA (TPC)%REACTOME DATABASE ID RELEASE 93%5619107		26	-0.6621366	-1.7397854	0.006147541	0.21782342	0.998	2235	tags=35%, list=14%, signal=40%	
INTERACTIONS OF VPR WITH HOST CELLULAR PROTEINS%REACTOME%R-HSA-176033.4	INTERACTIONS OF VPR WITH HOST CELLULAR PROTEINS%REACTOME%R-HSA-176033.4		32	-0.63045186	-1.7381929	0.0	0.21324342	0.998	2235	tags=31%, list=14%, signal=36%	
ENDODERM DIFFERENTIATION%WIKIPATHWAYS_20250810%WP2853%HOMO SAPIENS	ENDODERM DIFFERENTIATION%WIKIPATHWAYS_20250810%WP2853%HOMO SAPIENS		97	-0.523091	-1.7331734	0.0	0.21769755	0.998	3024	tags=32%, list=18%, signal=39%	
SIGNALING EVENTS MEDIATED BY TCPTP%PATHWAY INTERACTION DATABASE NCI-NATURE CURATED DATA%SIGNALING EVENTS MEDIATED BY TCPTP	SIGNALING EVENTS MEDIATED BY TCPTP%PATHWAY INTERACTION DATABASE NCI-NATURE CURATED DATA%SIGNALING EVENTS MEDIATED BY TCPTP		38	-0.61536217	-1.7301375	0.005424955	0.21678786	0.999	2296	tags=32%, list=14%, signal=37%	
VPR-MEDIATED NUCLEAR IMPORT OF PICS%REACTOME%R-HSA-180910.4	VPR-MEDIATED NUCLEAR IMPORT OF PICS%REACTOME%R-HSA-180910.4		30	-0.6381043	-1.726384	0.002074689	0.21902125	0.999	2235	tags=33%, list=14%, signal=39%	
REGULATION OF GLUCOKINASE BY GLUCOKINASE REGULATORY PROTEIN%REACTOME%R-HSA-170822.5	REGULATION OF GLUCOKINASE BY GLUCOKINASE REGULATORY PROTEIN%REACTOME%R-HSA-170822.5		26	-0.6621366	-1.7261356	0.0038461538	0.21128552	0.999	2235	tags=35%, list=14%, signal=40%	
MITOTIC SISTER CHROMATID COHESION%GOBP%GO:0007064	MITOTIC SISTER CHROMATID COHESION%GOBP%GO:0007064		19	-0.70751226	-1.7259144	0.007843138	0.20412464	0.999	2603	tags=47%, list=16%, signal=56%	
REGULATION OF CHROMATIN ORGANIZATION%GOBP%GO:1902275	REGULATION OF CHROMATIN ORGANIZATION%GOBP%GO:1902275		22	-0.6832461	-1.7255429	0.006122449	0.1978627	0.999	926	tags=27%, list=6%, signal=29%	
REGULATION OF WNT B CATENIN SIGNALING BY SMALL MOLECULE COMPOUNDS%WIKIPATHWAYS_20250810%WP3664%HOMO SAPIENS	REGULATION OF WNT B CATENIN SIGNALING BY SMALL MOLECULE COMPOUNDS%WIKIPATHWAYS_20250810%WP3664%HOMO SAPIENS		15	-0.75293595	-1.7188567	0.0019011407	0.20887204	0.999	1590	tags=33%, list=10%, signal=37%	
NUCLEAR PORE COMPLEX (NPC) DISASSEMBLY%REACTOME DATABASE ID RELEASE 93%3301854	NUCLEAR PORE COMPLEX (NPC) DISASSEMBLY%REACTOME DATABASE ID RELEASE 93%3301854		32	-0.63592565	-1.7174875	0.003787879	0.20571603	0.999	2534	tags=34%, list=15%, signal=41%	
NUCLEIC ACID TRANSPORT%GOBP%GO:0050657	NUCLEIC ACID TRANSPORT%GOBP%GO:0050657		89	-0.51978713	-1.7035993	0.0017421603	0.23772603	1.0	2059	tags=27%, list=13%, signal=31%	
RNA TRANSPORT%GOBP%GO:0050658	RNA TRANSPORT%GOBP%GO:0050658		89	-0.51978713	-1.6942836	0.0	0.25808692	1.0	2059	tags=27%, list=13%, signal=31%	
POSITIVE REGULATION OF TRANSCRIPTION BY RNA POLYMERASE III%GOBP%GO:0045945	POSITIVE REGULATION OF TRANSCRIPTION BY RNA POLYMERASE III%GOBP%GO:0045945		15	-0.72342783	-1.6897733	0.0	0.2648868	1.0	1115	tags=47%, list=7%, signal=50%	
BBSOME-MEDIATED CARGO-TARGETING TO CILIUM%REACTOME%R-HSA-5620922.4	BBSOME-MEDIATED CARGO-TARGETING TO CILIUM%REACTOME%R-HSA-5620922.4		19	-0.6925204	-1.6874601	0.009398496	0.26427826	1.0	3378	tags=47%, list=21%, signal=60%	
ESTABLISHMENT OF RNA LOCALIZATION%GOBP%GO:0051236	ESTABLISHMENT OF RNA LOCALIZATION%GOBP%GO:0051236		91	-0.52266574	-1.6842055	0.0	0.26663616	1.0	2059	tags=27%, list=13%, signal=31%	
NEPHRIN FAMILY INTERACTIONS%REACTOME DATABASE ID RELEASE 93%373753	NEPHRIN FAMILY INTERACTIONS%REACTOME DATABASE ID RELEASE 93%373753		19	-0.6888576	-1.6775224	0.00589391	0.28023183	1.0	2445	tags=47%, list=15%, signal=56%	
LIPOPOLYSACCHARIDE-MEDIATED SIGNALING PATHWAY%GOBP%GO:0031663	LIPOPOLYSACCHARIDE-MEDIATED SIGNALING PATHWAY%GOBP%GO:0031663		15	-0.7243971	-1.6766231	0.015384615	0.27589118	1.0	937	tags=20%, list=6%, signal=21%	
REGULATION OF NUCLEAR-TRANSCRIBED MRNA CATABOLIC PROCESS, DEADENYLATION-DEPENDENT DECAY%GOBP%GO:1900151	REGULATION OF NUCLEAR-TRANSCRIBED MRNA CATABOLIC PROCESS, DEADENYLATION-DEPENDENT DECAY%GOBP%GO:1900151		23	-0.6763265	-1.6744463	0.003960396	0.27575985	1.0	2471	tags=30%, list=15%, signal=36%	
PID_TCPTP_PATHWAY%MSIGDB_C2%PID_TCPTP_PATHWAY	PID_TCPTP_PATHWAY%MSIGDB_C2%PID_TCPTP_PATHWAY		31	-0.6200757	-1.6692272	0.005769231	0.28554288	1.0	2666	tags=32%, list=16%, signal=38%	
SPERM FLAGELLUM ASSEMBLY%GOBP%GO:0120316	SPERM FLAGELLUM ASSEMBLY%GOBP%GO:0120316		34	-0.6121457	-1.6672997	0.0060728746	0.28498662	1.0	4437	tags=50%, list=27%, signal=68%	
HALLMARK_UV_RESPONSE_DN%MSIGDBHALLMARK%HALLMARK_UV_RESPONSE_DN	HALLMARK_UV_RESPONSE_DN%MSIGDBHALLMARK%HALLMARK_UV_RESPONSE_DN		111	-0.500284	-1.6654484	0.001814882	0.283713	1.0	3388	tags=27%, list=21%, signal=34%	
NEP NS2 INTERACTS WITH THE CELLULAR EXPORT MACHINERY%REACTOME DATABASE ID RELEASE 93%168333	NEP NS2 INTERACTS WITH THE CELLULAR EXPORT MACHINERY%REACTOME DATABASE ID RELEASE 93%168333		28	-0.6335688	-1.6591848	0.014227643	0.29831597	1.0	2235	tags=32%, list=14%, signal=37%	
FOREBRAIN DEVELOPMENT%GOBP%GO:0030900	FOREBRAIN DEVELOPMENT%GOBP%GO:0030900		121	-0.4925852	-1.654952	0.0	0.30511755	1.0	3316	tags=34%, list=20%, signal=42%	
NUCLEAR IMPORT OF REV PROTEIN%REACTOME%R-HSA-180746.3	NUCLEAR IMPORT OF REV PROTEIN%REACTOME%R-HSA-180746.3		30	-0.6276378	-1.6544632	0.011090573	0.3001186	1.0	2235	tags=30%, list=14%, signal=35%	
REGULATION OF CARDIAC MUSCLE HYPERTROPHY%GOBP%GO:0010611	REGULATION OF CARDIAC MUSCLE HYPERTROPHY%GOBP%GO:0010611		33	-0.60844415	-1.6539422	0.0038535646	0.2951835	1.0	1077	tags=12%, list=7%, signal=13%	
LEUKOCYTE ADHESION TO VASCULAR ENDOTHELIAL CELL%GOBP%GO:0061756	LEUKOCYTE ADHESION TO VASCULAR ENDOTHELIAL CELL%GOBP%GO:0061756		19	-0.6890259	-1.6520063	0.0058708414	0.29548618	1.0	1300	tags=16%, list=8%, signal=17%	
EXPORT OF VIRAL RIBONUCLEOPROTEINS FROM NUCLEUS%REACTOME DATABASE ID RELEASE 93%168274	EXPORT OF VIRAL RIBONUCLEOPROTEINS FROM NUCLEUS%REACTOME DATABASE ID RELEASE 93%168274		29	-0.6256313	-1.6502409	0.007677543	0.29532787	1.0	2235	tags=31%, list=14%, signal=36%	
PID_NCADHERIN_PATHWAY%MSIGDB_C2%PID_NCADHERIN_PATHWAY	PID_NCADHERIN_PATHWAY%MSIGDB_C2%PID_NCADHERIN_PATHWAY		28	-0.62008816	-1.649757	0.013182675	0.29083797	1.0	854	tags=25%, list=5%, signal=26%	
REV-MEDIATED NUCLEAR EXPORT OF HIV RNA%REACTOME%R-HSA-165054.4	REV-MEDIATED NUCLEAR EXPORT OF HIV RNA%REACTOME%R-HSA-165054.4		31	-0.60322326	-1.6488457	0.0	0.2881845	1.0	2235	tags=29%, list=14%, signal=34%	
FACTORS AND PATHWAYS AFFECTING INSULIN LIKE GROWTH FACTOR IGF1 AKT SIGNALING%WIKIPATHWAYS_20250810%WP3850%HOMO SAPIENS	FACTORS AND PATHWAYS AFFECTING INSULIN LIKE GROWTH FACTOR IGF1 AKT SIGNALING%WIKIPATHWAYS_20250810%WP3850%HOMO SAPIENS		25	-0.648058	-1.6477273	0.009940358	0.2860952	1.0	1489	tags=36%, list=9%, signal=40%	
RNA EXPORT FROM NUCLEUS%GOBP%GO:0006405	RNA EXPORT FROM NUCLEUS%GOBP%GO:0006405		65	-0.5331521	-1.6438586	0.0019120459	0.29284456	1.0	1760	tags=28%, list=11%, signal=31%	
CENTROSOME DUPLICATION%GOBP%GO:0051298	CENTROSOME DUPLICATION%GOBP%GO:0051298		34	-0.5949503	-1.6425507	0.014925373	0.2914916	1.0	2452	tags=47%, list=15%, signal=55%	
INTRA-GOLGI TRAFFIC%REACTOME DATABASE ID RELEASE 93%6811438	INTRA-GOLGI TRAFFIC%REACTOME DATABASE ID RELEASE 93%6811438		40	-0.5750626	-1.6383227	0.010968922	0.29935807	1.0	1594	tags=30%, list=10%, signal=33%	
MICROTUBULE ORGANIZING CENTER ORGANIZATION%GOBP%GO:0031023	MICROTUBULE ORGANIZING CENTER ORGANIZATION%GOBP%GO:0031023		87	-0.50080013	-1.6338603	0.005484461	0.30847687	1.0	2193	tags=31%, list=13%, signal=36%	
REGULATION OF MUSCLE HYPERTROPHY%GOBP%GO:0014743	REGULATION OF MUSCLE HYPERTROPHY%GOBP%GO:0014743		33	-0.60844415	-1.6320324	0.0093632955	0.30946994	1.0	1077	tags=12%, list=7%, signal=13%	
MESODERMAL COMMITMENT PATHWAY%WIKIPATHWAYS_20250810%WP2857%HOMO SAPIENS	MESODERMAL COMMITMENT PATHWAY%WIKIPATHWAYS_20250810%WP2857%HOMO SAPIENS		98	-0.4921891	-1.6319714	0.0	0.30412537	1.0	3449	tags=36%, list=21%, signal=45%	
BIOCARTA_ARENRF2_PATHWAY%MSIGDB_C2%BIOCARTA_ARENRF2_PATHWAY	BIOCARTA_ARENRF2_PATHWAY%MSIGDB_C2%BIOCARTA_ARENRF2_PATHWAY		16	-0.7051037	-1.6317319	0.014256619	0.299611	1.0	641	tags=25%, list=4%, signal=26%	
POSITIVE REGULATION OF OSTEOBLAST DIFFERENTIATION%GOBP%GO:0045669	POSITIVE REGULATION OF OSTEOBLAST DIFFERENTIATION%GOBP%GO:0045669		47	-0.55431604	-1.629897	0.005628518	0.30026478	1.0	4185	tags=51%, list=25%, signal=68%	
MRNA TRANSPORT%GOBP%GO:0051028	MRNA TRANSPORT%GOBP%GO:0051028		59	-0.53113514	-1.6224252	0.003787879	0.3204659	1.0	1689	tags=27%, list=10%, signal=30%	
E2F MEDIATED REGULATION OF DNA REPLICATION%REACTOME DATABASE ID RELEASE 93%113510	E2F MEDIATED REGULATION OF DNA REPLICATION%REACTOME DATABASE ID RELEASE 93%113510		18	-0.67459625	-1.6165121	0.016853932	0.33490056	1.0	2542	tags=39%, list=15%, signal=46%	
DOSAGE COMPENSATION BY INACTIVATION OF X CHROMOSOME%GOBP%GO:0009048	DOSAGE COMPENSATION BY INACTIVATION OF X CHROMOSOME%GOBP%GO:0009048		15	-0.70536655	-1.6094016	0.019569471	0.35494077	1.0	1567	tags=27%, list=10%, signal=29%	
SUBSTRATE-DEPENDENT CELL MIGRATION%GOBP%GO:0006929	SUBSTRATE-DEPENDENT CELL MIGRATION%GOBP%GO:0006929		15	-0.6899468	-1.6087475	0.013645224	0.35179695	1.0	2842	tags=47%, list=17%, signal=56%	
SPERM AXONEME ASSEMBLY%GOBP%GO:0007288	SPERM AXONEME ASSEMBLY%GOBP%GO:0007288		21	-0.649907	-1.6073709	0.009746589	0.35097545	1.0	3343	tags=38%, list=20%, signal=48%	
SEX-CHROMOSOME DOSAGE COMPENSATION%GOBP%GO:0007549	SEX-CHROMOSOME DOSAGE COMPENSATION%GOBP%GO:0007549		15	-0.70536655	-1.6024921	0.025806451	0.36262485	1.0	1567	tags=27%, list=10%, signal=29%	
SUMOYLATION OF DNA DAMAGE RESPONSE AND REPAIR PROTEINS%REACTOME%R-HSA-3108214.4	SUMOYLATION OF DNA DAMAGE RESPONSE AND REPAIR PROTEINS%REACTOME%R-HSA-3108214.4		68	-0.5121291	-1.6010457	0.0	0.36249155	1.0	2440	tags=34%, list=15%, signal=40%	
LIMBIC SYSTEM DEVELOPMENT%GOBP%GO:0021761	LIMBIC SYSTEM DEVELOPMENT%GOBP%GO:0021761		27	-0.6096359	-1.6007122	0.016129032	0.35835	1.0	2136	tags=33%, list=13%, signal=38%	
DNA REPLICATION INITIATION%GOBP%GO:0006270	DNA REPLICATION INITIATION%GOBP%GO:0006270		22	-0.6392603	-1.5998976	0.007434944	0.35580787	1.0	2062	tags=32%, list=13%, signal=36%	
MOLECULAR PATHWAY FOR OXIDATIVE STRESS%WIKIPATHWAYS_20250810%WP5477%HOMO SAPIENS	MOLECULAR PATHWAY FOR OXIDATIVE STRESS%WIKIPATHWAYS_20250810%WP5477%HOMO SAPIENS		36	-0.58403236	-1.5966334	0.009578544	0.3624494	1.0	1569	tags=28%, list=10%, signal=31%	
CILIOPATHIES%WIKIPATHWAYS_20250810%WP4803%HOMO SAPIENS	CILIOPATHIES%WIKIPATHWAYS_20250810%WP4803%HOMO SAPIENS		129	-0.4663132	-1.5904945	0.0	0.3804434	1.0	2848	tags=34%, list=17%, signal=41%	
BIOCARTA_HDAC_PATHWAY%MSIGDB_C2%BIOCARTA_HDAC_PATHWAY	BIOCARTA_HDAC_PATHWAY%MSIGDB_C2%BIOCARTA_HDAC_PATHWAY		15	-0.6861834	-1.589858	0.02534113	0.37695354	1.0	2189	tags=27%, list=13%, signal=31%	
RNA LOCALIZATION%GOBP%GO:0006403	RNA LOCALIZATION%GOBP%GO:0006403		113	-0.47629327	-1.584612	0.0017094017	0.39102045	1.0	1760	tags=23%, list=11%, signal=26%	
PROTEIN TARGETING TO VACUOLE%GOBP%GO:0006623	PROTEIN TARGETING TO VACUOLE%GOBP%GO:0006623		38	-0.565266	-1.5817238	0.013108614	0.3969073	1.0	1449	tags=37%, list=9%, signal=40%	
PHOTORECEPTOR CELL DIFFERENTIATION%GOBP%GO:0046530	PHOTORECEPTOR CELL DIFFERENTIATION%GOBP%GO:0046530		27	-0.58699286	-1.5803527	0.013182675	0.3963475	1.0	2876	tags=22%, list=18%, signal=27%	
REGULATION OF TELOMERE MAINTENANCE%GOBP%GO:0032204	REGULATION OF TELOMERE MAINTENANCE%GOBP%GO:0032204		98	-0.481064	-1.5798752	0.0018867925	0.3926478	1.0	1579	tags=24%, list=10%, signal=27%	
PHOTORECEPTOR CELL DEVELOPMENT%GOBP%GO:0042461	PHOTORECEPTOR CELL DEVELOPMENT%GOBP%GO:0042461		20	-0.6459264	-1.5777233	0.021032505	0.39563352	1.0	2876	tags=30%, list=18%, signal=36%	
CENTROSOME CYCLE%GOBP%GO:0007098	CENTROSOME CYCLE%GOBP%GO:0007098		77	-0.500007	-1.5759809	0.0051107327	0.39683998	1.0	2193	tags=30%, list=13%, signal=34%	
GENES RELATED TO PRIMARY CILIUM DEVELOPMENT BASED ON CRISPR %WIKIPATHWAYS_20250810%WP4536%HOMO SAPIENS	GENES RELATED TO PRIMARY CILIUM DEVELOPMENT BASED ON CRISPR %WIKIPATHWAYS_20250810%WP4536%HOMO SAPIENS		82	-0.50039065	-1.5754569	0.0054151625	0.39353096	1.0	3093	tags=44%, list=19%, signal=54%	
15Q11Q13 COPY NUMBER VARIATION%WIKIPATHWAYS_20250810%WP5407%HOMO SAPIENS	15Q11Q13 COPY NUMBER VARIATION%WIKIPATHWAYS_20250810%WP5407%HOMO SAPIENS		34	-0.5806576	-1.5747219	0.01734104	0.3914295	1.0	153	tags=12%, list=1%, signal=12%	
PHOSPHATIDYLINOSITOL DEPHOSPHORYLATION%GOBP%GO:0046856	PHOSPHATIDYLINOSITOL DEPHOSPHORYLATION%GOBP%GO:0046856		19	-0.63424355	-1.5712378	0.024809161	0.3994073	1.0	2023	tags=42%, list=12%, signal=48%	
RETINOBLASTOMA GENE IN CANCER%WIKIPATHWAYS_20250810%WP2446%HOMO SAPIENS	RETINOBLASTOMA GENE IN CANCER%WIKIPATHWAYS_20250810%WP2446%HOMO SAPIENS		67	-0.5062939	-1.5699073	0.0038095238	0.3998948	1.0	2900	tags=34%, list=18%, signal=42%	
MITOCHONDRIAL GENE EXPRESSION%WIKIPATHWAYS_20250810%WP391%HOMO SAPIENS	MITOCHONDRIAL GENE EXPRESSION%WIKIPATHWAYS_20250810%WP391%HOMO SAPIENS		19	-0.64105797	-1.5690801	0.023762377	0.39810434	1.0	1474	tags=47%, list=9%, signal=52%	
GOLGI ORGANIZATION%GOBP%GO:0007030	GOLGI ORGANIZATION%GOBP%GO:0007030		109	-0.47387105	-1.5663282	0.005154639	0.40353778	1.0	2548	tags=33%, list=16%, signal=39%	
MBDNF AND PROBDNF REGULATION OF GABA NEUROTRANSMISSION%WIKIPATHWAYS_20250810%WP4829%HOMO SAPIENS	MBDNF AND PROBDNF REGULATION OF GABA NEUROTRANSMISSION%WIKIPATHWAYS_20250810%WP4829%HOMO SAPIENS		23	-0.6219825	-1.5646048	0.01923077	0.40535453	1.0	593	tags=17%, list=4%, signal=18%	
INTERACTIONS OF REV WITH HOST CELLULAR PROTEINS%REACTOME%R-HSA-177243.4	INTERACTIONS OF REV WITH HOST CELLULAR PROTEINS%REACTOME%R-HSA-177243.4		33	-0.5845902	-1.5617851	0.020257827	0.4115271	1.0	2235	tags=27%, list=14%, signal=32%	
RANKL%NETPATH%RANKL	RANKL%NETPATH%RANKL		18	-0.6626179	-1.5591019	0.021153847	0.4166727	1.0	975	tags=33%, list=6%, signal=35%	
CELLULAR EXTRAVASATION%GOBP%GO:0045123	CELLULAR EXTRAVASATION%GOBP%GO:0045123		29	-0.5808475	-1.5576926	0.011342155	0.41713113	1.0	1671	tags=17%, list=10%, signal=19%	
TRNA PROCESSING IN THE NUCLEUS%REACTOME%R-HSA-6784531.6	TRNA PROCESSING IN THE NUCLEUS%REACTOME%R-HSA-6784531.6		53	-0.5236728	-1.5573857	0.009451796	0.41353956	1.0	2235	tags=28%, list=14%, signal=33%	
HALLMARK_MITOTIC_SPINDLE%MSIGDBHALLMARK%HALLMARK_MITOTIC_SPINDLE	HALLMARK_MITOTIC_SPINDLE%MSIGDBHALLMARK%HALLMARK_MITOTIC_SPINDLE		151	-0.4501284	-1.5555515	0.0	0.41600427	1.0	2299	tags=32%, list=14%, signal=37%	
PID_RHOA_PATHWAY%MSIGDB_C2%PID_RHOA_PATHWAY	PID_RHOA_PATHWAY%MSIGDB_C2%PID_RHOA_PATHWAY		31	-0.5764315	-1.5536648	0.009433962	0.41850668	1.0	1569	tags=26%, list=10%, signal=28%	
JNK (C-JUN KINASES) PHOSPHORYLATION AND ACTIVATION MEDIATED BY ACTIVATED HUMAN TAK1%REACTOME DATABASE ID RELEASE 93%450321	JNK (C-JUN KINASES) PHOSPHORYLATION AND ACTIVATION MEDIATED BY ACTIVATED HUMAN TAK1%REACTOME DATABASE ID RELEASE 93%450321		16	-0.66643953	-1.5531352	0.023255814	0.41583863	1.0	3314	tags=44%, list=20%, signal=55%	
HIPPOCAMPUS DEVELOPMENT%GOBP%GO:0021766	HIPPOCAMPUS DEVELOPMENT%GOBP%GO:0021766		20	-0.63242084	-1.551555	0.022857143	0.41726774	1.0	2136	tags=40%, list=13%, signal=46%	
SIGNALING BY HIPPO%REACTOME%R-HSA-2028269.3	SIGNALING BY HIPPO%REACTOME%R-HSA-2028269.3		18	-0.64693093	-1.5488354	0.030245747	0.4233904	1.0	3699	tags=61%, list=23%, signal=79%	
TRANSPORT OF THE SLBP DEPENDANT MATURE MRNA%REACTOME DATABASE ID RELEASE 93%159230	TRANSPORT OF THE SLBP DEPENDANT MATURE MRNA%REACTOME DATABASE ID RELEASE 93%159230		32	-0.5679703	-1.5479481	0.022514071	0.42235276	1.0	2235	tags=28%, list=14%, signal=32%	
ION CHANNELS AND THEIR FUNCTIONAL ROLE IN VASCULAR ENDOTHELIUM%SMPDB%SMP0063778	ION CHANNELS AND THEIR FUNCTIONAL ROLE IN VASCULAR ENDOTHELIUM%SMPDB%SMP0063778		15	-0.6804885	-1.5470914	0.023809524	0.42100063	1.0	4121	tags=67%, list=25%, signal=89%	
REGULATION OF NUCLEOBASE-CONTAINING COMPOUND TRANSPORT%GOBP%GO:0032239	REGULATION OF NUCLEOBASE-CONTAINING COMPOUND TRANSPORT%GOBP%GO:0032239		15	-0.6626428	-1.5450827	0.02964427	0.4243753	1.0	2694	tags=53%, list=16%, signal=64%	
MRNA STABILIZATION%GOBP%GO:0048255	MRNA STABILIZATION%GOBP%GO:0048255		45	-0.5292373	-1.54106	0.0056390977	0.43558282	1.0	1593	tags=22%, list=10%, signal=25%	
NEGATIVE REGULATION OF RNA CATABOLIC PROCESS%GOBP%GO:1902369	NEGATIVE REGULATION OF RNA CATABOLIC PROCESS%GOBP%GO:1902369		69	-0.49382886	-1.5408347	0.0055658626	0.43198472	1.0	2590	tags=29%, list=16%, signal=34%	
RECOMBINATIONAL REPAIR%GOBP%GO:0000725	RECOMBINATIONAL REPAIR%GOBP%GO:0000725		112	-0.46139002	-1.5403763	0.0	0.4294568	1.0	2521	tags=29%, list=15%, signal=35%	
NEGATIVE REGULATION OF TELOMERE MAINTENANCE VIA TELOMERE LENGTHENING%GOBP%GO:1904357	NEGATIVE REGULATION OF TELOMERE MAINTENANCE VIA TELOMERE LENGTHENING%GOBP%GO:1904357		24	-0.61849123	-1.5395551	0.013972056	0.42810926	1.0	1484	tags=33%, list=9%, signal=37%	
RNA STABILIZATION%GOBP%GO:0043489	RNA STABILIZATION%GOBP%GO:0043489		55	-0.5113707	-1.5382944	0.0057803467	0.42871487	1.0	2590	tags=31%, list=16%, signal=37%	
NEGATIVE REGULATION OF MRNA CATABOLIC PROCESS%GOBP%GO:1902373	NEGATIVE REGULATION OF MRNA CATABOLIC PROCESS%GOBP%GO:1902373		58	-0.51021254	-1.5354811	0.0019417476	0.43555325	1.0	1593	tags=21%, list=10%, signal=23%	
NUCLEAR ENVELOPE BREAKDOWN%REACTOME DATABASE ID RELEASE 93%2980766	NUCLEAR ENVELOPE BREAKDOWN%REACTOME DATABASE ID RELEASE 93%2980766		45	-0.5283247	-1.5351026	0.018621974	0.4327222	1.0	1893	tags=27%, list=12%, signal=30%	
TRANSPORT OF THE SLBP INDEPENDENT MATURE MRNA%REACTOME DATABASE ID RELEASE 93%159227	TRANSPORT OF THE SLBP INDEPENDENT MATURE MRNA%REACTOME DATABASE ID RELEASE 93%159227		31	-0.570559	-1.5327437	0.021235522	0.43770728	1.0	2235	tags=29%, list=14%, signal=34%	
PROTEIN MODIFICATION BY SMALL PROTEIN REMOVAL%GOBP%GO:0070646	PROTEIN MODIFICATION BY SMALL PROTEIN REMOVAL%GOBP%GO:0070646		86	-0.4825208	-1.5312532	0.0068846815	0.4394575	1.0	2528	tags=36%, list=15%, signal=42%	
MRNA EXPORT FROM NUCLEUS%GOBP%GO:0006406	MRNA EXPORT FROM NUCLEUS%GOBP%GO:0006406		51	-0.52539563	-1.5310211	0.017513135	0.43618694	1.0	1638	tags=27%, list=10%, signal=30%	
POSITIVE REGULATION OF CHROMOSOME ORGANIZATION%GOBP%GO:2001252	POSITIVE REGULATION OF CHROMOSOME ORGANIZATION%GOBP%GO:2001252		94	-0.4641705	-1.5297904	0.008591065	0.43655005	1.0	1579	tags=24%, list=10%, signal=27%	
REGULATION OF TELOMERE MAINTENANCE VIA TELOMERE LENGTHENING%GOBP%GO:1904356	REGULATION OF TELOMERE MAINTENANCE VIA TELOMERE LENGTHENING%GOBP%GO:1904356		47	-0.5260027	-1.5249289	0.02259887	0.45094484	1.0	1579	tags=23%, list=10%, signal=26%	
REGULATION OF MUSCLE ADAPTATION%GOBP%GO:0043502	REGULATION OF MUSCLE ADAPTATION%GOBP%GO:0043502		39	-0.54469526	-1.5231695	0.014842301	0.45380792	1.0	1077	tags=10%, list=7%, signal=11%	
DEPOSITION OF NEW CENPA-CONTAINING NUCLEOSOMES AT THE CENTROMERE%REACTOME DATABASE ID RELEASE 93%606279	DEPOSITION OF NEW CENPA-CONTAINING NUCLEOSOMES AT THE CENTROMERE%REACTOME DATABASE ID RELEASE 93%606279		38	-0.53849196	-1.5211844	0.026266417	0.45734933	1.0	502	tags=11%, list=3%, signal=11%	
DNA-TEMPLATED DNA REPLICATION%GOBP%GO:0006261	DNA-TEMPLATED DNA REPLICATION%GOBP%GO:0006261		114	-0.45026734	-1.518196	0.0053956835	0.46486777	1.0	2418	tags=31%, list=15%, signal=36%	
REGULATION OF RNA EXPORT FROM NUCLEUS%GOBP%GO:0046831	REGULATION OF RNA EXPORT FROM NUCLEUS%GOBP%GO:0046831		15	-0.6626428	-1.5176886	0.053497944	0.4628378	1.0	2694	tags=53%, list=16%, signal=64%	
TOLL-LIKE RECEPTOR SIGNALING PATHWAY%GOBP%GO:0002224	TOLL-LIKE RECEPTOR SIGNALING PATHWAY%GOBP%GO:0002224		37	-0.53840935	-1.5159733	0.016949153	0.46568757	1.0	937	tags=16%, list=6%, signal=17%	
POSITIVE REGULATION OF TELOMERE MAINTENANCE VIA TELOMERE LENGTHENING%GOBP%GO:1904358	POSITIVE REGULATION OF TELOMERE MAINTENANCE VIA TELOMERE LENGTHENING%GOBP%GO:1904358		24	-0.5833886	-1.5132923	0.030120483	0.4721514	1.0	1579	tags=25%, list=10%, signal=28%	
NEGATIVE REGULATION OF TELOMERE MAINTENANCE%GOBP%GO:0032205	NEGATIVE REGULATION OF TELOMERE MAINTENANCE%GOBP%GO:0032205		31	-0.54880714	-1.5129286	0.036777582	0.46933076	1.0	1484	tags=26%, list=9%, signal=28%	
DOUBLE-STRAND BREAK REPAIR VIA HOMOLOGOUS RECOMBINATION%GOBP%GO:0000724	DOUBLE-STRAND BREAK REPAIR VIA HOMOLOGOUS RECOMBINATION%GOBP%GO:0000724		108	-0.45321473	-1.5120039	0.008976661	0.46896917	1.0	1584	tags=22%, list=10%, signal=24%	
MAINTENANCE OF CELL NUMBER%GOBP%GO:0098727	MAINTENANCE OF CELL NUMBER%GOBP%GO:0098727		39	-0.53256667	-1.5114571	0.02	0.46706787	1.0	1564	tags=28%, list=10%, signal=31%	
POSITIVE REGULATION OF POST-TRANSLATIONAL PROTEIN MODIFICATION%GOBP%GO:1901875	POSITIVE REGULATION OF POST-TRANSLATIONAL PROTEIN MODIFICATION%GOBP%GO:1901875		93	-0.46650133	-1.5111029	0.003552398	0.4644371	1.0	1987	tags=25%, list=12%, signal=28%	
ANDROGEN RECEPTOR SIGNALING PATHWAY%GOBP%GO:0030521	ANDROGEN RECEPTOR SIGNALING PATHWAY%GOBP%GO:0030521		17	-0.6374932	-1.5107208	0.04032258	0.46197012	1.0	2513	tags=24%, list=15%, signal=28%	
POSITIVE REGULATION OF AUTOPHAGOSOME ASSEMBLY%GOBP%GO:2000786	POSITIVE REGULATION OF AUTOPHAGOSOME ASSEMBLY%GOBP%GO:2000786		19	-0.6271712	-1.5097941	0.023346303	0.4615853	1.0	1462	tags=37%, list=9%, signal=40%	
BARDET BIEDL SYNDROME%WIKIPATHWAYS_20250810%WP5234%HOMO SAPIENS	BARDET BIEDL SYNDROME%WIKIPATHWAYS_20250810%WP5234%HOMO SAPIENS		68	-0.48288488	-1.5088671	0.014184397	0.46139014	1.0	3020	tags=44%, list=18%, signal=54%	
SISTER CHROMATID COHESION%GOBP%GO:0007062	SISTER CHROMATID COHESION%GOBP%GO:0007062		41	-0.5371813	-1.5085154	0.012915129	0.45897758	1.0	2603	tags=34%, list=16%, signal=40%	
PALLIUM DEVELOPMENT%GOBP%GO:0021543	PALLIUM DEVELOPMENT%GOBP%GO:0021543		57	-0.5006585	-1.5071377	0.009689922	0.46064556	1.0	3316	tags=40%, list=20%, signal=50%	
HCMV EARLY EVENTS%REACTOME%R-HSA-9609690.2	HCMV EARLY EVENTS%REACTOME%R-HSA-9609690.2		62	-0.5000897	-1.5062305	0.023090586	0.46045232	1.0	1893	tags=19%, list=12%, signal=22%	
POSITIVE REGULATION OF PROTEIN MODIFICATION BY SMALL PROTEIN CONJUGATION OR REMOVAL%GOBP%GO:1903322	POSITIVE REGULATION OF PROTEIN MODIFICATION BY SMALL PROTEIN CONJUGATION OR REMOVAL%GOBP%GO:1903322		92	-0.4670439	-1.5034564	0.009505703	0.4671762	1.0	1987	tags=25%, list=12%, signal=28%	
CELL SURFACE TOLL-LIKE RECEPTOR SIGNALING PATHWAY%GOBP%GO:0140895	CELL SURFACE TOLL-LIKE RECEPTOR SIGNALING PATHWAY%GOBP%GO:0140895		30	-0.5567086	-1.5029906	0.03683241	0.46538725	1.0	975	tags=20%, list=6%, signal=21%	
POSITIVE REGULATION OF T CELL MEDIATED IMMUNITY%GOBP%GO:0002711	POSITIVE REGULATION OF T CELL MEDIATED IMMUNITY%GOBP%GO:0002711		43	-0.5147437	-1.4997693	0.01058201	0.47416142	1.0	1987	tags=19%, list=12%, signal=21%	
DNA RECOMBINATION%GOBP%GO:0006310	DNA RECOMBINATION%GOBP%GO:0006310		170	-0.42733756	-1.4993019	0.0017452007	0.472497	1.0	1856	tags=22%, list=11%, signal=25%	
MITOTIC SPINDLE ASSEMBLY%GOBP%GO:0090307	MITOTIC SPINDLE ASSEMBLY%GOBP%GO:0090307		42	-0.5220408	-1.4983823	0.022181146	0.4724516	1.0	2257	tags=26%, list=14%, signal=30%	
SMAD PROTEIN SIGNAL TRANSDUCTION%GOBP%GO:0060395	SMAD PROTEIN SIGNAL TRANSDUCTION%GOBP%GO:0060395		16	-0.64517003	-1.4973217	0.038910504	0.47291294	1.0	3554	tags=50%, list=22%, signal=64%	
MITOTIC RECOMBINATION%GOBP%GO:0006312	MITOTIC RECOMBINATION%GOBP%GO:0006312		16	-0.6548743	-1.497195	0.046511628	0.46977478	1.0	1417	tags=38%, list=9%, signal=41%	
TRNA PROCESSING%REACTOME DATABASE ID RELEASE 93%72306	TRNA PROCESSING%REACTOME DATABASE ID RELEASE 93%72306		104	-0.4550512	-1.496883	0.008605852	0.46740413	1.0	2235	tags=27%, list=14%, signal=31%	
DNA REPLICATION%PANTHER PATHWAY%P00017	DNA REPLICATION%PANTHER PATHWAY%P00017		16	-0.63724256	-1.4960839	0.036217302	0.4666456	1.0	844	tags=31%, list=5%, signal=33%	
NEUROMUSCULAR PROCESS%GOBP%GO:0050905	NEUROMUSCULAR PROCESS%GOBP%GO:0050905		38	-0.5325274	-1.4947616	0.03809524	0.46824563	1.0	1623	tags=18%, list=10%, signal=20%	
STEM CELL POPULATION MAINTENANCE%GOBP%GO:0019827	STEM CELL POPULATION MAINTENANCE%GOBP%GO:0019827		38	-0.5354241	-1.4933449	0.02471483	0.47074988	1.0	1564	tags=29%, list=10%, signal=32%	
DNA CONFORMATION CHANGE%GOBP%GO:0071103	DNA CONFORMATION CHANGE%GOBP%GO:0071103		17	-0.6342627	-1.4915873	0.037848607	0.4742547	1.0	844	tags=24%, list=5%, signal=25%	
REGULATION OF HSF1-MEDIATED HEAT SHOCK RESPONSE%REACTOME DATABASE ID RELEASE 93%3371453	REGULATION OF HSF1-MEDIATED HEAT SHOCK RESPONSE%REACTOME DATABASE ID RELEASE 93%3371453		64	-0.4796602	-1.4877912	0.013358778	0.4858651	1.0	2492	tags=27%, list=15%, signal=31%	
REGULATION OF TRANSCRIPTION BY RNA POLYMERASE III%GOBP%GO:0006359	REGULATION OF TRANSCRIPTION BY RNA POLYMERASE III%GOBP%GO:0006359		27	-0.5651192	-1.4874501	0.044315994	0.483533	1.0	1115	tags=30%, list=7%, signal=32%	
TOLL-LIKE RECEPTOR PATHWAY 2%SMPDB%SMP0069593	TOLL-LIKE RECEPTOR PATHWAY 2%SMPDB%SMP0069593		27	-0.56082684	-1.4864937	0.034883723	0.48385584	1.0	975	tags=26%, list=6%, signal=28%	
NUCLEOSOME ASSEMBLY%REACTOME DATABASE ID RELEASE 93%774815	NUCLEOSOME ASSEMBLY%REACTOME DATABASE ID RELEASE 93%774815		38	-0.53849196	-1.485697	0.031620555	0.48366782	1.0	502	tags=11%, list=3%, signal=11%	
SUMO E3 LIGASES SUMOYLATE TARGET PROTEINS%REACTOME DATABASE ID RELEASE 93%3108232	SUMO E3 LIGASES SUMOYLATE TARGET PROTEINS%REACTOME DATABASE ID RELEASE 93%3108232		148	-0.42235383	-1.4847703	0.0034662045	0.48381522	1.0	1760	tags=20%, list=11%, signal=22%	
SUMOYLATION%REACTOME DATABASE ID RELEASE 93%2990846	SUMOYLATION%REACTOME DATABASE ID RELEASE 93%2990846		153	-0.42805964	-1.4839811	0.0017857143	0.48347497	1.0	1760	tags=20%, list=11%, signal=22%	
TELENCEPHALON CELL MIGRATION%GOBP%GO:0022029	TELENCEPHALON CELL MIGRATION%GOBP%GO:0022029		22	-0.5878711	-1.4819824	0.037109375	0.48830658	1.0	2300	tags=45%, list=14%, signal=53%	
TELENCEPHALON DEVELOPMENT%GOBP%GO:0021537	TELENCEPHALON DEVELOPMENT%GOBP%GO:0021537		86	-0.45895794	-1.4812634	0.0034423408	0.4877432	1.0	3316	tags=35%, list=20%, signal=43%	
MIRNA ROLE IN IMMUNE RESPONSE IN SEPSIS%WIKIPATHWAYS_20250810%WP4329%HOMO SAPIENS	MIRNA ROLE IN IMMUNE RESPONSE IN SEPSIS%WIKIPATHWAYS_20250810%WP4329%HOMO SAPIENS		24	-0.57445794	-1.4811836	0.048828125	0.48466054	1.0	975	tags=29%, list=6%, signal=31%	
CENTRIOLE REPLICATION%GOBP%GO:0007099	CENTRIOLE REPLICATION%GOBP%GO:0007099		23	-0.5928312	-1.4799075	0.041825093	0.48633918	1.0	2452	tags=48%, list=15%, signal=56%	
BIOCARTA_CTLA4_PATHWAY%MSIGDB_C2%BIOCARTA_CTLA4_PATHWAY	BIOCARTA_CTLA4_PATHWAY%MSIGDB_C2%BIOCARTA_CTLA4_PATHWAY		15	-0.6512097	-1.477966	0.046747968	0.49061435	1.0	379	tags=13%, list=2%, signal=14%	
VITAMIN D SENSITIVE CALCIUM SIGNALING IN DEPRESSION%WIKIPATHWAYS_20250810%WP4698%HOMO SAPIENS	VITAMIN D SENSITIVE CALCIUM SIGNALING IN DEPRESSION%WIKIPATHWAYS_20250810%WP4698%HOMO SAPIENS		20	-0.61081827	-1.4772903	0.04536862	0.48996085	1.0	2002	tags=35%, list=12%, signal=40%	
PROTEIN BRANCHED POLYUBIQUITINATION%GOBP%GO:0141198	PROTEIN BRANCHED POLYUBIQUITINATION%GOBP%GO:0141198		17	-0.62245214	-1.476699	0.044660196	0.48894167	1.0	1506	tags=35%, list=9%, signal=39%	
SIGNALING BY FLT3 FUSION PROTEINS%REACTOME DATABASE ID RELEASE 93%9703465	SIGNALING BY FLT3 FUSION PROTEINS%REACTOME DATABASE ID RELEASE 93%9703465		17	-0.6303473	-1.4755759	0.04	0.4899452	1.0	2250	tags=47%, list=14%, signal=54%	
T CELL RECEPTOR AND CO STIMULATORY SIGNALING%WIKIPATHWAYS_20250810%WP2583%HOMO SAPIENS	T CELL RECEPTOR AND CO STIMULATORY SIGNALING%WIKIPATHWAYS_20250810%WP2583%HOMO SAPIENS		19	-0.6094368	-1.4752761	0.026768642	0.48792422	1.0	1474	tags=32%, list=9%, signal=35%	
REGULATION OF AUTOPHAGOSOME ASSEMBLY%GOBP%GO:2000785	REGULATION OF AUTOPHAGOSOME ASSEMBLY%GOBP%GO:2000785		43	-0.5112091	-1.4745885	0.029850746	0.48735222	1.0	1604	tags=33%, list=10%, signal=36%	
PHOSPHATIDYLCHOLINE BIOSYNTHETIC PROCESS%GOBP%GO:0006656	PHOSPHATIDYLCHOLINE BIOSYNTHETIC PROCESS%GOBP%GO:0006656		15	-0.64069283	-1.4736315	0.041322313	0.4875679	1.0	26	tags=7%, list=0%, signal=7%	
REGULATION OF TUBE DIAMETER%GOBP%GO:0035296	REGULATION OF TUBE DIAMETER%GOBP%GO:0035296		57	-0.49150383	-1.4732183	0.013157895	0.48599547	1.0	2756	tags=25%, list=17%, signal=29%	
MICROTUBULE ANCHORING%GOBP%GO:0034453	MICROTUBULE ANCHORING%GOBP%GO:0034453		21	-0.5917503	-1.4718044	0.04024145	0.48817626	1.0	1017	tags=29%, list=6%, signal=30%	
BLOOD VESSEL DIAMETER MAINTENANCE%GOBP%GO:0097746	BLOOD VESSEL DIAMETER MAINTENANCE%GOBP%GO:0097746		57	-0.49150383	-1.4701315	0.021857923	0.49163643	1.0	2756	tags=25%, list=17%, signal=29%	
VASODILATION%GOBP%GO:0042311	VASODILATION%GOBP%GO:0042311		16	-0.613701	-1.4671793	0.06876228	0.49997923	1.0	560	tags=13%, list=3%, signal=13%	
REGULATION OF TUBE SIZE%GOBP%GO:0035150	REGULATION OF TUBE SIZE%GOBP%GO:0035150		57	-0.49150383	-1.4668903	0.024074074	0.4980137	1.0	2756	tags=25%, list=17%, signal=29%	
MYOGENESIS%REACTOME%R-HSA-525793.4	MYOGENESIS%REACTOME%R-HSA-525793.4		21	-0.5991638	-1.4665884	0.068136275	0.49595353	1.0	1844	tags=29%, list=11%, signal=32%	
PROTEIN K63-LINKED DEUBIQUITINATION%GOBP%GO:0070536	PROTEIN K63-LINKED DEUBIQUITINATION%GOBP%GO:0070536		23	-0.5780223	-1.4662997	0.04423077	0.4941433	1.0	1863	tags=35%, list=11%, signal=39%	
NUCLEOBASE-CONTAINING COMPOUND TRANSPORT%GOBP%GO:0015931	NUCLEOBASE-CONTAINING COMPOUND TRANSPORT%GOBP%GO:0015931		134	-0.43112287	-1.4656444	0.010830325	0.493803	1.0	2323	tags=24%, list=14%, signal=28%	
CEREBRAL CORTEX DEVELOPMENT%GOBP%GO:0021987	CEREBRAL CORTEX DEVELOPMENT%GOBP%GO:0021987		45	-0.49985263	-1.4637309	0.025242718	0.49796796	1.0	3514	tags=42%, list=21%, signal=54%	
RHOBTB1 GTPASE CYCLE%REACTOME DATABASE ID RELEASE 93%9013422	RHOBTB1 GTPASE CYCLE%REACTOME DATABASE ID RELEASE 93%9013422		23	-0.5837691	-1.4636191	0.049115915	0.4953476	1.0	1501	tags=30%, list=9%, signal=33%	
FC-EPSILON RECEPTOR SIGNALING PATHWAY%GOBP%GO:0038095	FC-EPSILON RECEPTOR SIGNALING PATHWAY%GOBP%GO:0038095		22	-0.5857943	-1.4620346	0.04771372	0.4984542	1.0	3314	tags=36%, list=20%, signal=46%	
POSITIVE REGULATION OF INTERFERON-ALPHA PRODUCTION%GOBP%GO:0032727	POSITIVE REGULATION OF INTERFERON-ALPHA PRODUCTION%GOBP%GO:0032727		19	-0.59988415	-1.4602528	0.04863813	0.502671	1.0	1521	tags=32%, list=9%, signal=35%	
NEGATIVE REGULATION OF MITOTIC SISTER CHROMATID SEGREGATION%GOBP%GO:0033048	NEGATIVE REGULATION OF MITOTIC SISTER CHROMATID SEGREGATION%GOBP%GO:0033048		27	-0.55208015	-1.4599482	0.05511811	0.50074613	1.0	4072	tags=48%, list=25%, signal=64%	
DNA DOUBLE-STRAND BREAK PROCESSING%GOBP%GO:0000729	DNA DOUBLE-STRAND BREAK PROCESSING%GOBP%GO:0000729		16	-0.62558234	-1.4594986	0.065476194	0.49948022	1.0	4170	tags=63%, list=25%, signal=84%	
BIOCARTA_TOLL_PATHWAY%MSIGDB_C2%BIOCARTA_TOLL_PATHWAY	BIOCARTA_TOLL_PATHWAY%MSIGDB_C2%BIOCARTA_TOLL_PATHWAY		20	-0.59411633	-1.4594387	0.05940594	0.49675137	1.0	975	tags=25%, list=6%, signal=27%	
NEGATIVE REGULATION OF SISTER CHROMATID SEGREGATION%GOBP%GO:0033046	NEGATIVE REGULATION OF SISTER CHROMATID SEGREGATION%GOBP%GO:0033046		27	-0.55208015	-1.4563584	0.04283054	0.5056973	1.0	4072	tags=48%, list=25%, signal=64%	
REGULATION OF TELOMERE MAINTENANCE VIA TELOMERASE%GOBP%GO:0032210	REGULATION OF TELOMERE MAINTENANCE VIA TELOMERASE%GOBP%GO:0032210		42	-0.50767386	-1.4560289	0.030075189	0.5040318	1.0	1579	tags=21%, list=10%, signal=24%	
PI3K CASCADE%REACTOME DATABASE ID RELEASE 93%109704	PI3K CASCADE%REACTOME DATABASE ID RELEASE 93%109704		24	-0.55632186	-1.4539798	0.05703422	0.50892305	1.0	2500	tags=33%, list=15%, signal=39%	
MICROTUBULE POLYMERIZATION%GOBP%GO:0046785	MICROTUBULE POLYMERIZATION%GOBP%GO:0046785		38	-0.52236617	-1.4536972	0.024856597	0.5070572	1.0	2153	tags=29%, list=13%, signal=33%	
NEGATIVE REGULATION OF MITOTIC SISTER CHROMATID SEPARATION%GOBP%GO:2000816	NEGATIVE REGULATION OF MITOTIC SISTER CHROMATID SEPARATION%GOBP%GO:2000816		27	-0.55208015	-1.4533664	0.033027522	0.5054623	1.0	4072	tags=48%, list=25%, signal=64%	
POSITIVE REGULATION OF NEUROTRANSMITTER TRANSPORT%GOBP%GO:0051590	POSITIVE REGULATION OF NEUROTRANSMITTER TRANSPORT%GOBP%GO:0051590		16	-0.62759733	-1.4529381	0.0627451	0.504116	1.0	1474	tags=25%, list=9%, signal=27%	
REGULATION OF CELL CYCLE CHECKPOINT%GOBP%GO:1901976	REGULATION OF CELL CYCLE CHECKPOINT%GOBP%GO:1901976		40	-0.5182005	-1.452699	0.039076377	0.50208855	1.0	2528	tags=28%, list=15%, signal=32%	
GTP METABOLIC PROCESS%GOBP%GO:0046039	GTP METABOLIC PROCESS%GOBP%GO:0046039		15	-0.63620234	-1.4493357	0.048828125	0.51236284	1.0	625	tags=27%, list=4%, signal=28%	
POSITIVE REGULATION OF TELOMERE MAINTENANCE VIA TELOMERASE%GOBP%GO:0032212	POSITIVE REGULATION OF TELOMERE MAINTENANCE VIA TELOMERASE%GOBP%GO:0032212		22	-0.5794585	-1.4489714	0.04780115	0.5107906	1.0	1579	tags=23%, list=10%, signal=25%	
NO CGMP PKG MEDIATED NEUROPROTECTION%WIKIPATHWAYS_20250810%WP4008%HOMO SAPIENS	NO CGMP PKG MEDIATED NEUROPROTECTION%WIKIPATHWAYS_20250810%WP4008%HOMO SAPIENS		26	-0.5482605	-1.4474537	0.044692736	0.51386696	1.0	1912	tags=27%, list=12%, signal=30%	
NEGATIVE REGULATION OF DNA METABOLIC PROCESS%GOBP%GO:0051053	NEGATIVE REGULATION OF DNA METABOLIC PROCESS%GOBP%GO:0051053		104	-0.43512282	-1.4474137	0.01598579	0.5110894	1.0	1814	tags=23%, list=11%, signal=26%	
PROTEIN SUMOYLATION%GOBP%GO:0016925	PROTEIN SUMOYLATION%GOBP%GO:0016925		40	-0.50998265	-1.4469028	0.042357273	0.5103065	1.0	1522	tags=30%, list=9%, signal=33%	
CELL SURFACE PATTERN RECOGNITION RECEPTOR SIGNALING PATHWAY%GOBP%GO:0002752	CELL SURFACE PATTERN RECOGNITION RECEPTOR SIGNALING PATHWAY%GOBP%GO:0002752		36	-0.52960974	-1.4440148	0.034615386	0.5189039	1.0	975	tags=17%, list=6%, signal=18%	
NEGATIVE REGULATION OF MITOTIC NUCLEAR DIVISION%GOBP%GO:0045839	NEGATIVE REGULATION OF MITOTIC NUCLEAR DIVISION%GOBP%GO:0045839		33	-0.53775936	-1.4435415	0.05284553	0.5178949	1.0	4072	tags=45%, list=25%, signal=60%	
NEGATIVE REGULATION OF MITOTIC METAPHASE/ANAPHASE TRANSITION%GOBP%GO:0045841	NEGATIVE REGULATION OF MITOTIC METAPHASE/ANAPHASE TRANSITION%GOBP%GO:0045841		27	-0.55208015	-1.4431661	0.048387095	0.5164402	1.0	4072	tags=48%, list=25%, signal=64%	
PHOSPHATIDYLINOSITOL PHOSPHATE METABOLISM%SMPDB%SMP0000463	PHOSPHATIDYLINOSITOL PHOSPHATE METABOLISM%SMPDB%SMP0000463		22	-0.5622928	-1.4408156	0.07024793	0.52260876	1.0	2189	tags=27%, list=13%, signal=31%	
SUMOYLATION OF UBIQUITINYLATION PROTEINS%REACTOME%R-HSA-3232142.5	SUMOYLATION OF UBIQUITINYLATION PROTEINS%REACTOME%R-HSA-3232142.5		34	-0.5319269	-1.4396406	0.04485981	0.52439386	1.0	2235	tags=32%, list=14%, signal=37%	
PROTEIN DEUBIQUITINATION%GOBP%GO:0016579	PROTEIN DEUBIQUITINATION%GOBP%GO:0016579		69	-0.46646807	-1.439449	0.037950665	0.52217203	1.0	2528	tags=36%, list=15%, signal=43%	
FOREBRAIN CELL MIGRATION%GOBP%GO:0021885	FOREBRAIN CELL MIGRATION%GOBP%GO:0021885		23	-0.5802934	-1.4362184	0.04347826	0.5317527	1.0	2300	tags=43%, list=14%, signal=50%	
APOPTOTIC EXECUTION PHASE%REACTOME DATABASE ID RELEASE 93%75153	APOPTOTIC EXECUTION PHASE%REACTOME DATABASE ID RELEASE 93%75153		47	-0.5034614	-1.4356381	0.033027522	0.5312757	1.0	2790	tags=30%, list=17%, signal=36%	
ADULT BEHAVIOR%GOBP%GO:0030534	ADULT BEHAVIOR%GOBP%GO:0030534		25	-0.55868113	-1.4343216	0.07169118	0.5335265	1.0	3920	tags=36%, list=24%, signal=47%	
POSITIVE REGULATION OF ORGANELLE ASSEMBLY%GOBP%GO:1902117	POSITIVE REGULATION OF ORGANELLE ASSEMBLY%GOBP%GO:1902117		68	-0.45676857	-1.4339149	0.03696498	0.53221476	1.0	2452	tags=34%, list=15%, signal=40%	
NEGATIVE REGULATION OF CHROMOSOME SEPARATION%GOBP%GO:1905819	NEGATIVE REGULATION OF CHROMOSOME SEPARATION%GOBP%GO:1905819		28	-0.5474114	-1.4338703	0.056420233	0.52959067	1.0	4072	tags=46%, list=25%, signal=62%	
PID_BMP_PATHWAY%MSIGDB_C2%PID_BMP_PATHWAY	PID_BMP_PATHWAY%MSIGDB_C2%PID_BMP_PATHWAY		26	-0.5517669	-1.4315841	0.04684318	0.5359487	1.0	1449	tags=15%, list=9%, signal=17%	
NEGATIVE REGULATION OF CHROMOSOME SEGREGATION%GOBP%GO:0051985	NEGATIVE REGULATION OF CHROMOSOME SEGREGATION%GOBP%GO:0051985		28	-0.5474114	-1.4315473	0.044280443	0.53332037	1.0	4072	tags=46%, list=25%, signal=62%	
DNA-TEMPLATED DNA REPLICATION MAINTENANCE OF FIDELITY%GOBP%GO:0045005	DNA-TEMPLATED DNA REPLICATION MAINTENANCE OF FIDELITY%GOBP%GO:0045005		54	-0.47305667	-1.4305522	0.017964073	0.53459203	1.0	2418	tags=37%, list=15%, signal=43%	
FOREBRAIN GENERATION OF NEURONS%GOBP%GO:0021872	FOREBRAIN GENERATION OF NEURONS%GOBP%GO:0021872		25	-0.55633837	-1.4295856	0.06563707	0.53578115	1.0	3116	tags=44%, list=19%, signal=54%	
NEGATIVE REGULATION OF METAPHASE/ANAPHASE TRANSITION OF CELL CYCLE%GOBP%GO:1902100	NEGATIVE REGULATION OF METAPHASE/ANAPHASE TRANSITION OF CELL CYCLE%GOBP%GO:1902100		28	-0.5474114	-1.4289767	0.05321101	0.5352277	1.0	4072	tags=46%, list=25%, signal=62%	
REGULATION OF ORGAN GROWTH%GOBP%GO:0046620	REGULATION OF ORGAN GROWTH%GOBP%GO:0046620		32	-0.53665966	-1.4276586	0.056880735	0.5376961	1.0	3216	tags=31%, list=20%, signal=39%	
MITOTIC PROPHASE%REACTOME DATABASE ID RELEASE 93%68875	MITOTIC PROPHASE%REACTOME DATABASE ID RELEASE 93%68875		83	-0.4457789	-1.4255583	0.02173913	0.5433583	1.0	2542	tags=25%, list=15%, signal=30%	
POSITIVE REGULATION OF WNT SIGNALING PATHWAY%GOBP%GO:0030177	POSITIVE REGULATION OF WNT SIGNALING PATHWAY%GOBP%GO:0030177		103	-0.4323872	-1.425148	0.016274864	0.54233825	1.0	3197	tags=32%, list=19%, signal=40%	
CELL VOLUME HOMEOSTASIS%GOBP%GO:0006884	CELL VOLUME HOMEOSTASIS%GOBP%GO:0006884		28	-0.5362468	-1.4251305	0.062730625	0.5396678	1.0	2187	tags=25%, list=13%, signal=29%	
RHOB GTPASE CYCLE%REACTOME DATABASE ID RELEASE 93%9013026	RHOB GTPASE CYCLE%REACTOME DATABASE ID RELEASE 93%9013026		65	-0.46550992	-1.42471	0.025	0.5386051	1.0	2277	tags=26%, list=14%, signal=30%	
REGULATION OF MRNA PROCESSING%GOBP%GO:0050684	REGULATION OF MRNA PROCESSING%GOBP%GO:0050684		107	-0.42574632	-1.4242393	0.0068610637	0.5378157	1.0	1689	tags=20%, list=10%, signal=22%	
METHYLMALONIC ACIDURIA DUE TO COBALAMIN-RELATED DISORDERS%PATHWHIZ%PW000208	METHYLMALONIC ACIDURIA DUE TO COBALAMIN-RELATED DISORDERS%PATHWHIZ%PW000208		16	-0.60072905	-1.4222064	0.084980235	0.54330814	1.0	2514	tags=38%, list=15%, signal=44%	
PID_IL1_PATHWAY%MSIGDB_C2%PID_IL1_PATHWAY	PID_IL1_PATHWAY%MSIGDB_C2%PID_IL1_PATHWAY		23	-0.5562411	-1.4208326	0.058380414	0.54620105	1.0	975	tags=26%, list=6%, signal=28%	
DNA REPLICATION%GOBP%GO:0006260	DNA REPLICATION%GOBP%GO:0006260		141	-0.41472882	-1.4204026	0.0035149385	0.54527014	1.0	2473	tags=30%, list=15%, signal=35%	
REGULATION OF MITOTIC SPINDLE CHECKPOINT%GOBP%GO:1903504	REGULATION OF MITOTIC SPINDLE CHECKPOINT%GOBP%GO:1903504		21	-0.5664185	-1.4198718	0.06273764	0.54464966	1.0	2160	tags=24%, list=13%, signal=27%	
FAS SIGNALING PATHWAY ( CD95 )%PATHWHIZ%PW070709	FAS SIGNALING PATHWAY ( CD95 )%PATHWHIZ%PW070709		29	-0.5316494	-1.4197853	0.050880626	0.54240674	1.0	3314	tags=34%, list=20%, signal=43%	
HALLMARK_G2M_CHECKPOINT%MSIGDBHALLMARK%HALLMARK_G2M_CHECKPOINT	HALLMARK_G2M_CHECKPOINT%MSIGDBHALLMARK%HALLMARK_G2M_CHECKPOINT		139	-0.41603312	-1.4192805	0.0121951215	0.54172534	1.0	2204	tags=22%, list=13%, signal=26%	
TNF STRESS RELATED SIGNALING%PATHWHIZ%PW064784	TNF STRESS RELATED SIGNALING%PATHWHIZ%PW064784		21	-0.5733498	-1.4183873	0.06603774	0.5425911	1.0	975	tags=24%, list=6%, signal=25%	
NEGATIVE REGULATION OF CELL JUNCTION ASSEMBLY%GOBP%GO:1901889	NEGATIVE REGULATION OF CELL JUNCTION ASSEMBLY%GOBP%GO:1901889		27	-0.5374253	-1.4182284	0.06603774	0.5405753	1.0	1163	tags=22%, list=7%, signal=24%	
JOUBERT SYNDROME%SMPDB%SMP0000582	JOUBERT SYNDROME%SMPDB%SMP0000582		22	-0.5622928	-1.4178882	0.06788991	0.53937274	1.0	2189	tags=27%, list=13%, signal=31%	
MITOTIC SPINDLE CHECKPOINT SIGNALING%GOBP%GO:0071174	MITOTIC SPINDLE CHECKPOINT SIGNALING%GOBP%GO:0071174		25	-0.5363457	-1.4175826	0.07171315	0.5380304	1.0	4072	tags=48%, list=25%, signal=64%	
NEGATIVE REGULATION OF NUCLEAR DIVISION%GOBP%GO:0051784	NEGATIVE REGULATION OF NUCLEAR DIVISION%GOBP%GO:0051784		37	-0.49770528	-1.4145218	0.046468403	0.54736006	1.0	4072	tags=43%, list=25%, signal=57%	
NEPHRIN NEPH1 SIGNALING IN THE KIDNEY PODOCYTE%PATHWAY INTERACTION DATABASE NCI-NATURE CURATED DATA%NEPHRIN NEPH1 SIGNALING IN THE KIDNEY PODOCYTE	NEPHRIN NEPH1 SIGNALING IN THE KIDNEY PODOCYTE%PATHWAY INTERACTION DATABASE NCI-NATURE CURATED DATA%NEPHRIN NEPH1 SIGNALING IN THE KIDNEY PODOCYTE		27	-0.5439198	-1.4136107	0.06934307	0.54859674	1.0	2846	tags=41%, list=17%, signal=49%	
SIGNALING EVENTS MEDIATED BY FOCAL ADHESION KINASE%PATHWAY INTERACTION DATABASE NCI-NATURE CURATED DATA%SIGNALING EVENTS MEDIATED BY FOCAL ADHESION KINASE	SIGNALING EVENTS MEDIATED BY FOCAL ADHESION KINASE%PATHWAY INTERACTION DATABASE NCI-NATURE CURATED DATA%SIGNALING EVENTS MEDIATED BY FOCAL ADHESION KINASE		57	-0.4736919	-1.4119457	0.032380953	0.5527434	1.0	2368	tags=32%, list=14%, signal=37%	
ISG15 ANTIVIRAL MECHANISM%REACTOME DATABASE ID RELEASE 93%1169408	ISG15 ANTIVIRAL MECHANISM%REACTOME DATABASE ID RELEASE 93%1169408		66	-0.4524352	-1.4091861	0.028725315	0.5612166	1.0	1893	tags=21%, list=12%, signal=24%	
MICROTUBULE NUCLEATION%GOBP%GO:0007020	MICROTUBULE NUCLEATION%GOBP%GO:0007020		29	-0.53255224	-1.4085057	0.059961315	0.5611931	1.0	2153	tags=31%, list=13%, signal=36%	
GENES CONTROLLING NEPHROGENESIS%WIKIPATHWAYS_20250810%WP4823%HOMO SAPIENS	GENES CONTROLLING NEPHROGENESIS%WIKIPATHWAYS_20250810%WP4823%HOMO SAPIENS		30	-0.52500457	-1.4068011	0.061185468	0.5654451	1.0	3116	tags=30%, list=19%, signal=37%	
RHOA SIGNALING PATHWAY%PATHWAY INTERACTION DATABASE NCI-NATURE CURATED DATA%RHOA SIGNALING PATHWAY	RHOA SIGNALING PATHWAY%PATHWAY INTERACTION DATABASE NCI-NATURE CURATED DATA%RHOA SIGNALING PATHWAY		42	-0.49992228	-1.4065108	0.043875687	0.56410956	1.0	1569	tags=24%, list=10%, signal=26%	
NEUROMUSCULAR JUNCTION DEVELOPMENT%GOBP%GO:0007528	NEUROMUSCULAR JUNCTION DEVELOPMENT%GOBP%GO:0007528		21	-0.55996877	-1.4056907	0.072265625	0.5647196	1.0	2570	tags=29%, list=16%, signal=34%	
MALONIC ACIDURIA%SMPDB%SMP0000198	MALONIC ACIDURIA%SMPDB%SMP0000198		16	-0.60072905	-1.4053658	0.085436895	0.5634555	1.0	2514	tags=38%, list=15%, signal=44%	
TOLL-LIKE RECEPTOR 4 SIGNALING PATHWAY%GOBP%GO:0034142	TOLL-LIKE RECEPTOR 4 SIGNALING PATHWAY%GOBP%GO:0034142		26	-0.54280794	-1.404717	0.050200805	0.56342256	1.0	975	tags=19%, list=6%, signal=20%	
SPINDLE ASSEMBLY CHECKPOINT SIGNALING%GOBP%GO:0071173	SPINDLE ASSEMBLY CHECKPOINT SIGNALING%GOBP%GO:0071173		25	-0.5363457	-1.4045811	0.076171875	0.56140184	1.0	4072	tags=48%, list=25%, signal=64%	
VESICLE CYTOSKELETAL TRAFFICKING%GOBP%GO:0099518	VESICLE CYTOSKELETAL TRAFFICKING%GOBP%GO:0099518		44	-0.4872094	-1.4040576	0.042201836	0.560999	1.0	1807	tags=25%, list=11%, signal=28%	
REGULATION OF MITOTIC CELL CYCLE SPINDLE ASSEMBLY CHECKPOINT%GOBP%GO:0090266	REGULATION OF MITOTIC CELL CYCLE SPINDLE ASSEMBLY CHECKPOINT%GOBP%GO:0090266		21	-0.5664185	-1.4036053	0.06692913	0.5603663	1.0	2160	tags=24%, list=13%, signal=27%	
IL1-MEDIATED SIGNALING EVENTS%PATHWAY INTERACTION DATABASE NCI-NATURE CURATED DATA%IL1-MEDIATED SIGNALING EVENTS	IL1-MEDIATED SIGNALING EVENTS%PATHWAY INTERACTION DATABASE NCI-NATURE CURATED DATA%IL1-MEDIATED SIGNALING EVENTS		30	-0.518681	-1.4014173	0.057259712	0.5666452	1.0	994	tags=23%, list=6%, signal=25%	
NON-CANONICAL NF-KAPPAB SIGNAL TRANSDUCTION%GOBP%GO:0038061	NON-CANONICAL NF-KAPPAB SIGNAL TRANSDUCTION%GOBP%GO:0038061		24	-0.5480704	-1.4008543	0.0815534	0.56632847	1.0	975	tags=21%, list=6%, signal=22%	
POSITIVE REGULATION OF MICROTUBULE POLYMERIZATION%GOBP%GO:0031116	POSITIVE REGULATION OF MICROTUBULE POLYMERIZATION%GOBP%GO:0031116		25	-0.54897565	-1.4004045	0.06680162	0.56571954	1.0	2153	tags=32%, list=13%, signal=37%	
PROPANOATE METABOLISM%SMPDB%SMP0000016	PROPANOATE METABOLISM%SMPDB%SMP0000016		16	-0.60072905	-1.400181	0.06542056	0.56408715	1.0	2514	tags=38%, list=15%, signal=44%	
MALONYL-COA DECARBOXYLASE DEFICIENCY%PATHWHIZ%PW000478	MALONYL-COA DECARBOXYLASE DEFICIENCY%PATHWHIZ%PW000478		16	-0.60072905	-1.3998771	0.08139535	0.56283486	1.0	2514	tags=38%, list=15%, signal=44%	
DNA BIOSYNTHETIC PROCESS%GOBP%GO:0071897	DNA BIOSYNTHETIC PROCESS%GOBP%GO:0071897		59	-0.45977533	-1.3998425	0.038674034	0.5605435	1.0	2379	tags=32%, list=14%, signal=38%	
POSITIVE REGULATION OF CHROMOSOME SEGREGATION%GOBP%GO:0051984	POSITIVE REGULATION OF CHROMOSOME SEGREGATION%GOBP%GO:0051984		28	-0.5290477	-1.3994894	0.06883365	0.5595475	1.0	2335	tags=29%, list=14%, signal=33%	
PID_FAK_PATHWAY%MSIGDB_C2%PID_FAK_PATHWAY	PID_FAK_PATHWAY%MSIGDB_C2%PID_FAK_PATHWAY		49	-0.48073477	-1.3988397	0.044145875	0.559751	1.0	2368	tags=35%, list=14%, signal=40%	
NEGATIVE REGULATION OF MACROAUTOPHAGY%GOBP%GO:0016242	NEGATIVE REGULATION OF MACROAUTOPHAGY%GOBP%GO:0016242		29	-0.5312134	-1.3976153	0.059961315	0.5622584	1.0	754	tags=24%, list=5%, signal=25%	
FORMATION OF THE URETERIC BUD%REACTOME%R-HSA-9830674.1	FORMATION OF THE URETERIC BUD%REACTOME%R-HSA-9830674.1		16	-0.5875974	-1.3964988	0.07797271	0.5642255	1.0	51	tags=6%, list=0%, signal=6%	
REGULATION OF NEURON MIGRATION%GOBP%GO:2001222	REGULATION OF NEURON MIGRATION%GOBP%GO:2001222		32	-0.50605816	-1.3958145	0.04990758	0.564636	1.0	1824	tags=25%, list=11%, signal=28%	
WNT BETA CATENIN SIGNALING IN LEUKEMIA%WIKIPATHWAYS_20250810%WP3658%HOMO SAPIENS	WNT BETA CATENIN SIGNALING IN LEUKEMIA%WIKIPATHWAYS_20250810%WP3658%HOMO SAPIENS		21	-0.5630839	-1.3932189	0.079335794	0.57273126	1.0	2198	tags=29%, list=13%, signal=33%	
REPLICATION FORK PROCESSING%GOBP%GO:0031297	REPLICATION FORK PROCESSING%GOBP%GO:0031297		47	-0.47940776	-1.3912623	0.037950665	0.57798326	1.0	1775	tags=30%, list=11%, signal=33%	
DNA REPLICATION%WIKIPATHWAYS_20250810%WP466%HOMO SAPIENS	DNA REPLICATION%WIKIPATHWAYS_20250810%WP466%HOMO SAPIENS		30	-0.5155113	-1.3911046	0.056285176	0.57614595	1.0	2398	tags=40%, list=15%, signal=47%	
MITOTIC SPINDLE ASSEMBLY CHECKPOINT SIGNALING%GOBP%GO:0007094	MITOTIC SPINDLE ASSEMBLY CHECKPOINT SIGNALING%GOBP%GO:0007094		25	-0.5363457	-1.390244	0.06963249	0.57739246	1.0	4072	tags=48%, list=25%, signal=64%	
DEFECTIVE PYROPTOSIS%REACTOME DATABASE ID RELEASE 93%9710421	DEFECTIVE PYROPTOSIS%REACTOME DATABASE ID RELEASE 93%9710421		24	-0.5385631	-1.3899181	0.08576998	0.5764246	1.0	1217	tags=17%, list=7%, signal=18%	
REGULATION OF CHROMOSOME SEGREGATION%GOBP%GO:0051983	REGULATION OF CHROMOSOME SEGREGATION%GOBP%GO:0051983		117	-0.4130352	-1.3899142	0.02169982	0.57405853	1.0	3139	tags=30%, list=19%, signal=37%	
SPINDLE CHECKPOINT SIGNALING%GOBP%GO:0031577	SPINDLE CHECKPOINT SIGNALING%GOBP%GO:0031577		26	-0.53137827	-1.3894333	0.06666667	0.5737771	1.0	4072	tags=46%, list=25%, signal=61%	
CILIUM-DEPENDENT CELL MOTILITY%GOBP%GO:0060285	CILIUM-DEPENDENT CELL MOTILITY%GOBP%GO:0060285		110	-0.418655	-1.3869544	0.01610018	0.58122474	1.0	4437	tags=38%, list=27%, signal=52%	
G13 SIGNALING%WIKIPATHWAYS_20250810%WP524%HOMO SAPIENS	G13 SIGNALING%WIKIPATHWAYS_20250810%WP524%HOMO SAPIENS		26	-0.5354395	-1.3867538	0.07231405	0.57974476	1.0	1077	tags=27%, list=7%, signal=29%	
CILIUM ASSEMBLY%REACTOME%R-HSA-5617833.5	CILIUM ASSEMBLY%REACTOME%R-HSA-5617833.5		170	-0.39843073	-1.3863074	0.008695652	0.57928866	1.0	2899	tags=35%, list=18%, signal=42%	
RESOLUTION OF SISTER CHROMATID COHESION%REACTOME DATABASE ID RELEASE 93%2500257	RESOLUTION OF SISTER CHROMATID COHESION%REACTOME DATABASE ID RELEASE 93%2500257		99	-0.4183998	-1.385947	0.018382354	0.5784201	1.0	2534	tags=25%, list=15%, signal=30%	
REGULATION OF DNA DAMAGE RESPONSE, SIGNAL TRANSDUCTION BY P53 CLASS MEDIATOR%GOBP%GO:0043516	REGULATION OF DNA DAMAGE RESPONSE, SIGNAL TRANSDUCTION BY P53 CLASS MEDIATOR%GOBP%GO:0043516		30	-0.5172767	-1.3841516	0.06469501	0.58368754	1.0	1250	tags=20%, list=8%, signal=22%	
DOPAMINERGIC NEURON DIFFERENTIATION%GOBP%GO:0071542	DOPAMINERGIC NEURON DIFFERENTIATION%GOBP%GO:0071542		15	-0.5962225	-1.3839552	0.08384458	0.58208865	1.0	2838	tags=33%, list=17%, signal=40%	
SARS-COV-2 ACTIVATES MODULATES INNATE AND ADAPTIVE IMMUNE RESPONSES%REACTOME%R-HSA-9705671.3	SARS-COV-2 ACTIVATES MODULATES INNATE AND ADAPTIVE IMMUNE RESPONSES%REACTOME%R-HSA-9705671.3		93	-0.4241528	-1.3838761	0.033928573	0.5801214	1.0	2306	tags=24%, list=14%, signal=27%	
REGULATION OF CHROMOSOME SEPARATION%GOBP%GO:1905818	REGULATION OF CHROMOSOME SEPARATION%GOBP%GO:1905818		68	-0.44292226	-1.3819957	0.033519555	0.58534217	1.0	3139	tags=35%, list=19%, signal=43%	
PID_NEPHRIN_NEPH1_PATHWAY%MSIGDB_C2%PID_NEPHRIN_NEPH1_PATHWAY	PID_NEPHRIN_NEPH1_PATHWAY%MSIGDB_C2%PID_NEPHRIN_NEPH1_PATHWAY		27	-0.53244895	-1.3819814	0.072088726	0.58307236	1.0	2846	tags=41%, list=17%, signal=49%	
NETRIN-1 SIGNALING%REACTOME DATABASE ID RELEASE 93%373752	NETRIN-1 SIGNALING%REACTOME DATABASE ID RELEASE 93%373752		42	-0.487198	-1.3813746	0.055456173	0.5832264	1.0	2637	tags=24%, list=16%, signal=28%	
PHOTODYNAMIC THERAPY INDUCED NF KB SURVIVAL SIGNALING%WIKIPATHWAYS_20250810%WP3617%HOMO SAPIENS	PHOTODYNAMIC THERAPY INDUCED NF KB SURVIVAL SIGNALING%WIKIPATHWAYS_20250810%WP3617%HOMO SAPIENS		26	-0.53271097	-1.381017	0.07061069	0.582452	1.0	975	tags=19%, list=6%, signal=20%	
CILIUM OR FLAGELLUM-DEPENDENT CELL MOTILITY%GOBP%GO:0001539	CILIUM OR FLAGELLUM-DEPENDENT CELL MOTILITY%GOBP%GO:0001539		110	-0.418655	-1.3796808	0.013011153	0.5856974	1.0	4437	tags=38%, list=27%, signal=52%	
NECTIN ADHESION PATHWAY%PATHWAY INTERACTION DATABASE NCI-NATURE CURATED DATA%NECTIN ADHESION PATHWAY	NECTIN ADHESION PATHWAY%PATHWAY INTERACTION DATABASE NCI-NATURE CURATED DATA%NECTIN ADHESION PATHWAY		29	-0.52163595	-1.3791974	0.073446326	0.58524776	1.0	2368	tags=34%, list=14%, signal=40%	
EXCITATORY POSTSYNAPTIC POTENTIAL%GOBP%GO:0060079	EXCITATORY POSTSYNAPTIC POTENTIAL%GOBP%GO:0060079		15	-0.6127345	-1.3787819	0.08387097	0.5845568	1.0	625	tags=20%, list=4%, signal=21%	
SYNTHESIS OF PIPS AT THE EARLY ENDOSOME MEMBRANE%REACTOME DATABASE ID RELEASE 93%1660516	SYNTHESIS OF PIPS AT THE EARLY ENDOSOME MEMBRANE%REACTOME DATABASE ID RELEASE 93%1660516		16	-0.5943568	-1.3718681	0.085487075	0.6102282	1.0	2556	tags=38%, list=16%, signal=44%	
NUCLEAR MIGRATION%GOBP%GO:0007097	NUCLEAR MIGRATION%GOBP%GO:0007097		20	-0.5604261	-1.3707124	0.08775137	0.6128634	1.0	1195	tags=30%, list=7%, signal=32%	
NEURON PROJECTION ORGANIZATION%GOBP%GO:0106027	NEURON PROJECTION ORGANIZATION%GOBP%GO:0106027		33	-0.4989461	-1.3697484	0.065891474	0.6145347	1.0	3583	tags=36%, list=22%, signal=46%	
CENTRAL NERVOUS SYSTEM NEURON DIFFERENTIATION%GOBP%GO:0021953	CENTRAL NERVOUS SYSTEM NEURON DIFFERENTIATION%GOBP%GO:0021953		71	-0.4412724	-1.3695196	0.048417132	0.6132352	1.0	3116	tags=31%, list=19%, signal=38%	
DOUBLE-STRAND BREAK REPAIR VIA NONHOMOLOGOUS END JOINING%GOBP%GO:0006303	DOUBLE-STRAND BREAK REPAIR VIA NONHOMOLOGOUS END JOINING%GOBP%GO:0006303		45	-0.47702923	-1.3688009	0.064150944	0.6137949	1.0	2040	tags=33%, list=12%, signal=38%	
PROGERIA ASSOCIATED LIPODYSTROPHY%WIKIPATHWAYS_20250810%WP5103%HOMO SAPIENS	PROGERIA ASSOCIATED LIPODYSTROPHY%WIKIPATHWAYS_20250810%WP5103%HOMO SAPIENS		16	-0.5805287	-1.3663554	0.08617234	0.6217833	1.0	1415	tags=31%, list=9%, signal=34%	
SUMOYLATION OF SUMOYLATION PROTEINS%REACTOME DATABASE ID RELEASE 93%4085377	SUMOYLATION OF SUMOYLATION PROTEINS%REACTOME DATABASE ID RELEASE 93%4085377		30	-0.5068659	-1.3651448	0.07879925	0.6246495	1.0	2235	tags=30%, list=14%, signal=35%	
ASPARTATE FAMILY AMINO ACID BIOSYNTHETIC PROCESS%GOBP%GO:0009067	ASPARTATE FAMILY AMINO ACID BIOSYNTHETIC PROCESS%GOBP%GO:0009067		15	-0.59781873	-1.36507	0.088932805	0.62256193	1.0	2113	tags=27%, list=13%, signal=31%	
TELOMERE MAINTENANCE VIA TELOMERASE%GOBP%GO:0007004	TELOMERE MAINTENANCE VIA TELOMERASE%GOBP%GO:0007004		21	-0.5426566	-1.364524	0.08143939	0.62244576	1.0	1437	tags=29%, list=9%, signal=31%	
CD40 CD40L SIGNALING%PATHWAY INTERACTION DATABASE NCI-NATURE CURATED DATA%CD40 CD40L SIGNALING	CD40 CD40L SIGNALING%PATHWAY INTERACTION DATABASE NCI-NATURE CURATED DATA%CD40 CD40L SIGNALING		33	-0.5014304	-1.36427	0.076771654	0.62123626	1.0	2367	tags=27%, list=14%, signal=32%	
TRNA METABOLIC PROCESS%GOBP%GO:0006399	TRNA METABOLIC PROCESS%GOBP%GO:0006399		176	-0.38803875	-1.3642637	0.024734983	0.6189329	1.0	2230	tags=25%, list=14%, signal=29%	
REGULATION OF RUNX1 EXPRESSION AND ACTIVITY%REACTOME%R-HSA-8934593.2	REGULATION OF RUNX1 EXPRESSION AND ACTIVITY%REACTOME%R-HSA-8934593.2		16	-0.5850167	-1.3641006	0.10887097	0.6172527	1.0	1382	tags=31%, list=8%, signal=34%	
CHEMICAL SYNAPTIC TRANSMISSION, POSTSYNAPTIC%GOBP%GO:0099565	CHEMICAL SYNAPTIC TRANSMISSION, POSTSYNAPTIC%GOBP%GO:0099565		17	-0.5892838	-1.363689	0.12573674	0.61668766	1.0	625	tags=18%, list=4%, signal=18%	
SUMOYLATION OF CHROMATIN ORGANIZATION PROTEINS%REACTOME%R-HSA-4551638.7	SUMOYLATION OF CHROMATIN ORGANIZATION PROTEINS%REACTOME%R-HSA-4551638.7		49	-0.46379372	-1.363572	0.04990758	0.6147998	1.0	1893	tags=24%, list=12%, signal=28%	
HISTONE MRNA METABOLIC PROCESS%GOBP%GO:0008334	HISTONE MRNA METABOLIC PROCESS%GOBP%GO:0008334		19	-0.556992	-1.3623543	0.10685484	0.6176882	1.0	2694	tags=42%, list=16%, signal=50%	
SOMATIC DIVERSIFICATION OF IMMUNE RECEPTORS%GOBP%GO:0002200	SOMATIC DIVERSIFICATION OF IMMUNE RECEPTORS%GOBP%GO:0002200		34	-0.4915922	-1.3623413	0.07364341	0.6154687	1.0	1856	tags=26%, list=11%, signal=30%	
REGULATION OF VACUOLE ORGANIZATION%GOBP%GO:0044088	REGULATION OF VACUOLE ORGANIZATION%GOBP%GO:0044088		51	-0.46045887	-1.3618106	0.063079774	0.6153125	1.0	1604	tags=27%, list=10%, signal=30%	
MRNA 3'-END PROCESSING%GOBP%GO:0031124	MRNA 3'-END PROCESSING%GOBP%GO:0031124		26	-0.5226135	-1.3611499	0.088	0.61578053	1.0	2112	tags=35%, list=13%, signal=40%	
RESPONSE TO INTERFERON-ALPHA%GOBP%GO:0035455	RESPONSE TO INTERFERON-ALPHA%GOBP%GO:0035455		15	-0.6081855	-1.3610479	0.10344828	0.613937	1.0	1607	tags=27%, list=10%, signal=30%	
CENTROMERE COMPLEX ASSEMBLY%GOBP%GO:0034508	CENTROMERE COMPLEX ASSEMBLY%GOBP%GO:0034508		17	-0.5810468	-1.3609114	0.09421842	0.61220455	1.0	1855	tags=29%, list=11%, signal=33%	
SIGNALING BY WNT IN CANCER%REACTOME%R-HSA-4791275.5	SIGNALING BY WNT IN CANCER%REACTOME%R-HSA-4791275.5		28	-0.5103124	-1.3601527	0.10240964	0.6129592	1.0	1802	tags=25%, list=11%, signal=28%	
POSITIVE REGULATION OF PROTEIN UBIQUITINATION%GOBP%GO:0031398	POSITIVE REGULATION OF PROTEIN UBIQUITINATION%GOBP%GO:0031398		75	-0.43458304	-1.3596473	0.04597701	0.61278254	1.0	2165	tags=25%, list=13%, signal=29%	
RHOV GTPASE CYCLE%REACTOME DATABASE ID RELEASE 93%9013424	RHOV GTPASE CYCLE%REACTOME DATABASE ID RELEASE 93%9013424		36	-0.49127045	-1.3558345	0.057142857	0.6266379	1.0	1850	tags=39%, list=11%, signal=44%	
PID_ARF6_TRAFFICKING_PATHWAY%MSIGDB_C2%PID_ARF6_TRAFFICKING_PATHWAY	PID_ARF6_TRAFFICKING_PATHWAY%MSIGDB_C2%PID_ARF6_TRAFFICKING_PATHWAY		32	-0.5047138	-1.3543897	0.06133829	0.6305604	1.0	2403	tags=31%, list=15%, signal=37%	
CILIUM MOVEMENT INVOLVED IN CELL MOTILITY%GOBP%GO:0060294	CILIUM MOVEMENT INVOLVED IN CELL MOTILITY%GOBP%GO:0060294		107	-0.40437934	-1.3543279	0.03327172	0.6285496	1.0	4437	tags=38%, list=27%, signal=52%	
REGULATION OF SPINDLE CHECKPOINT%GOBP%GO:0090231	REGULATION OF SPINDLE CHECKPOINT%GOBP%GO:0090231		22	-0.54428226	-1.354081	0.08383234	0.627348	1.0	2160	tags=23%, list=13%, signal=26%	
LEPTIN SIGNALING%WIKIPATHWAYS_20250810%WP2034%HOMO SAPIENS	LEPTIN SIGNALING%WIKIPATHWAYS_20250810%WP2034%HOMO SAPIENS		59	-0.44185132	-1.3539789	0.05656934	0.62553954	1.0	2666	tags=34%, list=16%, signal=40%	
NUCLEAR EXPORT%GOBP%GO:0051168	NUCLEAR EXPORT%GOBP%GO:0051168		99	-0.418854	-1.353796	0.035971224	0.6241453	1.0	1449	tags=20%, list=9%, signal=22%	
REGULATION OF CILIUM ASSEMBLY%GOBP%GO:1902017	REGULATION OF CILIUM ASSEMBLY%GOBP%GO:1902017		64	-0.43687668	-1.3535058	0.038869258	0.62313855	1.0	2024	tags=27%, list=12%, signal=30%	
TRNA METHYLATION%GOBP%GO:0030488	TRNA METHYLATION%GOBP%GO:0030488		38	-0.48059613	-1.3530086	0.08719852	0.6232086	1.0	1214	tags=24%, list=7%, signal=26%	
REGULATION OF BLOOD VESSEL ENDOTHELIAL CELL PROLIFERATION INVOLVED IN SPROUTING ANGIOGENESIS%GOBP%GO:1903587	REGULATION OF BLOOD VESSEL ENDOTHELIAL CELL PROLIFERATION INVOLVED IN SPROUTING ANGIOGENESIS%GOBP%GO:1903587		15	-0.59409535	-1.3523221	0.12328767	0.6237864	1.0	642	tags=13%, list=4%, signal=14%	
INTERACTIONS BETWEEN IMMUNE CELLS AND MICRORNAS IN TUMOR MICROENVIRONMENT%WIKIPATHWAYS_20250810%WP4559%HOMO SAPIENS	INTERACTIONS BETWEEN IMMUNE CELLS AND MICRORNAS IN TUMOR MICROENVIRONMENT%WIKIPATHWAYS_20250810%WP4559%HOMO SAPIENS		16	-0.5873683	-1.352239	0.1009901	0.6219705	1.0	901	tags=19%, list=5%, signal=20%	
16P13 11 COPY NUMBER VARIATION SYNDROME %WIKIPATHWAYS_20250810%WP5502%HOMO SAPIENS	16P13 11 COPY NUMBER VARIATION SYNDROME %WIKIPATHWAYS_20250810%WP5502%HOMO SAPIENS		25	-0.5274356	-1.3522071	0.08151093	0.61999923	1.0	2988	tags=36%, list=18%, signal=44%	
NON-CODING RNA METABOLISM%REACTOME%R-HSA-194441.4	NON-CODING RNA METABOLISM%REACTOME%R-HSA-194441.4		46	-0.46688077	-1.3512559	0.05586592	0.6218333	1.0	2235	tags=22%, list=14%, signal=25%	
REGULATION OF POSTSYNAPTIC MEMBRANE POTENTIAL%GOBP%GO:0060078	REGULATION OF POSTSYNAPTIC MEMBRANE POTENTIAL%GOBP%GO:0060078		17	-0.5892838	-1.350128	0.09881423	0.62441885	1.0	625	tags=18%, list=4%, signal=18%	
PID_NECTIN_PATHWAY%MSIGDB_C2%PID_NECTIN_PATHWAY	PID_NECTIN_PATHWAY%MSIGDB_C2%PID_NECTIN_PATHWAY		23	-0.54212767	-1.349673	0.10176125	0.6241206	1.0	2368	tags=39%, list=14%, signal=46%	
REGULATION OF ORGANELLE ASSEMBLY%GOBP%GO:1902115	REGULATION OF ORGANELLE ASSEMBLY%GOBP%GO:1902115		176	-0.3787413	-1.3491647	0.013333334	0.624185	1.0	2024	tags=22%, list=12%, signal=25%	
FOREBRAIN NEURON DIFFERENTIATION%GOBP%GO:0021879	FOREBRAIN NEURON DIFFERENTIATION%GOBP%GO:0021879		22	-0.5413949	-1.3474305	0.102	0.6290639	1.0	3116	tags=45%, list=19%, signal=56%	
REGULATION OF PROTEIN MODIFICATION BY SMALL PROTEIN CONJUGATION OR REMOVAL%GOBP%GO:1903320	REGULATION OF PROTEIN MODIFICATION BY SMALL PROTEIN CONJUGATION OR REMOVAL%GOBP%GO:1903320		171	-0.38210657	-1.3469721	0.027444255	0.6289177	1.0	1987	tags=20%, list=12%, signal=23%	
METALLOPROTEASE DUBS%REACTOME DATABASE ID RELEASE 93%5689901	METALLOPROTEASE DUBS%REACTOME DATABASE ID RELEASE 93%5689901		22	-0.53987294	-1.3458017	0.10516252	0.631553	1.0	2528	tags=45%, list=15%, signal=54%	
SUMOYLATION OF RNA BINDING PROTEINS%REACTOME%R-HSA-4570464.4	SUMOYLATION OF RNA BINDING PROTEINS%REACTOME%R-HSA-4570464.4		42	-0.479369	-1.3451903	0.07954545	0.63188475	1.0	1893	tags=24%, list=12%, signal=27%	
CILIUM MOVEMENT%GOBP%GO:0003341	CILIUM MOVEMENT%GOBP%GO:0003341		130	-0.3993431	-1.3450522	0.034602076	0.6303281	1.0	4437	tags=39%, list=27%, signal=53%	
REGULATION OF CYTOPLASMIC TRANSLATION%GOBP%GO:2000765	REGULATION OF CYTOPLASMIC TRANSLATION%GOBP%GO:2000765		34	-0.49548987	-1.3442473	0.09487666	0.631504	1.0	1613	tags=21%, list=10%, signal=23%	
REGULATION OF LYMPHOCYTE CHEMOTAXIS%GOBP%GO:1901623	REGULATION OF LYMPHOCYTE CHEMOTAXIS%GOBP%GO:1901623		18	-0.5714531	-1.3433324	0.10612245	0.6330034	1.0	2187	tags=22%, list=13%, signal=26%	
POSITIVE REGULATION OF CELL CYCLE PROCESS%GOBP%GO:0090068	POSITIVE REGULATION OF CELL CYCLE PROCESS%GOBP%GO:0090068		180	-0.3808544	-1.3425333	0.016722407	0.6342355	1.0	3206	tags=28%, list=20%, signal=34%	
FIBRIN COMPLEMENT RECEPTOR 3 SIGNALING%WIKIPATHWAYS_20250810%WP4136%HOMO SAPIENS	FIBRIN COMPLEMENT RECEPTOR 3 SIGNALING%WIKIPATHWAYS_20250810%WP4136%HOMO SAPIENS		26	-0.5078836	-1.3421317	0.1042471	0.6338248	1.0	975	tags=23%, list=6%, signal=24%	
MITOTIC PROMETAPHASE%REACTOME%R-HSA-68877.8	MITOTIC PROMETAPHASE%REACTOME%R-HSA-68877.8		172	-0.38573027	-1.3420534	0.01880342	0.6320935	1.0	2534	tags=27%, list=15%, signal=31%	
10Q22Q23 COPY NUMBER VARIATION%WIKIPATHWAYS_20250810%WP5402%HOMO SAPIENS	10Q22Q23 COPY NUMBER VARIATION%WIKIPATHWAYS_20250810%WP5402%HOMO SAPIENS		39	-0.4824389	-1.3409431	0.08203125	0.6347372	1.0	2710	tags=31%, list=17%, signal=37%	
REGULATION OF INTERFERON-ALPHA PRODUCTION%GOBP%GO:0032647	REGULATION OF INTERFERON-ALPHA PRODUCTION%GOBP%GO:0032647		22	-0.5457549	-1.3391538	0.09514926	0.6399699	1.0	1521	tags=27%, list=9%, signal=30%	
RNA-TEMPLATED DNA BIOSYNTHETIC PROCESS%GOBP%GO:0006278	RNA-TEMPLATED DNA BIOSYNTHETIC PROCESS%GOBP%GO:0006278		21	-0.5426566	-1.3390592	0.0806142	0.6382519	1.0	1437	tags=29%, list=9%, signal=31%	
SUMOYLATION OF DNA REPLICATION PROTEINS%REACTOME%R-HSA-4615885.7	SUMOYLATION OF DNA REPLICATION PROTEINS%REACTOME%R-HSA-4615885.7		42	-0.47147736	-1.339015	0.07465619	0.6363585	1.0	1893	tags=24%, list=12%, signal=27%	
NEGATIVE REGULATION OF DNA RECOMBINATION%GOBP%GO:0045910	NEGATIVE REGULATION OF DNA RECOMBINATION%GOBP%GO:0045910		37	-0.4835265	-1.3389504	0.08301887	0.63454044	1.0	1721	tags=22%, list=10%, signal=24%	
INNATE IMMUNE RESPONSE ACTIVATING CELL SURFACE RECEPTOR SIGNALING PATHWAY%GOBP%GO:0002220	INNATE IMMUNE RESPONSE ACTIVATING CELL SURFACE RECEPTOR SIGNALING PATHWAY%GOBP%GO:0002220		48	-0.46087503	-1.3383982	0.07456979	0.63464564	1.0	1145	tags=15%, list=7%, signal=16%	
REGULATION OF ENDOTHELIAL CELL DIFFERENTIATION%GOBP%GO:0045601	REGULATION OF ENDOTHELIAL CELL DIFFERENTIATION%GOBP%GO:0045601		24	-0.54148906	-1.3377379	0.10119048	0.6352863	1.0	1077	tags=17%, list=7%, signal=18%	
FLT3 SIGNALING IN DISEASE%REACTOME%R-HSA-9682385.3	FLT3 SIGNALING IN DISEASE%REACTOME%R-HSA-9682385.3		26	-0.5193141	-1.3344586	0.08285164	0.6467964	1.0	2250	tags=35%, list=14%, signal=40%	
TRANSPORT OF MATURE MRNAS DERIVED FROM INTRONLESS TRANSCRIPTS%REACTOME%R-HSA-159234.4	TRANSPORT OF MATURE MRNAS DERIVED FROM INTRONLESS TRANSCRIPTS%REACTOME%R-HSA-159234.4		38	-0.47279093	-1.334162	0.08829175	0.6459813	1.0	2235	tags=26%, list=14%, signal=30%	
TRNA PROCESSING%GOBP%GO:0008033	TRNA PROCESSING%GOBP%GO:0008033		119	-0.3997338	-1.3341248	0.03818182	0.6441245	1.0	2230	tags=27%, list=14%, signal=31%	
SNRNP ASSEMBLY%REACTOME DATABASE ID RELEASE 93%191859	SNRNP ASSEMBLY%REACTOME DATABASE ID RELEASE 93%191859		46	-0.46688077	-1.3332583	0.0742115	0.6456452	1.0	2235	tags=22%, list=14%, signal=25%	
REGULATION OF POST-TRANSLATIONAL PROTEIN MODIFICATION%GOBP%GO:1901873	REGULATION OF POST-TRANSLATIONAL PROTEIN MODIFICATION%GOBP%GO:1901873		175	-0.3742216	-1.3330712	0.023890786	0.6444688	1.0	1987	tags=20%, list=12%, signal=23%	
GASTRIC CANCER NETWORK 1%WIKIPATHWAYS_20250810%WP2361%HOMO SAPIENS	GASTRIC CANCER NETWORK 1%WIKIPATHWAYS_20250810%WP2361%HOMO SAPIENS		21	-0.5378809	-1.331896	0.108571425	0.64729416	1.0	2984	tags=33%, list=18%, signal=41%	
MISMATCH REPAIR%GOBP%GO:0006298	MISMATCH REPAIR%GOBP%GO:0006298		22	-0.5426556	-1.3317598	0.09430256	0.6458413	1.0	1521	tags=32%, list=9%, signal=35%	
INTERACTOME OF POLYCOMB REPRESSIVE COMPLEX 2 PRC2 %WIKIPATHWAYS_20250810%WP2916%HOMO SAPIENS	INTERACTOME OF POLYCOMB REPRESSIVE COMPLEX 2 PRC2 %WIKIPATHWAYS_20250810%WP2916%HOMO SAPIENS		15	-0.5792931	-1.3302051	0.12619503	0.6502135	1.0	810	tags=20%, list=5%, signal=21%	
ACTIVATION OF THE PRE-REPLICATIVE COMPLEX%REACTOME%R-HSA-68962.6	ACTIVATION OF THE PRE-REPLICATIVE COMPLEX%REACTOME%R-HSA-68962.6		30	-0.4958968	-1.3293055	0.10465116	0.65195245	1.0	2398	tags=33%, list=15%, signal=39%	
NUCLEAR TRANSPORT%GOBP%GO:0051169	NUCLEAR TRANSPORT%GOBP%GO:0051169		168	-0.37573352	-1.3288327	0.025316456	0.65183806	1.0	1792	tags=20%, list=11%, signal=22%	
REGULATION OF MRNA STABILITY%GOBP%GO:0043488	REGULATION OF MRNA STABILITY%GOBP%GO:0043488		136	-0.38455155	-1.3276644	0.010714286	0.6546336	1.0	1779	tags=20%, list=11%, signal=22%	
PID_LYMPH_ANGIOGENESIS_PATHWAY%MSIGDB_C2%PID_LYMPH_ANGIOGENESIS_PATHWAY	PID_LYMPH_ANGIOGENESIS_PATHWAY%MSIGDB_C2%PID_LYMPH_ANGIOGENESIS_PATHWAY		21	-0.53181815	-1.327586	0.11174242	0.6529082	1.0	1300	tags=33%, list=8%, signal=36%	
MICROTUBULE POLYMERIZATION OR DEPOLYMERIZATION%GOBP%GO:0031109	MICROTUBULE POLYMERIZATION OR DEPOLYMERIZATION%GOBP%GO:0031109		50	-0.44470763	-1.3266613	0.056112226	0.65460783	1.0	2483	tags=26%, list=15%, signal=31%	
HINT1 PATHWAY%WIKIPATHWAYS_20250810%WP5523%HOMO SAPIENS	HINT1 PATHWAY%WIKIPATHWAYS_20250810%WP5523%HOMO SAPIENS		20	-0.55187434	-1.325063	0.10420842	0.6594098	1.0	3127	tags=40%, list=19%, signal=49%	
TRANSPORT OF MATURE MRNA DERIVED FROM AN INTRONLESS TRANSCRIPT%REACTOME%R-HSA-159231.4	TRANSPORT OF MATURE MRNA DERIVED FROM AN INTRONLESS TRANSCRIPT%REACTOME%R-HSA-159231.4		37	-0.4745172	-1.3247452	0.08224299	0.6587781	1.0	2235	tags=27%, list=14%, signal=31%	
SOMATIC CELL DNA RECOMBINATION%GOBP%GO:0016444	SOMATIC CELL DNA RECOMBINATION%GOBP%GO:0016444		21	-0.5338407	-1.3246146	0.12109375	0.6572763	1.0	1856	tags=33%, list=11%, signal=38%	
HALLMARK_PROTEIN_SECRETION%MSIGDBHALLMARK%HALLMARK_PROTEIN_SECRETION	HALLMARK_PROTEIN_SECRETION%MSIGDBHALLMARK%HALLMARK_PROTEIN_SECRETION		76	-0.41786638	-1.3235555	0.04990758	0.6596204	1.0	2429	tags=29%, list=15%, signal=34%	
RIBOSOMAL SMALL SUBUNIT BIOGENESIS%GOBP%GO:0042274	RIBOSOMAL SMALL SUBUNIT BIOGENESIS%GOBP%GO:0042274		97	-0.40148297	-1.3232716	0.042124543	0.65876645	1.0	2244	tags=28%, list=14%, signal=32%	
NEGATIVE REGULATION OF MRNA METABOLIC PROCESS%GOBP%GO:1903312	NEGATIVE REGULATION OF MRNA METABOLIC PROCESS%GOBP%GO:1903312		73	-0.4240605	-1.321303	0.06137184	0.66493404	1.0	1593	tags=18%, list=10%, signal=20%	
PID_NFKAPPAB_CANONICAL_PATHWAY%MSIGDB_C2%PID_NFKAPPAB_CANONICAL_PATHWAY	PID_NFKAPPAB_CANONICAL_PATHWAY%MSIGDB_C2%PID_NFKAPPAB_CANONICAL_PATHWAY		19	-0.54418176	-1.3207568	0.123732254	0.66514033	1.0	1681	tags=26%, list=10%, signal=29%	
POSITIVE REGULATION OF VACUOLE ORGANIZATION%GOBP%GO:0044090	POSITIVE REGULATION OF VACUOLE ORGANIZATION%GOBP%GO:0044090		24	-0.52534354	-1.3204691	0.10119048	0.6643835	1.0	1462	tags=29%, list=9%, signal=32%	
RND3 GTPASE CYCLE%REACTOME DATABASE ID RELEASE 93%9696264	RND3 GTPASE CYCLE%REACTOME DATABASE ID RELEASE 93%9696264		38	-0.4665644	-1.3190866	0.09142857	0.6681627	1.0	2353	tags=34%, list=14%, signal=40%	
N-CADHERIN SIGNALING EVENTS%PATHWAY INTERACTION DATABASE NCI-NATURE CURATED DATA%N-CADHERIN SIGNALING EVENTS	N-CADHERIN SIGNALING EVENTS%PATHWAY INTERACTION DATABASE NCI-NATURE CURATED DATA%N-CADHERIN SIGNALING EVENTS		33	-0.4840624	-1.3186015	0.11940298	0.6681661	1.0	854	tags=21%, list=5%, signal=22%	
SNRNA METABOLIC PROCESS%GOBP%GO:0016073	SNRNA METABOLIC PROCESS%GOBP%GO:0016073		50	-0.4450497	-1.3183728	0.08097929	0.66702694	1.0	2355	tags=32%, list=14%, signal=37%	
POSITIVE REGULATION OF GTPASE ACTIVITY%GOBP%GO:0043547	POSITIVE REGULATION OF GTPASE ACTIVITY%GOBP%GO:0043547		72	-0.41823542	-1.3183258	0.053030305	0.6652265	1.0	2663	tags=24%, list=16%, signal=28%	
BASE-EXCISION REPAIR%GOBP%GO:0006284	BASE-EXCISION REPAIR%GOBP%GO:0006284		38	-0.46635816	-1.3166988	0.10318949	0.6699391	1.0	946	tags=24%, list=6%, signal=25%	
PROTEIN LOCALIZATION TO CHROMOSOME%GOBP%GO:0034502	PROTEIN LOCALIZATION TO CHROMOSOME%GOBP%GO:0034502		72	-0.42107612	-1.3165283	0.055655297	0.6686903	1.0	2688	tags=35%, list=16%, signal=41%	
DOUBLE-STRAND BREAK REPAIR%GOBP%GO:0006302	DOUBLE-STRAND BREAK REPAIR%GOBP%GO:0006302		192	-0.37456277	-1.3159862	0.020869566	0.66899306	1.0	2528	tags=26%, list=15%, signal=30%	
EYE PHOTORECEPTOR CELL DIFFERENTIATION%GOBP%GO:0001754	EYE PHOTORECEPTOR CELL DIFFERENTIATION%GOBP%GO:0001754		21	-0.5246022	-1.3153675	0.12984496	0.66971093	1.0	1770	tags=14%, list=11%, signal=16%	
HOST-MEDIATED PERTURBATION OF VIRAL PROCESS%GOBP%GO:0044788	HOST-MEDIATED PERTURBATION OF VIRAL PROCESS%GOBP%GO:0044788		67	-0.42237896	-1.3132812	0.06398538	0.6762286	1.0	2830	tags=28%, list=17%, signal=34%	
REGULATION OF PROTEIN EXPORT FROM NUCLEUS%GOBP%GO:0046825	REGULATION OF PROTEIN EXPORT FROM NUCLEUS%GOBP%GO:0046825		25	-0.4980614	-1.3123221	0.10224949	0.6782443	1.0	1231	tags=28%, list=8%, signal=30%	
SOMATIC DIVERSIFICATION OF IMMUNE RECEPTORS VIA GERMLINE RECOMBINATION WITHIN A SINGLE LOCUS%GOBP%GO:0002562	SOMATIC DIVERSIFICATION OF IMMUNE RECEPTORS VIA GERMLINE RECOMBINATION WITHIN A SINGLE LOCUS%GOBP%GO:0002562		21	-0.5338407	-1.3119426	0.12927757	0.67789465	1.0	1856	tags=33%, list=11%, signal=38%	
BRAIN MORPHOGENESIS%GOBP%GO:0048854	BRAIN MORPHOGENESIS%GOBP%GO:0048854		16	-0.56380916	-1.311343	0.14979757	0.67841923	1.0	1623	tags=31%, list=10%, signal=35%	
BIOCARTA_FAS_PATHWAY%MSIGDB_C2%BIOCARTA_FAS_PATHWAY	BIOCARTA_FAS_PATHWAY%MSIGDB_C2%BIOCARTA_FAS_PATHWAY		24	-0.5274746	-1.3111025	0.12015504	0.67743516	1.0	3314	tags=38%, list=20%, signal=47%	
RETROGRADE TRANSPORT AT THE TRANS-GOLGI-NETWORK%REACTOME DATABASE ID RELEASE 93%6811440	RETROGRADE TRANSPORT AT THE TRANS-GOLGI-NETWORK%REACTOME DATABASE ID RELEASE 93%6811440		45	-0.452507	-1.3108782	0.08896797	0.6764629	1.0	2074	tags=31%, list=13%, signal=36%	
DOWNSTREAM SIGNALING OF ACTIVATED FGFR1%REACTOME%R-HSA-5654687.4	DOWNSTREAM SIGNALING OF ACTIVATED FGFR1%REACTOME%R-HSA-5654687.4		16	-0.58009636	-1.310703	0.14285715	0.6751765	1.0	2500	tags=50%, list=15%, signal=59%	
NRF2 ARE REGULATION%WIKIPATHWAYS_20250810%WP4357%HOMO SAPIENS	NRF2 ARE REGULATION%WIKIPATHWAYS_20250810%WP4357%HOMO SAPIENS		21	-0.5350147	-1.3103199	0.13407822	0.6748353	1.0	722	tags=24%, list=4%, signal=25%	
NUCLEOCYTOPLASMIC TRANSPORT%GOBP%GO:0006913	NUCLEOCYTOPLASMIC TRANSPORT%GOBP%GO:0006913		167	-0.37614718	-1.3096249	0.025510205	0.67594826	1.0	1792	tags=20%, list=11%, signal=22%	
SIGNALING BY PDGFR IN DISEASE%REACTOME DATABASE ID RELEASE 93%9671555	SIGNALING BY PDGFR IN DISEASE%REACTOME DATABASE ID RELEASE 93%9671555		16	-0.5686675	-1.3090935	0.16463415	0.67618763	1.0	2234	tags=38%, list=14%, signal=43%	
ANGIOGENESIS%WIKIPATHWAYS_20250810%WP1539%HOMO SAPIENS	ANGIOGENESIS%WIKIPATHWAYS_20250810%WP1539%HOMO SAPIENS		17	-0.5429236	-1.3080738	0.1342155	0.67866725	1.0	3350	tags=35%, list=20%, signal=44%	
REGULATION OF RESPONSE TO OXIDATIVE STRESS%GOBP%GO:1902882	REGULATION OF RESPONSE TO OXIDATIVE STRESS%GOBP%GO:1902882		20	-0.5448717	-1.3080423	0.117529884	0.6768422	1.0	1028	tags=20%, list=6%, signal=21%	
PID_FANCONI_PATHWAY%MSIGDB_C2%PID_FANCONI_PATHWAY	PID_FANCONI_PATHWAY%MSIGDB_C2%PID_FANCONI_PATHWAY		39	-0.4653459	-1.3067418	0.11854684	0.6803633	1.0	4170	tags=46%, list=25%, signal=62%	
SIGNALING BY CYTOSOLIC FGFR1 FUSION MUTANTS%REACTOME%R-HSA-1839117.4	SIGNALING BY CYTOSOLIC FGFR1 FUSION MUTANTS%REACTOME%R-HSA-1839117.4		15	-0.5733475	-1.3066024	0.14119923	0.6790242	1.0	2250	tags=27%, list=14%, signal=31%	
BIOCARTA_IL1R_PATHWAY%MSIGDB_C2%BIOCARTA_IL1R_PATHWAY	BIOCARTA_IL1R_PATHWAY%MSIGDB_C2%BIOCARTA_IL1R_PATHWAY		23	-0.5168408	-1.3063704	0.11923077	0.6780187	1.0	975	tags=22%, list=6%, signal=23%	
TRNA MODIFICATION%GOBP%GO:0006400	TRNA MODIFICATION%GOBP%GO:0006400		90	-0.40702936	-1.3055389	0.055555556	0.679637	1.0	2230	tags=29%, list=14%, signal=33%	
POSITIVE REGULATION OF INTRACELLULAR PROTEIN TRANSPORT%GOBP%GO:0090316	POSITIVE REGULATION OF INTRACELLULAR PROTEIN TRANSPORT%GOBP%GO:0090316		63	-0.41799372	-1.3036189	0.073126145	0.68571216	1.0	1287	tags=21%, list=8%, signal=22%	
VESICLE TETHERING%GOBP%GO:0099022	VESICLE TETHERING%GOBP%GO:0099022		28	-0.49578026	-1.3030028	0.106090374	0.6864703	1.0	2403	tags=39%, list=15%, signal=46%	
DNA STRAND ELONGATION%REACTOME DATABASE ID RELEASE 93%69190	DNA STRAND ELONGATION%REACTOME DATABASE ID RELEASE 93%69190		28	-0.49989292	-1.3020943	0.14450867	0.688429	1.0	2379	tags=32%, list=14%, signal=38%	
NEURON MIGRATION%GOBP%GO:0001764	NEURON MIGRATION%GOBP%GO:0001764		60	-0.42607257	-1.3009219	0.07821229	0.6916851	1.0	2910	tags=25%, list=18%, signal=30%	
ASSEMBLY OF THE ORC COMPLEX AT THE ORIGIN OF REPLICATION%REACTOME%R-HSA-68616.6	ASSEMBLY OF THE ORC COMPLEX AT THE ORIGIN OF REPLICATION%REACTOME%R-HSA-68616.6		21	-0.53162855	-1.3004078	0.12228797	0.6920047	1.0	2062	tags=19%, list=13%, signal=22%	
REGULATION OF CALCIUM ION-DEPENDENT EXOCYTOSIS%GOBP%GO:0017158	REGULATION OF CALCIUM ION-DEPENDENT EXOCYTOSIS%GOBP%GO:0017158		27	-0.5068618	-1.29987	0.1257485	0.6923369	1.0	1564	tags=15%, list=10%, signal=16%	
ANGIOPOIETIN RECEPTOR TIE2-MEDIATED SIGNALING%PATHWAY INTERACTION DATABASE NCI-NATURE CURATED DATA%ANGIOPOIETIN RECEPTOR TIE2-MEDIATED SIGNALING	ANGIOPOIETIN RECEPTOR TIE2-MEDIATED SIGNALING%PATHWAY INTERACTION DATABASE NCI-NATURE CURATED DATA%ANGIOPOIETIN RECEPTOR TIE2-MEDIATED SIGNALING		47	-0.44635555	-1.2996053	0.10594796	0.69150543	1.0	2221	tags=28%, list=14%, signal=32%	
NEGATIVE REGULATION OF ANOIKIS%GOBP%GO:2000811	NEGATIVE REGULATION OF ANOIKIS%GOBP%GO:2000811		15	-0.5725916	-1.2993008	0.15039062	0.69088703	1.0	379	tags=13%, list=2%, signal=14%	
LAGGING STRAND SYNTHESIS%REACTOME%R-HSA-69186.4	LAGGING STRAND SYNTHESIS%REACTOME%R-HSA-69186.4		17	-0.5535002	-1.2992383	0.13385826	0.6892567	1.0	2379	tags=47%, list=14%, signal=55%	
CELLULAR RESPONSE TO IONIZING RADIATION%GOBP%GO:0071479	CELLULAR RESPONSE TO IONIZING RADIATION%GOBP%GO:0071479		51	-0.43689755	-1.2982266	0.11278196	0.6916917	1.0	2701	tags=35%, list=16%, signal=42%	
KITRECEPTOR%IOB%KITRECEPTOR	KITRECEPTOR%IOB%KITRECEPTOR		56	-0.43937138	-1.2978566	0.08768657	0.6914255	1.0	1569	tags=18%, list=10%, signal=20%	
REGULATION OF MITOTIC SISTER CHROMATID SEPARATION%GOBP%GO:0010965	REGULATION OF MITOTIC SISTER CHROMATID SEPARATION%GOBP%GO:0010965		55	-0.43829593	-1.2978554	0.09541985	0.68954575	1.0	3139	tags=33%, list=19%, signal=40%	
IL1 SIGNALING%WIKIPATHWAYS_20250810%WP195%HOMO SAPIENS	IL1 SIGNALING%WIKIPATHWAYS_20250810%WP195%HOMO SAPIENS		40	-0.46197006	-1.2971947	0.10246679	0.6904071	1.0	975	tags=25%, list=6%, signal=27%	
HETEROCHROMATIN FORMATION%GOBP%GO:0031507	HETEROCHROMATIN FORMATION%GOBP%GO:0031507		102	-0.3887244	-1.2971308	0.042124543	0.688832	1.0	1766	tags=20%, list=11%, signal=22%	
REGULATION OF VASOCONSTRICTION%GOBP%GO:0019229	REGULATION OF VASOCONSTRICTION%GOBP%GO:0019229		23	-0.5165511	-1.2970352	0.1352381	0.68733424	1.0	2685	tags=35%, list=16%, signal=42%	
ACTIVIN RECEPTOR SIGNALING PATHWAY%GOBP%GO:0032924	ACTIVIN RECEPTOR SIGNALING PATHWAY%GOBP%GO:0032924		15	-0.5571296	-1.2968619	0.1523046	0.6861996	1.0	2061	tags=27%, list=13%, signal=30%	
ACTIVATED TAK1 MEDIATES P38 MAPK ACTIVATION%REACTOME DATABASE ID RELEASE 93%450302	ACTIVATED TAK1 MEDIATES P38 MAPK ACTIVATION%REACTOME DATABASE ID RELEASE 93%450302		17	-0.55293226	-1.2965162	0.13778706	0.68580854	1.0	577	tags=18%, list=4%, signal=18%	
POST-GOLGI VESICLE-MEDIATED TRANSPORT%GOBP%GO:0006892	POST-GOLGI VESICLE-MEDIATED TRANSPORT%GOBP%GO:0006892		90	-0.40104356	-1.2958761	0.06551724	0.6865861	1.0	1941	tags=27%, list=12%, signal=30%	
REGULATION OF PROTEIN BINDING%GOBP%GO:0043393	REGULATION OF PROTEIN BINDING%GOBP%GO:0043393		35	-0.45898107	-1.2951343	0.099616855	0.68796855	1.0	1383	tags=26%, list=8%, signal=28%	
BMP RECEPTOR SIGNALING%PATHWAY INTERACTION DATABASE NCI-NATURE CURATED DATA%BMP RECEPTOR SIGNALING	BMP RECEPTOR SIGNALING%PATHWAY INTERACTION DATABASE NCI-NATURE CURATED DATA%BMP RECEPTOR SIGNALING		35	-0.4795407	-1.2943363	0.12031558	0.6895166	1.0	1449	tags=17%, list=9%, signal=19%	
RNA 3'-END PROCESSING%GOBP%GO:0031123	RNA 3'-END PROCESSING%GOBP%GO:0031123		69	-0.41712198	-1.2933308	0.07317073	0.6917343	1.0	2694	tags=32%, list=16%, signal=38%	
MITOTIC SPINDLE ORGANIZATION%GOBP%GO:0007052	MITOTIC SPINDLE ORGANIZATION%GOBP%GO:0007052		86	-0.40102395	-1.2929376	0.08	0.69154567	1.0	2432	tags=24%, list=15%, signal=29%	
IMMUNOGLOBULIN PRODUCTION%GOBP%GO:0002377	IMMUNOGLOBULIN PRODUCTION%GOBP%GO:0002377		30	-0.48188767	-1.2916937	0.12761904	0.6949902	1.0	1843	tags=27%, list=11%, signal=30%	
ANCHORING OF THE BASAL BODY TO THE PLASMA MEMBRANE%REACTOME%R-HSA-5620912.4	ANCHORING OF THE BASAL BODY TO THE PLASMA MEMBRANE%REACTOME%R-HSA-5620912.4		90	-0.39760098	-1.2910833	0.06551724	0.69581544	1.0	2394	tags=32%, list=15%, signal=38%	
P53 PATHWAY%PATHWAY INTERACTION DATABASE NCI-NATURE CURATED DATA%P53 PATHWAY	P53 PATHWAY%PATHWAY INTERACTION DATABASE NCI-NATURE CURATED DATA%P53 PATHWAY		56	-0.42621872	-1.2909749	0.066797644	0.69441766	1.0	1538	tags=25%, list=9%, signal=27%	
PID_ANGIOPOIETIN_RECEPTOR_PATHWAY%MSIGDB_C2%PID_ANGIOPOIETIN_RECEPTOR_PATHWAY	PID_ANGIOPOIETIN_RECEPTOR_PATHWAY%MSIGDB_C2%PID_ANGIOPOIETIN_RECEPTOR_PATHWAY		35	-0.4642507	-1.2904203	0.11962617	0.6948974	1.0	2221	tags=34%, list=14%, signal=40%	
PID_TOLL_ENDOGENOUS_PATHWAY%MSIGDB_C2%PID_TOLL_ENDOGENOUS_PATHWAY	PID_TOLL_ENDOGENOUS_PATHWAY%MSIGDB_C2%PID_TOLL_ENDOGENOUS_PATHWAY		17	-0.5507759	-1.2901405	0.17254902	0.6943088	1.0	975	tags=18%, list=6%, signal=19%	
PROTEIN LOCALIZATION TO CILIUM%GOBP%GO:0061512	PROTEIN LOCALIZATION TO CILIUM%GOBP%GO:0061512		49	-0.44234288	-1.2893386	0.09727626	0.69599885	1.0	4431	tags=43%, list=27%, signal=59%	
PRODUCTION OF MOLECULAR MEDIATOR OF IMMUNE RESPONSE%GOBP%GO:0002440	PRODUCTION OF MOLECULAR MEDIATOR OF IMMUNE RESPONSE%GOBP%GO:0002440		31	-0.4799857	-1.288399	0.107074566	0.69813293	1.0	1843	tags=26%, list=11%, signal=29%	
HALLMARK_SPERMATOGENESIS%MSIGDBHALLMARK%HALLMARK_SPERMATOGENESIS	HALLMARK_SPERMATOGENESIS%MSIGDBHALLMARK%HALLMARK_SPERMATOGENESIS		64	-0.4211012	-1.2882222	0.08224299	0.6970709	1.0	3945	tags=36%, list=24%, signal=47%	
HALLMARK_E2F_TARGETS%MSIGDBHALLMARK%HALLMARK_E2F_TARGETS	HALLMARK_E2F_TARGETS%MSIGDBHALLMARK%HALLMARK_E2F_TARGETS		158	-0.36634	-1.2882099	0.035714287	0.6953133	1.0	2701	tags=23%, list=16%, signal=27%	
KITRECEPTOR%NETPATH%KITRECEPTOR	KITRECEPTOR%NETPATH%KITRECEPTOR		55	-0.43109053	-1.2873996	0.10909091	0.6968503	1.0	1569	tags=18%, list=10%, signal=20%	
REGULATION OF AMINE TRANSPORT%GOBP%GO:0051952	REGULATION OF AMINE TRANSPORT%GOBP%GO:0051952		25	-0.5000259	-1.2859777	0.13555992	0.700985	1.0	404	tags=12%, list=2%, signal=12%	
O-LINKED GLYCOSYLATION OF MUCINS%REACTOME%R-HSA-913709.5	O-LINKED GLYCOSYLATION OF MUCINS%REACTOME%R-HSA-913709.5		42	-0.44929132	-1.2855527	0.10980392	0.7009276	1.0	3534	tags=29%, list=22%, signal=36%	
NEGATIVE REGULATION OF GENE EXPRESSION, EPIGENETIC%GOBP%GO:0045814	NEGATIVE REGULATION OF GENE EXPRESSION, EPIGENETIC%GOBP%GO:0045814		133	-0.3783433	-1.285209	0.06118881	0.70064497	1.0	1857	tags=20%, list=11%, signal=23%	
CELLULAR RESPONSE TO HEAT STRESS%REACTOME DATABASE ID RELEASE 93%3371556	CELLULAR RESPONSE TO HEAT STRESS%REACTOME DATABASE ID RELEASE 93%3371556		83	-0.39628384	-1.2846774	0.076045625	0.70102805	1.0	2560	tags=25%, list=16%, signal=30%	
EGF RECEPTOR (ERBB1) SIGNALING PATHWAY%PATHWAY INTERACTION DATABASE NCI-NATURE CURATED DATA%EGF RECEPTOR (ERBB1) SIGNALING PATHWAY	EGF RECEPTOR (ERBB1) SIGNALING PATHWAY%PATHWAY INTERACTION DATABASE NCI-NATURE CURATED DATA%EGF RECEPTOR (ERBB1) SIGNALING PATHWAY		31	-0.48121813	-1.2846713	0.12098299	0.6992817	1.0	2189	tags=35%, list=13%, signal=41%	
FGFR1 MUTANT RECEPTOR ACTIVATION%REACTOME DATABASE ID RELEASE 93%1839124	FGFR1 MUTANT RECEPTOR ACTIVATION%REACTOME DATABASE ID RELEASE 93%1839124		21	-0.52230334	-1.2843207	0.15339805	0.6988926	1.0	2500	tags=24%, list=15%, signal=28%	
INFLAMMATORY BOWEL DISEASE SIGNALING%WIKIPATHWAYS_20250810%WP5198%HOMO SAPIENS	INFLAMMATORY BOWEL DISEASE SIGNALING%WIKIPATHWAYS_20250810%WP5198%HOMO SAPIENS		23	-0.50021	-1.2839736	0.14629258	0.6986051	1.0	3512	tags=35%, list=21%, signal=44%	
MOTILE CILIUM ASSEMBLY%GOBP%GO:0044458	MOTILE CILIUM ASSEMBLY%GOBP%GO:0044458		46	-0.4416656	-1.2827543	0.104761906	0.70180625	1.0	4437	tags=46%, list=27%, signal=62%	
NEGATIVE REGULATION OF DOUBLE-STRAND BREAK REPAIR VIA HOMOLOGOUS RECOMBINATION%GOBP%GO:2000042	NEGATIVE REGULATION OF DOUBLE-STRAND BREAK REPAIR VIA HOMOLOGOUS RECOMBINATION%GOBP%GO:2000042		23	-0.51590765	-1.2817663	0.14671814	0.7041013	1.0	2517	tags=30%, list=15%, signal=36%	
SPERM MOTILITY%GOBP%GO:0097722	SPERM MOTILITY%GOBP%GO:0097722		95	-0.3899205	-1.281261	0.070017956	0.70437485	1.0	4437	tags=38%, list=27%, signal=52%	
ISOVALERIC ACIDEMIA%PATHWHIZ%PW000500	ISOVALERIC ACIDEMIA%PATHWHIZ%PW000500		27	-0.4821471	-1.280463	0.12927757	0.7060707	1.0	1677	tags=26%, list=10%, signal=29%	
NEGATIVE REGULATION OF FATTY ACID BIOSYNTHETIC PROCESS%GOBP%GO:0045717	NEGATIVE REGULATION OF FATTY ACID BIOSYNTHETIC PROCESS%GOBP%GO:0045717		17	-0.5467596	-1.2802329	0.16865079	0.7052859	1.0	1135	tags=18%, list=7%, signal=19%	
SIGNALING BY CSF1 (M-CSF) IN MYELOID CELLS%REACTOME%R-HSA-9680350.3	SIGNALING BY CSF1 (M-CSF) IN MYELOID CELLS%REACTOME%R-HSA-9680350.3		29	-0.47167113	-1.2798996	0.1321499	0.7049831	1.0	2189	tags=28%, list=13%, signal=32%	
PEPTIDYL-LYSINE MODIFICATION%GOBP%GO:0018205	PEPTIDYL-LYSINE MODIFICATION%GOBP%GO:0018205		82	-0.402151	-1.2796165	0.080139376	0.7043726	1.0	1522	tags=22%, list=9%, signal=24%	
CARGO TRAFFICKING TO THE PERICILIARY MEMBRANE%REACTOME%R-HSA-5620920.5	CARGO TRAFFICKING TO THE PERICILIARY MEMBRANE%REACTOME%R-HSA-5620920.5		44	-0.4371151	-1.2784662	0.12903225	0.7073983	1.0	2888	tags=30%, list=18%, signal=36%	
2-METHYL-3-HYDROXYBUTYRYL-COA DEHYDROGENASE DEFICIENCY%PATHWHIZ%PW000061	2-METHYL-3-HYDROXYBUTYRYL-COA DEHYDROGENASE DEFICIENCY%PATHWHIZ%PW000061		27	-0.4821471	-1.278095	0.14944649	0.7071695	1.0	1677	tags=26%, list=10%, signal=29%	
SOMATIC DIVERSIFICATION OF IMMUNOGLOBULINS%GOBP%GO:0016445	SOMATIC DIVERSIFICATION OF IMMUNOGLOBULINS%GOBP%GO:0016445		30	-0.48188767	-1.2780788	0.1302682	0.70549834	1.0	1843	tags=27%, list=11%, signal=30%	
T CELL RECEPTOR SIGNALING%WIKIPATHWAYS_20250810%WP69%HOMO SAPIENS	T CELL RECEPTOR SIGNALING%WIKIPATHWAYS_20250810%WP69%HOMO SAPIENS		61	-0.4161629	-1.2779442	0.077922076	0.7043288	1.0	1684	tags=21%, list=10%, signal=24%	
PHENOL-CONTAINING COMPOUND METABOLIC PROCESS%GOBP%GO:0018958	PHENOL-CONTAINING COMPOUND METABOLIC PROCESS%GOBP%GO:0018958		32	-0.4765735	-1.277475	0.14035088	0.70457166	1.0	2786	tags=16%, list=17%, signal=19%	
PHOSPHATIDYL INOSITOL PHOSPHATE PATHWAY%WIKIPATHWAYS_20250810%WP5411%HOMO SAPIENS	PHOSPHATIDYL INOSITOL PHOSPHATE PATHWAY%WIKIPATHWAYS_20250810%WP5411%HOMO SAPIENS		39	-0.45711967	-1.2769966	0.107664235	0.7048111	1.0	2656	tags=28%, list=16%, signal=34%	
BETA-KETOTHIOLASE DEFICIENCY%SMPDB%SMP0000173	BETA-KETOTHIOLASE DEFICIENCY%SMPDB%SMP0000173		27	-0.4821471	-1.2763011	0.15267175	0.7059828	1.0	1677	tags=26%, list=10%, signal=29%	
PID_REELIN_PATHWAY%MSIGDB_C2%PID_REELIN_PATHWAY	PID_REELIN_PATHWAY%MSIGDB_C2%PID_REELIN_PATHWAY		23	-0.5057764	-1.2759633	0.13372093	0.7056183	1.0	641	tags=17%, list=4%, signal=18%	
IRS-RELATED EVENTS TRIGGERED BY IGF1R%REACTOME%R-HSA-2428928.3	IRS-RELATED EVENTS TRIGGERED BY IGF1R%REACTOME%R-HSA-2428928.3		29	-0.47366542	-1.2756833	0.12619503	0.7051004	1.0	2500	tags=31%, list=15%, signal=37%	
3-HYDROXYISOBUTYRIC ACIDURIA%PATHWHIZ%PW000498	3-HYDROXYISOBUTYRIC ACIDURIA%PATHWHIZ%PW000498		27	-0.4821471	-1.2751383	0.1344697	0.70558655	1.0	1677	tags=26%, list=10%, signal=29%	
COHESIN COMPLEX CORNELIA DE LANGE SYNDROME%WIKIPATHWAYS_20250810%WP5117%HOMO SAPIENS	COHESIN COMPLEX CORNELIA DE LANGE SYNDROME%WIKIPATHWAYS_20250810%WP5117%HOMO SAPIENS		27	-0.4876201	-1.273366	0.13972056	0.71137565	1.0	2603	tags=37%, list=16%, signal=44%	
POSITIVE REGULATION OF MICROTUBULE POLYMERIZATION OR DEPOLYMERIZATION%GOBP%GO:0031112	POSITIVE REGULATION OF MICROTUBULE POLYMERIZATION OR DEPOLYMERIZATION%GOBP%GO:0031112		29	-0.48620415	-1.2729737	0.15576923	0.711373	1.0	2153	tags=28%, list=13%, signal=32%	
RHOC GTPASE CYCLE%REACTOME%R-HSA-9013106.2	RHOC GTPASE CYCLE%REACTOME%R-HSA-9013106.2		71	-0.40964195	-1.2728406	0.10424028	0.71021634	1.0	2277	tags=27%, list=14%, signal=31%	
ESTABLISHMENT OF PROTEIN LOCALIZATION TO VACUOLE%GOBP%GO:0072666	ESTABLISHMENT OF PROTEIN LOCALIZATION TO VACUOLE%GOBP%GO:0072666		48	-0.439122	-1.2719194	0.11090226	0.71238595	1.0	1449	tags=31%, list=9%, signal=34%	
3-HYDROXYISOBUTYRIC ACID DEHYDROGENASE DEFICIENCY%SMPDB%SMP0000521	3-HYDROXYISOBUTYRIC ACID DEHYDROGENASE DEFICIENCY%SMPDB%SMP0000521		27	-0.4821471	-1.2706718	0.1393597	0.7157114	1.0	1677	tags=26%, list=10%, signal=29%	
FLAGELLATED SPERM MOTILITY%GOBP%GO:0030317	FLAGELLATED SPERM MOTILITY%GOBP%GO:0030317		95	-0.3899205	-1.2706201	0.08471455	0.7142231	1.0	4437	tags=38%, list=27%, signal=52%	
MAPLE SYRUP URINE DISEASE%PATHWHIZ%PW000064	MAPLE SYRUP URINE DISEASE%PATHWHIZ%PW000064		27	-0.4821471	-1.2702096	0.13409962	0.7142314	1.0	1677	tags=26%, list=10%, signal=29%	
IL1%NETPATH%IL1	IL1%NETPATH%IL1		34	-0.45747843	-1.2696353	0.11819887	0.71494377	1.0	2542	tags=41%, list=15%, signal=49%	
REGULATION OF MICROTUBULE POLYMERIZATION%GOBP%GO:0031113	REGULATION OF MICROTUBULE POLYMERIZATION%GOBP%GO:0031113		49	-0.42502716	-1.2688113	0.11731844	0.7165704	1.0	2153	tags=22%, list=13%, signal=26%	
PID_CD40_PATHWAY%MSIGDB_C2%PID_CD40_PATHWAY	PID_CD40_PATHWAY%MSIGDB_C2%PID_CD40_PATHWAY		24	-0.505514	-1.2684578	0.11776447	0.71635103	1.0	901	tags=17%, list=5%, signal=18%	
3-METHYLGLUTACONIC ACIDURIA TYPE III%SMPDB%SMP0000140	3-METHYLGLUTACONIC ACIDURIA TYPE III%SMPDB%SMP0000140		27	-0.4821471	-1.2669187	0.15530303	0.7212281	1.0	1677	tags=26%, list=10%, signal=29%	
REGULATION OF RNA SPLICING%GOBP%GO:0043484	REGULATION OF RNA SPLICING%GOBP%GO:0043484		158	-0.36326307	-1.2668225	0.041366905	0.71992743	1.0	1310	tags=15%, list=8%, signal=16%	
RHOBTB GTPASE CYCLE%REACTOME%R-HSA-9706574.4	RHOBTB GTPASE CYCLE%REACTOME%R-HSA-9706574.4		34	-0.46985754	-1.2657505	0.14694656	0.7226099	1.0	1501	tags=24%, list=9%, signal=26%	
SYNTHESIS OF PIPS AT THE PLASMA MEMBRANE%REACTOME DATABASE ID RELEASE 93%1660499	SYNTHESIS OF PIPS AT THE PLASMA MEMBRANE%REACTOME DATABASE ID RELEASE 93%1660499		52	-0.43037364	-1.265012	0.101960786	0.72409356	1.0	2656	tags=31%, list=16%, signal=37%	
3'-UTR-MEDIATED MRNA STABILIZATION%GOBP%GO:0070935	3'-UTR-MEDIATED MRNA STABILIZATION%GOBP%GO:0070935		15	-0.54320866	-1.2649052	0.18	0.7228248	1.0	1369	tags=27%, list=8%, signal=29%	
GOLGI TO ENDOSOME TRANSPORT%GOBP%GO:0006895	GOLGI TO ENDOSOME TRANSPORT%GOBP%GO:0006895		15	-0.56397516	-1.2645802	0.16564417	0.72252476	1.0	2450	tags=40%, list=15%, signal=47%	
MICROTUBULE CYTOSKELETON ORGANIZATION INVOLVED IN MITOSIS%GOBP%GO:1902850	MICROTUBULE CYTOSKELETON ORGANIZATION INVOLVED IN MITOSIS%GOBP%GO:1902850		115	-0.3813795	-1.2641708	0.07746479	0.7225136	1.0	2300	tags=23%, list=14%, signal=27%	
MIRNA-MEDIATED POST-TRANSCRIPTIONAL GENE SILENCING%GOBP%GO:0035195	MIRNA-MEDIATED POST-TRANSCRIPTIONAL GENE SILENCING%GOBP%GO:0035195		26	-0.49207893	-1.2640154	0.13193117	0.7214459	1.0	1382	tags=19%, list=8%, signal=21%	
PROTEIN K48-LINKED UBIQUITINATION%GOBP%GO:0070936	PROTEIN K48-LINKED UBIQUITINATION%GOBP%GO:0070936		89	-0.3899056	-1.2639058	0.0877193	0.72023183	1.0	2569	tags=27%, list=16%, signal=32%	
VEGFR3 SIGNALING IN LYMPHATIC ENDOTHELIUM%PATHWAY INTERACTION DATABASE NCI-NATURE CURATED DATA%VEGFR3 SIGNALING IN LYMPHATIC ENDOTHELIUM	VEGFR3 SIGNALING IN LYMPHATIC ENDOTHELIUM%PATHWAY INTERACTION DATABASE NCI-NATURE CURATED DATA%VEGFR3 SIGNALING IN LYMPHATIC ENDOTHELIUM		24	-0.49646762	-1.2633713	0.16698292	0.720813	1.0	1300	tags=29%, list=8%, signal=32%	
CANONICAL NF-KAPPAB PATHWAY%PATHWAY INTERACTION DATABASE NCI-NATURE CURATED DATA%CANONICAL NF-KAPPAB PATHWAY	CANONICAL NF-KAPPAB PATHWAY%PATHWAY INTERACTION DATABASE NCI-NATURE CURATED DATA%CANONICAL NF-KAPPAB PATHWAY		22	-0.5116945	-1.2633371	0.14723927	0.71927106	1.0	2433	tags=32%, list=15%, signal=37%	
REGULATION OF CIRCADIAN RHYTHM%GOBP%GO:0042752	REGULATION OF CIRCADIAN RHYTHM%GOBP%GO:0042752		79	-0.398599	-1.2627069	0.09424084	0.72025776	1.0	1687	tags=22%, list=10%, signal=24%	
POSITIVE REGULATION OF CILIUM ASSEMBLY%GOBP%GO:0045724	POSITIVE REGULATION OF CILIUM ASSEMBLY%GOBP%GO:0045724		25	-0.48488033	-1.2612753	0.15116279	0.72448385	1.0	2353	tags=36%, list=14%, signal=42%	
PID_P53_REGULATION_PATHWAY%MSIGDB_C2%PID_P53_REGULATION_PATHWAY	PID_P53_REGULATION_PATHWAY%MSIGDB_C2%PID_P53_REGULATION_PATHWAY		45	-0.43910533	-1.2610155	0.11702128	0.72388816	1.0	2473	tags=36%, list=15%, signal=42%	
INTRACILIARY TRANSPORT%GOBP%GO:0042073	INTRACILIARY TRANSPORT%GOBP%GO:0042073		42	-0.4403393	-1.2609404	0.13825758	0.7225163	1.0	3093	tags=45%, list=19%, signal=56%	
REGULATION OF MRNA CATABOLIC PROCESS%GOBP%GO:0061013	REGULATION OF MRNA CATABOLIC PROCESS%GOBP%GO:0061013		158	-0.36222887	-1.2608007	0.056737587	0.7214556	1.0	1779	tags=18%, list=11%, signal=20%	
TETRAHYDROFOLATE METABOLIC PROCESS%GOBP%GO:0046653	TETRAHYDROFOLATE METABOLIC PROCESS%GOBP%GO:0046653		15	-0.54781413	-1.2606887	0.20041753	0.7202224	1.0	2909	tags=33%, list=18%, signal=40%	
REGULATION OF DNA REPLICATION%GOBP%GO:0006275	REGULATION OF DNA REPLICATION%GOBP%GO:0006275		96	-0.38571364	-1.2605469	0.08377896	0.7191314	1.0	1890	tags=23%, list=12%, signal=26%	
IGF1R SIGNALING CASCADE%REACTOME%R-HSA-2428924.4	IGF1R SIGNALING CASCADE%REACTOME%R-HSA-2428924.4		29	-0.47366542	-1.2604058	0.16666667	0.71802956	1.0	2500	tags=31%, list=15%, signal=37%	
REGULATION OF PLASMA MEMBRANE BOUNDED CELL PROJECTION ASSEMBLY%GOBP%GO:0120032	REGULATION OF PLASMA MEMBRANE BOUNDED CELL PROJECTION ASSEMBLY%GOBP%GO:0120032		162	-0.3605331	-1.2602816	0.055944055	0.71689904	1.0	2381	tags=23%, list=15%, signal=27%	
TLR4 SIGNALING AND TOLERANCE%WIKIPATHWAYS_20250810%WP3851%HOMO SAPIENS	TLR4 SIGNALING AND TOLERANCE%WIKIPATHWAYS_20250810%WP3851%HOMO SAPIENS		21	-0.51139617	-1.2600528	0.18198875	0.71620697	1.0	975	tags=19%, list=6%, signal=20%	
REGULATION OF INTRACELLULAR PROTEIN TRANSPORT%GOBP%GO:0033157	REGULATION OF INTRACELLULAR PROTEIN TRANSPORT%GOBP%GO:0033157		102	-0.38326207	-1.2596034	0.08576642	0.716492	1.0	1287	tags=18%, list=8%, signal=19%	
3-METHYLCROTONYL-COA CARBOXYLASE DEFICIENCY TYPE I%SMPDB%SMP0000237	3-METHYLCROTONYL-COA CARBOXYLASE DEFICIENCY TYPE I%SMPDB%SMP0000237		27	-0.4821471	-1.2588595	0.1484375	0.71786106	1.0	1677	tags=26%, list=10%, signal=29%	
ESTABLISHMENT OF VESICLE LOCALIZATION%GOBP%GO:0051650	ESTABLISHMENT OF VESICLE LOCALIZATION%GOBP%GO:0051650		135	-0.3644923	-1.258644	0.06878307	0.7171248	1.0	2285	tags=24%, list=14%, signal=28%	
PROCESSING OF SMDT1%REACTOME DATABASE ID RELEASE 93%8949664	PROCESSING OF SMDT1%REACTOME DATABASE ID RELEASE 93%8949664		15	-0.5518297	-1.2585417	0.1692607	0.7159279	1.0	1543	tags=33%, list=9%, signal=37%	
SOMATIC RECOMBINATION OF IMMUNOGLOBULIN GENE SEGMENTS%GOBP%GO:0016447	SOMATIC RECOMBINATION OF IMMUNOGLOBULIN GENE SEGMENTS%GOBP%GO:0016447		17	-0.5215629	-1.2581589	0.15643564	0.7158076	1.0	1843	tags=35%, list=11%, signal=40%	
REGULATION OF MITF-M-DEPENDENT GENES INVOLVED IN APOPTOSIS%REACTOME DATABASE ID RELEASE 93%9824594	REGULATION OF MITF-M-DEPENDENT GENES INVOLVED IN APOPTOSIS%REACTOME DATABASE ID RELEASE 93%9824594		15	-0.54467267	-1.2578744	0.18666667	0.7154403	1.0	1382	tags=27%, list=8%, signal=29%	
RHOA GTPASE CYCLE%REACTOME DATABASE ID RELEASE 93%8980692	RHOA GTPASE CYCLE%REACTOME DATABASE ID RELEASE 93%8980692		141	-0.36998934	-1.2577403	0.06678383	0.71436304	1.0	2282	tags=24%, list=14%, signal=28%	
POSITIVE REGULATION OF MAP KINASE ACTIVITY%GOBP%GO:0043406	POSITIVE REGULATION OF MAP KINASE ACTIVITY%GOBP%GO:0043406		30	-0.46255288	-1.2573795	0.15140186	0.7141489	1.0	452	tags=10%, list=3%, signal=10%	
CELLULAR RESPONSE TO INSULIN STIMULUS%GOBP%GO:0032869	CELLULAR RESPONSE TO INSULIN STIMULUS%GOBP%GO:0032869		92	-0.38571703	-1.2571338	0.07931034	0.7136152	1.0	1793	tags=20%, list=11%, signal=22%	
PROPIONIC ACIDEMIA%PATHWHIZ%PW000062	PROPIONIC ACIDEMIA%PATHWHIZ%PW000062		27	-0.4821471	-1.2569355	0.14035088	0.71273583	1.0	1677	tags=26%, list=10%, signal=29%	
3-HYDROXY-3-METHYLGLUTARYL-COA LYASE DEFICIENCY%PATHWHIZ%PW000063	3-HYDROXY-3-METHYLGLUTARYL-COA LYASE DEFICIENCY%PATHWHIZ%PW000063		27	-0.4821471	-1.2569102	0.16506718	0.71128315	1.0	1677	tags=26%, list=10%, signal=29%	
SPINDLE ASSEMBLY%GOBP%GO:0051225	SPINDLE ASSEMBLY%GOBP%GO:0051225		78	-0.39417022	-1.2568898	0.11313868	0.7097855	1.0	2257	tags=21%, list=14%, signal=24%	
EAR MORPHOGENESIS%GOBP%GO:0042471	EAR MORPHOGENESIS%GOBP%GO:0042471		32	-0.4631806	-1.2568406	0.1495327	0.708421	1.0	4285	tags=41%, list=26%, signal=55%	
VALINE, LEUCINE, AND ISOLEUCINE DEGRADATION%PATHWHIZ%PW000051	VALINE, LEUCINE, AND ISOLEUCINE DEGRADATION%PATHWHIZ%PW000051		27	-0.4821471	-1.2566485	0.13333334	0.7076456	1.0	1677	tags=26%, list=10%, signal=29%	
METHYLMALONATE SEMIALDEHYDE DEHYDROGENASE DEFICIENCY%SMPDB%SMP0000384	METHYLMALONATE SEMIALDEHYDE DEHYDROGENASE DEFICIENCY%SMPDB%SMP0000384		27	-0.4821471	-1.2562225	0.14340344	0.7078822	1.0	1677	tags=26%, list=10%, signal=29%	
BIOCARTA_STRESS_PATHWAY%MSIGDB_C2%BIOCARTA_STRESS_PATHWAY	BIOCARTA_STRESS_PATHWAY%MSIGDB_C2%BIOCARTA_STRESS_PATHWAY		23	-0.5013772	-1.2558398	0.14423077	0.7079902	1.0	975	tags=22%, list=6%, signal=23%	
PID_TELOMERASE_PATHWAY%MSIGDB_C2%PID_TELOMERASE_PATHWAY	PID_TELOMERASE_PATHWAY%MSIGDB_C2%PID_TELOMERASE_PATHWAY		54	-0.41720396	-1.2556792	0.12081785	0.7070827	1.0	1085	tags=20%, list=7%, signal=22%	
PID_MYC_ACTIV_PATHWAY%MSIGDB_C2%PID_MYC_ACTIV_PATHWAY	PID_MYC_ACTIV_PATHWAY%MSIGDB_C2%PID_MYC_ACTIV_PATHWAY		59	-0.41572067	-1.2555659	0.122262776	0.70600414	1.0	721	tags=10%, list=4%, signal=11%	
REGULATION OF CELL PROJECTION ASSEMBLY%GOBP%GO:0060491	REGULATION OF CELL PROJECTION ASSEMBLY%GOBP%GO:0060491		163	-0.35927886	-1.2550724	0.06491228	0.7064488	1.0	2381	tags=23%, list=15%, signal=27%	
SIGNALING BY TYPE 1 INSULIN-LIKE GROWTH FACTOR 1 RECEPTOR (IGF1R)%REACTOME%R-HSA-2404192.5	SIGNALING BY TYPE 1 INSULIN-LIKE GROWTH FACTOR 1 RECEPTOR (IGF1R)%REACTOME%R-HSA-2404192.5		30	-0.46395198	-1.2548566	0.1495327	0.7058165	1.0	2500	tags=30%, list=15%, signal=35%	
DOWNSTREAM SIGNALING OF ACTIVATED FGFR2%REACTOME DATABASE ID RELEASE 93%5654696	DOWNSTREAM SIGNALING OF ACTIVATED FGFR2%REACTOME DATABASE ID RELEASE 93%5654696		16	-0.53502166	-1.2547824	0.19803922	0.7046168	1.0	2500	tags=44%, list=15%, signal=52%	
ISOVALERIC ACIDURIA%PATHWHIZ%PW000091	ISOVALERIC ACIDURIA%PATHWHIZ%PW000091		27	-0.4821471	-1.2547412	0.14428858	0.70325637	1.0	1677	tags=26%, list=10%, signal=29%	
SIGNALING BY BMP%REACTOME%R-HSA-201451.6	SIGNALING BY BMP%REACTOME%R-HSA-201451.6		24	-0.49735683	-1.25454	0.17288801	0.70253134	1.0	1489	tags=25%, list=9%, signal=27%	
PHOSPHOLIPID DEPHOSPHORYLATION%GOBP%GO:0046839	PHOSPHOLIPID DEPHOSPHORYLATION%GOBP%GO:0046839		32	-0.4632691	-1.254458	0.13559322	0.70134693	1.0	2023	tags=25%, list=12%, signal=28%	
SYNCYTIUM FORMATION BY PLASMA MEMBRANE FUSION%GOBP%GO:0000768	SYNCYTIUM FORMATION BY PLASMA MEMBRANE FUSION%GOBP%GO:0000768		17	-0.52174777	-1.2539797	0.17453799	0.7017575	1.0	51	tags=6%, list=0%, signal=6%	
PROTEIN-DNA COMPLEX ORGANIZATION%GOBP%GO:0071824	PROTEIN-DNA COMPLEX ORGANIZATION%GOBP%GO:0071824		134	-0.36883557	-1.2530941	0.07167832	0.70378286	1.0	1855	tags=18%, list=11%, signal=20%	
ANTIVIRAL MECHANISM BY IFN-STIMULATED GENES%REACTOME DATABASE ID RELEASE 93%1169410	ANTIVIRAL MECHANISM BY IFN-STIMULATED GENES%REACTOME DATABASE ID RELEASE 93%1169410		118	-0.37206274	-1.2530392	0.083636366	0.7024751	1.0	1893	tags=20%, list=12%, signal=23%	
POSITIVE REGULATION OF LYMPHOCYTE MEDIATED IMMUNITY%GOBP%GO:0002708	POSITIVE REGULATION OF LYMPHOCYTE MEDIATED IMMUNITY%GOBP%GO:0002708		66	-0.40174174	-1.2526314	0.09565217	0.70259035	1.0	2165	tags=18%, list=13%, signal=21%	
3-METHYLGLUTACONIC ACIDURIA TYPE I%SMPDB%SMP0000139	3-METHYLGLUTACONIC ACIDURIA TYPE I%SMPDB%SMP0000139		27	-0.4821471	-1.2525297	0.15370019	0.7014582	1.0	1677	tags=26%, list=10%, signal=29%	
REGULATION OF MITOTIC SISTER CHROMATID SEGREGATION%GOBP%GO:0033047	REGULATION OF MITOTIC SISTER CHROMATID SEGREGATION%GOBP%GO:0033047		50	-0.41834214	-1.2523339	0.12635379	0.70083994	1.0	2294	tags=20%, list=14%, signal=23%	
BIOCARTA_ALK_PATHWAY%MSIGDB_C2%BIOCARTA_ALK_PATHWAY	BIOCARTA_ALK_PATHWAY%MSIGDB_C2%BIOCARTA_ALK_PATHWAY		23	-0.49121287	-1.2518722	0.14430894	0.70118225	1.0	2942	tags=30%, list=18%, signal=37%	
ISOBUTYRYL-COA DEHYDROGENASE DEFICIENCY%SMPDB%SMP0000523	ISOBUTYRYL-COA DEHYDROGENASE DEFICIENCY%SMPDB%SMP0000523		27	-0.4821471	-1.2508363	0.17518248	0.70383817	1.0	1677	tags=26%, list=10%, signal=29%	
PROTEIN IMPORT INTO NUCLEUS%GOBP%GO:0006606	PROTEIN IMPORT INTO NUCLEUS%GOBP%GO:0006606		72	-0.38895768	-1.2507203	0.09642857	0.70276034	1.0	420	tags=13%, list=3%, signal=13%	
POSITIVE REGULATION OF PROTEIN SERINE/THREONINE KINASE ACTIVITY%GOBP%GO:0071902	POSITIVE REGULATION OF PROTEIN SERINE/THREONINE KINASE ACTIVITY%GOBP%GO:0071902		47	-0.4291821	-1.2497637	0.13568774	0.7050878	1.0	1113	tags=17%, list=7%, signal=18%	
RIBOSOME DISASSEMBLY%GOBP%GO:0032790	RIBOSOME DISASSEMBLY%GOBP%GO:0032790		37	-0.43947238	-1.249641	0.14145383	0.70408946	1.0	1716	tags=27%, list=10%, signal=30%	
3-METHYLGLUTACONIC ACIDURIA TYPE IV%SMPDB%SMP0000141	3-METHYLGLUTACONIC ACIDURIA TYPE IV%SMPDB%SMP0000141		27	-0.4821471	-1.248989	0.18074656	0.70522463	1.0	1677	tags=26%, list=10%, signal=29%	
DNA IR DAMAGE AND CELLULAR RESPONSE VIA ATR%WIKIPATHWAYS_20250810%WP4016%HOMO SAPIENS	DNA IR DAMAGE AND CELLULAR RESPONSE VIA ATR%WIKIPATHWAYS_20250810%WP4016%HOMO SAPIENS		64	-0.40409067	-1.248796	0.112338856	0.7045103	1.0	2473	tags=27%, list=15%, signal=31%	
MATURATION OF 5.8S RRNA%GOBP%GO:0000460	MATURATION OF 5.8S RRNA%GOBP%GO:0000460		29	-0.4730746	-1.2477566	0.16666667	0.7071858	1.0	2244	tags=24%, list=14%, signal=28%	
PHOSPHATIDYLINOSITOL-MEDIATED SIGNALING%GOBP%GO:0048015	PHOSPHATIDYLINOSITOL-MEDIATED SIGNALING%GOBP%GO:0048015		23	-0.49971685	-1.2477472	0.15934066	0.70575297	1.0	2656	tags=30%, list=16%, signal=36%	
REGULATION OF DNA RECOMBINATION%GOBP%GO:0000018	REGULATION OF DNA RECOMBINATION%GOBP%GO:0000018		106	-0.37760785	-1.2475184	0.09042553	0.7051584	1.0	1843	tags=23%, list=11%, signal=25%	
MRNA DESTABILIZATION%GOBP%GO:0061157	MRNA DESTABILIZATION%GOBP%GO:0061157		67	-0.4055267	-1.2469361	0.11490126	0.7060282	1.0	2033	tags=22%, list=12%, signal=25%	
METHYLMALONIC ACIDURIA%SMPDB%SMP0000200	METHYLMALONIC ACIDURIA%SMPDB%SMP0000200		27	-0.4821471	-1.2468994	0.16078432	0.7047146	1.0	1677	tags=26%, list=10%, signal=29%	
INSULIN RECEPTOR SIGNALING PATHWAY%GOBP%GO:0008286	INSULIN RECEPTOR SIGNALING PATHWAY%GOBP%GO:0008286		46	-0.42914563	-1.2467015	0.13878328	0.7039745	1.0	2263	tags=24%, list=14%, signal=28%	
SISTER CHROMATID SEGREGATION%GOBP%GO:0000819	SISTER CHROMATID SEGREGATION%GOBP%GO:0000819		121	-0.3693913	-1.246468	0.074600354	0.7034098	1.0	2542	tags=25%, list=15%, signal=29%	
AMINO ACID METABOLISM%WIKIPATHWAYS_20250810%WP3925%HOMO SAPIENS	AMINO ACID METABOLISM%WIKIPATHWAYS_20250810%WP3925%HOMO SAPIENS		45	-0.43332875	-1.2461218	0.13686131	0.7033139	1.0	1677	tags=20%, list=10%, signal=22%	
CHROMOSOME CONDENSATION%GOBP%GO:0030261	CHROMOSOME CONDENSATION%GOBP%GO:0030261		27	-0.4825839	-1.2457156	0.14421253	0.70343256	1.0	1405	tags=33%, list=9%, signal=36%	
CENTRIOLE ASSEMBLY%GOBP%GO:0098534	CENTRIOLE ASSEMBLY%GOBP%GO:0098534		26	-0.47404206	-1.2455374	0.16962525	0.7026761	1.0	2452	tags=42%, list=15%, signal=50%	
NUCLEUS LOCALIZATION%GOBP%GO:0051647	NUCLEUS LOCALIZATION%GOBP%GO:0051647		23	-0.5022409	-1.245352	0.14689265	0.70194316	1.0	1195	tags=26%, list=7%, signal=28%	
MESODERM MORPHOGENESIS%GOBP%GO:0048332	MESODERM MORPHOGENESIS%GOBP%GO:0048332		22	-0.49560705	-1.2440954	0.17348927	0.7053901	1.0	574	tags=9%, list=3%, signal=9%	
MESODERM FORMATION%GOBP%GO:0001707	MESODERM FORMATION%GOBP%GO:0001707		21	-0.50244474	-1.2432086	0.18199234	0.7075127	1.0	574	tags=10%, list=3%, signal=10%	
POSITIVE REGULATION OF MRNA CATABOLIC PROCESS%GOBP%GO:0061014	POSITIVE REGULATION OF MRNA CATABOLIC PROCESS%GOBP%GO:0061014		81	-0.3868579	-1.2419152	0.11238095	0.71115357	1.0	2815	tags=27%, list=17%, signal=33%	
INSULIN IGF PATHWAY-PROTEIN KINASE B SIGNALING CASCADE%PANTHER PATHWAY%P00033	INSULIN IGF PATHWAY-PROTEIN KINASE B SIGNALING CASCADE%PANTHER PATHWAY%P00033		16	-0.5261237	-1.2415917	0.1954262	0.71097857	1.0	593	tags=19%, list=4%, signal=19%	
INTRA-GOLGI AND RETROGRADE GOLGI-TO-ER TRAFFIC%REACTOME DATABASE ID RELEASE 93%6811442	INTRA-GOLGI AND RETROGRADE GOLGI-TO-ER TRAFFIC%REACTOME DATABASE ID RELEASE 93%6811442		170	-0.3510434	-1.2412946	0.05882353	0.71073586	1.0	2074	tags=23%, list=13%, signal=26%	
NEGATIVE REGULATION OF TRANSLATION%GOBP%GO:0017148	NEGATIVE REGULATION OF TRANSLATION%GOBP%GO:0017148		95	-0.3797056	-1.2407057	0.09892087	0.71159935	1.0	1553	tags=17%, list=9%, signal=18%	
POSITIVE REGULATION OF HYDROLASE ACTIVITY%GOBP%GO:0051345	POSITIVE REGULATION OF HYDROLASE ACTIVITY%GOBP%GO:0051345		89	-0.3835781	-1.2402081	0.09618875	0.7121416	1.0	741	tags=11%, list=5%, signal=12%	
DIGESTIVE TRACT MORPHOGENESIS%GOBP%GO:0048546	DIGESTIVE TRACT MORPHOGENESIS%GOBP%GO:0048546		15	-0.54499847	-1.2400707	0.17729084	0.711233	1.0	447	tags=13%, list=3%, signal=14%	
GOLGI TO PLASMA MEMBRANE TRANSPORT%GOBP%GO:0006893	GOLGI TO PLASMA MEMBRANE TRANSPORT%GOBP%GO:0006893		48	-0.42109802	-1.2395544	0.14312617	0.71170264	1.0	2548	tags=33%, list=16%, signal=39%	
EPITHELIUM MIGRATION%GOBP%GO:0090132	EPITHELIUM MIGRATION%GOBP%GO:0090132		18	-0.5246151	-1.2390078	0.19803922	0.7125791	1.0	4269	tags=50%, list=26%, signal=68%	
TOLL-LIKE RECEPTOR PATHWAY 1%PATHWHIZ%PW064909	TOLL-LIKE RECEPTOR PATHWAY 1%PATHWHIZ%PW064909		30	-0.46647418	-1.2385275	0.15849057	0.7131024	1.0	975	tags=20%, list=6%, signal=21%	
SYNCYTIUM FORMATION%GOBP%GO:0006949	SYNCYTIUM FORMATION%GOBP%GO:0006949		18	-0.51885843	-1.2380927	0.20077972	0.7133902	1.0	51	tags=6%, list=0%, signal=6%	
SPINDLE ORGANIZATION%GOBP%GO:0007051	SPINDLE ORGANIZATION%GOBP%GO:0007051		134	-0.359857	-1.2357607	0.08419244	0.72123694	1.0	2300	tags=21%, list=14%, signal=24%	
EPITHELIAL CELL MIGRATION%GOBP%GO:0010631	EPITHELIAL CELL MIGRATION%GOBP%GO:0010631		16	-0.52516377	-1.2356828	0.19001919	0.7201143	1.0	3806	tags=44%, list=23%, signal=57%	
FACE DEVELOPMENT%GOBP%GO:0060324	FACE DEVELOPMENT%GOBP%GO:0060324		16	-0.525741	-1.2347431	0.19161677	0.722601	1.0	447	tags=19%, list=3%, signal=19%	
POSITIVE REGULATION OF NLRP3 INFLAMMASOME COMPLEX ASSEMBLY%GOBP%GO:1900227	POSITIVE REGULATION OF NLRP3 INFLAMMASOME COMPLEX ASSEMBLY%GOBP%GO:1900227		23	-0.49012887	-1.2338856	0.17915905	0.7245482	1.0	1863	tags=22%, list=11%, signal=24%	
SYNTHESIS OF PIPS AT THE GOLGI MEMBRANE%REACTOME DATABASE ID RELEASE 93%1660514	SYNTHESIS OF PIPS AT THE GOLGI MEMBRANE%REACTOME DATABASE ID RELEASE 93%1660514		16	-0.5292274	-1.2338598	0.20542635	0.7232102	1.0	2656	tags=31%, list=16%, signal=37%	
REGULATION OF RNA STABILITY%GOBP%GO:0043487	REGULATION OF RNA STABILITY%GOBP%GO:0043487		148	-0.35595456	-1.2336475	0.082311735	0.7226462	1.0	2645	tags=25%, list=16%, signal=30%	
PROTEIN TARGETING TO LYSOSOME%GOBP%GO:0006622	PROTEIN TARGETING TO LYSOSOME%GOBP%GO:0006622		26	-0.4648209	-1.2336336	0.18461539	0.7212818	1.0	1260	tags=27%, list=8%, signal=29%	
POSTREPLICATION REPAIR%GOBP%GO:0006301	POSTREPLICATION REPAIR%GOBP%GO:0006301		34	-0.44839057	-1.233452	0.17692308	0.720601	1.0	2379	tags=32%, list=14%, signal=38%	
M-DECAY: DEGRADATION OF MATERNAL MRNAS BY MATERNALLY STORED FACTORS%REACTOME%R-HSA-9820841.1	M-DECAY: DEGRADATION OF MATERNAL MRNAS BY MATERNALLY STORED FACTORS%REACTOME%R-HSA-9820841.1		22	-0.4920867	-1.2330163	0.18426104	0.720884	1.0	2479	tags=36%, list=15%, signal=43%	
VALIDATED TARGETS OF C-MYC TRANSCRIPTIONAL ACTIVATION%PATHWAY INTERACTION DATABASE NCI-NATURE CURATED DATA%VALIDATED TARGETS OF C-MYC TRANSCRIPTIONAL ACTIVATION	VALIDATED TARGETS OF C-MYC TRANSCRIPTIONAL ACTIVATION%PATHWAY INTERACTION DATABASE NCI-NATURE CURATED DATA%VALIDATED TARGETS OF C-MYC TRANSCRIPTIONAL ACTIVATION		72	-0.39157477	-1.2323138	0.13518518	0.72222584	1.0	721	tags=10%, list=4%, signal=10%	
CANONICAL AND NON CANONICAL TGF B SIGNALING%WIKIPATHWAYS_20250810%WP3874%HOMO SAPIENS	CANONICAL AND NON CANONICAL TGF B SIGNALING%WIKIPATHWAYS_20250810%WP3874%HOMO SAPIENS		16	-0.5365621	-1.2311864	0.20641282	0.72522825	1.0	641	tags=19%, list=4%, signal=19%	
IRS-MEDIATED SIGNALLING%REACTOME DATABASE ID RELEASE 93%112399	IRS-MEDIATED SIGNALLING%REACTOME DATABASE ID RELEASE 93%112399		27	-0.4787475	-1.2303518	0.1764706	0.72710556	1.0	2500	tags=33%, list=15%, signal=39%	
PROTEIN LOCALIZATION TO GOLGI APPARATUS%GOBP%GO:0034067	PROTEIN LOCALIZATION TO GOLGI APPARATUS%GOBP%GO:0034067		26	-0.47455838	-1.2282826	0.16761905	0.73402894	1.0	408	tags=15%, list=2%, signal=16%	
POSITIVE REGULATION OF T CELL MEDIATED CYTOTOXICITY%GOBP%GO:0001916	POSITIVE REGULATION OF T CELL MEDIATED CYTOTOXICITY%GOBP%GO:0001916		17	-0.5270489	-1.22746	0.20881227	0.73599946	1.0	890	tags=12%, list=5%, signal=12%	
MYOBLAST FUSION%GOBP%GO:0007520	MYOBLAST FUSION%GOBP%GO:0007520		15	-0.53343296	-1.2273421	0.2060606	0.7350451	1.0	51	tags=7%, list=0%, signal=7%	
PULMONARY VALVE MORPHOGENESIS%GOBP%GO:0003184	PULMONARY VALVE MORPHOGENESIS%GOBP%GO:0003184		19	-0.4987547	-1.2272977	0.18787879	0.73378587	1.0	2284	tags=21%, list=14%, signal=24%	
VESICLE LOCALIZATION%GOBP%GO:0051648	VESICLE LOCALIZATION%GOBP%GO:0051648		139	-0.3603057	-1.2266103	0.09391304	0.73513	1.0	2285	tags=24%, list=14%, signal=27%	
INOSITOL METABOLISM%SMPDB%SMP0000011	INOSITOL METABOLISM%SMPDB%SMP0000011		19	-0.50372785	-1.2240862	0.18903592	0.7439923	1.0	633	tags=16%, list=4%, signal=16%	
NOD1 2 SIGNALING PATHWAY%REACTOME%R-HSA-168638.5	NOD1 2 SIGNALING PATHWAY%REACTOME%R-HSA-168638.5		29	-0.45128447	-1.2237345	0.16858238	0.74392134	1.0	2047	tags=21%, list=12%, signal=24%	
PRIMARY OVARIAN INSUFFICIENCY%WIKIPATHWAYS_20250810%WP5461%HOMO SAPIENS	PRIMARY OVARIAN INSUFFICIENCY%WIKIPATHWAYS_20250810%WP5461%HOMO SAPIENS		72	-0.39085826	-1.2236353	0.13123845	0.7429103	1.0	4170	tags=38%, list=25%, signal=50%	
DEADENYLATION OF MRNA%REACTOME DATABASE ID RELEASE 93%429947	DEADENYLATION OF MRNA%REACTOME DATABASE ID RELEASE 93%429947		24	-0.48026595	-1.2225169	0.20300752	0.74602896	1.0	2479	tags=33%, list=15%, signal=39%	
NUCLEAR-TRANSCRIBED MRNA CATABOLIC PROCESS%GOBP%GO:0000956	NUCLEAR-TRANSCRIBED MRNA CATABOLIC PROCESS%GOBP%GO:0000956		87	-0.380451	-1.222245	0.11290322	0.7456538	1.0	1638	tags=20%, list=10%, signal=22%	
PROTEIN-CONTAINING COMPLEX LOCALIZATION%GOBP%GO:0031503	PROTEIN-CONTAINING COMPLEX LOCALIZATION%GOBP%GO:0031503		36	-0.44260597	-1.2203642	0.1743295	0.7517026	1.0	1882	tags=19%, list=11%, signal=22%	
PID_AR_PATHWAY%MSIGDB_C2%PID_AR_PATHWAY	PID_AR_PATHWAY%MSIGDB_C2%PID_AR_PATHWAY		43	-0.421215	-1.2200558	0.16342412	0.7516031	1.0	1687	tags=23%, list=10%, signal=26%	
CELLULAR RESPONSE TO RETINOIC ACID%GOBP%GO:0071300	CELLULAR RESPONSE TO RETINOIC ACID%GOBP%GO:0071300		31	-0.44979313	-1.2197479	0.15503876	0.7513837	1.0	421	tags=10%, list=3%, signal=10%	
BIOCARTA_MET_PATHWAY%MSIGDB_C2%BIOCARTA_MET_PATHWAY	BIOCARTA_MET_PATHWAY%MSIGDB_C2%BIOCARTA_MET_PATHWAY		27	-0.46900988	-1.2192051	0.18330309	0.7521601	1.0	1185	tags=26%, list=7%, signal=28%	
OREXIN RECEPTOR PATHWAY%WIKIPATHWAYS_20250810%WP5094%HOMO SAPIENS	OREXIN RECEPTOR PATHWAY%WIKIPATHWAYS_20250810%WP5094%HOMO SAPIENS		53	-0.4108532	-1.2191083	0.15428571	0.751176	1.0	2367	tags=26%, list=14%, signal=31%	
PID_TGFBR_PATHWAY%MSIGDB_C2%PID_TGFBR_PATHWAY	PID_TGFBR_PATHWAY%MSIGDB_C2%PID_TGFBR_PATHWAY		32	-0.4448825	-1.218941	0.16994633	0.7504301	1.0	1812	tags=22%, list=11%, signal=25%	
VASCULAR ENDOTHELIAL GROWTH FACTOR SIGNALING PATHWAY%GOBP%GO:0038084	VASCULAR ENDOTHELIAL GROWTH FACTOR SIGNALING PATHWAY%GOBP%GO:0038084		17	-0.5132931	-1.2186651	0.204	0.7500871	1.0	1246	tags=24%, list=8%, signal=25%	
CEREBRAL CORTEX CELL MIGRATION%GOBP%GO:0021795	CEREBRAL CORTEX CELL MIGRATION%GOBP%GO:0021795		19	-0.5008625	-1.2186364	0.20571429	0.7487739	1.0	2300	tags=42%, list=14%, signal=49%	
DNA REPAIR PATHWAYS FULL NETWORK%WIKIPATHWAYS_20250810%WP4946%HOMO SAPIENS	DNA REPAIR PATHWAYS FULL NETWORK%WIKIPATHWAYS_20250810%WP4946%HOMO SAPIENS		89	-0.37721995	-1.2172226	0.1119403	0.7532201	1.0	2521	tags=31%, list=15%, signal=37%	
REGULATION OF OSTEOBLAST DIFFERENTIATION%GOBP%GO:0045667	REGULATION OF OSTEOBLAST DIFFERENTIATION%GOBP%GO:0045667		85	-0.376832	-1.2166607	0.10810811	0.75414	1.0	3227	tags=29%, list=20%, signal=36%	
SIGNALING BY FLT3 ITD AND TKD MUTANTS%REACTOME%R-HSA-9703648.2	SIGNALING BY FLT3 ITD AND TKD MUTANTS%REACTOME%R-HSA-9703648.2		15	-0.527534	-1.2153076	0.20502901	0.7582247	1.0	1185	tags=27%, list=7%, signal=29%	
REELIN SIGNALING PATHWAY%PATHWAY INTERACTION DATABASE NCI-NATURE CURATED DATA%REELIN SIGNALING PATHWAY	REELIN SIGNALING PATHWAY%PATHWAY INTERACTION DATABASE NCI-NATURE CURATED DATA%REELIN SIGNALING PATHWAY		28	-0.4626491	-1.213424	0.2045889	0.76454186	1.0	641	tags=14%, list=4%, signal=15%	
G1 TO S CELL CYCLE CONTROL%WIKIPATHWAYS_20250810%WP45%HOMO SAPIENS	G1 TO S CELL CYCLE CONTROL%WIKIPATHWAYS_20250810%WP45%HOMO SAPIENS		50	-0.41184428	-1.2131729	0.16007534	0.76416945	1.0	2755	tags=26%, list=17%, signal=31%	
SYNTHESIS OF GLYCOSYLPHOSPHATIDYLINOSITOL (GPI)%REACTOME DATABASE ID RELEASE 93%162710	SYNTHESIS OF GLYCOSYLPHOSPHATIDYLINOSITOL (GPI)%REACTOME DATABASE ID RELEASE 93%162710		15	-0.5314128	-1.213161	0.21104537	0.7627998	1.0	1157	tags=27%, list=7%, signal=29%	
POSITIVE REGULATION OF TYPE I INTERFERON PRODUCTION%GOBP%GO:0032481	POSITIVE REGULATION OF TYPE I INTERFERON PRODUCTION%GOBP%GO:0032481		66	-0.39725727	-1.2130331	0.15414259	0.7618847	1.0	1794	tags=18%, list=11%, signal=20%	
REGULATION OF LIPID METABOLISM BY PPARALPHA%REACTOME%R-HSA-400206.8	REGULATION OF LIPID METABOLISM BY PPARALPHA%REACTOME%R-HSA-400206.8		99	-0.36888584	-1.2125684	0.11837456	0.7624288	1.0	1854	tags=20%, list=11%, signal=23%	
INTRAFLAGELLAR TRANSPORT%REACTOME%R-HSA-5620924.5	INTRAFLAGELLAR TRANSPORT%REACTOME%R-HSA-5620924.5		38	-0.43436494	-1.2123822	0.16634052	0.76175255	1.0	3093	tags=42%, list=19%, signal=52%	
HEAD MORPHOGENESIS%GOBP%GO:0060323	HEAD MORPHOGENESIS%GOBP%GO:0060323		15	-0.52214104	-1.2119648	0.2193676	0.76201516	1.0	447	tags=20%, list=3%, signal=21%	
VOLTAGE GATED POTASSIUM CHANNELS%REACTOME%R-HSA-1296072.4	VOLTAGE GATED POTASSIUM CHANNELS%REACTOME%R-HSA-1296072.4		23	-0.47278082	-1.2114733	0.21013133	0.762615	1.0	3866	tags=26%, list=24%, signal=34%	
SIGNALING BY ERBB2 IN CANCER%REACTOME%R-HSA-1227990.6	SIGNALING BY ERBB2 IN CANCER%REACTOME%R-HSA-1227990.6		20	-0.48872903	-1.2111148	0.21516393	0.7626696	1.0	1185	tags=25%, list=7%, signal=27%	
TOLL RECEPTOR SIGNALING PATHWAY%PANTHER PATHWAY%P00054	TOLL RECEPTOR SIGNALING PATHWAY%PANTHER PATHWAY%P00054		33	-0.44710928	-1.2110753	0.18490566	0.76143754	1.0	975	tags=21%, list=6%, signal=23%	
EBSTEIN BARR VIRUS LMP1 SIGNALING%WIKIPATHWAYS_20250810%WP262%HOMO SAPIENS	EBSTEIN BARR VIRUS LMP1 SIGNALING%WIKIPATHWAYS_20250810%WP262%HOMO SAPIENS		18	-0.50426805	-1.2103356	0.20547946	0.76305467	1.0	975	tags=22%, list=6%, signal=24%	
SIGNAL TRANSDUCTION THROUGH IL1R%WIKIPATHWAYS_20250810%WP4496%HOMO SAPIENS	SIGNAL TRANSDUCTION THROUGH IL1R%WIKIPATHWAYS_20250810%WP4496%HOMO SAPIENS		24	-0.48376152	-1.2102169	0.19329388	0.7621753	1.0	975	tags=21%, list=6%, signal=22%	
DNA SYNTHESIS INVOLVED IN DNA REPAIR%GOBP%GO:0000731	DNA SYNTHESIS INVOLVED IN DNA REPAIR%GOBP%GO:0000731		35	-0.44010848	-1.2096295	0.17590822	0.7630452	1.0	2379	tags=34%, list=14%, signal=40%	
MITOTIC SISTER CHROMATID SEGREGATION%GOBP%GO:0000070	MITOTIC SISTER CHROMATID SEGREGATION%GOBP%GO:0000070		117	-0.36211535	-1.2094984	0.10966543	0.7622004	1.0	2483	tags=24%, list=15%, signal=28%	
POSITIVE REGULATION OF INFLAMMASOME-MEDIATED SIGNALING PATHWAY%GOBP%GO:0141087	POSITIVE REGULATION OF INFLAMMASOME-MEDIATED SIGNALING PATHWAY%GOBP%GO:0141087		24	-0.47790837	-1.2094967	0.20404412	0.7608301	1.0	3216	tags=33%, list=20%, signal=41%	
TELOMERE C-STRAND (LAGGING STRAND) SYNTHESIS%REACTOME DATABASE ID RELEASE 93%174417	TELOMERE C-STRAND (LAGGING STRAND) SYNTHESIS%REACTOME DATABASE ID RELEASE 93%174417		29	-0.45089754	-1.2093164	0.17973231	0.7601269	1.0	2379	tags=38%, list=14%, signal=44%	
TRANSLESION SYNTHESIS%GOBP%GO:0019985	TRANSLESION SYNTHESIS%GOBP%GO:0019985		24	-0.482555	-1.208759	0.20703125	0.76102823	1.0	1775	tags=33%, list=11%, signal=37%	
INFLUENCE OF LAMINOPATHIES ON WNT SIGNALING%WIKIPATHWAYS_20250810%WP4844%HOMO SAPIENS	INFLUENCE OF LAMINOPATHIES ON WNT SIGNALING%WIKIPATHWAYS_20250810%WP4844%HOMO SAPIENS		27	-0.4603342	-1.2086867	0.22044088	0.7599979	1.0	1739	tags=22%, list=11%, signal=25%	
REGULATION OF NUCLEOCYTOPLASMIC TRANSPORT%GOBP%GO:0046822	REGULATION OF NUCLEOCYTOPLASMIC TRANSPORT%GOBP%GO:0046822		79	-0.37573504	-1.2071915	0.13837638	0.7646921	1.0	2799	tags=29%, list=17%, signal=35%	
MYOTUBE DIFFERENTIATION%GOBP%GO:0014902	MYOTUBE DIFFERENTIATION%GOBP%GO:0014902		31	-0.45430136	-1.2070135	0.21374045	0.7640166	1.0	1474	tags=13%, list=9%, signal=14%	
JOUBERT SYNDROME%WIKIPATHWAYS_20250810%WP4656%HOMO SAPIENS	JOUBERT SYNDROME%WIKIPATHWAYS_20250810%WP4656%HOMO SAPIENS		54	-0.39968306	-1.2064214	0.16346154	0.7649494	1.0	1667	tags=26%, list=10%, signal=29%	
PANCREAS DEVELOPMENT%GOBP%GO:0031016	PANCREAS DEVELOPMENT%GOBP%GO:0031016		19	-0.50474524	-1.2048745	0.22266401	0.7696235	1.0	1324	tags=16%, list=8%, signal=17%	
SLC25A46 PATHWAY%WIKIPATHWAYS_20250810%WP5521%HOMO SAPIENS	SLC25A46 PATHWAY%WIKIPATHWAYS_20250810%WP5521%HOMO SAPIENS		17	-0.5118342	-1.2046976	0.21063395	0.7689654	1.0	1259	tags=24%, list=8%, signal=25%	
PHOSPHATIDYLINOSITOL METABOLIC PROCESS%GOBP%GO:0046488	PHOSPHATIDYLINOSITOL METABOLIC PROCESS%GOBP%GO:0046488		114	-0.3607635	-1.2046264	0.12807018	0.7678588	1.0	1671	tags=19%, list=10%, signal=21%	
REGULATION OF MITOTIC METAPHASE/ANAPHASE TRANSITION%GOBP%GO:0030071	REGULATION OF MITOTIC METAPHASE/ANAPHASE TRANSITION%GOBP%GO:0030071		82	-0.37686664	-1.2045041	0.13768116	0.7669578	1.0	3139	tags=30%, list=19%, signal=38%	
PHOTODYNAMIC THERAPY INDUCED UNFOLDED PROTEIN RESPONSE%WIKIPATHWAYS_20250810%WP3613%HOMO SAPIENS	PHOTODYNAMIC THERAPY INDUCED UNFOLDED PROTEIN RESPONSE%WIKIPATHWAYS_20250810%WP3613%HOMO SAPIENS		18	-0.5053846	-1.2039019	0.21789883	0.7679578	1.0	989	tags=28%, list=6%, signal=30%	
CELL-CELL FUSION%GOBP%GO:0140253	CELL-CELL FUSION%GOBP%GO:0140253		18	-0.5145304	-1.2035817	0.21113244	0.7678871	1.0	51	tags=6%, list=0%, signal=6%	
NEGATIVE REGULATION OF CARTILAGE DEVELOPMENT%GOBP%GO:0061037	NEGATIVE REGULATION OF CARTILAGE DEVELOPMENT%GOBP%GO:0061037		15	-0.53004086	-1.2030771	0.24123712	0.76858956	1.0	3608	tags=27%, list=22%, signal=34%	
EMBRYONIC PATTERN SPECIFICATION%GOBP%GO:0009880	EMBRYONIC PATTERN SPECIFICATION%GOBP%GO:0009880		30	-0.45267615	-1.2026793	0.20038168	0.768865	1.0	3693	tags=43%, list=23%, signal=56%	
DOWNSTREAM SIGNALING OF ACTIVATED FGFR4%REACTOME DATABASE ID RELEASE 93%5654716	DOWNSTREAM SIGNALING OF ACTIVATED FGFR4%REACTOME DATABASE ID RELEASE 93%5654716		15	-0.5222696	-1.201666	0.22200772	0.77155936	1.0	2500	tags=40%, list=15%, signal=47%	
REGULATION OF DOUBLE-STRAND BREAK REPAIR VIA HOMOLOGOUS RECOMBINATION%GOBP%GO:0010569	REGULATION OF DOUBLE-STRAND BREAK REPAIR VIA HOMOLOGOUS RECOMBINATION%GOBP%GO:0010569		75	-0.3791907	-1.2012032	0.16	0.7720584	1.0	2701	tags=33%, list=16%, signal=40%	
NEGATIVE REGULATION OF TELOMERE MAINTENANCE VIA TELOMERASE%GOBP%GO:0032211	NEGATIVE REGULATION OF TELOMERE MAINTENANCE VIA TELOMERASE%GOBP%GO:0032211		19	-0.50127006	-1.200827	0.22686026	0.77221507	1.0	1484	tags=26%, list=9%, signal=29%	
POSITIVE REGULATION OF TELOMERE MAINTENANCE%GOBP%GO:0032206	POSITIVE REGULATION OF TELOMERE MAINTENANCE%GOBP%GO:0032206		67	-0.3867934	-1.2007294	0.1672794	0.77124715	1.0	1579	tags=21%, list=10%, signal=23%	
NEGATIVE REGULATION OF MITOTIC CELL CYCLE PHASE TRANSITION%GOBP%GO:1901991	NEGATIVE REGULATION OF MITOTIC CELL CYCLE PHASE TRANSITION%GOBP%GO:1901991		124	-0.35370624	-1.1992304	0.12891345	0.7758922	1.0	2728	tags=27%, list=17%, signal=32%	
REGULATION OF PROTEIN UBIQUITINATION%GOBP%GO:0031396	REGULATION OF PROTEIN UBIQUITINATION%GOBP%GO:0031396		140	-0.3469542	-1.1976858	0.10869565	0.7808529	1.0	1987	tags=20%, list=12%, signal=23%	
NUCLEAR CHROMOSOME SEGREGATION%GOBP%GO:0098813	NUCLEAR CHROMOSOME SEGREGATION%GOBP%GO:0098813		167	-0.3396946	-1.1976218	0.0882353	0.77975297	1.0	2687	tags=23%, list=16%, signal=28%	
MRNA MODIFICATION%GOBP%GO:0016556	MRNA MODIFICATION%GOBP%GO:0016556		16	-0.50632364	-1.1960793	0.22088353	0.7846299	1.0	2230	tags=25%, list=14%, signal=29%	
RHOQ GTPASE CYCLE%REACTOME DATABASE ID RELEASE 93%9013406	RHOQ GTPASE CYCLE%REACTOME DATABASE ID RELEASE 93%9013406		58	-0.39542797	-1.1959226	0.18470149	0.78390425	1.0	1487	tags=19%, list=9%, signal=21%	
REGULATION OF JUN KINASE ACTIVITY%GOBP%GO:0043506	REGULATION OF JUN KINASE ACTIVITY%GOBP%GO:0043506		16	-0.51263577	-1.1946037	0.23091602	0.7878387	1.0	489	tags=19%, list=3%, signal=19%	
PID_ILK_PATHWAY%MSIGDB_C2%PID_ILK_PATHWAY	PID_ILK_PATHWAY%MSIGDB_C2%PID_ILK_PATHWAY		34	-0.42957318	-1.1945312	0.20528455	0.78674585	1.0	1850	tags=24%, list=11%, signal=26%	
POSITIVE REGULATION OF DNA REPLICATION%GOBP%GO:0045740	POSITIVE REGULATION OF DNA REPLICATION%GOBP%GO:0045740		32	-0.44153485	-1.1940699	0.21256931	0.78729284	1.0	1380	tags=19%, list=8%, signal=20%	
NUCLEAR RECEPTOR-MEDIATED STEROID HORMONE SIGNALING PATHWAY%GOBP%GO:0030518	NUCLEAR RECEPTOR-MEDIATED STEROID HORMONE SIGNALING PATHWAY%GOBP%GO:0030518		44	-0.41670024	-1.1940655	0.19470699	0.7859379	1.0	3041	tags=27%, list=19%, signal=33%	
SIGNALING BY ALK IN CANCER%REACTOME DATABASE ID RELEASE 93%9700206	SIGNALING BY ALK IN CANCER%REACTOME DATABASE ID RELEASE 93%9700206		83	-0.3702966	-1.1939702	0.15675676	0.7849967	1.0	1472	tags=16%, list=9%, signal=17%	
REGULATION OF INTRACELLULAR TRANSPORT%GOBP%GO:0032386	REGULATION OF INTRACELLULAR TRANSPORT%GOBP%GO:0032386		193	-0.3360684	-1.1932763	0.087628864	0.78649247	1.0	1287	tags=15%, list=8%, signal=16%	
POSITIVE REGULATION OF MRNA METABOLIC PROCESS%GOBP%GO:1903313	POSITIVE REGULATION OF MRNA METABOLIC PROCESS%GOBP%GO:1903313		98	-0.36514014	-1.1931611	0.13272727	0.78561205	1.0	2815	tags=27%, list=17%, signal=32%	
EYE DEVELOPMENT%GOBP%GO:0001654	EYE DEVELOPMENT%GOBP%GO:0001654		139	-0.34649318	-1.1928251	0.09793814	0.7856434	1.0	3776	tags=29%, list=23%, signal=38%	
NEGATIVE REGULATION OF ORGANELLE ASSEMBLY%GOBP%GO:1902116	NEGATIVE REGULATION OF ORGANELLE ASSEMBLY%GOBP%GO:1902116		44	-0.41524827	-1.1917756	0.18666667	0.7885486	1.0	2024	tags=23%, list=12%, signal=26%	
ANTIVIRAL INNATE IMMUNE RESPONSE%GOBP%GO:0140374	ANTIVIRAL INNATE IMMUNE RESPONSE%GOBP%GO:0140374		61	-0.39229086	-1.1913812	0.16970803	0.7887514	1.0	1789	tags=18%, list=11%, signal=20%	
CELLULAR RESPONSE TO STARVATION%GOBP%GO:0009267	CELLULAR RESPONSE TO STARVATION%GOBP%GO:0009267		124	-0.35289305	-1.1910421	0.11950791	0.7887824	1.0	1627	tags=19%, list=10%, signal=20%	
POLYMERASE SWITCHING ON THE C-STRAND OF THE TELOMERE%REACTOME DATABASE ID RELEASE 93%174411	POLYMERASE SWITCHING ON THE C-STRAND OF THE TELOMERE%REACTOME DATABASE ID RELEASE 93%174411		22	-0.47856042	-1.1905404	0.2489796	0.789517	1.0	1217	tags=32%, list=7%, signal=34%	
PROTEIN AUTOUBIQUITINATION%GOBP%GO:0051865	PROTEIN AUTOUBIQUITINATION%GOBP%GO:0051865		61	-0.3927508	-1.1904974	0.17352416	0.7883572	1.0	2209	tags=23%, list=13%, signal=26%	
NEGATIVE REGULATION OF LIPID BIOSYNTHETIC PROCESS%GOBP%GO:0051055	NEGATIVE REGULATION OF LIPID BIOSYNTHETIC PROCESS%GOBP%GO:0051055		46	-0.40562022	-1.1903732	0.1988743	0.7875042	1.0	1564	tags=17%, list=10%, signal=19%	
SIGNALING BY ALK FUSIONS AND ACTIVATED POINT MUTANTS%REACTOME DATABASE ID RELEASE 93%9725370	SIGNALING BY ALK FUSIONS AND ACTIVATED POINT MUTANTS%REACTOME DATABASE ID RELEASE 93%9725370		83	-0.3702966	-1.190041	0.14751287	0.7875469	1.0	1472	tags=16%, list=9%, signal=17%	
NUCLEOSOME ORGANIZATION%GOBP%GO:0034728	NUCLEOSOME ORGANIZATION%GOBP%GO:0034728		61	-0.39089176	-1.189634	0.1632653	0.7878356	1.0	2007	tags=18%, list=12%, signal=20%	
GLOMERULAR EPITHELIUM DEVELOPMENT%GOBP%GO:0072010	GLOMERULAR EPITHELIUM DEVELOPMENT%GOBP%GO:0072010		15	-0.5126344	-1.1895083	0.228	0.7869787	1.0	4417	tags=33%, list=27%, signal=46%	
REGULATION OF STEM CELL PROLIFERATION%GOBP%GO:0072091	REGULATION OF STEM CELL PROLIFERATION%GOBP%GO:0072091		23	-0.47250497	-1.189314	0.22941177	0.7864415	1.0	995	tags=13%, list=6%, signal=14%	
NEGATIVE REGULATION OF CHONDROCYTE DIFFERENTIATION%GOBP%GO:0032331	NEGATIVE REGULATION OF CHONDROCYTE DIFFERENTIATION%GOBP%GO:0032331		15	-0.53004086	-1.1892681	0.2725528	0.78529733	1.0	3608	tags=27%, list=22%, signal=34%	
PROTEIN LOCALIZATION TO VACUOLE%GOBP%GO:0072665	PROTEIN LOCALIZATION TO VACUOLE%GOBP%GO:0072665		65	-0.38864493	-1.1886777	0.16759777	0.7863318	1.0	1449	tags=28%, list=9%, signal=30%	
IMPORT INTO NUCLEUS%GOBP%GO:0051170	IMPORT INTO NUCLEUS%GOBP%GO:0051170		76	-0.37792504	-1.188503	0.16936937	0.7856954	1.0	420	tags=12%, list=3%, signal=12%	
REGULATION OF METAPHASE/ANAPHASE TRANSITION OF CELL CYCLE%GOBP%GO:1902099	REGULATION OF METAPHASE/ANAPHASE TRANSITION OF CELL CYCLE%GOBP%GO:1902099		83	-0.37579364	-1.1884372	0.16	0.78466326	1.0	3139	tags=30%, list=19%, signal=37%	
FC RECEPTOR SIGNALING PATHWAY%GOBP%GO:0038093	FC RECEPTOR SIGNALING PATHWAY%GOBP%GO:0038093		44	-0.42019787	-1.1883388	0.18609023	0.7837311	1.0	2367	tags=18%, list=14%, signal=21%	
PHOSPHATIDYLINOSITOL PHOSPHATE BIOSYNTHETIC PROCESS%GOBP%GO:0046854	PHOSPHATIDYLINOSITOL PHOSPHATE BIOSYNTHETIC PROCESS%GOBP%GO:0046854		36	-0.42451692	-1.1882824	0.19152854	0.7826184	1.0	2656	tags=28%, list=16%, signal=33%	
DEFECTIVE HOMOLOGOUS RECOMBINATION REPAIR (HRR) DUE TO PALB2 LOSS OF FUNCTION%REACTOME DATABASE ID RELEASE 93%9701193	DEFECTIVE HOMOLOGOUS RECOMBINATION REPAIR (HRR) DUE TO PALB2 LOSS OF FUNCTION%REACTOME DATABASE ID RELEASE 93%9701193		24	-0.46042526	-1.1881706	0.22440945	0.78171945	1.0	4335	tags=46%, list=26%, signal=62%	
NEGATIVE REGULATION OF PLASMA MEMBRANE BOUNDED CELL PROJECTION ASSEMBLY%GOBP%GO:0120033	NEGATIVE REGULATION OF PLASMA MEMBRANE BOUNDED CELL PROJECTION ASSEMBLY%GOBP%GO:0120033		36	-0.4267825	-1.186901	0.20792079	0.78549105	1.0	3227	tags=36%, list=20%, signal=45%	
REGULATION OF DNA DAMAGE CHECKPOINT%GOBP%GO:2000001	REGULATION OF DNA DAMAGE CHECKPOINT%GOBP%GO:2000001		18	-0.5115716	-1.1865498	0.25	0.7855612	1.0	2528	tags=33%, list=15%, signal=39%	
IMPAIRED BRCA2 BINDING TO PALB2%REACTOME%R-HSA-9709603.2	IMPAIRED BRCA2 BINDING TO PALB2%REACTOME%R-HSA-9709603.2		23	-0.47904012	-1.1865464	0.22664016	0.78426987	1.0	4335	tags=48%, list=26%, signal=65%	
PORE COMPLEX ASSEMBLY%GOBP%GO:0046931	PORE COMPLEX ASSEMBLY%GOBP%GO:0046931		18	-0.48990005	-1.18618	0.24568138	0.78445876	1.0	1893	tags=28%, list=12%, signal=31%	
MITOCHONDRIAL CALCIUM ION TRANSMEMBRANE TRANSPORT%GOBP%GO:0006851	MITOCHONDRIAL CALCIUM ION TRANSMEMBRANE TRANSPORT%GOBP%GO:0006851		19	-0.4974862	-1.1861519	0.23552124	0.78328955	1.0	1543	tags=21%, list=9%, signal=23%	
MODULATORS OF TCR SIGNALING AND T CELL ACTIVATION%WIKIPATHWAYS_20250810%WP5072%HOMO SAPIENS	MODULATORS OF TCR SIGNALING AND T CELL ACTIVATION%WIKIPATHWAYS_20250810%WP5072%HOMO SAPIENS		46	-0.40683925	-1.186012	0.18067978	0.78256524	1.0	1382	tags=20%, list=8%, signal=21%	
NEGATIVE REGULATION OF REGULATED SECRETORY PATHWAY%GOBP%GO:1903306	NEGATIVE REGULATION OF REGULATED SECRETORY PATHWAY%GOBP%GO:1903306		16	-0.51479065	-1.1857013	0.23170732	0.7824559	1.0	3113	tags=31%, list=19%, signal=39%	
MALE INFERTILITY%WIKIPATHWAYS_20250810%WP4673%HOMO SAPIENS	MALE INFERTILITY%WIKIPATHWAYS_20250810%WP4673%HOMO SAPIENS		78	-0.3735296	-1.1856891	0.15789473	0.7812185	1.0	3756	tags=32%, list=23%, signal=41%	
CELLULAR RESPONSE TO RADIATION%GOBP%GO:0071478	CELLULAR RESPONSE TO RADIATION%GOBP%GO:0071478		114	-0.35531294	-1.1856849	0.1557971	0.77994174	1.0	2754	tags=33%, list=17%, signal=40%	
POSITIVE REGULATION OF CANONICAL WNT SIGNALING PATHWAY%GOBP%GO:0090263	POSITIVE REGULATION OF CANONICAL WNT SIGNALING PATHWAY%GOBP%GO:0090263		81	-0.3772831	-1.1855509	0.1634103	0.77921593	1.0	3197	tags=30%, list=19%, signal=37%	
AMYLOID FIBRIL FORMATION%GOBP%GO:1990000	AMYLOID FIBRIL FORMATION%GOBP%GO:1990000		19	-0.49093512	-1.1849077	0.25	0.7805028	1.0	2786	tags=32%, list=17%, signal=38%	
DEFECTIVE HDR THROUGH HOMOLOGOUS RECOMBINATION REPAIR (HRR) DUE TO PALB2 LOSS OF BRCA2 RAD51 RAD51C BINDING FUNCTION%REACTOME DATABASE ID RELEASE 93%9704646	DEFECTIVE HDR THROUGH HOMOLOGOUS RECOMBINATION REPAIR (HRR) DUE TO PALB2 LOSS OF BRCA2 RAD51 RAD51C BINDING FUNCTION%REACTOME DATABASE ID RELEASE 93%9704646		24	-0.46042526	-1.1842268	0.2407045	0.7818484	1.0	4335	tags=46%, list=26%, signal=62%	
EPO SIGNALING PATHWAY%PATHWAY INTERACTION DATABASE NCI-NATURE CURATED DATA%EPO SIGNALING PATHWAY	EPO SIGNALING PATHWAY%PATHWAY INTERACTION DATABASE NCI-NATURE CURATED DATA%EPO SIGNALING PATHWAY		31	-0.4379187	-1.1839321	0.22122303	0.7817576	1.0	1185	tags=19%, list=7%, signal=21%	
PROTEIN FOLDING%GOBP%GO:0006457	PROTEIN FOLDING%GOBP%GO:0006457		141	-0.33961836	-1.1836994	0.10877193	0.7814256	1.0	1458	tags=16%, list=9%, signal=17%	
REGULATION OF CELL-SUBSTRATE JUNCTION ORGANIZATION%GOBP%GO:0150116	REGULATION OF CELL-SUBSTRATE JUNCTION ORGANIZATION%GOBP%GO:0150116		62	-0.38670912	-1.183498	0.1821366	0.7809892	1.0	3025	tags=32%, list=18%, signal=39%	
RESPONSE TO CALCIUM ION%GOBP%GO:0051592	RESPONSE TO CALCIUM ION%GOBP%GO:0051592		75	-0.37861872	-1.1833724	0.18148148	0.7802176	1.0	2623	tags=20%, list=16%, signal=24%	
OSTEOBLAST DIFFERENTIATION%GOBP%GO:0001649	OSTEOBLAST DIFFERENTIATION%GOBP%GO:0001649		73	-0.374558	-1.1833686	0.16538462	0.77896297	1.0	2061	tags=21%, list=13%, signal=23%	
REGULATION OF CELL SIZE%GOBP%GO:0008361	REGULATION OF CELL SIZE%GOBP%GO:0008361		87	-0.36287823	-1.1829996	0.15051903	0.7791449	1.0	2275	tags=20%, list=14%, signal=23%	
RNA DESTABILIZATION%GOBP%GO:0050779	RNA DESTABILIZATION%GOBP%GO:0050779		70	-0.37823355	-1.1826153	0.19548872	0.77937394	1.0	2033	tags=21%, list=12%, signal=24%	
NEGATIVE REGULATION OF CILIUM ASSEMBLY%GOBP%GO:1902018	NEGATIVE REGULATION OF CILIUM ASSEMBLY%GOBP%GO:1902018		23	-0.47160995	-1.1824523	0.24626866	0.77879447	1.0	3227	tags=39%, list=20%, signal=49%	
PROTEIN-DNA COMPLEX ASSEMBLY%GOBP%GO:0065004	PROTEIN-DNA COMPLEX ASSEMBLY%GOBP%GO:0065004		116	-0.34876454	-1.1823301	0.1537133	0.77806526	1.0	1855	tags=16%, list=11%, signal=18%	
TOLL LIKE RECEPTOR SIGNALING RELATED TO MYD88%WIKIPATHWAYS_20250810%WP3858%HOMO SAPIENS	TOLL LIKE RECEPTOR SIGNALING RELATED TO MYD88%WIKIPATHWAYS_20250810%WP3858%HOMO SAPIENS		24	-0.4650703	-1.1819404	0.22410546	0.77834165	1.0	975	tags=21%, list=6%, signal=22%	
POSITIVE REGULATION OF CELL CYCLE CHECKPOINT%GOBP%GO:1901978	POSITIVE REGULATION OF CELL CYCLE CHECKPOINT%GOBP%GO:1901978		16	-0.512476	-1.1815066	0.2651357	0.77878976	1.0	1147	tags=13%, list=7%, signal=13%	
POSITIVE REGULATION OF CYTOKINESIS%GOBP%GO:0032467	POSITIVE REGULATION OF CYTOKINESIS%GOBP%GO:0032467		33	-0.43029127	-1.1807578	0.2369403	0.7804234	1.0	729	tags=12%, list=4%, signal=13%	
TRNA WOBBLE BASE MODIFICATION%GOBP%GO:0002097	TRNA WOBBLE BASE MODIFICATION%GOBP%GO:0002097		24	-0.4635439	-1.1803433	0.21317829	0.78080803	1.0	1755	tags=33%, list=11%, signal=37%	
STEROID HORMONE RECEPTOR SIGNALING PATHWAY%GOBP%GO:0043401	STEROID HORMONE RECEPTOR SIGNALING PATHWAY%GOBP%GO:0043401		45	-0.41147634	-1.1797363	0.18773234	0.7819859	1.0	3041	tags=27%, list=19%, signal=33%	
PID_IL12_STAT4_PATHWAY%MSIGDB_C2%PID_IL12_STAT4_PATHWAY	PID_IL12_STAT4_PATHWAY%MSIGDB_C2%PID_IL12_STAT4_PATHWAY		22	-0.47978532	-1.1786306	0.2159091	0.7850405	1.0	3963	tags=45%, list=24%, signal=60%	
REGULATION OF MRNA SPLICING, VIA SPLICEOSOME%GOBP%GO:0048024	REGULATION OF MRNA SPLICING, VIA SPLICEOSOME%GOBP%GO:0048024		88	-0.37130696	-1.1785998	0.16546762	0.7839059	1.0	1689	tags=16%, list=10%, signal=18%	
INTERLEUKIN 1 IL 1 STRUCTURAL PATHWAY%WIKIPATHWAYS_20250810%WP2637%HOMO SAPIENS	INTERLEUKIN 1 IL 1 STRUCTURAL PATHWAY%WIKIPATHWAYS_20250810%WP2637%HOMO SAPIENS		39	-0.42056724	-1.1772432	0.1959707	0.7880315	1.0	975	tags=21%, list=6%, signal=22%	
TRNA AMINOACYLATION%GOBP%GO:0043039	TRNA AMINOACYLATION%GOBP%GO:0043039		39	-0.4161616	-1.1772268	0.22222222	0.78684795	1.0	1951	tags=23%, list=12%, signal=26%	
AMINO ACID ACTIVATION%GOBP%GO:0043038	AMINO ACID ACTIVATION%GOBP%GO:0043038		39	-0.4161616	-1.176836	0.20522387	0.7871769	1.0	1951	tags=23%, list=12%, signal=26%	
HIPPO SIGNALING%GOBP%GO:0035329	HIPPO SIGNALING%GOBP%GO:0035329		21	-0.48163363	-1.1746258	0.2235529	0.7947824	1.0	3699	tags=48%, list=23%, signal=61%	
CIRCADIAN RHYTHM GENES%WIKIPATHWAYS_20250810%WP3594%HOMO SAPIENS	CIRCADIAN RHYTHM GENES%WIKIPATHWAYS_20250810%WP3594%HOMO SAPIENS		120	-0.34902722	-1.1745781	0.1539855	0.7937262	1.0	2442	tags=22%, list=15%, signal=25%	
REGULATION OF CYTOKINESIS%GOBP%GO:0032465	REGULATION OF CYTOKINESIS%GOBP%GO:0032465		72	-0.37880674	-1.1743019	0.16893204	0.79354846	1.0	951	tags=14%, list=6%, signal=15%	
TELOMERE MAINTENANCE VIA TELOMERE LENGTHENING%GOBP%GO:0010833	TELOMERE MAINTENANCE VIA TELOMERE LENGTHENING%GOBP%GO:0010833		27	-0.4476332	-1.1738689	0.23255815	0.7939475	1.0	1437	tags=22%, list=9%, signal=24%	
REGULATION OF AMYLOID FIBRIL FORMATION%GOBP%GO:1905906	REGULATION OF AMYLOID FIBRIL FORMATION%GOBP%GO:1905906		15	-0.511707	-1.1728381	0.25725338	0.7967392	1.0	1712	tags=27%, list=10%, signal=30%	
RESPONSE TO INSULIN%GOBP%GO:0032868	RESPONSE TO INSULIN%GOBP%GO:0032868		102	-0.34994018	-1.1727781	0.16393442	0.79571694	1.0	1793	tags=18%, list=11%, signal=20%	
RESOLUTION OF D-LOOP STRUCTURES THROUGH SYNTHESIS-DEPENDENT STRAND ANNEALING (SDSA)%REACTOME%R-HSA-5693554.3	RESOLUTION OF D-LOOP STRUCTURES THROUGH SYNTHESIS-DEPENDENT STRAND ANNEALING (SDSA)%REACTOME%R-HSA-5693554.3		25	-0.45239803	-1.1722913	0.24380952	0.796398	1.0	4335	tags=44%, list=26%, signal=60%	
MECHANICAL LOAD ACTIVATES SIGNALING BY PIEZO1 AND INTEGRINS IN OSTEOCYTES%REACTOME DATABASE ID RELEASE 93%9856532	MECHANICAL LOAD ACTIVATES SIGNALING BY PIEZO1 AND INTEGRINS IN OSTEOCYTES%REACTOME DATABASE ID RELEASE 93%9856532		15	-0.50794685	-1.1721331	0.26295584	0.7957415	1.0	1652	tags=20%, list=10%, signal=22%	
RHOU GTPASE CYCLE%REACTOME DATABASE ID RELEASE 93%9013420	RHOU GTPASE CYCLE%REACTOME DATABASE ID RELEASE 93%9013420		38	-0.41686842	-1.1720427	0.20656371	0.7948529	1.0	2189	tags=32%, list=13%, signal=36%	
ACTIVATION OF ATR IN RESPONSE TO REPLICATION STRESS%REACTOME%R-HSA-176187.4	ACTIVATION OF ATR IN RESPONSE TO REPLICATION STRESS%REACTOME%R-HSA-176187.4		36	-0.4260458	-1.1715274	0.23300971	0.7956097	1.0	2473	tags=25%, list=15%, signal=29%	
ACTIN FILAMENT-BASED MOVEMENT%GOBP%GO:0030048	ACTIN FILAMENT-BASED MOVEMENT%GOBP%GO:0030048		72	-0.37794676	-1.1715058	0.19475655	0.7944387	1.0	1412	tags=14%, list=9%, signal=15%	
SPLICING FACTOR NOVA REGULATED SYNAPTIC PROTEINS%WIKIPATHWAYS_20250810%WP4148%HOMO SAPIENS	SPLICING FACTOR NOVA REGULATED SYNAPTIC PROTEINS%WIKIPATHWAYS_20250810%WP4148%HOMO SAPIENS		31	-0.43477738	-1.1713198	0.23971377	0.7939165	1.0	4412	tags=52%, list=27%, signal=70%	
TRNA AMINOACYLATION FOR PROTEIN TRANSLATION%GOBP%GO:0006418	TRNA AMINOACYLATION FOR PROTEIN TRANSLATION%GOBP%GO:0006418		36	-0.42194384	-1.1706874	0.22410546	0.79524744	1.0	1951	tags=25%, list=12%, signal=28%	
DEFECTIVE HDR THROUGH HOMOLOGOUS RECOMBINATION REPAIR (HRR) DUE TO PALB2 LOSS OF BRCA1 BINDING FUNCTION%REACTOME%R-HSA-9704331.4	DEFECTIVE HDR THROUGH HOMOLOGOUS RECOMBINATION REPAIR (HRR) DUE TO PALB2 LOSS OF BRCA1 BINDING FUNCTION%REACTOME%R-HSA-9704331.4		24	-0.46042526	-1.1705309	0.2605364	0.79463	1.0	4335	tags=46%, list=26%, signal=62%	
PHOSPHATIDYLINOSITOL BIOSYNTHETIC PROCESS%GOBP%GO:0006661	PHOSPHATIDYLINOSITOL BIOSYNTHETIC PROCESS%GOBP%GO:0006661		94	-0.3630895	-1.1696051	0.1654275	0.7971342	1.0	2189	tags=22%, list=13%, signal=26%	
PID_P38_ALPHA_BETA_PATHWAY%MSIGDB_C2%PID_P38_ALPHA_BETA_PATHWAY	PID_P38_ALPHA_BETA_PATHWAY%MSIGDB_C2%PID_P38_ALPHA_BETA_PATHWAY		22	-0.46362966	-1.1691315	0.253937	0.7978498	1.0	722	tags=14%, list=4%, signal=14%	
ATTACHMENT OF MITOTIC SPINDLE MICROTUBULES TO KINETOCHORE%GOBP%GO:0051315	ATTACHMENT OF MITOTIC SPINDLE MICROTUBULES TO KINETOCHORE%GOBP%GO:0051315		16	-0.50470316	-1.1687379	0.27027026	0.798244	1.0	2160	tags=25%, list=13%, signal=29%	
GLUCOSAMINE-CONTAINING COMPOUND METABOLIC PROCESS%GOBP%GO:1901071	GLUCOSAMINE-CONTAINING COMPOUND METABOLIC PROCESS%GOBP%GO:1901071		18	-0.48903075	-1.1683806	0.23404256	0.79843336	1.0	1780	tags=22%, list=11%, signal=25%	
DEFECTIVE HOMOLOGOUS RECOMBINATION REPAIR (HRR) DUE TO BRCA1 LOSS OF FUNCTION%REACTOME%R-HSA-9701192.4	DEFECTIVE HOMOLOGOUS RECOMBINATION REPAIR (HRR) DUE TO BRCA1 LOSS OF FUNCTION%REACTOME%R-HSA-9701192.4		24	-0.46042526	-1.167476	0.25093633	0.80077446	1.0	4335	tags=46%, list=26%, signal=62%	
NEGATIVE REGULATION OF EPITHELIAL TO MESENCHYMAL TRANSITION%GOBP%GO:0010719	NEGATIVE REGULATION OF EPITHELIAL TO MESENCHYMAL TRANSITION%GOBP%GO:0010719		34	-0.43116853	-1.1667786	0.22537878	0.8023459	1.0	593	tags=12%, list=4%, signal=12%	
SIGNALING BY ERYTHROPOIETIN%REACTOME DATABASE ID RELEASE 93%9006335	SIGNALING BY ERYTHROPOIETIN%REACTOME DATABASE ID RELEASE 93%9006335		21	-0.47098947	-1.1667155	0.24609375	0.80139786	1.0	2632	tags=29%, list=16%, signal=34%	
DEVELOPMENT AND HETEROGENEITY OF THE ILC FAMILY%WIKIPATHWAYS_20250810%WP3893%HOMO SAPIENS	DEVELOPMENT AND HETEROGENEITY OF THE ILC FAMILY%WIKIPATHWAYS_20250810%WP3893%HOMO SAPIENS		18	-0.48552513	-1.1665395	0.24701196	0.80085826	1.0	3494	tags=33%, list=21%, signal=42%	
ENDOGENOUS TLR SIGNALING%PATHWAY INTERACTION DATABASE NCI-NATURE CURATED DATA%ENDOGENOUS TLR SIGNALING	ENDOGENOUS TLR SIGNALING%PATHWAY INTERACTION DATABASE NCI-NATURE CURATED DATA%ENDOGENOUS TLR SIGNALING		20	-0.48231658	-1.1659682	0.26147705	0.8019864	1.0	975	tags=20%, list=6%, signal=21%	
PID_IL2_PI3K_PATHWAY%MSIGDB_C2%PID_IL2_PI3K_PATHWAY	PID_IL2_PI3K_PATHWAY%MSIGDB_C2%PID_IL2_PI3K_PATHWAY		26	-0.44589803	-1.1656085	0.24150944	0.80219656	1.0	2666	tags=31%, list=16%, signal=37%	
NEUROTROPHIN SIGNALING PATHWAY%GOBP%GO:0038179	NEUROTROPHIN SIGNALING PATHWAY%GOBP%GO:0038179		16	-0.50207335	-1.1651386	0.25976562	0.8028443	1.0	2445	tags=31%, list=15%, signal=37%	
HAIR FOLLICLE DEVELOPMENT ORGANOGENESIS STAGE 2 OF 3%WIKIPATHWAYS_20250810%WP2839%HOMO SAPIENS	HAIR FOLLICLE DEVELOPMENT ORGANOGENESIS STAGE 2 OF 3%WIKIPATHWAYS_20250810%WP2839%HOMO SAPIENS		22	-0.46780673	-1.1646925	0.24521072	0.8034185	1.0	3116	tags=32%, list=19%, signal=39%	
MRNA CATABOLIC PROCESS%GOBP%GO:0006402	MRNA CATABOLIC PROCESS%GOBP%GO:0006402		109	-0.3496344	-1.1645753	0.16077739	0.80262667	1.0	1820	tags=19%, list=11%, signal=22%	
ACTIVATION OF PROTEIN KINASE ACTIVITY%GOBP%GO:0032147	ACTIVATION OF PROTEIN KINASE ACTIVITY%GOBP%GO:0032147		30	-0.4407227	-1.1642547	0.22075471	0.80266076	1.0	5115	tags=47%, list=31%, signal=68%	
IL6-MEDIATED SIGNALING EVENTS%PATHWAY INTERACTION DATABASE NCI-NATURE CURATED DATA%IL6-MEDIATED SIGNALING EVENTS	IL6-MEDIATED SIGNALING EVENTS%PATHWAY INTERACTION DATABASE NCI-NATURE CURATED DATA%IL6-MEDIATED SIGNALING EVENTS		43	-0.40366828	-1.1624708	0.2039356	0.80840856	1.0	2895	tags=30%, list=18%, signal=37%	
CELLULAR RESPONSE TO STEROID HORMONE STIMULUS%GOBP%GO:0071383	CELLULAR RESPONSE TO STEROID HORMONE STIMULUS%GOBP%GO:0071383		71	-0.37125975	-1.1620437	0.20521739	0.80885655	1.0	3041	tags=25%, list=19%, signal=31%	
UROTENSIN II MEDIATED SIGNALING%WIKIPATHWAYS_20250810%WP5158%HOMO SAPIENS	UROTENSIN II MEDIATED SIGNALING%WIKIPATHWAYS_20250810%WP5158%HOMO SAPIENS		52	-0.3898766	-1.1611905	0.21264368	0.81102157	1.0	975	tags=17%, list=6%, signal=18%	
BODY MORPHOGENESIS%GOBP%GO:0010171	BODY MORPHOGENESIS%GOBP%GO:0010171		19	-0.48281807	-1.1608806	0.26129666	0.8109945	1.0	1047	tags=21%, list=6%, signal=22%	
MITOCHONDRIAL CALCIUM ION TRANSPORT%REACTOME%R-HSA-8949215.3	MITOCHONDRIAL CALCIUM ION TRANSPORT%REACTOME%R-HSA-8949215.3		22	-0.4707538	-1.1607964	0.2495379	0.8100728	1.0	1543	tags=23%, list=9%, signal=25%	
SIGNALING BY FGFR1 IN DISEASE%REACTOME%R-HSA-5655302.4	SIGNALING BY FGFR1 IN DISEASE%REACTOME%R-HSA-5655302.4		27	-0.4476989	-1.1598442	0.24225865	0.8127707	1.0	2500	tags=26%, list=15%, signal=31%	
RND1 GTPASE CYCLE%REACTOME DATABASE ID RELEASE 93%9696273	RND1 GTPASE CYCLE%REACTOME DATABASE ID RELEASE 93%9696273		40	-0.4137097	-1.15975	0.21689059	0.81195676	1.0	2353	tags=28%, list=14%, signal=32%	
RNA MODIFICATION%GOBP%GO:0009451	RNA MODIFICATION%GOBP%GO:0009451		143	-0.3392407	-1.1587981	0.16666667	0.8145672	1.0	2008	tags=22%, list=12%, signal=25%	
TRANSCRIPTIONAL ACTIVATION OF MITOCHONDRIAL BIOGENESIS%REACTOME%R-HSA-2151201.4	TRANSCRIPTIONAL ACTIVATION OF MITOCHONDRIAL BIOGENESIS%REACTOME%R-HSA-2151201.4		49	-0.39633915	-1.1585333	0.21673004	0.81436884	1.0	1854	tags=24%, list=11%, signal=28%	
PID_FAS_PATHWAY%MSIGDB_C2%PID_FAS_PATHWAY	PID_FAS_PATHWAY%MSIGDB_C2%PID_FAS_PATHWAY		30	-0.4387027	-1.1578438	0.22745098	0.8158399	1.0	975	tags=17%, list=6%, signal=18%	
PURINE NUCLEOSIDE MONOPHOSPHATE METABOLIC PROCESS%GOBP%GO:0009126	PURINE NUCLEOSIDE MONOPHOSPHATE METABOLIC PROCESS%GOBP%GO:0009126		20	-0.4721378	-1.1578015	0.25933203	0.8147649	1.0	519	tags=10%, list=3%, signal=10%	
REGULATION OF DNA BIOSYNTHETIC PROCESS%GOBP%GO:2000278	REGULATION OF DNA BIOSYNTHETIC PROCESS%GOBP%GO:2000278		66	-0.37440494	-1.1572349	0.20982987	0.81584364	1.0	1579	tags=17%, list=10%, signal=18%	
PROTEIN LOCALIZATION TO NUCLEUS%GOBP%GO:0034504	PROTEIN LOCALIZATION TO NUCLEUS%GOBP%GO:0034504		135	-0.3373336	-1.1571016	0.16261682	0.8151624	1.0	1792	tags=16%, list=11%, signal=18%	
MATURATION OF SSU-RRNA%GOBP%GO:0030490	MATURATION OF SSU-RRNA%GOBP%GO:0030490		45	-0.4019471	-1.1545817	0.21698113	0.82413566	1.0	2244	tags=27%, list=14%, signal=31%	
PDGF SIGNALING PATHWAY%PANTHER PATHWAY%P00047	PDGF SIGNALING PATHWAY%PANTHER PATHWAY%P00047		115	-0.34472758	-1.1544985	0.1764706	0.8232551	1.0	2282	tags=25%, list=14%, signal=29%	
PID_AMB2_NEUTROPHILS_PATHWAY%MSIGDB_C2%PID_AMB2_NEUTROPHILS_PATHWAY	PID_AMB2_NEUTROPHILS_PATHWAY%MSIGDB_C2%PID_AMB2_NEUTROPHILS_PATHWAY		26	-0.44705087	-1.1544147	0.23952095	0.8223718	1.0	901	tags=15%, list=5%, signal=16%	
TRANSLATIONAL INITIATION%GOBP%GO:0006413	TRANSLATIONAL INITIATION%GOBP%GO:0006413		54	-0.38643605	-1.1539568	0.20547946	0.82297665	1.0	1660	tags=20%, list=10%, signal=23%	
NUCLEAR RNA DECAY%REACTOME%R-HSA-9930044.1	NUCLEAR RNA DECAY%REACTOME%R-HSA-9930044.1		31	-0.43460318	-1.1530532	0.24561404	0.8251975	1.0	297	tags=10%, list=2%, signal=10%	
REGULATION OF NEURON DIFFERENTIATION%GOBP%GO:0045664	REGULATION OF NEURON DIFFERENTIATION%GOBP%GO:0045664		66	-0.37833303	-1.1530374	0.20471014	0.8240381	1.0	1883	tags=14%, list=11%, signal=15%	
TRNA MODIFICATION IN THE NUCLEUS AND CYTOSOL%REACTOME%R-HSA-6782315.8	TRNA MODIFICATION IN THE NUCLEUS AND CYTOSOL%REACTOME%R-HSA-6782315.8		43	-0.40576303	-1.1526287	0.23762377	0.82449144	1.0	2371	tags=28%, list=14%, signal=33%	
PROTEIN LOCALIZATION TO PEROXISOME%GOBP%GO:0072662	PROTEIN LOCALIZATION TO PEROXISOME%GOBP%GO:0072662		15	-0.50217336	-1.1525986	0.29215688	0.8234018	1.0	1840	tags=40%, list=11%, signal=45%	
NOVEL INTRACELLULAR COMPONENTS OF RIG I LIKE RECEPTOR PATHWAY%WIKIPATHWAYS_20250810%WP3865%HOMO SAPIENS	NOVEL INTRACELLULAR COMPONENTS OF RIG I LIKE RECEPTOR PATHWAY%WIKIPATHWAYS_20250810%WP3865%HOMO SAPIENS		46	-0.3974056	-1.1517044	0.24701196	0.8257755	1.0	2367	tags=28%, list=14%, signal=33%	
POSITIVE REGULATION OF CELL KILLING%GOBP%GO:0031343	POSITIVE REGULATION OF CELL KILLING%GOBP%GO:0031343		33	-0.42087048	-1.1515267	0.2524272	0.8252561	1.0	890	tags=12%, list=5%, signal=13%	
POSITIVE REGULATION OF TRANSCRIPTION BY RNA POLYMERASE I%GOBP%GO:0045943	POSITIVE REGULATION OF TRANSCRIPTION BY RNA POLYMERASE I%GOBP%GO:0045943		31	-0.43874955	-1.1513832	0.26692456	0.8246157	1.0	1186	tags=23%, list=7%, signal=24%	
FCERI MEDIATED CA+2 MOBILIZATION%REACTOME%R-HSA-2871809.3	FCERI MEDIATED CA+2 MOBILIZATION%REACTOME%R-HSA-2871809.3		26	-0.44038713	-1.1513093	0.2446602	0.8236913	1.0	2002	tags=15%, list=12%, signal=17%	
MICROTUBULE CYTOSKELETON REGULATION%WIKIPATHWAYS_20250810%WP2038%HOMO SAPIENS	MICROTUBULE CYTOSKELETON REGULATION%WIKIPATHWAYS_20250810%WP2038%HOMO SAPIENS		31	-0.43267995	-1.1506075	0.268431	0.82535625	1.0	1924	tags=23%, list=12%, signal=26%	
PHOSPHODIESTERASES IN NEURONAL FUNCTION%WIKIPATHWAYS_20250810%WP4222%HOMO SAPIENS	PHOSPHODIESTERASES IN NEURONAL FUNCTION%WIKIPATHWAYS_20250810%WP4222%HOMO SAPIENS		32	-0.42453817	-1.1505952	0.2524655	0.8241932	1.0	4742	tags=47%, list=29%, signal=66%	
NUCLEOTIDE-BINDING DOMAIN, LEUCINE RICH REPEAT CONTAINING RECEPTOR (NLR) SIGNALING PATHWAYS%REACTOME%R-HSA-168643.3	NUCLEOTIDE-BINDING DOMAIN, LEUCINE RICH REPEAT CONTAINING RECEPTOR (NLR) SIGNALING PATHWAYS%REACTOME%R-HSA-168643.3		48	-0.39412892	-1.1500977	0.22201835	0.82491297	1.0	2047	tags=19%, list=12%, signal=21%	
MECHANOREGULATION AND PATHOLOGY OF YAP TAZ VIA HIPPO AND NON HIPPO MECHANISMS%WIKIPATHWAYS_20250810%WP4534%HOMO SAPIENS	MECHANOREGULATION AND PATHOLOGY OF YAP TAZ VIA HIPPO AND NON HIPPO MECHANISMS%WIKIPATHWAYS_20250810%WP4534%HOMO SAPIENS		30	-0.42540726	-1.1495134	0.25182483	0.8260456	1.0	3227	tags=33%, list=20%, signal=41%	
BIOCARTA_NFKB_PATHWAY%MSIGDB_C2%BIOCARTA_NFKB_PATHWAY	BIOCARTA_NFKB_PATHWAY%MSIGDB_C2%BIOCARTA_NFKB_PATHWAY		18	-0.4787006	-1.1491393	0.276	0.826413	1.0	975	tags=17%, list=6%, signal=18%	
HOST PATHOGEN INTERACTION OF HUMAN CORONAVIRUSES INTERFERON INDUCTION%WIKIPATHWAYS_20250810%WP4880%HOMO SAPIENS	HOST PATHOGEN INTERACTION OF HUMAN CORONAVIRUSES INTERFERON INDUCTION%WIKIPATHWAYS_20250810%WP4880%HOMO SAPIENS		30	-0.4365533	-1.148816	0.23938224	0.8265417	1.0	1589	tags=23%, list=10%, signal=26%	
ARF6 TRAFFICKING EVENTS%PATHWAY INTERACTION DATABASE NCI-NATURE CURATED DATA%ARF6 TRAFFICKING EVENTS	ARF6 TRAFFICKING EVENTS%PATHWAY INTERACTION DATABASE NCI-NATURE CURATED DATA%ARF6 TRAFFICKING EVENTS		43	-0.40277043	-1.1482558	0.25185186	0.82753086	1.0	2685	tags=26%, list=16%, signal=31%	
POSITIVE REGULATION OF ADAPTIVE IMMUNE RESPONSE BASED ON SOMATIC RECOMBINATION OF IMMUNE RECEPTORS BUILT FROM IMMUNOGLOBULIN SUPERFAMILY DOMAINS%GOBP%GO:0002824	POSITIVE REGULATION OF ADAPTIVE IMMUNE RESPONSE BASED ON SOMATIC RECOMBINATION OF IMMUNE RECEPTORS BUILT FROM IMMUNOGLOBULIN SUPERFAMILY DOMAINS%GOBP%GO:0002824		69	-0.37118843	-1.1480093	0.18899083	0.8272932	1.0	3096	tags=28%, list=19%, signal=34%	
ESTABLISHMENT OF PROTEIN LOCALIZATION TO PEROXISOME%GOBP%GO:0072663	ESTABLISHMENT OF PROTEIN LOCALIZATION TO PEROXISOME%GOBP%GO:0072663		18	-0.47977877	-1.1477884	0.28309572	0.82698125	1.0	1840	tags=33%, list=11%, signal=38%	
PID_PTP1B_PATHWAY%MSIGDB_C2%PID_PTP1B_PATHWAY	PID_PTP1B_PATHWAY%MSIGDB_C2%PID_PTP1B_PATHWAY		35	-0.42073658	-1.1471418	0.25050506	0.82834655	1.0	1513	tags=17%, list=9%, signal=19%	
MATURATION OF SSU-RRNA FROM TRICISTRONIC RRNA TRANSCRIPT (SSU-RRNA, 5.8S RRNA, LSU-RRNA)%GOBP%GO:0000462	MATURATION OF SSU-RRNA FROM TRICISTRONIC RRNA TRANSCRIPT (SSU-RRNA, 5.8S RRNA, LSU-RRNA)%GOBP%GO:0000462		26	-0.4406717	-1.1463931	0.2594697	0.83009166	1.0	2244	tags=31%, list=14%, signal=36%	
AXIS SPECIFICATION%GOBP%GO:0009798	AXIS SPECIFICATION%GOBP%GO:0009798		33	-0.42733386	-1.1461569	0.25585938	0.8298847	1.0	3104	tags=33%, list=19%, signal=41%	
PID_PI3KCI_AKT_PATHWAY%MSIGDB_C2%PID_PI3KCI_AKT_PATHWAY	PID_PI3KCI_AKT_PATHWAY%MSIGDB_C2%PID_PI3KCI_AKT_PATHWAY		25	-0.4475933	-1.1461123	0.2743539	0.8288627	1.0	1704	tags=28%, list=10%, signal=31%	
REGULATION OF NERVOUS SYSTEM PROCESS%GOBP%GO:0031644	REGULATION OF NERVOUS SYSTEM PROCESS%GOBP%GO:0031644		61	-0.37416458	-1.1455483	0.21636364	0.82981336	1.0	2207	tags=18%, list=13%, signal=21%	
PHOSPHOLIPID BIOSYNTHETIC PROCESS%GOBP%GO:0008654	PHOSPHOLIPID BIOSYNTHETIC PROCESS%GOBP%GO:0008654		184	-0.32199472	-1.1446179	0.15315315	0.8323006	1.0	2221	tags=18%, list=14%, signal=21%	
INITIATION OF NUCLEAR ENVELOPE (NE) REFORMATION%REACTOME DATABASE ID RELEASE 93%2995383	INITIATION OF NUCLEAR ENVELOPE (NE) REFORMATION%REACTOME DATABASE ID RELEASE 93%2995383		15	-0.51038796	-1.1438814	0.2857143	0.83405286	1.0	1075	tags=20%, list=7%, signal=21%	
REGULATION OF FOCAL ADHESION ASSEMBLY%GOBP%GO:0051893	REGULATION OF FOCAL ADHESION ASSEMBLY%GOBP%GO:0051893		54	-0.3828506	-1.142816	0.25182483	0.8371493	1.0	2883	tags=31%, list=18%, signal=38%	
GLYCOLYSIS%REACTOME DATABASE ID RELEASE 93%70171	GLYCOLYSIS%REACTOME DATABASE ID RELEASE 93%70171		57	-0.37971807	-1.1423006	0.24420677	0.8379423	1.0	2274	tags=19%, list=14%, signal=22%	
REGULATION OF LAMELLIPODIUM ASSEMBLY%GOBP%GO:0010591	REGULATION OF LAMELLIPODIUM ASSEMBLY%GOBP%GO:0010591		26	-0.43759188	-1.1421925	0.24427481	0.8371717	1.0	2986	tags=38%, list=18%, signal=47%	
ALTERNATIVE MRNA SPLICING, VIA SPLICEOSOME%GOBP%GO:0000380	ALTERNATIVE MRNA SPLICING, VIA SPLICEOSOME%GOBP%GO:0000380		17	-0.48776513	-1.1416427	0.30947775	0.83828944	1.0	3063	tags=41%, list=19%, signal=51%	
REGULATION OF PROTEIN NEDDYLATION%GOBP%GO:2000434	REGULATION OF PROTEIN NEDDYLATION%GOBP%GO:2000434		15	-0.4989997	-1.1415308	0.28827038	0.837559	1.0	1620	tags=27%, list=10%, signal=30%	
REGULATION OF CELL-SUBSTRATE JUNCTION ASSEMBLY%GOBP%GO:0090109	REGULATION OF CELL-SUBSTRATE JUNCTION ASSEMBLY%GOBP%GO:0090109		54	-0.3828506	-1.1408392	0.23146474	0.8391083	1.0	2883	tags=31%, list=18%, signal=38%	
B CELL PROLIFERATION%GOBP%GO:0042100	B CELL PROLIFERATION%GOBP%GO:0042100		17	-0.4844541	-1.1401979	0.28375733	0.8404564	1.0	4039	tags=35%, list=25%, signal=47%	
RHOJ GTPASE CYCLE%REACTOME DATABASE ID RELEASE 93%9013409	RHOJ GTPASE CYCLE%REACTOME DATABASE ID RELEASE 93%9013409		54	-0.3946443	-1.1399473	0.24952741	0.84029543	1.0	1487	tags=17%, list=9%, signal=18%	
IL2%NETPATH%IL2	IL2%NETPATH%IL2		54	-0.38403982	-1.139888	0.24339622	0.8393177	1.0	1569	tags=20%, list=10%, signal=22%	
PROTEIN UBIQUITINATION%REACTOME DATABASE ID RELEASE 93%8852135	PROTEIN UBIQUITINATION%REACTOME DATABASE ID RELEASE 93%8852135		67	-0.3630436	-1.1397004	0.20484172	0.83888763	1.0	1687	tags=21%, list=10%, signal=23%	
INTERSTRAND CROSS-LINK REPAIR%GOBP%GO:0036297	INTERSTRAND CROSS-LINK REPAIR%GOBP%GO:0036297		37	-0.4090464	-1.139377	0.2504673	0.83895373	1.0	2872	tags=38%, list=17%, signal=46%	
EPHRIN RECEPTOR SIGNALING PATHWAY%GOBP%GO:0048013	EPHRIN RECEPTOR SIGNALING PATHWAY%GOBP%GO:0048013		42	-0.40008762	-1.1392186	0.26422018	0.83838445	1.0	2883	tags=26%, list=18%, signal=32%	
NEGATIVE REGULATION OF DNA REPLICATION%GOBP%GO:0008156	NEGATIVE REGULATION OF DNA REPLICATION%GOBP%GO:0008156		19	-0.46201923	-1.1391704	0.2800789	0.8374284	1.0	2326	tags=37%, list=14%, signal=43%	
PATHOGENIC ESCHERICHIA COLI INFECTION%WIKIPATHWAYS_20250810%WP2272%HOMO SAPIENS	PATHOGENIC ESCHERICHIA COLI INFECTION%WIKIPATHWAYS_20250810%WP2272%HOMO SAPIENS		37	-0.41618562	-1.1390504	0.24464285	0.8367252	1.0	1850	tags=22%, list=11%, signal=24%	
REGULATION OF TELOMERASE%PATHWAY INTERACTION DATABASE NCI-NATURE CURATED DATA%REGULATION OF TELOMERASE	REGULATION OF TELOMERASE%PATHWAY INTERACTION DATABASE NCI-NATURE CURATED DATA%REGULATION OF TELOMERASE		64	-0.37691996	-1.1382233	0.25233644	0.83883506	1.0	1727	tags=20%, list=11%, signal=23%	
PROTEIN POLYMERIZATION%GOBP%GO:0051258	PROTEIN POLYMERIZATION%GOBP%GO:0051258		78	-0.35847244	-1.1380926	0.23049001	0.83814555	1.0	761	tags=14%, list=5%, signal=15%	
REGULATION OF ALTERNATIVE MRNA SPLICING, VIA SPLICEOSOME%GOBP%GO:0000381	REGULATION OF ALTERNATIVE MRNA SPLICING, VIA SPLICEOSOME%GOBP%GO:0000381		58	-0.37523946	-1.1379914	0.22222222	0.837383	1.0	1564	tags=16%, list=10%, signal=17%	
HEPATITIS C AND HEPATOCELLULAR CARCINOMA%WIKIPATHWAYS_20250810%WP3646%HOMO SAPIENS	HEPATITIS C AND HEPATOCELLULAR CARCINOMA%WIKIPATHWAYS_20250810%WP3646%HOMO SAPIENS		35	-0.41361132	-1.136607	0.27643785	0.84171975	1.0	1185	tags=14%, list=7%, signal=15%	
GASTRIN SIGNALING%WIKIPATHWAYS_20250810%WP4659%HOMO SAPIENS	GASTRIN SIGNALING%WIKIPATHWAYS_20250810%WP4659%HOMO SAPIENS		87	-0.35702088	-1.1365333	0.21288015	0.84083873	1.0	1822	tags=20%, list=11%, signal=22%	
TRAF6 MEDIATED IRF7 ACTIVATION%REACTOME DATABASE ID RELEASE 93%933541	TRAF6 MEDIATED IRF7 ACTIVATION%REACTOME DATABASE ID RELEASE 93%933541		15	-0.50847155	-1.1363297	0.29613733	0.8405034	1.0	2442	tags=40%, list=15%, signal=47%	
VISUAL SYSTEM DEVELOPMENT%GOBP%GO:0150063	VISUAL SYSTEM DEVELOPMENT%GOBP%GO:0150063		142	-0.32935598	-1.1362871	0.18584071	0.8394996	1.0	3776	tags=29%, list=23%, signal=37%	
REGULATORY NCRNA-MEDIATED GENE SILENCING%GOBP%GO:0031047	REGULATORY NCRNA-MEDIATED GENE SILENCING%GOBP%GO:0031047		85	-0.35216755	-1.1360768	0.21771218	0.8391679	1.0	1593	tags=18%, list=10%, signal=19%	
BRANCHED-CHAIN AMINO ACID CATABOLISM%REACTOME%R-HSA-70895.8	BRANCHED-CHAIN AMINO ACID CATABOLISM%REACTOME%R-HSA-70895.8		20	-0.45543262	-1.1359099	0.2962963	0.83866256	1.0	1677	tags=25%, list=10%, signal=28%	
DENDRITE MORPHOGENESIS%GOBP%GO:0048813	DENDRITE MORPHOGENESIS%GOBP%GO:0048813		35	-0.4143094	-1.1353431	0.2591171	0.8397975	1.0	3955	tags=34%, list=24%, signal=45%	
PID_CDC42_PATHWAY%MSIGDB_C2%PID_CDC42_PATHWAY	PID_CDC42_PATHWAY%MSIGDB_C2%PID_CDC42_PATHWAY		54	-0.3840722	-1.1352469	0.24358974	0.8390474	1.0	1676	tags=26%, list=10%, signal=29%	
RESPONSE TO EPIDERMAL GROWTH FACTOR%GOBP%GO:0070849	RESPONSE TO EPIDERMAL GROWTH FACTOR%GOBP%GO:0070849		30	-0.4269137	-1.1344794	0.2559524	0.84091073	1.0	888	tags=13%, list=5%, signal=14%	
POSITIVE REGULATION OF PLASMA MEMBRANE BOUNDED CELL PROJECTION ASSEMBLY%GOBP%GO:0120034	POSITIVE REGULATION OF PLASMA MEMBRANE BOUNDED CELL PROJECTION ASSEMBLY%GOBP%GO:0120034		92	-0.35223654	-1.1342853	0.20921986	0.84054536	1.0	2381	tags=25%, list=15%, signal=29%	
SENSORY SYSTEM DEVELOPMENT%GOBP%GO:0048880	SENSORY SYSTEM DEVELOPMENT%GOBP%GO:0048880		144	-0.32662156	-1.1341914	0.19400352	0.8397452	1.0	3776	tags=28%, list=23%, signal=37%	
REGULATION OF SISTER CHROMATID SEGREGATION%GOBP%GO:0033045	REGULATION OF SISTER CHROMATID SEGREGATION%GOBP%GO:0033045		93	-0.35401702	-1.1338092	0.21731123	0.8401174	1.0	3139	tags=28%, list=19%, signal=34%	
REGULATION OF MICROTUBULE CYTOSKELETON ORGANIZATION%GOBP%GO:0070507	REGULATION OF MICROTUBULE CYTOSKELETON ORGANIZATION%GOBP%GO:0070507		123	-0.33787367	-1.1329571	0.21415608	0.84234846	1.0	2153	tags=19%, list=13%, signal=21%	
TRANSCRIPTIONAL REGULATION BY E2F6%REACTOME%R-HSA-8953750.3	TRANSCRIPTIONAL REGULATION BY E2F6%REACTOME%R-HSA-8953750.3		34	-0.41156203	-1.1327697	0.2693032	0.8419555	1.0	2670	tags=26%, list=16%, signal=32%	
REGULATION OF UBIQUITIN-DEPENDENT PROTEIN CATABOLIC PROCESS%GOBP%GO:2000058	REGULATION OF UBIQUITIN-DEPENDENT PROTEIN CATABOLIC PROCESS%GOBP%GO:2000058		135	-0.32942483	-1.132529	0.19251336	0.8417761	1.0	1771	tags=19%, list=11%, signal=21%	
REPRODUCTION%REACTOME%R-HSA-1474165.7	REPRODUCTION%REACTOME%R-HSA-1474165.7		83	-0.35290518	-1.132392	0.23486239	0.84115887	1.0	1437	tags=13%, list=9%, signal=14%	
PID_HEDGEHOG_GLI_PATHWAY%MSIGDB_C2%PID_HEDGEHOG_GLI_PATHWAY	PID_HEDGEHOG_GLI_PATHWAY%MSIGDB_C2%PID_HEDGEHOG_GLI_PATHWAY		35	-0.41276395	-1.1323444	0.24857685	0.8401973	1.0	1727	tags=20%, list=11%, signal=22%	
PID_EPO_PATHWAY%MSIGDB_C2%PID_EPO_PATHWAY	PID_EPO_PATHWAY%MSIGDB_C2%PID_EPO_PATHWAY		27	-0.4224227	-1.1322211	0.29708737	0.83952934	1.0	2436	tags=30%, list=15%, signal=35%	
REGULATION OF DOUBLE-STRAND BREAK REPAIR%GOBP%GO:2000779	REGULATION OF DOUBLE-STRAND BREAK REPAIR%GOBP%GO:2000779		132	-0.3300952	-1.1320902	0.20035778	0.8389128	1.0	1843	tags=22%, list=11%, signal=25%	
REGULATION OF TYPE I INTERFERON PRODUCTION%GOBP%GO:0032479	REGULATION OF TYPE I INTERFERON PRODUCTION%GOBP%GO:0032479		110	-0.34102964	-1.1320577	0.19168174	0.8379123	1.0	2579	tags=25%, list=16%, signal=30%	
TRP CHANNELS%REACTOME DATABASE ID RELEASE 93%3295583	TRP CHANNELS%REACTOME DATABASE ID RELEASE 93%3295583		22	-0.4527615	-1.1315548	0.28429425	0.8387032	1.0	2436	tags=23%, list=15%, signal=27%	
PID_PDGFRA_PATHWAY%MSIGDB_C2%PID_PDGFRA_PATHWAY	PID_PDGFRA_PATHWAY%MSIGDB_C2%PID_PDGFRA_PATHWAY		16	-0.48115307	-1.1311922	0.30753967	0.8390479	1.0	2666	tags=31%, list=16%, signal=37%	
NEGATIVE REGULATION OF MICROTUBULE POLYMERIZATION OR DEPOLYMERIZATION%GOBP%GO:0031111	NEGATIVE REGULATION OF MICROTUBULE POLYMERIZATION OR DEPOLYMERIZATION%GOBP%GO:0031111		29	-0.4254607	-1.1310918	0.26568267	0.8382986	1.0	1924	tags=24%, list=12%, signal=27%	
POSITIVE REGULATION OF NEUROGENESIS%GOBP%GO:0050769	POSITIVE REGULATION OF NEUROGENESIS%GOBP%GO:0050769		98	-0.3410885	-1.130868	0.19669117	0.83799565	1.0	1999	tags=16%, list=12%, signal=18%	
HEPATOCYTE GROWTH FACTOR RECEPTOR SIGNALING%WIKIPATHWAYS_20250810%WP313%HOMO SAPIENS	HEPATOCYTE GROWTH FACTOR RECEPTOR SIGNALING%WIKIPATHWAYS_20250810%WP313%HOMO SAPIENS		29	-0.43022475	-1.1304724	0.26603773	0.83843803	1.0	1185	tags=24%, list=7%, signal=26%	
NONHOMOLOGOUS END-JOINING (NHEJ)%REACTOME%R-HSA-5693571.3	NONHOMOLOGOUS END-JOINING (NHEJ)%REACTOME%R-HSA-5693571.3		40	-0.39801112	-1.1287771	0.24953446	0.84407294	1.0	2528	tags=35%, list=15%, signal=41%	
PID_CDC42_REG_PATHWAY%MSIGDB_C2%PID_CDC42_REG_PATHWAY	PID_CDC42_REG_PATHWAY%MSIGDB_C2%PID_CDC42_REG_PATHWAY		19	-0.48226285	-1.1280986	0.2985972	0.84558374	1.0	3906	tags=53%, list=24%, signal=69%	
IMMUNE SYSTEM DEVELOPMENT%GOBP%GO:0002520	IMMUNE SYSTEM DEVELOPMENT%GOBP%GO:0002520		69	-0.36481997	-1.1263593	0.23063064	0.8513861	1.0	1856	tags=17%, list=11%, signal=20%	
TRANSCRIPTIONAL ACTIVITY OF SMAD2 SMAD3:SMAD4 HETEROTRIMER%REACTOME DATABASE ID RELEASE 93%2173793	TRANSCRIPTIONAL ACTIVITY OF SMAD2 SMAD3:SMAD4 HETEROTRIMER%REACTOME DATABASE ID RELEASE 93%2173793		48	-0.3864215	-1.1261945	0.24729241	0.85085803	1.0	1481	tags=23%, list=9%, signal=25%	
NEGATIVE REGULATION OF NEURON DIFFERENTIATION%GOBP%GO:0045665	NEGATIVE REGULATION OF NEURON DIFFERENTIATION%GOBP%GO:0045665		15	-0.48767856	-1.1258032	0.28402367	0.8513126	1.0	1564	tags=13%, list=10%, signal=15%	
REGULATION OF ACTIVIN RECEPTOR SIGNALING PATHWAY%GOBP%GO:0032925	REGULATION OF ACTIVIN RECEPTOR SIGNALING PATHWAY%GOBP%GO:0032925		16	-0.4862322	-1.1257691	0.3212928	0.8502961	1.0	2445	tags=38%, list=15%, signal=44%	
IL17 SIGNALING%WIKIPATHWAYS_20250810%WP2112%HOMO SAPIENS	IL17 SIGNALING%WIKIPATHWAYS_20250810%WP2112%HOMO SAPIENS		21	-0.45544955	-1.1254803	0.27450982	0.85028	1.0	901	tags=19%, list=5%, signal=20%	
EML4 AND NUDC IN MITOTIC SPINDLE FORMATION%REACTOME DATABASE ID RELEASE 93%9648025	EML4 AND NUDC IN MITOTIC SPINDLE FORMATION%REACTOME DATABASE ID RELEASE 93%9648025		90	-0.3490924	-1.1248564	0.24057451	0.85166013	1.0	3142	tags=27%, list=19%, signal=33%	
REGULATION OF CAMP/PKA SIGNAL TRANSDUCTION%GOBP%GO:0141161	REGULATION OF CAMP/PKA SIGNAL TRANSDUCTION%GOBP%GO:0141161		33	-0.41478306	-1.1246837	0.28343314	0.85118127	1.0	3729	tags=33%, list=23%, signal=43%	
SIGNALING EVENTS MEDIATED BY STEM CELL FACTOR RECEPTOR (C-KIT)%PATHWAY INTERACTION DATABASE NCI-NATURE CURATED DATA%SIGNALING EVENTS MEDIATED BY STEM CELL FACTOR RECEPTOR (C-KIT)	SIGNALING EVENTS MEDIATED BY STEM CELL FACTOR RECEPTOR (C-KIT)%PATHWAY INTERACTION DATABASE NCI-NATURE CURATED DATA%SIGNALING EVENTS MEDIATED BY STEM CELL FACTOR RECEPTOR (C-KIT)		50	-0.37643763	-1.1246183	0.2542056	0.8503144	1.0	641	tags=16%, list=4%, signal=17%	
CELLULAR RESPONSE TO NUTRIENT LEVELS%GOBP%GO:0031669	CELLULAR RESPONSE TO NUTRIENT LEVELS%GOBP%GO:0031669		158	-0.3223771	-1.1245522	0.19163764	0.8494486	1.0	1627	tags=18%, list=10%, signal=19%	
NEGATIVE REGULATION OF PHAGOCYTOSIS%GOBP%GO:0050765	NEGATIVE REGULATION OF PHAGOCYTOSIS%GOBP%GO:0050765		15	-0.49478438	-1.1243607	0.3125	0.84907955	1.0	880	tags=13%, list=5%, signal=14%	
RETINA MORPHOGENESIS IN CAMERA-TYPE EYE%GOBP%GO:0060042	RETINA MORPHOGENESIS IN CAMERA-TYPE EYE%GOBP%GO:0060042		24	-0.4445429	-1.1242257	0.29135337	0.8484785	1.0	1625	tags=13%, list=10%, signal=14%	
RAC1 GTPASE CYCLE%REACTOME DATABASE ID RELEASE 93%9013149	RAC1 GTPASE CYCLE%REACTOME DATABASE ID RELEASE 93%9013149		171	-0.3222912	-1.1235505	0.19224283	0.84999955	1.0	2488	tags=22%, list=15%, signal=25%	
OXIDATIVE STRESS RESPONSE%WIKIPATHWAYS_20250810%WP408%HOMO SAPIENS	OXIDATIVE STRESS RESPONSE%WIKIPATHWAYS_20250810%WP408%HOMO SAPIENS		19	-0.46435887	-1.1227218	0.29051384	0.85203665	1.0	910	tags=21%, list=6%, signal=22%	
TISSUE MIGRATION%GOBP%GO:0090130	TISSUE MIGRATION%GOBP%GO:0090130		20	-0.4577996	-1.1223122	0.30408162	0.8525197	1.0	4269	tags=45%, list=26%, signal=61%	
HEMATOPOIETIC STEM CELL GENE REGULATION BY GABP ALPHA BETA COMPLEX%WIKIPATHWAYS_20250810%WP3657%HOMO SAPIENS	HEMATOPOIETIC STEM CELL GENE REGULATION BY GABP ALPHA BETA COMPLEX%WIKIPATHWAYS_20250810%WP3657%HOMO SAPIENS		16	-0.476421	-1.1222206	0.30674848	0.8517813	1.0	593	tags=13%, list=4%, signal=13%	
ETOPOSIDE METABOLISM PATHWAY%PATHWHIZ%PW000577	ETOPOSIDE METABOLISM PATHWAY%PATHWHIZ%PW000577		16	-0.47737288	-1.1220838	0.295858	0.85122037	1.0	699	tags=19%, list=4%, signal=20%	
PID_EPHRINB_REV_PATHWAY%MSIGDB_C2%PID_EPHRINB_REV_PATHWAY	PID_EPHRINB_REV_PATHWAY%MSIGDB_C2%PID_EPHRINB_REV_PATHWAY		22	-0.44997996	-1.1220566	0.31764707	0.85022146	1.0	3314	tags=41%, list=20%, signal=51%	
PURINE RIBONUCLEOSIDE MONOPHOSPHATE METABOLIC PROCESS%GOBP%GO:0009167	PURINE RIBONUCLEOSIDE MONOPHOSPHATE METABOLIC PROCESS%GOBP%GO:0009167		19	-0.47695473	-1.1217965	0.29882812	0.85006523	1.0	519	tags=11%, list=3%, signal=11%	
VIRAL GENE EXPRESSION%GOBP%GO:0019080	VIRAL GENE EXPRESSION%GOBP%GO:0019080		50	-0.37701768	-1.1212654	0.2509091	0.8510126	1.0	1660	tags=22%, list=10%, signal=24%	
PEROXISOMAL TRANSPORT%GOBP%GO:0043574	PEROXISOMAL TRANSPORT%GOBP%GO:0043574		19	-0.46529466	-1.1212125	0.30991736	0.85011816	1.0	2407	tags=42%, list=15%, signal=49%	
POSITIVE REGULATION OF NUCLEOCYTOPLASMIC TRANSPORT%GOBP%GO:0046824	POSITIVE REGULATION OF NUCLEOCYTOPLASMIC TRANSPORT%GOBP%GO:0046824		43	-0.39093623	-1.1210828	0.26775956	0.84952015	1.0	1287	tags=19%, list=8%, signal=20%	
POSITIVE REGULATION OF AUTOPHAGY%GOBP%GO:0010508	POSITIVE REGULATION OF AUTOPHAGY%GOBP%GO:0010508		132	-0.32879674	-1.1210417	0.22222222	0.8485903	1.0	1716	tags=17%, list=10%, signal=18%	
DYRK1A INVOLVEMENT REGARDING CELL PROLIFERATION IN BRAIN DEVELOPMENT%WIKIPATHWAYS_20250810%WP5180%HOMO SAPIENS	DYRK1A INVOLVEMENT REGARDING CELL PROLIFERATION IN BRAIN DEVELOPMENT%WIKIPATHWAYS_20250810%WP5180%HOMO SAPIENS		45	-0.3888449	-1.1202208	0.268431	0.8507655	1.0	2907	tags=29%, list=18%, signal=35%	
HETEROTYPIC CELL-CELL ADHESION%GOBP%GO:0034113	HETEROTYPIC CELL-CELL ADHESION%GOBP%GO:0034113		27	-0.42524138	-1.1202186	0.26966292	0.8496631	1.0	1983	tags=19%, list=12%, signal=21%	
MITOCHONDRIAL FATTY ACID BETA-OXIDATION%REACTOME DATABASE ID RELEASE 93%77289	MITOCHONDRIAL FATTY ACID BETA-OXIDATION%REACTOME DATABASE ID RELEASE 93%77289		35	-0.409979	-1.1189482	0.27767354	0.85355943	1.0	837	tags=14%, list=5%, signal=15%	
REGULATION OF MECP2 EXPRESSION AND ACTIVITY%REACTOME%R-HSA-9022692.2	REGULATION OF MECP2 EXPRESSION AND ACTIVITY%REACTOME%R-HSA-9022692.2		28	-0.41604167	-1.118649	0.2907662	0.85368305	1.0	1382	tags=21%, list=8%, signal=23%	
REGULATION OF MAP KINASE ACTIVITY%GOBP%GO:0043405	REGULATION OF MAP KINASE ACTIVITY%GOBP%GO:0043405		52	-0.37409607	-1.1185828	0.26217228	0.8528388	1.0	489	tags=8%, list=3%, signal=8%	
DNA DOUBLE-STRAND BREAK REPAIR%REACTOME DATABASE ID RELEASE 93%5693532	DNA DOUBLE-STRAND BREAK REPAIR%REACTOME DATABASE ID RELEASE 93%5693532		133	-0.32904142	-1.1180006	0.21847247	0.8539714	1.0	2528	tags=26%, list=15%, signal=31%	
POSITIVE REGULATION OF MITOCHONDRIAL FISSION%GOBP%GO:0090141	POSITIVE REGULATION OF MITOCHONDRIAL FISSION%GOBP%GO:0090141		19	-0.45832515	-1.1177425	0.31910568	0.8538399	1.0	3175	tags=32%, list=19%, signal=39%	
NEGATIVE REGULATION OF DNA BIOSYNTHETIC PROCESS%GOBP%GO:2000279	NEGATIVE REGULATION OF DNA BIOSYNTHETIC PROCESS%GOBP%GO:2000279		22	-0.4440821	-1.1176078	0.31548756	0.85326385	1.0	1484	tags=23%, list=9%, signal=25%	
TRANSLESION SYNTHESIS BY POLK%REACTOME%R-HSA-5655862.2	TRANSLESION SYNTHESIS BY POLK%REACTOME%R-HSA-5655862.2		17	-0.47915274	-1.1171398	0.3307393	0.8539966	1.0	715	tags=24%, list=4%, signal=25%	
POSITIVE REGULATION OF INTERLEUKIN-2 PRODUCTION%GOBP%GO:0032743	POSITIVE REGULATION OF INTERLEUKIN-2 PRODUCTION%GOBP%GO:0032743		24	-0.44017377	-1.1156538	0.29850745	0.858752	1.0	4172	tags=42%, list=25%, signal=56%	
NEUROGENESIS REGULATION IN THE OLFACTORY EPITHELIUM%WIKIPATHWAYS_20250810%WP5265%HOMO SAPIENS	NEUROGENESIS REGULATION IN THE OLFACTORY EPITHELIUM%WIKIPATHWAYS_20250810%WP5265%HOMO SAPIENS		41	-0.39139354	-1.1153204	0.2833638	0.8590074	1.0	1590	tags=12%, list=10%, signal=13%	
PPARA ACTIVATES GENE EXPRESSION%REACTOME%R-HSA-1989781.6	PPARA ACTIVATES GENE EXPRESSION%REACTOME%R-HSA-1989781.6		98	-0.34005812	-1.1146997	0.22203098	0.86040556	1.0	3510	tags=32%, list=21%, signal=40%	
HOST-MEDIATED PERTURBATION OF SYMBIONT PROCESS%GOBP%GO:0051851	HOST-MEDIATED PERTURBATION OF SYMBIONT PROCESS%GOBP%GO:0051851		83	-0.34058076	-1.113233	0.24098672	0.8650796	1.0	2830	tags=24%, list=17%, signal=29%	
NEGATIVE REGULATION OF FATTY ACID METABOLIC PROCESS%GOBP%GO:0045922	NEGATIVE REGULATION OF FATTY ACID METABOLIC PROCESS%GOBP%GO:0045922		25	-0.4370653	-1.1130463	0.31650487	0.86470586	1.0	1135	tags=12%, list=7%, signal=13%	
GLYCOSYLPHOSPHATIDYL INOSITOL ANCHOR PATHWAY%WIKIPATHWAYS_20250810%WP5505%HOMO SAPIENS	GLYCOSYLPHOSPHATIDYL INOSITOL ANCHOR PATHWAY%WIKIPATHWAYS_20250810%WP5505%HOMO SAPIENS		21	-0.44885132	-1.112772	0.31379962	0.8647096	1.0	1157	tags=24%, list=7%, signal=26%	
NEGATIVE REGULATION OF MITOTIC CELL CYCLE%GOBP%GO:0045930	NEGATIVE REGULATION OF MITOTIC CELL CYCLE%GOBP%GO:0045930		161	-0.3178578	-1.1126436	0.2212693	0.86407745	1.0	2728	tags=24%, list=17%, signal=29%	
FOXO-MEDIATED TRANSCRIPTION OF OXIDATIVE STRESS, METABOLIC AND NEURONAL GENES%REACTOME%R-HSA-9615017.2	FOXO-MEDIATED TRANSCRIPTION OF OXIDATIVE STRESS, METABOLIC AND NEURONAL GENES%REACTOME%R-HSA-9615017.2		20	-0.45200986	-1.1125658	0.2808081	0.8632922	1.0	2498	tags=20%, list=15%, signal=24%	
TRANSCRIPTIONAL REGULATION OF WHITE ADIPOCYTE DIFFERENTIATION%REACTOME DATABASE ID RELEASE 93%381340	TRANSCRIPTIONAL REGULATION OF WHITE ADIPOCYTE DIFFERENTIATION%REACTOME DATABASE ID RELEASE 93%381340		77	-0.3464873	-1.1119586	0.24528302	0.8645247	1.0	1777	tags=18%, list=11%, signal=20%	
SMOOTH MUSCLE CONTRACTION%GOBP%GO:0006939	SMOOTH MUSCLE CONTRACTION%GOBP%GO:0006939		21	-0.4438045	-1.1118917	0.30039525	0.86371607	1.0	2093	tags=19%, list=13%, signal=22%	
FAS (CD95) SIGNALING PATHWAY%PATHWAY INTERACTION DATABASE NCI-NATURE CURATED DATA%FAS (CD95) SIGNALING PATHWAY	FAS (CD95) SIGNALING PATHWAY%PATHWAY INTERACTION DATABASE NCI-NATURE CURATED DATA%FAS (CD95) SIGNALING PATHWAY		33	-0.40608847	-1.1116526	0.3120155	0.8635643	1.0	975	tags=15%, list=6%, signal=16%	
ETOPOSIDE ACTION PATHWAY%SMPDB%SMP0000442	ETOPOSIDE ACTION PATHWAY%SMPDB%SMP0000442		16	-0.47737288	-1.1111151	0.33064517	0.8645371	1.0	699	tags=19%, list=4%, signal=20%	
ENDOLYSOSOMAL TOLL-LIKE RECEPTOR SIGNALING PATHWAY%GOBP%GO:0140894	ENDOLYSOSOMAL TOLL-LIKE RECEPTOR SIGNALING PATHWAY%GOBP%GO:0140894		19	-0.46376622	-1.1109184	0.32239383	0.8642197	1.0	1052	tags=16%, list=6%, signal=17%	
REGULATION OF CENTRIOLE REPLICATION%GOBP%GO:0046599	REGULATION OF CENTRIOLE REPLICATION%GOBP%GO:0046599		21	-0.443705	-1.1105819	0.31835938	0.8644465	1.0	2452	tags=38%, list=15%, signal=45%	
REGULATION OF MITOTIC NUCLEAR DIVISION%GOBP%GO:0007088	REGULATION OF MITOTIC NUCLEAR DIVISION%GOBP%GO:0007088		93	-0.3390889	-1.1090999	0.2647059	0.8692258	1.0	3139	tags=25%, list=19%, signal=30%	
REGULATION OF P38-ALPHA AND P38-BETA%PATHWAY INTERACTION DATABASE NCI-NATURE CURATED DATA%REGULATION OF P38-ALPHA AND P38-BETA	REGULATION OF P38-ALPHA AND P38-BETA%PATHWAY INTERACTION DATABASE NCI-NATURE CURATED DATA%REGULATION OF P38-ALPHA AND P38-BETA		31	-0.40216675	-1.1090441	0.3003876	0.8683565	1.0	1145	tags=13%, list=7%, signal=14%	
POSITIVE REGULATION OF NATURAL KILLER CELL MEDIATED IMMUNITY%GOBP%GO:0002717	POSITIVE REGULATION OF NATURAL KILLER CELL MEDIATED IMMUNITY%GOBP%GO:0002717		15	-0.47888562	-1.1084024	0.32908705	0.8697788	1.0	670	tags=13%, list=4%, signal=14%	
CDC42 SIGNALING EVENTS%PATHWAY INTERACTION DATABASE NCI-NATURE CURATED DATA%CDC42 SIGNALING EVENTS	CDC42 SIGNALING EVENTS%PATHWAY INTERACTION DATABASE NCI-NATURE CURATED DATA%CDC42 SIGNALING EVENTS		66	-0.36320123	-1.107988	0.27450982	0.87027013	1.0	1696	tags=26%, list=10%, signal=29%	
DOWNREGULATION OF SMAD2 3:SMAD4 TRANSCRIPTIONAL ACTIVITY%REACTOME DATABASE ID RELEASE 93%2173795	DOWNREGULATION OF SMAD2 3:SMAD4 TRANSCRIPTIONAL ACTIVITY%REACTOME DATABASE ID RELEASE 93%2173795		27	-0.42519602	-1.1076843	0.28790787	0.8703261	1.0	1044	tags=22%, list=6%, signal=24%	
CORTICAL ACTIN CYTOSKELETON ORGANIZATION%GOBP%GO:0030866	CORTICAL ACTIN CYTOSKELETON ORGANIZATION%GOBP%GO:0030866		25	-0.4212264	-1.1076047	0.30861723	0.86954224	1.0	2017	tags=24%, list=12%, signal=27%	
PDGF PATHWAY%WIKIPATHWAYS_20250810%WP2526%HOMO SAPIENS	PDGF PATHWAY%WIKIPATHWAYS_20250810%WP2526%HOMO SAPIENS		30	-0.41246173	-1.10718	0.29787233	0.87008995	1.0	1185	tags=20%, list=7%, signal=22%	
DISORDERS OF MITOCHONDRIAL HOMEOSTATIS DYNAMICS PROTEIN IMPORT AND QUALITY CONTROL%WIKIPATHWAYS_20250810%WP5504%HOMO SAPIENS	DISORDERS OF MITOCHONDRIAL HOMEOSTATIS DYNAMICS PROTEIN IMPORT AND QUALITY CONTROL%WIKIPATHWAYS_20250810%WP5504%HOMO SAPIENS		49	-0.37172952	-1.1059111	0.28465804	0.87399405	1.0	1362	tags=18%, list=8%, signal=20%	
RESPONSE TO IONIZING RADIATION%GOBP%GO:0010212	RESPONSE TO IONIZING RADIATION%GOBP%GO:0010212		84	-0.34163946	-1.1057826	0.252809	0.87339205	1.0	2528	tags=27%, list=15%, signal=32%	
NUCLEOSOME ASSEMBLY%GOBP%GO:0006334	NUCLEOSOME ASSEMBLY%GOBP%GO:0006334		45	-0.3858418	-1.1053478	0.2889306	0.8739441	1.0	546	tags=9%, list=3%, signal=9%	
INTEGRATED BREAST CANCER PATHWAY%WIKIPATHWAYS_20250810%WP1984%HOMO SAPIENS	INTEGRATED BREAST CANCER PATHWAY%WIKIPATHWAYS_20250810%WP1984%HOMO SAPIENS		124	-0.32505834	-1.1050501	0.2369338	0.87398905	1.0	2725	tags=24%, list=17%, signal=29%	
ENERGY RESERVE METABOLIC PROCESS%GOBP%GO:0006112	ENERGY RESERVE METABOLIC PROCESS%GOBP%GO:0006112		38	-0.3910286	-1.1048745	0.31910947	0.87356865	1.0	2177	tags=26%, list=13%, signal=30%	
PEROXISOMAL MEMBRANE TRANSPORT%GOBP%GO:0015919	PEROXISOMAL MEMBRANE TRANSPORT%GOBP%GO:0015919		19	-0.46529466	-1.1048629	0.3378119	0.87252176	1.0	2407	tags=42%, list=15%, signal=49%	
MEMBRANE REPOLARIZATION DURING ACTION POTENTIAL%GOBP%GO:0086011	MEMBRANE REPOLARIZATION DURING ACTION POTENTIAL%GOBP%GO:0086011		16	-0.4817218	-1.1045626	0.3234714	0.87260234	1.0	4049	tags=31%, list=25%, signal=41%	
CENTRAL NERVOUS SYSTEM NEURON DEVELOPMENT%GOBP%GO:0021954	CENTRAL NERVOUS SYSTEM NEURON DEVELOPMENT%GOBP%GO:0021954		36	-0.40388572	-1.104428	0.29803923	0.872027	1.0	2732	tags=28%, list=17%, signal=33%	
NUCLEAR RECEPTOR-MEDIATED SIGNALING PATHWAY%GOBP%GO:0141193	NUCLEAR RECEPTOR-MEDIATED SIGNALING PATHWAY%GOBP%GO:0141193		63	-0.36378068	-1.1036092	0.2518116	0.8740902	1.0	2843	tags=25%, list=17%, signal=31%	
ORGANELLE DISASSEMBLY%GOBP%GO:1903008	ORGANELLE DISASSEMBLY%GOBP%GO:1903008		67	-0.3568416	-1.1033597	0.25905797	0.87398946	1.0	1716	tags=19%, list=10%, signal=22%	
NEGATIVE REGULATION OF G1/S TRANSITION OF MITOTIC CELL CYCLE%GOBP%GO:2000134	NEGATIVE REGULATION OF G1/S TRANSITION OF MITOTIC CELL CYCLE%GOBP%GO:2000134		42	-0.39166963	-1.1030824	0.28875968	0.8740157	1.0	2728	tags=33%, list=17%, signal=40%	
PID_INTEGRIN_CS_PATHWAY%MSIGDB_C2%PID_INTEGRIN_CS_PATHWAY	PID_INTEGRIN_CS_PATHWAY%MSIGDB_C2%PID_INTEGRIN_CS_PATHWAY		16	-0.48086244	-1.1029053	0.34450653	0.873583	1.0	2296	tags=25%, list=14%, signal=29%	
RRNA PROCESSING%GOBP%GO:0006364	RRNA PROCESSING%GOBP%GO:0006364		150	-0.31801036	-1.1027172	0.24479167	0.8732309	1.0	2283	tags=23%, list=14%, signal=26%	
POSITIVE REGULATION OF RECEPTOR INTERNALIZATION%GOBP%GO:0002092	POSITIVE REGULATION OF RECEPTOR INTERNALIZATION%GOBP%GO:0002092		20	-0.45735148	-1.102624	0.33075434	0.8725177	1.0	2445	tags=25%, list=15%, signal=29%	
REGULATION OF ENDOGENOUS RETROELEMENTS BY THE HUMAN SILENCING HUB (HUSH) COMPLEX%REACTOME DATABASE ID RELEASE 93%9843970	REGULATION OF ENDOGENOUS RETROELEMENTS BY THE HUMAN SILENCING HUB (HUSH) COMPLEX%REACTOME DATABASE ID RELEASE 93%9843970		22	-0.43436372	-1.1019965	0.3045977	0.8739054	1.0	2135	tags=23%, list=13%, signal=26%	
GASTRIC CANCER NETWORK 2%WIKIPATHWAYS_20250810%WP2363%HOMO SAPIENS	GASTRIC CANCER NETWORK 2%WIKIPATHWAYS_20250810%WP2363%HOMO SAPIENS		25	-0.42227998	-1.1014405	0.30588236	0.8750495	1.0	3398	tags=28%, list=21%, signal=35%	
HDMS DEMETHYLATE HISTONES%REACTOME DATABASE ID RELEASE 93%3214842	HDMS DEMETHYLATE HISTONES%REACTOME DATABASE ID RELEASE 93%3214842		20	-0.44892687	-1.100987	0.33205375	0.87578666	1.0	3576	tags=50%, list=22%, signal=64%	
REGULATION OF DENDRITIC SPINE MORPHOGENESIS%GOBP%GO:0061001	REGULATION OF DENDRITIC SPINE MORPHOGENESIS%GOBP%GO:0061001		30	-0.41152424	-1.10077	0.29755178	0.87558544	1.0	3847	tags=40%, list=23%, signal=52%	
CHROMOSOME MAINTENANCE%REACTOME DATABASE ID RELEASE 93%73886	CHROMOSOME MAINTENANCE%REACTOME DATABASE ID RELEASE 93%73886		95	-0.33962357	-1.1007466	0.2639138	0.87458074	1.0	1217	tags=14%, list=7%, signal=15%	
ANDROGEN RECEPTOR SIGNALING%WIKIPATHWAYS_20250810%WP138%HOMO SAPIENS	ANDROGEN RECEPTOR SIGNALING%WIKIPATHWAYS_20250810%WP138%HOMO SAPIENS		62	-0.362794	-1.0999416	0.270751	0.8765989	1.0	1077	tags=18%, list=7%, signal=19%	
NEGATIVE REGULATION OF TUMOR NECROSIS FACTOR-MEDIATED SIGNALING PATHWAY%GOBP%GO:0010804	NEGATIVE REGULATION OF TUMOR NECROSIS FACTOR-MEDIATED SIGNALING PATHWAY%GOBP%GO:0010804		20	-0.45024204	-1.0996755	0.34302327	0.8765349	1.0	1723	tags=20%, list=10%, signal=22%	
POSITIVE REGULATION OF PROTEIN KINASE ACTIVITY%GOBP%GO:0045860	POSITIVE REGULATION OF PROTEIN KINASE ACTIVITY%GOBP%GO:0045860		98	-0.33118916	-1.0991949	0.26217228	0.87732375	1.0	2942	tags=22%, list=18%, signal=27%	
CELLULAR RESPONSE TO MISFOLDED PROTEIN%GOBP%GO:0071218	CELLULAR RESPONSE TO MISFOLDED PROTEIN%GOBP%GO:0071218		15	-0.47595564	-1.0991734	0.34146342	0.8763252	1.0	1176	tags=27%, list=7%, signal=29%	
PHOSPHOINOSITIDES METABOLISM%WIKIPATHWAYS_20250810%WP4971%HOMO SAPIENS	PHOSPHOINOSITIDES METABOLISM%WIKIPATHWAYS_20250810%WP4971%HOMO SAPIENS		41	-0.38781333	-1.099038	0.29650092	0.8757759	1.0	2656	tags=29%, list=16%, signal=35%	
GLYCEROPHOSPHOLIPID BIOSYNTHETIC PROCESS%GOBP%GO:0046474	GLYCEROPHOSPHOLIPID BIOSYNTHETIC PROCESS%GOBP%GO:0046474		158	-0.31465438	-1.098949	0.22336769	0.875046	1.0	2221	tags=18%, list=14%, signal=20%	
OXIDATION BY CYTOCHROME P450%WIKIPATHWAYS_20250810%WP43%HOMO SAPIENS	OXIDATION BY CYTOCHROME P450%WIKIPATHWAYS_20250810%WP43%HOMO SAPIENS		26	-0.42852458	-1.0987014	0.3216495	0.874951	1.0	2578	tags=31%, list=16%, signal=36%	
BARD1 SIGNALING EVENTS%PATHWAY INTERACTION DATABASE NCI-NATURE CURATED DATA%BARD1 SIGNALING EVENTS	BARD1 SIGNALING EVENTS%PATHWAY INTERACTION DATABASE NCI-NATURE CURATED DATA%BARD1 SIGNALING EVENTS		27	-0.41526297	-1.098025	0.30350193	0.87655544	1.0	1866	tags=26%, list=11%, signal=29%	
REGULATION OF CANONICAL WNT SIGNALING PATHWAY%GOBP%GO:0060828	REGULATION OF CANONICAL WNT SIGNALING PATHWAY%GOBP%GO:0060828		183	-0.30967793	-1.0978812	0.22125435	0.87605935	1.0	3216	tags=27%, list=20%, signal=34%	
CELLULAR RESPONSE TO CALCIUM ION%GOBP%GO:0071277	CELLULAR RESPONSE TO CALCIUM ION%GOBP%GO:0071277		46	-0.38585922	-1.0977272	0.3034735	0.87555176	1.0	2623	tags=17%, list=16%, signal=21%	
GLYCOGEN SYNTHESIS AND DEGRADATION%WIKIPATHWAYS_20250810%WP500%HOMO SAPIENS	GLYCOGEN SYNTHESIS AND DEGRADATION%WIKIPATHWAYS_20250810%WP500%HOMO SAPIENS		26	-0.42090732	-1.0973768	0.31619048	0.8758426	1.0	1549	tags=23%, list=9%, signal=25%	
DETERMINATION OF BILATERAL SYMMETRY%GOBP%GO:0009855	DETERMINATION OF BILATERAL SYMMETRY%GOBP%GO:0009855		59	-0.36107793	-1.0972973	0.28248587	0.8750742	1.0	662	tags=10%, list=4%, signal=11%	
HEME SIGNALING%REACTOME%R-HSA-9707616.4	HEME SIGNALING%REACTOME%R-HSA-9707616.4		41	-0.38786677	-1.0972179	0.30458716	0.87432164	1.0	3393	tags=34%, list=21%, signal=43%	
AURORA B SIGNALING%PATHWAY INTERACTION DATABASE NCI-NATURE CURATED DATA%AURORA B SIGNALING	AURORA B SIGNALING%PATHWAY INTERACTION DATABASE NCI-NATURE CURATED DATA%AURORA B SIGNALING		38	-0.38371345	-1.0971934	0.30357143	0.8733635	1.0	1405	tags=18%, list=9%, signal=20%	
SPECIFICATION OF SYMMETRY%GOBP%GO:0009799	SPECIFICATION OF SYMMETRY%GOBP%GO:0009799		59	-0.36107793	-1.0963877	0.30783582	0.87550044	1.0	662	tags=10%, list=4%, signal=11%	
INTRACELLULAR SIGNALLING THROUGH ADENOSINE RECEPTOR A2B AND ADENOSINE%SMPDB%SMP0000321	INTRACELLULAR SIGNALLING THROUGH ADENOSINE RECEPTOR A2B AND ADENOSINE%SMPDB%SMP0000321		38	-0.38995072	-1.0962029	0.31536925	0.87515545	1.0	975	tags=21%, list=6%, signal=22%	
EMBRYONIC AXIS SPECIFICATION%GOBP%GO:0000578	EMBRYONIC AXIS SPECIFICATION%GOBP%GO:0000578		20	-0.4473768	-1.0961347	0.3174905	0.87436545	1.0	3526	tags=35%, list=21%, signal=45%	
TGF_BETA_RECEPTOR%IOB%TGF_BETA_RECEPTOR	TGF_BETA_RECEPTOR%IOB%TGF_BETA_RECEPTOR		117	-0.32688308	-1.0961326	0.25265017	0.8733207	1.0	2631	tags=24%, list=16%, signal=28%	
MODULATION OF PROCESS OF ANOTHER ORGANISM%GOBP%GO:0035821	MODULATION OF PROCESS OF ANOTHER ORGANISM%GOBP%GO:0035821		84	-0.3402289	-1.095418	0.2635379	0.87501323	1.0	2830	tags=24%, list=17%, signal=29%	
NEGATIVE REGULATION OF CELL CYCLE G1/S PHASE TRANSITION%GOBP%GO:1902807	NEGATIVE REGULATION OF CELL CYCLE G1/S PHASE TRANSITION%GOBP%GO:1902807		44	-0.37742037	-1.0950075	0.31876138	0.87552106	1.0	2728	tags=34%, list=17%, signal=41%	
PID_KIT_PATHWAY%MSIGDB_C2%PID_KIT_PATHWAY	PID_KIT_PATHWAY%MSIGDB_C2%PID_KIT_PATHWAY		43	-0.3797356	-1.0949097	0.30314234	0.8748591	1.0	641	tags=16%, list=4%, signal=17%	
INHIBITION OF GNAQ REGULATED SIGNALING IN UVEAL MELANOMA%WIKIPATHWAYS_20250810%WP5490%HOMO SAPIENS	INHIBITION OF GNAQ REGULATED SIGNALING IN UVEAL MELANOMA%WIKIPATHWAYS_20250810%WP5490%HOMO SAPIENS		25	-0.43949956	-1.0945914	0.3137255	0.8750044	1.0	3227	tags=48%, list=20%, signal=60%	
POSITIVE REGULATION OF D-GLUCOSE TRANSMEMBRANE TRANSPORT%GOBP%GO:0010828	POSITIVE REGULATION OF D-GLUCOSE TRANSMEMBRANE TRANSPORT%GOBP%GO:0010828		27	-0.42280215	-1.0941348	0.3326886	0.8757019	1.0	2846	tags=30%, list=17%, signal=36%	
MITOCHONDRIAL RNA METABOLIC PROCESS%GOBP%GO:0000959	MITOCHONDRIAL RNA METABOLIC PROCESS%GOBP%GO:0000959		48	-0.37300462	-1.094031	0.279646	0.875101	1.0	2033	tags=29%, list=12%, signal=33%	
ACTIVATION OF INNATE IMMUNE RESPONSE%GOBP%GO:0002218	ACTIVATION OF INNATE IMMUNE RESPONSE%GOBP%GO:0002218		134	-0.32190624	-1.0929894	0.24497257	0.878085	1.0	3114	tags=25%, list=19%, signal=30%	
RESPONSE TO STARVATION%GOBP%GO:0042594	RESPONSE TO STARVATION%GOBP%GO:0042594		141	-0.3164339	-1.0922085	0.25618374	0.88004357	1.0	1627	tags=17%, list=10%, signal=19%	
MIRNA REGULATION OF PROSTATE CANCER SIGNALING%WIKIPATHWAYS_20250810%WP3981%HOMO SAPIENS	MIRNA REGULATION OF PROSTATE CANCER SIGNALING%WIKIPATHWAYS_20250810%WP3981%HOMO SAPIENS		24	-0.42643735	-1.0917183	0.33579335	0.8809235	1.0	1822	tags=21%, list=11%, signal=23%	
REGULATION OF ADIPOSE TISSUE DEVELOPMENT%GOBP%GO:1904177	REGULATION OF ADIPOSE TISSUE DEVELOPMENT%GOBP%GO:1904177		16	-0.46470737	-1.0905448	0.32539684	0.8843985	1.0	2843	tags=31%, list=17%, signal=38%	
MATERNAL TO ZYGOTIC TRANSITION (MZT)%REACTOME%R-HSA-9816359.2	MATERNAL TO ZYGOTIC TRANSITION (MZT)%REACTOME%R-HSA-9816359.2		54	-0.364712	-1.0902995	0.30566037	0.884282	1.0	3691	tags=35%, list=22%, signal=45%	
REGULATION OF FIBROBLAST MIGRATION%GOBP%GO:0010762	REGULATION OF FIBROBLAST MIGRATION%GOBP%GO:0010762		20	-0.44563174	-1.0896645	0.36398467	0.88566345	1.0	3688	tags=35%, list=22%, signal=45%	
CRANIAL SKELETAL SYSTEM DEVELOPMENT%GOBP%GO:1904888	CRANIAL SKELETAL SYSTEM DEVELOPMENT%GOBP%GO:1904888		21	-0.43277276	-1.0893065	0.34932822	0.8859601	1.0	741	tags=10%, list=5%, signal=10%	
REGULATION OF TRANSLATIONAL INITIATION%GOBP%GO:0006446	REGULATION OF TRANSLATIONAL INITIATION%GOBP%GO:0006446		71	-0.35045227	-1.0890751	0.2882883	0.8858316	1.0	1613	tags=17%, list=10%, signal=19%	
INSULIN PATHWAY%PATHWAY INTERACTION DATABASE NCI-NATURE CURATED DATA%INSULIN PATHWAY	INSULIN PATHWAY%PATHWAY INTERACTION DATABASE NCI-NATURE CURATED DATA%INSULIN PATHWAY		43	-0.38001475	-1.0889044	0.30241188	0.8854159	1.0	2403	tags=28%, list=15%, signal=33%	
BMP SIGNALING PATHWAY%GOBP%GO:0030509	BMP SIGNALING PATHWAY%GOBP%GO:0030509		39	-0.3807484	-1.0885035	0.29803923	0.8859804	1.0	2217	tags=23%, list=14%, signal=27%	
ANTIVIRAL AND ANTI INFLAMMATORY EFFECTS OF NRF2 ON SARS COV 2 PATHWAY%WIKIPATHWAYS_20250810%WP5113%HOMO SAPIENS	ANTIVIRAL AND ANTI INFLAMMATORY EFFECTS OF NRF2 ON SARS COV 2 PATHWAY%WIKIPATHWAYS_20250810%WP5113%HOMO SAPIENS		22	-0.42970732	-1.0884107	0.34117648	0.88529956	1.0	1912	tags=27%, list=12%, signal=31%	
TRANSCRIPTIONAL REGULATION BY MECP2%REACTOME%R-HSA-8986944.4	TRANSCRIPTIONAL REGULATION BY MECP2%REACTOME%R-HSA-8986944.4		50	-0.37263963	-1.087742	0.2689243	0.8869	1.0	1382	tags=16%, list=8%, signal=17%	
INNER EAR MORPHOGENESIS%GOBP%GO:0042472	INNER EAR MORPHOGENESIS%GOBP%GO:0042472		29	-0.41582313	-1.0876535	0.32523364	0.8862107	1.0	4285	tags=38%, list=26%, signal=51%	
WNT SIGNALING%WIKIPATHWAYS_20250810%WP428%HOMO SAPIENS	WNT SIGNALING%WIKIPATHWAYS_20250810%WP428%HOMO SAPIENS		78	-0.342945	-1.0873836	0.2844523	0.88621926	1.0	2942	tags=23%, list=18%, signal=28%	
DOWNSTREAM SIGNAL TRANSDUCTION%REACTOME DATABASE ID RELEASE 93%186763	DOWNSTREAM SIGNAL TRANSDUCTION%REACTOME DATABASE ID RELEASE 93%186763		25	-0.42742074	-1.08689	0.33204633	0.88711524	1.0	2189	tags=28%, list=13%, signal=32%	
WNT SIGNALING PATHWAY%PANTHER PATHWAY%P00057	WNT SIGNALING PATHWAY%PANTHER PATHWAY%P00057		160	-0.31302497	-1.0867136	0.2318105	0.8867508	1.0	2979	tags=23%, list=18%, signal=27%	
REGULATION OF ANDROGEN RECEPTOR ACTIVITY%PATHWAY INTERACTION DATABASE NCI-NATURE CURATED DATA%REGULATION OF ANDROGEN RECEPTOR ACTIVITY	REGULATION OF ANDROGEN RECEPTOR ACTIVITY%PATHWAY INTERACTION DATABASE NCI-NATURE CURATED DATA%REGULATION OF ANDROGEN RECEPTOR ACTIVITY		46	-0.37133688	-1.0848656	0.31675875	0.89283663	1.0	965	tags=20%, list=6%, signal=21%	
LAMELLIPODIUM ASSEMBLY%GOBP%GO:0030032	LAMELLIPODIUM ASSEMBLY%GOBP%GO:0030032		24	-0.4272458	-1.0846319	0.33268481	0.8927148	1.0	3647	tags=33%, list=22%, signal=43%	
TELOMERE MAINTENANCE%GOBP%GO:0000723	TELOMERE MAINTENANCE%GOBP%GO:0000723		84	-0.3358189	-1.0844533	0.27807486	0.89236623	1.0	1687	tags=19%, list=10%, signal=21%	
SENSORY ORGAN DEVELOPMENT%GOBP%GO:0007423	SENSORY ORGAN DEVELOPMENT%GOBP%GO:0007423		188	-0.3044801	-1.0843421	0.27256945	0.89173436	1.0	3776	tags=27%, list=23%, signal=34%	
SULFUR AMINO ACID METABOLIC PROCESS%GOBP%GO:0000096	SULFUR AMINO ACID METABOLIC PROCESS%GOBP%GO:0000096		25	-0.42220426	-1.0841264	0.33461538	0.89152855	1.0	1006	tags=16%, list=6%, signal=17%	
NEGATIVE REGULATION OF AUTOPHAGY%GOBP%GO:0010507	NEGATIVE REGULATION OF AUTOPHAGY%GOBP%GO:0010507		73	-0.34270748	-1.0841233	0.28756958	0.8905007	1.0	2789	tags=30%, list=17%, signal=36%	
LEPTIN%IOB%LEPTIN	LEPTIN%IOB%LEPTIN		21	-0.43547425	-1.0839165	0.34799236	0.8902578	1.0	2518	tags=33%, list=15%, signal=39%	
IL12 SIGNALING MEDIATED BY STAT4%PATHWAY INTERACTION DATABASE NCI-NATURE CURATED DATA%IL12 SIGNALING MEDIATED BY STAT4	IL12 SIGNALING MEDIATED BY STAT4%PATHWAY INTERACTION DATABASE NCI-NATURE CURATED DATA%IL12 SIGNALING MEDIATED BY STAT4		26	-0.41477644	-1.0831134	0.3463687	0.8923544	1.0	4172	tags=38%, list=25%, signal=51%	
HCMV INFECTION%REACTOME DATABASE ID RELEASE 93%9609646	HCMV INFECTION%REACTOME DATABASE ID RELEASE 93%9609646		84	-0.3413783	-1.0830458	0.30530164	0.89157796	1.0	1402	tags=14%, list=9%, signal=16%	
UB-SPECIFIC PROCESSING PROTEASES%REACTOME DATABASE ID RELEASE 93%5689880	UB-SPECIFIC PROCESSING PROTEASES%REACTOME DATABASE ID RELEASE 93%5689880		150	-0.30873916	-1.0828797	0.2741652	0.89117926	1.0	1712	tags=15%, list=10%, signal=16%	
POSITIVE REGULATION OF FILOPODIUM ASSEMBLY%GOBP%GO:0051491	POSITIVE REGULATION OF FILOPODIUM ASSEMBLY%GOBP%GO:0051491		26	-0.41561463	-1.0821602	0.3272059	0.8930448	1.0	2381	tags=19%, list=15%, signal=22%	
INTRA-GOLGI VESICLE-MEDIATED TRANSPORT%GOBP%GO:0006891	INTRA-GOLGI VESICLE-MEDIATED TRANSPORT%GOBP%GO:0006891		30	-0.40875414	-1.0820093	0.3197026	0.8925706	1.0	2066	tags=23%, list=13%, signal=27%	
CELLULAR RESPONSE TO LECTIN%GOBP%GO:1990858	CELLULAR RESPONSE TO LECTIN%GOBP%GO:1990858		16	-0.46604857	-1.0812808	0.34697855	0.8943985	1.0	2942	tags=31%, list=18%, signal=38%	
STEM CELL PROLIFERATION%GOBP%GO:0072089	STEM CELL PROLIFERATION%GOBP%GO:0072089		16	-0.46386206	-1.0812588	0.36174244	0.89344496	1.0	6169	tags=56%, list=38%, signal=90%	
HOMOLOGOUS DNA PAIRING AND STRAND EXCHANGE%REACTOME%R-HSA-5693579.5	HOMOLOGOUS DNA PAIRING AND STRAND EXCHANGE%REACTOME%R-HSA-5693579.5		41	-0.37357974	-1.0807117	0.32038835	0.89452624	1.0	4335	tags=39%, list=26%, signal=53%	
POSITIVE REGULATION OF NERVOUS SYSTEM PROCESS%GOBP%GO:0031646	POSITIVE REGULATION OF NERVOUS SYSTEM PROCESS%GOBP%GO:0031646		17	-0.45842588	-1.0803758	0.34225622	0.8947815	1.0	2207	tags=24%, list=13%, signal=27%	
CIRCADIAN RHYTHM%GOBP%GO:0007623	CIRCADIAN RHYTHM%GOBP%GO:0007623		84	-0.3319709	-1.0803292	0.2857143	0.89392245	1.0	1398	tags=17%, list=9%, signal=18%	
POSITIVE REGULATION OF NATURAL KILLER CELL MEDIATED CYTOTOXICITY%GOBP%GO:0045954	POSITIVE REGULATION OF NATURAL KILLER CELL MEDIATED CYTOTOXICITY%GOBP%GO:0045954		15	-0.47888562	-1.0799875	0.37938145	0.8942088	1.0	670	tags=13%, list=4%, signal=14%	
BIOCARTA_CTCF_PATHWAY%MSIGDB_C2%BIOCARTA_CTCF_PATHWAY	BIOCARTA_CTCF_PATHWAY%MSIGDB_C2%BIOCARTA_CTCF_PATHWAY		17	-0.4535118	-1.0798904	0.34319526	0.8935492	1.0	2725	tags=24%, list=17%, signal=28%	
EPITHELIAL CILIUM MOVEMENT INVOLVED IN EXTRACELLULAR FLUID MOVEMENT%GOBP%GO:0003351	EPITHELIAL CILIUM MOVEMENT INVOLVED IN EXTRACELLULAR FLUID MOVEMENT%GOBP%GO:0003351		16	-0.46271488	-1.078801	0.34942085	0.8967785	1.0	3771	tags=38%, list=23%, signal=49%	
TRNA AMINOACYLATION%REACTOME%R-HSA-379724.3	TRNA AMINOACYLATION%REACTOME%R-HSA-379724.3		39	-0.3776755	-1.0786232	0.3140187	0.89645433	1.0	1951	tags=23%, list=12%, signal=26%	
PEPTIDYL-SERINE PHOSPHORYLATION%GOBP%GO:0018105	PEPTIDYL-SERINE PHOSPHORYLATION%GOBP%GO:0018105		37	-0.39098793	-1.0783463	0.3433396	0.8964609	1.0	2187	tags=24%, list=13%, signal=28%	
TRANSPORT OF MATURE MRNA DERIVED FROM AN INTRON-CONTAINING TRANSCRIPT%REACTOME%R-HSA-159236.5	TRANSPORT OF MATURE MRNA DERIVED FROM AN INTRON-CONTAINING TRANSCRIPT%REACTOME%R-HSA-159236.5		62	-0.3578815	-1.077934	0.30214426	0.8970162	1.0	1893	tags=21%, list=12%, signal=24%	
GLYCEROPHOSPHOLIPID BIOSYNTHETIC PATHWAY%WIKIPATHWAYS_20250810%WP2533%HOMO SAPIENS	GLYCEROPHOSPHOLIPID BIOSYNTHETIC PATHWAY%WIKIPATHWAYS_20250810%WP2533%HOMO SAPIENS		22	-0.43810934	-1.0776104	0.33643124	0.8971973	1.0	1688	tags=18%, list=10%, signal=20%	
POSITIVE REGULATION OF PROTEIN-CONTAINING COMPLEX ASSEMBLY%GOBP%GO:0031334	POSITIVE REGULATION OF PROTEIN-CONTAINING COMPLEX ASSEMBLY%GOBP%GO:0031334		154	-0.30947036	-1.0773386	0.29071805	0.89725477	1.0	2153	tags=19%, list=13%, signal=21%	
COPPER HOMEOSTASIS%WIKIPATHWAYS_20250810%WP3286%HOMO SAPIENS	COPPER HOMEOSTASIS%WIKIPATHWAYS_20250810%WP3286%HOMO SAPIENS		36	-0.38718584	-1.0771378	0.2990099	0.8969881	1.0	1304	tags=14%, list=8%, signal=15%	
RESPONSE TO LECTIN%GOBP%GO:1990840	RESPONSE TO LECTIN%GOBP%GO:1990840		16	-0.46604857	-1.0770273	0.3555133	0.8964123	1.0	2942	tags=31%, list=18%, signal=38%	
MEMBRANE DOCKING%GOBP%GO:0022406	MEMBRANE DOCKING%GOBP%GO:0022406		73	-0.3410991	-1.0760043	0.33737025	0.89929444	1.0	1630	tags=18%, list=10%, signal=20%	
EMBRYONIC EYE MORPHOGENESIS%GOBP%GO:0048048	EMBRYONIC EYE MORPHOGENESIS%GOBP%GO:0048048		16	-0.46945405	-1.0757501	0.36144578	0.8992656	1.0	1385	tags=19%, list=8%, signal=20%	
NEGATIVE REGULATION OF CELL KILLING%GOBP%GO:0031342	NEGATIVE REGULATION OF CELL KILLING%GOBP%GO:0031342		25	-0.41741055	-1.0756342	0.35067436	0.89869064	1.0	670	tags=8%, list=4%, signal=8%	
PID_VEGFR1_PATHWAY%MSIGDB_C2%PID_VEGFR1_PATHWAY	PID_VEGFR1_PATHWAY%MSIGDB_C2%PID_VEGFR1_PATHWAY		19	-0.4323138	-1.075617	0.3460803	0.8977295	1.0	379	tags=16%, list=2%, signal=16%	
PID_AR_TF_PATHWAY%MSIGDB_C2%PID_AR_TF_PATHWAY	PID_AR_TF_PATHWAY%MSIGDB_C2%PID_AR_TF_PATHWAY		38	-0.38714108	-1.0755069	0.31351352	0.8971523	1.0	965	tags=21%, list=6%, signal=22%	
COREGULATION OF ANDROGEN RECEPTOR ACTIVITY%PATHWAY INTERACTION DATABASE NCI-NATURE CURATED DATA%COREGULATION OF ANDROGEN RECEPTOR ACTIVITY	COREGULATION OF ANDROGEN RECEPTOR ACTIVITY%PATHWAY INTERACTION DATABASE NCI-NATURE CURATED DATA%COREGULATION OF ANDROGEN RECEPTOR ACTIVITY		55	-0.36155385	-1.0751791	0.32128513	0.89742726	1.0	1687	tags=20%, list=10%, signal=22%	
MRNA PROCESSING%WIKIPATHWAYS_20250810%WP411%HOMO SAPIENS	MRNA PROCESSING%WIKIPATHWAYS_20250810%WP411%HOMO SAPIENS		90	-0.32751453	-1.0748597	0.30782917	0.89760023	1.0	1160	tags=16%, list=7%, signal=17%	
DEADENYLATION-DEPENDENT MRNA DECAY%REACTOME%R-HSA-429914.4	DEADENYLATION-DEPENDENT MRNA DECAY%REACTOME%R-HSA-429914.4		53	-0.3611983	-1.0747442	0.30418944	0.8970591	1.0	1076	tags=15%, list=7%, signal=16%	
POSITIVE REGULATION OF ADAPTIVE IMMUNE RESPONSE%GOBP%GO:0002821	POSITIVE REGULATION OF ADAPTIVE IMMUNE RESPONSE%GOBP%GO:0002821		76	-0.34082794	-1.074493	0.32	0.8970453	1.0	3096	tags=26%, list=19%, signal=32%	
REGULATION OF OSSIFICATION%GOBP%GO:0030278	REGULATION OF OSSIFICATION%GOBP%GO:0030278		75	-0.33970484	-1.0735765	0.30597016	0.8995224	1.0	2061	tags=16%, list=13%, signal=18%	
DENDRITIC SPINE DEVELOPMENT%GOBP%GO:0060996	DENDRITIC SPINE DEVELOPMENT%GOBP%GO:0060996		17	-0.4606502	-1.0733496	0.35535714	0.8993966	1.0	3557	tags=41%, list=22%, signal=53%	
PHOSPHOLIPID TRANSLOCATION%GOBP%GO:0045332	PHOSPHOLIPID TRANSLOCATION%GOBP%GO:0045332		39	-0.3812145	-1.07191	0.35431653	0.9038298	1.0	1789	tags=21%, list=11%, signal=23%	
PID_ERBB1_RECEPTOR_PROXIMAL_PATHWAY%MSIGDB_C2%PID_ERBB1_RECEPTOR_PROXIMAL_PATHWAY	PID_ERBB1_RECEPTOR_PROXIMAL_PATHWAY%MSIGDB_C2%PID_ERBB1_RECEPTOR_PROXIMAL_PATHWAY		28	-0.4099429	-1.0713984	0.3588785	0.90475243	1.0	2189	tags=32%, list=13%, signal=37%	
REGULATION OF CILIUM MOVEMENT%GOBP%GO:0003352	REGULATION OF CILIUM MOVEMENT%GOBP%GO:0003352		15	-0.47583005	-1.0713744	0.376	0.9038425	1.0	6812	tags=80%, list=42%, signal=137%	
REGULATORY NCRNA-MEDIATED POST-TRANSCRIPTIONAL GENE SILENCING%GOBP%GO:0035194	REGULATORY NCRNA-MEDIATED POST-TRANSCRIPTIONAL GENE SILENCING%GOBP%GO:0035194		33	-0.3982151	-1.0712253	0.3468208	0.90336704	1.0	1382	tags=21%, list=8%, signal=23%	
SIGNALING BY TGF-BETA RECEPTOR COMPLEX%REACTOME DATABASE ID RELEASE 93%170834	SIGNALING BY TGF-BETA RECEPTOR COMPLEX%REACTOME DATABASE ID RELEASE 93%170834		86	-0.3304739	-1.0711348	0.30654207	0.90268487	1.0	1652	tags=19%, list=10%, signal=21%	
PLK1 SIGNALING EVENTS%PATHWAY INTERACTION DATABASE NCI-NATURE CURATED DATA%PLK1 SIGNALING EVENTS	PLK1 SIGNALING EVENTS%PATHWAY INTERACTION DATABASE NCI-NATURE CURATED DATA%PLK1 SIGNALING EVENTS		44	-0.37179008	-1.0710328	0.33587787	0.9020962	1.0	2433	tags=25%, list=15%, signal=29%	
NEGATIVE REGULATION OF LIPID METABOLIC PROCESS%GOBP%GO:0045833	NEGATIVE REGULATION OF LIPID METABOLIC PROCESS%GOBP%GO:0045833		67	-0.3465292	-1.0709748	0.31876138	0.9013087	1.0	1793	tags=13%, list=11%, signal=15%	
INTRACELLULAR IRON ION HOMEOSTASIS%GOBP%GO:0006879	INTRACELLULAR IRON ION HOMEOSTASIS%GOBP%GO:0006879		53	-0.36067775	-1.070577	0.32592592	0.90182614	1.0	2725	tags=19%, list=17%, signal=23%	
PID_UPA_UPAR_PATHWAY%MSIGDB_C2%PID_UPA_UPAR_PATHWAY	PID_UPA_UPAR_PATHWAY%MSIGDB_C2%PID_UPA_UPAR_PATHWAY		20	-0.4355467	-1.0704838	0.3593156	0.9011574	1.0	1652	tags=20%, list=10%, signal=22%	
PEROXISOME ORGANIZATION%GOBP%GO:0007031	PEROXISOME ORGANIZATION%GOBP%GO:0007031		30	-0.40454045	-1.0704303	0.35214007	0.9003931	1.0	2407	tags=37%, list=15%, signal=43%	
BIOCARTA_GSK3_PATHWAY%MSIGDB_C2%BIOCARTA_GSK3_PATHWAY	BIOCARTA_GSK3_PATHWAY%MSIGDB_C2%BIOCARTA_GSK3_PATHWAY		16	-0.4551914	-1.0702165	0.35955057	0.9002324	1.0	1304	tags=25%, list=8%, signal=27%	
REGULATION OF DEFENSE RESPONSE TO VIRUS BY HOST%GOBP%GO:0050691	REGULATION OF DEFENSE RESPONSE TO VIRUS BY HOST%GOBP%GO:0050691		31	-0.39260283	-1.0696192	0.37171718	0.9015256	1.0	317	tags=10%, list=2%, signal=10%	
REGULATION OF NEURAL PRECURSOR CELL PROLIFERATION%GOBP%GO:2000177	REGULATION OF NEURAL PRECURSOR CELL PROLIFERATION%GOBP%GO:2000177		32	-0.39221457	-1.0694498	0.35781544	0.90115726	1.0	3492	tags=38%, list=21%, signal=48%	
REGULATION OF DNA-TEMPLATED TRANSCRIPTION INITIATION%GOBP%GO:2000142	REGULATION OF DNA-TEMPLATED TRANSCRIPTION INITIATION%GOBP%GO:2000142		67	-0.3427661	-1.0694263	0.31949458	0.90026706	1.0	2165	tags=22%, list=13%, signal=26%	
TRANSLOCATION OF SLC2A4 (GLUT4) TO THE PLASMA MEMBRANE%REACTOME%R-HSA-1445148.4	TRANSLOCATION OF SLC2A4 (GLUT4) TO THE PLASMA MEMBRANE%REACTOME%R-HSA-1445148.4		46	-0.36899	-1.0691583	0.31450093	0.90031844	1.0	2427	tags=28%, list=15%, signal=33%	
POSITIVE REGULATION OF KINASE ACTIVITY%GOBP%GO:0033674	POSITIVE REGULATION OF KINASE ACTIVITY%GOBP%GO:0033674		104	-0.3211538	-1.0688449	0.30647987	0.9005995	1.0	2942	tags=21%, list=18%, signal=26%	
PID_NFAT_3PATHWAY%MSIGDB_C2%PID_NFAT_3PATHWAY	PID_NFAT_3PATHWAY%MSIGDB_C2%PID_NFAT_3PATHWAY		38	-0.3794919	-1.0686438	0.3671875	0.90034986	1.0	2608	tags=24%, list=16%, signal=28%	
POSITIVE REGULATION OF DOUBLE-STRAND BREAK REPAIR VIA HOMOLOGOUS RECOMBINATION%GOBP%GO:1905168	POSITIVE REGULATION OF DOUBLE-STRAND BREAK REPAIR VIA HOMOLOGOUS RECOMBINATION%GOBP%GO:1905168		41	-0.37790272	-1.0682893	0.344294	0.9007577	1.0	1843	tags=29%, list=11%, signal=33%	
TICAM1, RIP1-MEDIATED IKK COMPLEX RECRUITMENT%REACTOME DATABASE ID RELEASE 93%168927	TICAM1, RIP1-MEDIATED IKK COMPLEX RECRUITMENT%REACTOME DATABASE ID RELEASE 93%168927		16	-0.45550215	-1.0680166	0.37717602	0.90079767	1.0	975	tags=19%, list=6%, signal=20%	
ORGANELLE LOCALIZATION BY MEMBRANE TETHERING%GOBP%GO:0140056	ORGANELLE LOCALIZATION BY MEMBRANE TETHERING%GOBP%GO:0140056		64	-0.34940886	-1.067717	0.34615386	0.9009951	1.0	1630	tags=19%, list=10%, signal=21%	
NEGATIVE REGULATION OF PROTEASOMAL UBIQUITIN-DEPENDENT PROTEIN CATABOLIC PROCESS%GOBP%GO:0032435	NEGATIVE REGULATION OF PROTEASOMAL UBIQUITIN-DEPENDENT PROTEIN CATABOLIC PROCESS%GOBP%GO:0032435		34	-0.3904433	-1.0676807	0.3617811	0.90015787	1.0	956	tags=15%, list=6%, signal=16%	
REGULATION OF GTPASE ACTIVITY%GOBP%GO:0043087	REGULATION OF GTPASE ACTIVITY%GOBP%GO:0043087		111	-0.32073227	-1.0671387	0.30973452	0.9013021	1.0	3115	tags=22%, list=19%, signal=27%	
POSITIVE REGULATION OF STRESS-ACTIVATED MAPK CASCADE%GOBP%GO:0032874	POSITIVE REGULATION OF STRESS-ACTIVATED MAPK CASCADE%GOBP%GO:0032874		15	-0.45551774	-1.0667992	0.390625	0.9016236	1.0	360	tags=13%, list=2%, signal=14%	
PEPTIDYL-SERINE MODIFICATION%GOBP%GO:0018209	PEPTIDYL-SERINE MODIFICATION%GOBP%GO:0018209		38	-0.38285255	-1.066566	0.35576922	0.9015091	1.0	2187	tags=24%, list=13%, signal=27%	
POSITIVE REGULATION OF RNA SPLICING%GOBP%GO:0033120	POSITIVE REGULATION OF RNA SPLICING%GOBP%GO:0033120		28	-0.40333542	-1.0661061	0.3564728	0.90220374	1.0	802	tags=18%, list=5%, signal=19%	
NOTCH SIGNALING%WIKIPATHWAYS_20250810%WP61%HOMO SAPIENS	NOTCH SIGNALING%WIKIPATHWAYS_20250810%WP61%HOMO SAPIENS		37	-0.38515103	-1.0660008	0.3646409	0.9016505	1.0	2739	tags=27%, list=17%, signal=32%	
FANCONI ANEMIA PATHWAY%PATHWAY INTERACTION DATABASE NCI-NATURE CURATED DATA%FANCONI ANEMIA PATHWAY	FANCONI ANEMIA PATHWAY%PATHWAY INTERACTION DATABASE NCI-NATURE CURATED DATA%FANCONI ANEMIA PATHWAY		45	-0.37017643	-1.065478	0.35	0.9026839	1.0	4170	tags=47%, list=25%, signal=62%	
POSITIVE REGULATION OF DNA-TEMPLATED TRANSCRIPTION INITIATION%GOBP%GO:2000144	POSITIVE REGULATION OF DNA-TEMPLATED TRANSCRIPTION INITIATION%GOBP%GO:2000144		56	-0.3540738	-1.0652035	0.33891994	0.90271044	1.0	2165	tags=25%, list=13%, signal=29%	
MEIOSIS%REACTOME%R-HSA-1500620.4	MEIOSIS%REACTOME%R-HSA-1500620.4		63	-0.34721044	-1.0644442	0.33638024	0.9046057	1.0	1437	tags=16%, list=9%, signal=17%	
INTRACELLULAR SIGNALLING THROUGH ADENOSINE RECEPTOR A2A AND ADENOSINE%SMPDB%SMP0000320	INTRACELLULAR SIGNALLING THROUGH ADENOSINE RECEPTOR A2A AND ADENOSINE%SMPDB%SMP0000320		36	-0.39113516	-1.0642252	0.3740458	0.9044825	1.0	975	tags=22%, list=6%, signal=24%	
FC-EPSILON RECEPTOR I SIGNALING IN MAST CELLS%PATHWAY INTERACTION DATABASE NCI-NATURE CURATED DATA%FC-EPSILON RECEPTOR I SIGNALING IN MAST CELLS	FC-EPSILON RECEPTOR I SIGNALING IN MAST CELLS%PATHWAY INTERACTION DATABASE NCI-NATURE CURATED DATA%FC-EPSILON RECEPTOR I SIGNALING IN MAST CELLS		56	-0.35429522	-1.064029	0.33766234	0.90423256	1.0	2221	tags=25%, list=14%, signal=29%	
POSITIVE REGULATION OF DNA RECOMBINATION%GOBP%GO:0045911	POSITIVE REGULATION OF DNA RECOMBINATION%GOBP%GO:0045911		56	-0.34670484	-1.0634887	0.35261193	0.9053357	1.0	1843	tags=25%, list=11%, signal=28%	
REGULATION OF HEART GROWTH%GOBP%GO:0060420	REGULATION OF HEART GROWTH%GOBP%GO:0060420		25	-0.41345146	-1.0630932	0.3846154	0.9058359	1.0	5723	tags=48%, list=35%, signal=74%	
S PHASE%REACTOME%R-HSA-69242.5	S PHASE%REACTOME%R-HSA-69242.5		140	-0.31292352	-1.0626392	0.3321492	0.9066013	1.0	2603	tags=24%, list=16%, signal=28%	
RNA METHYLATION%GOBP%GO:0001510	RNA METHYLATION%GOBP%GO:0001510		66	-0.34313998	-1.0626122	0.34954956	0.9057272	1.0	1280	tags=17%, list=8%, signal=18%	
MITOTIC NUCLEAR DIVISION%GOBP%GO:0140014	MITOTIC NUCLEAR DIVISION%GOBP%GO:0140014		134	-0.3071323	-1.0616688	0.3250444	0.9083745	1.0	2483	tags=22%, list=15%, signal=26%	
CLOCK CONTROLLED AUTOPHAGY IN BONE METABOLISM%WIKIPATHWAYS_20250810%WP5205%HOMO SAPIENS	CLOCK CONTROLLED AUTOPHAGY IN BONE METABOLISM%WIKIPATHWAYS_20250810%WP5205%HOMO SAPIENS		53	-0.35714963	-1.0614511	0.3499044	0.9082404	1.0	3671	tags=30%, list=22%, signal=39%	
REGULATION OF LEUKOCYTE ADHESION TO VASCULAR ENDOTHELIAL CELL%GOBP%GO:1904994	REGULATION OF LEUKOCYTE ADHESION TO VASCULAR ENDOTHELIAL CELL%GOBP%GO:1904994		22	-0.4241786	-1.0613763	0.34416825	0.9075499	1.0	299	tags=9%, list=2%, signal=9%	
NEGATIVE REGULATION OF STEM CELL POPULATION MAINTENANCE%GOBP%GO:1902455	NEGATIVE REGULATION OF STEM CELL POPULATION MAINTENANCE%GOBP%GO:1902455		22	-0.42048928	-1.0611148	0.34738955	0.9075668	1.0	2677	tags=27%, list=16%, signal=33%	
REGULATION OF HYDROLASE ACTIVITY%GOBP%GO:0051336	REGULATION OF HYDROLASE ACTIVITY%GOBP%GO:0051336		142	-0.3076789	-1.0605497	0.30594406	0.9087323	1.0	741	tags=8%, list=5%, signal=9%	
NON-PROTEINOGENIC AMINO ACID METABOLIC PROCESS%GOBP%GO:0170041	NON-PROTEINOGENIC AMINO ACID METABOLIC PROCESS%GOBP%GO:0170041		35	-0.38819757	-1.0605083	0.35171103	0.9079087	1.0	3587	tags=26%, list=22%, signal=33%	
CA2+ PATHWAY%REACTOME%R-HSA-4086398.5	CA2+ PATHWAY%REACTOME%R-HSA-4086398.5		49	-0.36211553	-1.0601088	0.33941606	0.9084447	1.0	3237	tags=24%, list=20%, signal=30%	
NEGATIVE REGULATION OF PROTEASOMAL PROTEIN CATABOLIC PROCESS%GOBP%GO:1901799	NEGATIVE REGULATION OF PROTEASOMAL PROTEIN CATABOLIC PROCESS%GOBP%GO:1901799		47	-0.367124	-1.0598097	0.34313726	0.9086216	1.0	956	tags=15%, list=6%, signal=16%	
PID_IL6_7_PATHWAY%MSIGDB_C2%PID_IL6_7_PATHWAY	PID_IL6_7_PATHWAY%MSIGDB_C2%PID_IL6_7_PATHWAY		35	-0.38121456	-1.05963	0.36734694	0.908332	1.0	3370	tags=31%, list=21%, signal=39%	
VITAMIN B12 METABOLISM%WIKIPATHWAYS_20250810%WP1533%HOMO SAPIENS	VITAMIN B12 METABOLISM%WIKIPATHWAYS_20250810%WP1533%HOMO SAPIENS		24	-0.40660125	-1.059518	0.37379575	0.9077944	1.0	1695	tags=17%, list=10%, signal=19%	
CELLULAR RESPONSE TO BMP STIMULUS%GOBP%GO:0071773	CELLULAR RESPONSE TO BMP STIMULUS%GOBP%GO:0071773		44	-0.36702394	-1.0594935	0.35778177	0.9069199	1.0	2929	tags=27%, list=18%, signal=33%	
AUTOPHAGY OF PEROXISOME%GOBP%GO:0030242	AUTOPHAGY OF PEROXISOME%GOBP%GO:0030242		16	-0.454013	-1.0590311	0.382	0.90769446	1.0	2121	tags=25%, list=13%, signal=29%	
ENERGY METABOLISM%WIKIPATHWAYS_20250810%WP1541%HOMO SAPIENS	ENERGY METABOLISM%WIKIPATHWAYS_20250810%WP1541%HOMO SAPIENS		36	-0.38370097	-1.0589236	0.34108528	0.90711457	1.0	2631	tags=36%, list=16%, signal=43%	
SIGNALING BY NTRK2 (TRKB)%REACTOME%R-HSA-9006115.3	SIGNALING BY NTRK2 (TRKB)%REACTOME%R-HSA-9006115.3		20	-0.43254027	-1.0587826	0.36811024	0.9067087	1.0	1185	tags=20%, list=7%, signal=22%	
CANCER IMMUNOTHERAPY BY PD 1 BLOCKADE%WIKIPATHWAYS_20250810%WP4585%HOMO SAPIENS	CANCER IMMUNOTHERAPY BY PD 1 BLOCKADE%WIKIPATHWAYS_20250810%WP4585%HOMO SAPIENS		19	-0.4379133	-1.0582182	0.37301588	0.90787184	1.0	901	tags=11%, list=5%, signal=11%	
REGULATION OF NEUROGENESIS%GOBP%GO:0050767	REGULATION OF NEUROGENESIS%GOBP%GO:0050767		163	-0.30065027	-1.0580213	0.3115578	0.90764827	1.0	1648	tags=13%, list=10%, signal=15%	
RESPONSE TO BMP%GOBP%GO:0071772	RESPONSE TO BMP%GOBP%GO:0071772		44	-0.36702394	-1.0579793	0.35834897	0.9068366	1.0	2929	tags=27%, list=18%, signal=33%	
POSITIVE REGULATION OF DOUBLE-STRAND BREAK REPAIR%GOBP%GO:2000781	POSITIVE REGULATION OF DOUBLE-STRAND BREAK REPAIR%GOBP%GO:2000781		88	-0.32627794	-1.0576459	0.3134058	0.9071686	1.0	1843	tags=23%, list=11%, signal=25%	
CELLULAR DEFENSE RESPONSE%GOBP%GO:0006968	CELLULAR DEFENSE RESPONSE%GOBP%GO:0006968		31	-0.3931539	-1.0573369	0.35714287	0.9074262	1.0	74	tags=6%, list=0%, signal=6%	
TYPE 2 PAPILLARY RENAL CELL CARCINOMA%WIKIPATHWAYS_20250810%WP4241%HOMO SAPIENS	TYPE 2 PAPILLARY RENAL CELL CARCINOMA%WIKIPATHWAYS_20250810%WP4241%HOMO SAPIENS		21	-0.42715266	-1.0570511	0.40697673	0.9076163	1.0	3501	tags=38%, list=21%, signal=48%	
ESTABLISHMENT OF SPINDLE ORIENTATION%GOBP%GO:0051294	ESTABLISHMENT OF SPINDLE ORIENTATION%GOBP%GO:0051294		36	-0.37728912	-1.0569282	0.3468208	0.90713155	1.0	2294	tags=25%, list=14%, signal=29%	
TRISTETRAPROLIN (TTP, ZFP36) BINDS AND DESTABILIZES MRNA%REACTOME DATABASE ID RELEASE 93%450513	TRISTETRAPROLIN (TTP, ZFP36) BINDS AND DESTABILIZES MRNA%REACTOME DATABASE ID RELEASE 93%450513		16	-0.45621666	-1.056928	0.39068827	0.9061755	1.0	450	tags=13%, list=3%, signal=13%	
REGULATION OF MICROTUBULE POLYMERIZATION OR DEPOLYMERIZATION%GOBP%GO:0031110	REGULATION OF MICROTUBULE POLYMERIZATION OR DEPOLYMERIZATION%GOBP%GO:0031110		75	-0.33851686	-1.0566057	0.34917733	0.90639496	1.0	2153	tags=20%, list=13%, signal=23%	
POSITIVE REGULATION OF CELL DIVISION%GOBP%GO:0051781	POSITIVE REGULATION OF CELL DIVISION%GOBP%GO:0051781		39	-0.3786596	-1.0564697	0.3688213	0.90595615	1.0	729	tags=10%, list=4%, signal=11%	
REGULATION OF CELL MORPHOGENESIS%GOBP%GO:0022604	REGULATION OF CELL MORPHOGENESIS%GOBP%GO:0022604		166	-0.2988158	-1.055753	0.3263158	0.90762055	1.0	2234	tags=17%, list=14%, signal=19%	
WNT SIGNALING NETPATH%WIKIPATHWAYS_20250810%WP363%HOMO SAPIENS	WNT SIGNALING NETPATH%WIKIPATHWAYS_20250810%WP363%HOMO SAPIENS		40	-0.38037542	-1.0554959	0.37407407	0.9076095	1.0	1802	tags=25%, list=11%, signal=28%	
DNA DAMAGE TELOMERE STRESS INDUCED SENESCENCE%REACTOME%R-HSA-2559586.5	DNA DAMAGE TELOMERE STRESS INDUCED SENESCENCE%REACTOME%R-HSA-2559586.5		42	-0.37032822	-1.0553633	0.35363457	0.907122	1.0	1715	tags=17%, list=10%, signal=19%	
INTERNALIZATION OF ERBB1%PATHWAY INTERACTION DATABASE NCI-NATURE CURATED DATA%INTERNALIZATION OF ERBB1	INTERNALIZATION OF ERBB1%PATHWAY INTERACTION DATABASE NCI-NATURE CURATED DATA%INTERNALIZATION OF ERBB1		37	-0.37910196	-1.0551738	0.36429873	0.9068644	1.0	2450	tags=35%, list=15%, signal=41%	
AP-1 TRANSCRIPTION FACTOR NETWORK%PATHWAY INTERACTION DATABASE NCI-NATURE CURATED DATA%AP-1 TRANSCRIPTION FACTOR NETWORK	AP-1 TRANSCRIPTION FACTOR NETWORK%PATHWAY INTERACTION DATABASE NCI-NATURE CURATED DATA%AP-1 TRANSCRIPTION FACTOR NETWORK		55	-0.35084966	-1.0547618	0.36851853	0.90747	1.0	2498	tags=20%, list=15%, signal=24%	
SCF-DEPENDENT PROTEASOMAL UBIQUITIN-DEPENDENT PROTEIN CATABOLIC PROCESS%GOBP%GO:0031146	SCF-DEPENDENT PROTEASOMAL UBIQUITIN-DEPENDENT PROTEIN CATABOLIC PROCESS%GOBP%GO:0031146		41	-0.36911878	-1.0546943	0.37547892	0.90679616	1.0	1450	tags=22%, list=9%, signal=24%	
INTERLEUKIN-17 SIGNALING%REACTOME%R-HSA-448424.8	INTERLEUKIN-17 SIGNALING%REACTOME%R-HSA-448424.8		61	-0.34232438	-1.0545436	0.346516	0.9064411	1.0	1179	tags=13%, list=7%, signal=14%	
MAP KINASE ACTIVATION%REACTOME DATABASE ID RELEASE 93%450294	MAP KINASE ACTIVATION%REACTOME DATABASE ID RELEASE 93%450294		58	-0.35278708	-1.054428	0.3500931	0.90593505	1.0	1179	tags=14%, list=7%, signal=15%	
WNT%IOB%WNT	WNT%IOB%WNT		52	-0.35763928	-1.0538827	0.3576779	0.90692884	1.0	3090	tags=29%, list=19%, signal=35%	
REGULATION OF EMBRYONIC DEVELOPMENT%GOBP%GO:0045995	REGULATION OF EMBRYONIC DEVELOPMENT%GOBP%GO:0045995		55	-0.35128963	-1.0533948	0.3488806	0.9078818	1.0	2141	tags=24%, list=13%, signal=27%	
STIMULATORY C-TYPE LECTIN RECEPTOR SIGNALING PATHWAY%GOBP%GO:0002223	STIMULATORY C-TYPE LECTIN RECEPTOR SIGNALING PATHWAY%GOBP%GO:0002223		16	-0.46604857	-1.0529499	0.4084507	0.9086112	1.0	2942	tags=31%, list=18%, signal=38%	
OVARIAN TUMOR DOMAIN PROTEASES%REACTOME DATABASE ID RELEASE 93%5689896	OVARIAN TUMOR DOMAIN PROTEASES%REACTOME DATABASE ID RELEASE 93%5689896		37	-0.37350336	-1.0526613	0.37827715	0.90875864	1.0	1477	tags=22%, list=9%, signal=24%	
ESTABLISHMENT OF MITOTIC SPINDLE LOCALIZATION%GOBP%GO:0040001	ESTABLISHMENT OF MITOTIC SPINDLE LOCALIZATION%GOBP%GO:0040001		33	-0.38986996	-1.0522753	0.39033458	0.9092695	1.0	2294	tags=27%, list=14%, signal=32%	
METHYLATION%GOBP%GO:0032259	METHYLATION%GOBP%GO:0032259		108	-0.3211575	-1.0512367	0.33763838	0.9120702	1.0	2371	tags=21%, list=14%, signal=25%	
MEIOTIC SYNAPSIS%REACTOME%R-HSA-1221632.3	MEIOTIC SYNAPSIS%REACTOME%R-HSA-1221632.3		38	-0.37681207	-1.0512344	0.3425926	0.911133	1.0	1250	tags=18%, list=8%, signal=20%	
AURKA ACTIVATION BY TPX2%REACTOME DATABASE ID RELEASE 93%8854518	AURKA ACTIVATION BY TPX2%REACTOME DATABASE ID RELEASE 93%8854518		65	-0.33978105	-1.0511817	0.36692014	0.9103948	1.0	1924	tags=26%, list=12%, signal=30%	
INTEGRIN-LINKED KINASE SIGNALING%PATHWAY INTERACTION DATABASE NCI-NATURE CURATED DATA%INTEGRIN-LINKED KINASE SIGNALING	INTEGRIN-LINKED KINASE SIGNALING%PATHWAY INTERACTION DATABASE NCI-NATURE CURATED DATA%INTEGRIN-LINKED KINASE SIGNALING		45	-0.36931422	-1.0506088	0.36594203	0.91154194	1.0	1850	tags=24%, list=11%, signal=27%	
PEXOPHAGY%GOBP%GO:0000425	PEXOPHAGY%GOBP%GO:0000425		16	-0.454013	-1.0505254	0.41260162	0.9109161	1.0	2121	tags=25%, list=13%, signal=29%	
GASTRULATION%GOBP%GO:0007369	GASTRULATION%GOBP%GO:0007369		65	-0.3335108	-1.0497819	0.36446887	0.91268075	1.0	1807	tags=17%, list=11%, signal=19%	
NEGATIVE REGULATION OF CELL CYCLE PHASE TRANSITION%GOBP%GO:1901988	NEGATIVE REGULATION OF CELL CYCLE PHASE TRANSITION%GOBP%GO:1901988		171	-0.29908538	-1.0496742	0.3183391	0.9121397	1.0	2542	tags=24%, list=15%, signal=28%	
HEART VALVE DEVELOPMENT%GOBP%GO:0003170	HEART VALVE DEVELOPMENT%GOBP%GO:0003170		60	-0.34813684	-1.0494919	0.36190477	0.91187894	1.0	2542	tags=20%, list=15%, signal=24%	
POSITIVE REGULATION OF DNA BIOSYNTHETIC PROCESS%GOBP%GO:2000573	POSITIVE REGULATION OF DNA BIOSYNTHETIC PROCESS%GOBP%GO:2000573		36	-0.3750664	-1.049202	0.36121672	0.91206926	1.0	2412	tags=22%, list=15%, signal=26%	
ACTIVATION OF IRF3, IRF7 MEDIATED BY TBK1, IKKΕ (IKBKE)%REACTOME DATABASE ID RELEASE 93%936964	ACTIVATION OF IRF3, IRF7 MEDIATED BY TBK1, IKKΕ (IKBKE)%REACTOME DATABASE ID RELEASE 93%936964		15	-0.46230847	-1.0491179	0.38376385	0.91145265	1.0	164	tags=13%, list=1%, signal=13%	
MEMBRANE REPOLARIZATION%GOBP%GO:0086009	MEMBRANE REPOLARIZATION%GOBP%GO:0086009		22	-0.42834935	-1.0489202	0.40636703	0.9112509	1.0	3280	tags=27%, list=20%, signal=34%	
ESTABLISHMENT OF CELL POLARITY%GOBP%GO:0030010	ESTABLISHMENT OF CELL POLARITY%GOBP%GO:0030010		87	-0.32663286	-1.0486964	0.3715342	0.91111475	1.0	3056	tags=24%, list=19%, signal=30%	
MITOTIC SPINDLE CHECKPOINT%REACTOME%R-HSA-69618.4	MITOTIC SPINDLE CHECKPOINT%REACTOME%R-HSA-69618.4		101	-0.3200761	-1.0486314	0.35528597	0.91042995	1.0	2567	tags=23%, list=16%, signal=27%	
AMPLIFICATION OF SIGNAL FROM UNATTACHED KINETOCHORES VIA A MAD2 INHIBITORY SIGNAL%REACTOME%R-HSA-141444.4	AMPLIFICATION OF SIGNAL FROM UNATTACHED KINETOCHORES VIA A MAD2 INHIBITORY SIGNAL%REACTOME%R-HSA-141444.4		86	-0.3240207	-1.0484604	0.35739437	0.91014266	1.0	3410	tags=28%, list=21%, signal=35%	
RUNX1 INTERACTS WITH CO-FACTORS WHOSE PRECISE EFFECT ON RUNX1 TARGETS IS NOT KNOWN%REACTOME%R-HSA-8939243.3	RUNX1 INTERACTS WITH CO-FACTORS WHOSE PRECISE EFFECT ON RUNX1 TARGETS IS NOT KNOWN%REACTOME%R-HSA-8939243.3		32	-0.39090446	-1.0480396	0.3857678	0.91074383	1.0	2984	tags=38%, list=18%, signal=46%	
SLC TRANSPORTER DISORDERS%REACTOME%R-HSA-5619102.8	SLC TRANSPORTER DISORDERS%REACTOME%R-HSA-5619102.8		68	-0.3425392	-1.0476499	0.375	0.9112798	1.0	2705	tags=19%, list=16%, signal=23%	
SIGNALING BY MET%REACTOME%R-HSA-6806834.4	SIGNALING BY MET%REACTOME%R-HSA-6806834.4		61	-0.3456804	-1.0475353	0.3752277	0.9107534	1.0	2450	tags=30%, list=15%, signal=35%	
LNCRNA IN CANONICAL WNT SIGNALING AND COLORECTAL CANCER%WIKIPATHWAYS_20250810%WP4258%HOMO SAPIENS	LNCRNA IN CANONICAL WNT SIGNALING AND COLORECTAL CANCER%WIKIPATHWAYS_20250810%WP4258%HOMO SAPIENS		64	-0.33660415	-1.0470736	0.35660377	0.91152614	1.0	2942	tags=22%, list=18%, signal=27%	
AMPLIFICATION OF SIGNAL FROM THE KINETOCHORES%REACTOME%R-HSA-141424.4	AMPLIFICATION OF SIGNAL FROM THE KINETOCHORES%REACTOME%R-HSA-141424.4		86	-0.3240207	-1.0465963	0.35787672	0.91231835	1.0	3410	tags=28%, list=21%, signal=35%	
DRAVET SYNDROME%WIKIPATHWAYS_20250810%WP5200%HOMO SAPIENS	DRAVET SYNDROME%WIKIPATHWAYS_20250810%WP5200%HOMO SAPIENS		26	-0.40340212	-1.0465722	0.40160644	0.9115019	1.0	1648	tags=19%, list=10%, signal=21%	
SUDDEN INFANT DEATH SYNDROME SIDS SUSCEPTIBILITY PATHWAYS%WIKIPATHWAYS_20250810%WP706%HOMO SAPIENS	SUDDEN INFANT DEATH SYNDROME SIDS SUSCEPTIBILITY PATHWAYS%WIKIPATHWAYS_20250810%WP706%HOMO SAPIENS		87	-0.3243472	-1.0464982	0.369287	0.9108652	1.0	2513	tags=17%, list=15%, signal=20%	
REGULATION OF MICROTUBULE-BASED PROCESS%GOBP%GO:0032886	REGULATION OF MICROTUBULE-BASED PROCESS%GOBP%GO:0032886		188	-0.29306096	-1.0459259	0.33109245	0.91204715	1.0	2153	tags=18%, list=13%, signal=20%	
POSITIVE REGULATION OF DNA-TEMPLATED TRANSCRIPTION, ELONGATION%GOBP%GO:0032786	POSITIVE REGULATION OF DNA-TEMPLATED TRANSCRIPTION, ELONGATION%GOBP%GO:0032786		53	-0.3480607	-1.0452129	0.38593155	0.9136825	1.0	2325	tags=30%, list=14%, signal=35%	
AROMATIC AMINO ACID METABOLIC PROCESS%GOBP%GO:0009072	AROMATIC AMINO ACID METABOLIC PROCESS%GOBP%GO:0009072		26	-0.41019875	-1.0448315	0.37171718	0.9141986	1.0	1637	tags=15%, list=10%, signal=17%	
CYTOSKELETON-DEPENDENT INTRACELLULAR TRANSPORT%GOBP%GO:0030705	CYTOSKELETON-DEPENDENT INTRACELLULAR TRANSPORT%GOBP%GO:0030705		154	-0.3018099	-1.0448143	0.34804752	0.9133398	1.0	2353	tags=24%, list=14%, signal=28%	
RAC3 GTPASE CYCLE%REACTOME DATABASE ID RELEASE 93%9013423	RAC3 GTPASE CYCLE%REACTOME DATABASE ID RELEASE 93%9013423		86	-0.32923603	-1.0446645	0.36630037	0.9129837	1.0	3208	tags=27%, list=20%, signal=33%	
CONSTITUTIVE SIGNALING BY ABERRANT PI3K IN CANCER%REACTOME%R-HSA-2219530.3	CONSTITUTIVE SIGNALING BY ABERRANT PI3K IN CANCER%REACTOME%R-HSA-2219530.3		58	-0.341675	-1.0443308	0.3745247	0.91328394	1.0	2839	tags=17%, list=17%, signal=21%	
CANONICAL WNT SIGNALING PATHWAY%GOBP%GO:0060070	CANONICAL WNT SIGNALING PATHWAY%GOBP%GO:0060070		53	-0.35024312	-1.044072	0.38560885	0.913278	1.0	2838	tags=19%, list=17%, signal=23%	
B CELL RECEPTOR SIGNALING%WIKIPATHWAYS_20250810%WP23%HOMO SAPIENS	B CELL RECEPTOR SIGNALING%WIKIPATHWAYS_20250810%WP23%HOMO SAPIENS		75	-0.33471864	-1.0440133	0.36101082	0.91257966	1.0	2399	tags=21%, list=15%, signal=25%	
MICRORNAS IN CARDIOMYOCYTE HYPERTROPHY%WIKIPATHWAYS_20250810%WP1544%HOMO SAPIENS	MICRORNAS IN CARDIOMYOCYTE HYPERTROPHY%WIKIPATHWAYS_20250810%WP1544%HOMO SAPIENS		64	-0.34467056	-1.043945	0.35915494	0.91189545	1.0	1802	tags=22%, list=11%, signal=24%	
PID_ECADHERIN_NASCENT_AJ_PATHWAY%MSIGDB_C2%PID_ECADHERIN_NASCENT_AJ_PATHWAY	PID_ECADHERIN_NASCENT_AJ_PATHWAY%MSIGDB_C2%PID_ECADHERIN_NASCENT_AJ_PATHWAY		28	-0.40265518	-1.0436583	0.40267175	0.91200835	1.0	2790	tags=29%, list=17%, signal=34%	
PRE-MRNA SPLICING%REACTOME DATABASE ID RELEASE 93%72163	PRE-MRNA SPLICING%REACTOME DATABASE ID RELEASE 93%72163		193	-0.2953284	-1.0435728	0.3277311	0.9114167	1.0	1161	tags=14%, list=7%, signal=15%	
POSITIVE REGULATION OF NEURON PROJECTION DEVELOPMENT%GOBP%GO:0010976	POSITIVE REGULATION OF NEURON PROJECTION DEVELOPMENT%GOBP%GO:0010976		91	-0.32432047	-1.043566	0.35963303	0.91052824	1.0	3024	tags=22%, list=18%, signal=27%	
SIGNALING BY TGFB FAMILY MEMBERS%REACTOME DATABASE ID RELEASE 93%9006936	SIGNALING BY TGFB FAMILY MEMBERS%REACTOME DATABASE ID RELEASE 93%9006936		136	-0.30256146	-1.043535	0.36833048	0.909741	1.0	1652	tags=18%, list=10%, signal=19%	
HDR THROUGH SINGLE STRAND ANNEALING (SSA)%REACTOME DATABASE ID RELEASE 93%5685938	HDR THROUGH SINGLE STRAND ANNEALING (SSA)%REACTOME DATABASE ID RELEASE 93%5685938		36	-0.38034475	-1.0433342	0.38658777	0.9095709	1.0	2337	tags=22%, list=14%, signal=26%	
ZINC ION TRANSPORT%GOBP%GO:0006829	ZINC ION TRANSPORT%GOBP%GO:0006829		23	-0.4165339	-1.0432878	0.39411765	0.90884864	1.0	639	tags=13%, list=4%, signal=14%	
TELOMERE ORGANIZATION%GOBP%GO:0032200	TELOMERE ORGANIZATION%GOBP%GO:0032200		86	-0.32447487	-1.0427998	0.37148216	0.9097776	1.0	1687	tags=19%, list=10%, signal=21%	
GPI ANCHOR BIOSYNTHETIC PROCESS%GOBP%GO:0006506	GPI ANCHOR BIOSYNTHETIC PROCESS%GOBP%GO:0006506		23	-0.40821066	-1.0425836	0.38326848	0.90964323	1.0	1157	tags=22%, list=7%, signal=23%	
SPHINGOLIPID PATHWAY%WIKIPATHWAYS_20250810%WP1422%HOMO SAPIENS	SPHINGOLIPID PATHWAY%WIKIPATHWAYS_20250810%WP1422%HOMO SAPIENS		22	-0.4117548	-1.0418806	0.3988658	0.9113602	1.0	1749	tags=18%, list=11%, signal=20%	
GLYCEROLIPID BIOSYNTHETIC PROCESS%GOBP%GO:0045017	GLYCEROLIPID BIOSYNTHETIC PROCESS%GOBP%GO:0045017		173	-0.2966197	-1.0418154	0.33562824	0.910703	1.0	2221	tags=17%, list=14%, signal=20%	
INSULIN RECEPTOR SIGNALLING CASCADE%REACTOME DATABASE ID RELEASE 93%74751	INSULIN RECEPTOR SIGNALLING CASCADE%REACTOME DATABASE ID RELEASE 93%74751		31	-0.38420537	-1.0417266	0.40665436	0.9101164	1.0	2500	tags=29%, list=15%, signal=34%	
POSITIVE REGULATION OF INTRACELLULAR TRANSPORT%GOBP%GO:0032388	POSITIVE REGULATION OF INTRACELLULAR TRANSPORT%GOBP%GO:0032388		104	-0.31784147	-1.0416155	0.34234235	0.9096192	1.0	1287	tags=14%, list=8%, signal=16%	
PHOTODYNAMIC THERAPY INDUCED NFE2L2 NRF2 SURVIVAL SIGNALING%WIKIPATHWAYS_20250810%WP3612%HOMO SAPIENS	PHOTODYNAMIC THERAPY INDUCED NFE2L2 NRF2 SURVIVAL SIGNALING%WIKIPATHWAYS_20250810%WP3612%HOMO SAPIENS		19	-0.4346476	-1.0415121	0.4236948	0.9091125	1.0	641	tags=16%, list=4%, signal=16%	
CELL ADHESION MEDIATED BY INTEGRIN%GOBP%GO:0033627	CELL ADHESION MEDIATED BY INTEGRIN%GOBP%GO:0033627		28	-0.3969149	-1.0413753	0.38547486	0.9087407	1.0	2225	tags=21%, list=14%, signal=25%	
PEPTIDE SECRETION%GOBP%GO:0002790	PEPTIDE SECRETION%GOBP%GO:0002790		17	-0.43865162	-1.0412265	0.404	0.9083811	1.0	465	tags=12%, list=3%, signal=12%	
EPHRIN B REVERSE SIGNALING%PATHWAY INTERACTION DATABASE NCI-NATURE CURATED DATA%EPHRIN B REVERSE SIGNALING	EPHRIN B REVERSE SIGNALING%PATHWAY INTERACTION DATABASE NCI-NATURE CURATED DATA%EPHRIN B REVERSE SIGNALING		25	-0.40360394	-1.0411257	0.3870334	0.9078582	1.0	3314	tags=36%, list=20%, signal=45%	
POSITIVE REGULATION OF UBIQUITIN-DEPENDENT PROTEIN CATABOLIC PROCESS%GOBP%GO:2000060	POSITIVE REGULATION OF UBIQUITIN-DEPENDENT PROTEIN CATABOLIC PROCESS%GOBP%GO:2000060		81	-0.32658446	-1.04105	0.35064936	0.9072665	1.0	1450	tags=20%, list=9%, signal=22%	
EYE MORPHOGENESIS%GOBP%GO:0048592	EYE MORPHOGENESIS%GOBP%GO:0048592		67	-0.3350338	-1.0410149	0.37335834	0.9064883	1.0	2096	tags=15%, list=13%, signal=17%	
NEGATIVE REGULATION OF NERVOUS SYSTEM DEVELOPMENT%GOBP%GO:0051961	NEGATIVE REGULATION OF NERVOUS SYSTEM DEVELOPMENT%GOBP%GO:0051961		55	-0.34278876	-1.0409693	0.36832413	0.90576196	1.0	1648	tags=16%, list=10%, signal=18%	
REGULATION OF DEVELOPMENTAL GROWTH%GOBP%GO:0048638	REGULATION OF DEVELOPMENTAL GROWTH%GOBP%GO:0048638		118	-0.30816638	-1.0405147	0.35869566	0.9065307	1.0	3240	tags=22%, list=20%, signal=27%	
BRAIN DERIVED NEUROTROPHIC FACTOR BDNF SIGNALING%WIKIPATHWAYS_20250810%WP2380%HOMO SAPIENS	BRAIN DERIVED NEUROTROPHIC FACTOR BDNF SIGNALING%WIKIPATHWAYS_20250810%WP2380%HOMO SAPIENS		108	-0.311168	-1.039764	0.35357141	0.9083912	1.0	2368	tags=19%, list=14%, signal=21%	
REGULATION OF ACTION POTENTIAL%GOBP%GO:0098900	REGULATION OF ACTION POTENTIAL%GOBP%GO:0098900		46	-0.35675895	-1.0395246	0.3721374	0.90833515	1.0	1648	tags=17%, list=10%, signal=19%	
HETEROPHILIC CELL-CELL ADHESION VIA PLASMA MEMBRANE CELL ADHESION MOLECULES%GOBP%GO:0007157	HETEROPHILIC CELL-CELL ADHESION VIA PLASMA MEMBRANE CELL ADHESION MOLECULES%GOBP%GO:0007157		29	-0.39091632	-1.0395101	0.39300412	0.9074912	1.0	3497	tags=28%, list=21%, signal=35%	
PID_BARD1_PATHWAY%MSIGDB_C2%PID_BARD1_PATHWAY	PID_BARD1_PATHWAY%MSIGDB_C2%PID_BARD1_PATHWAY		25	-0.40703613	-1.0394461	0.41015625	0.90682036	1.0	1866	tags=24%, list=11%, signal=27%	
TRANSCRIPTIONAL REGULATION BY SMALL RNAS%REACTOME%R-HSA-5578749.7	TRANSCRIPTIONAL REGULATION BY SMALL RNAS%REACTOME%R-HSA-5578749.7		55	-0.3467779	-1.0388206	0.37057728	0.9082164	1.0	1893	tags=18%, list=12%, signal=20%	
FORMATION OF INCISION COMPLEX IN GG-NER%REACTOME%R-HSA-5696395.2	FORMATION OF INCISION COMPLEX IN GG-NER%REACTOME%R-HSA-5696395.2		40	-0.36611915	-1.0387913	0.37453184	0.9074178	1.0	1138	tags=20%, list=7%, signal=21%	
EXTRACELLULAR TRANSPORT%GOBP%GO:0006858	EXTRACELLULAR TRANSPORT%GOBP%GO:0006858		18	-0.4289423	-1.038784	0.39658445	0.90655714	1.0	3771	tags=33%, list=23%, signal=43%	
NOTCH%NETPATH%NOTCH	NOTCH%NETPATH%NOTCH		43	-0.3671234	-1.0383426	0.4093567	0.90725046	1.0	2739	tags=30%, list=17%, signal=36%	
REGULATION OF BEHAVIOR%GOBP%GO:0050795	REGULATION OF BEHAVIOR%GOBP%GO:0050795		31	-0.39262193	-1.0379602	0.41992188	0.9077669	1.0	3315	tags=29%, list=20%, signal=36%	
VEGFR1 SPECIFIC SIGNALS%PATHWAY INTERACTION DATABASE NCI-NATURE CURATED DATA%VEGFR1 SPECIFIC SIGNALS	VEGFR1 SPECIFIC SIGNALS%PATHWAY INTERACTION DATABASE NCI-NATURE CURATED DATA%VEGFR1 SPECIFIC SIGNALS		27	-0.3970355	-1.0376052	0.39411765	0.9080734	1.0	379	tags=15%, list=2%, signal=15%	
PROTEIN DEPHOSPHORYLATION%GOBP%GO:0006470	PROTEIN DEPHOSPHORYLATION%GOBP%GO:0006470		71	-0.33633602	-1.0369718	0.37742504	0.9094376	1.0	1818	tags=23%, list=11%, signal=25%	
REGULATION OF CELL DIVISION%GOBP%GO:0051302	REGULATION OF CELL DIVISION%GOBP%GO:0051302		112	-0.30968586	-1.0369346	0.38420108	0.908683	1.0	951	tags=12%, list=6%, signal=12%	
TOLL-LIKE RECEPTOR CASCADES%REACTOME DATABASE ID RELEASE 93%168898	TOLL-LIKE RECEPTOR CASCADES%REACTOME DATABASE ID RELEASE 93%168898		149	-0.30001286	-1.0364012	0.37611407	0.90968084	1.0	975	tags=11%, list=6%, signal=11%	
REGULATION OF PROTEIN SERINE/THREONINE KINASE ACTIVITY%GOBP%GO:0071900	REGULATION OF PROTEIN SERINE/THREONINE KINASE ACTIVITY%GOBP%GO:0071900		102	-0.3147122	-1.035562	0.36116153	0.91180164	1.0	1304	tags=13%, list=8%, signal=14%	
PROTEIN REFOLDING%GOBP%GO:0042026	PROTEIN REFOLDING%GOBP%GO:0042026		18	-0.43067133	-1.0355146	0.40225562	0.91109025	1.0	907	tags=17%, list=6%, signal=18%	
L-AMINO ACID BIOSYNTHETIC PROCESS%GOBP%GO:0170034	L-AMINO ACID BIOSYNTHETIC PROCESS%GOBP%GO:0170034		33	-0.386385	-1.0350947	0.37240076	0.91169626	1.0	2113	tags=18%, list=13%, signal=21%	
HORMONE-MEDIATED SIGNALING PATHWAY%GOBP%GO:0009755	HORMONE-MEDIATED SIGNALING PATHWAY%GOBP%GO:0009755		81	-0.32292572	-1.0348327	0.36813188	0.91172534	1.0	3288	tags=27%, list=20%, signal=34%	
REGULATION OF DEFENSE RESPONSE TO VIRUS%GOBP%GO:0050688	REGULATION OF DEFENSE RESPONSE TO VIRUS%GOBP%GO:0050688		44	-0.3544578	-1.0348144	0.39371535	0.9109003	1.0	2796	tags=20%, list=17%, signal=25%	
PEPTIDE HORMONE SECRETION%GOBP%GO:0030072	PEPTIDE HORMONE SECRETION%GOBP%GO:0030072		17	-0.43865162	-1.0347468	0.4185606	0.9102721	1.0	465	tags=12%, list=3%, signal=12%	
PROTEIN DEMANNOSYLATION%GOBP%GO:0036507	PROTEIN DEMANNOSYLATION%GOBP%GO:0036507		16	-0.4525019	-1.0345708	0.41566265	0.9100358	1.0	2350	tags=31%, list=14%, signal=36%	
TGF_BETA_RECEPTOR%NETPATH%TGF_BETA_RECEPTOR	TGF_BETA_RECEPTOR%NETPATH%TGF_BETA_RECEPTOR		107	-0.31164414	-1.0335327	0.38324422	0.9129698	1.0	2791	tags=25%, list=17%, signal=30%	
REGULATION OF ORGANIC ACID TRANSPORT%GOBP%GO:0032890	REGULATION OF ORGANIC ACID TRANSPORT%GOBP%GO:0032890		28	-0.3936914	-1.0335246	0.41320756	0.91211647	1.0	404	tags=11%, list=2%, signal=11%	
PROTEIN ALPHA-1,2-DEMANNOSYLATION%GOBP%GO:0036508	PROTEIN ALPHA-1,2-DEMANNOSYLATION%GOBP%GO:0036508		16	-0.4525019	-1.0334888	0.4082474	0.91136897	1.0	2350	tags=31%, list=14%, signal=36%	
NEGATIVE REGULATION OF STEROID BIOSYNTHETIC PROCESS%GOBP%GO:0010894	NEGATIVE REGULATION OF STEROID BIOSYNTHETIC PROCESS%GOBP%GO:0010894		17	-0.4310446	-1.033317	0.3960396	0.91111124	1.0	1564	tags=18%, list=10%, signal=19%	
REGULATION OF CARDIAC MUSCLE CELL CONTRACTION%GOBP%GO:0086004	REGULATION OF CARDIAC MUSCLE CELL CONTRACTION%GOBP%GO:0086004		27	-0.39877346	-1.0330349	0.41269842	0.9112629	1.0	3886	tags=33%, list=24%, signal=44%	
SIGNALING BY PDGF%REACTOME DATABASE ID RELEASE 93%186797	SIGNALING BY PDGF%REACTOME DATABASE ID RELEASE 93%186797		44	-0.35942945	-1.0329702	0.38817006	0.91064155	1.0	2189	tags=18%, list=13%, signal=21%	
GPI ANCHOR METABOLIC PROCESS%GOBP%GO:0006505	GPI ANCHOR METABOLIC PROCESS%GOBP%GO:0006505		23	-0.40821066	-1.0329291	0.394636	0.90990376	1.0	1157	tags=22%, list=7%, signal=23%	
NANOPARTICLE TRIGGERED AUTOPHAGIC CELL DEATH%WIKIPATHWAYS_20250810%WP2509%HOMO SAPIENS	NANOPARTICLE TRIGGERED AUTOPHAGIC CELL DEATH%WIKIPATHWAYS_20250810%WP2509%HOMO SAPIENS		19	-0.42675114	-1.032596	0.42256215	0.9102476	1.0	2663	tags=42%, list=16%, signal=50%	
BCR SIGNALING PATHWAY%PATHWAY INTERACTION DATABASE NCI-NATURE CURATED DATA%BCR SIGNALING PATHWAY	BCR SIGNALING PATHWAY%PATHWAY INTERACTION DATABASE NCI-NATURE CURATED DATA%BCR SIGNALING PATHWAY		61	-0.33500716	-1.0315472	0.4014337	0.9131048	1.0	1474	tags=20%, list=9%, signal=22%	
RESPONSE OF ENDOTHELIAL CELLS TO SHEAR STRESS%REACTOME DATABASE ID RELEASE 93%9860931	RESPONSE OF ENDOTHELIAL CELLS TO SHEAR STRESS%REACTOME DATABASE ID RELEASE 93%9860931		77	-0.32649797	-1.0311753	0.3801498	0.91361976	1.0	2274	tags=18%, list=14%, signal=21%	
TCR%NETPATH%TCR	TCR%NETPATH%TCR		176	-0.28974032	-1.0307846	0.36759582	0.9141556	1.0	1684	tags=14%, list=10%, signal=15%	
VESICLE TARGETING%GOBP%GO:0006903	VESICLE TARGETING%GOBP%GO:0006903		53	-0.34724554	-1.0307657	0.3775701	0.9133511	1.0	2403	tags=28%, list=15%, signal=33%	
PID_INSULIN_PATHWAY%MSIGDB_C2%PID_INSULIN_PATHWAY	PID_INSULIN_PATHWAY%MSIGDB_C2%PID_INSULIN_PATHWAY		34	-0.3764377	-1.0307554	0.4184261	0.91252846	1.0	2403	tags=29%, list=15%, signal=34%	
15Q25 COPY NUMBER VARIATION%WIKIPATHWAYS_20250810%WP5408%HOMO SAPIENS	15Q25 COPY NUMBER VARIATION%WIKIPATHWAYS_20250810%WP5408%HOMO SAPIENS		34	-0.37017283	-1.0303177	0.40190476	0.9132211	1.0	4211	tags=41%, list=26%, signal=55%	
PRESYNAPTIC PHASE OF HOMOLOGOUS DNA PAIRING AND STRAND EXCHANGE%REACTOME%R-HSA-5693616.6	PRESYNAPTIC PHASE OF HOMOLOGOUS DNA PAIRING AND STRAND EXCHANGE%REACTOME%R-HSA-5693616.6		38	-0.3722217	-1.029878	0.38653848	0.9139106	1.0	2473	tags=24%, list=15%, signal=28%	
NUCLEAR DNA REPLICATION%GOBP%GO:0033260	NUCLEAR DNA REPLICATION%GOBP%GO:0033260		18	-0.43326804	-1.0297656	0.42629483	0.9134398	1.0	1584	tags=17%, list=10%, signal=18%	
PID_ECADHERIN_STABILIZATION_PATHWAY%MSIGDB_C2%PID_ECADHERIN_STABILIZATION_PATHWAY	PID_ECADHERIN_STABILIZATION_PATHWAY%MSIGDB_C2%PID_ECADHERIN_STABILIZATION_PATHWAY		31	-0.38673034	-1.0297174	0.40613025	0.9127523	1.0	1630	tags=19%, list=10%, signal=21%	
NEUROPEPTIDE SIGNALING PATHWAY%GOBP%GO:0007218	NEUROPEPTIDE SIGNALING PATHWAY%GOBP%GO:0007218		30	-0.3772729	-1.0296892	0.39163497	0.91197556	1.0	1026	tags=10%, list=6%, signal=11%	
RHYTHMIC PROCESS%GOBP%GO:0048511	RHYTHMIC PROCESS%GOBP%GO:0048511		101	-0.31504354	-1.0296096	0.38204226	0.9114001	1.0	1719	tags=16%, list=10%, signal=18%	
REGULATION OF KERATINOCYTE PROLIFERATION%GOBP%GO:0010837	REGULATION OF KERATINOCYTE PROLIFERATION%GOBP%GO:0010837		20	-0.42853168	-1.0292697	0.40925926	0.9117776	1.0	3252	tags=40%, list=20%, signal=50%	
REGULATION OF NLRP3 INFLAMMASOME COMPLEX ASSEMBLY%GOBP%GO:1900225	REGULATION OF NLRP3 INFLAMMASOME COMPLEX ASSEMBLY%GOBP%GO:1900225		38	-0.37056544	-1.0292513	0.4090909	0.9109829	1.0	1863	tags=21%, list=11%, signal=24%	
PID_BCR_5PATHWAY%MSIGDB_C2%PID_BCR_5PATHWAY	PID_BCR_5PATHWAY%MSIGDB_C2%PID_BCR_5PATHWAY		53	-0.3437955	-1.0290319	0.38771594	0.910901	1.0	1474	tags=21%, list=9%, signal=23%	
REGULATION OF SYNAPTIC TRANSMISSION, GLUTAMATERGIC%GOBP%GO:0051966	REGULATION OF SYNAPTIC TRANSMISSION, GLUTAMATERGIC%GOBP%GO:0051966		48	-0.35374257	-1.0289341	0.40328467	0.91038054	1.0	2131	tags=13%, list=13%, signal=14%	
CELLULAR SENESCENCE%GOBP%GO:0090398	CELLULAR SENESCENCE%GOBP%GO:0090398		45	-0.36093256	-1.0289316	0.39961013	0.9095275	1.0	664	tags=13%, list=4%, signal=14%	
CANONICAL WNT SIGNALING PATHWAY%PATHWAY INTERACTION DATABASE NCI-NATURE CURATED DATA%CANONICAL WNT SIGNALING PATHWAY	CANONICAL WNT SIGNALING PATHWAY%PATHWAY INTERACTION DATABASE NCI-NATURE CURATED DATA%CANONICAL WNT SIGNALING PATHWAY		18	-0.42867297	-1.0283729	0.42011833	0.91068816	1.0	1802	tags=22%, list=11%, signal=25%	
REGULATION OF NUCLEAR DIVISION%GOBP%GO:0051783	REGULATION OF NUCLEAR DIVISION%GOBP%GO:0051783		100	-0.31773946	-1.0281694	0.37974682	0.91052806	1.0	3206	tags=25%, list=20%, signal=31%	
OVERLAP BETWEEN SIGNAL TRANSDUCTION PATHWAYS CONTRIBUTING TO LMNA LAMINOPATHIES%WIKIPATHWAYS_20250810%WP4879%HOMO SAPIENS	OVERLAP BETWEEN SIGNAL TRANSDUCTION PATHWAYS CONTRIBUTING TO LMNA LAMINOPATHIES%WIKIPATHWAYS_20250810%WP4879%HOMO SAPIENS		39	-0.37298152	-1.0276791	0.4120983	0.91146	1.0	1739	tags=18%, list=11%, signal=20%	
NUCLEOTIDE EXCISION REPAIR%WIKIPATHWAYS_20250810%WP4753%HOMO SAPIENS	NUCLEOTIDE EXCISION REPAIR%WIKIPATHWAYS_20250810%WP4753%HOMO SAPIENS		30	-0.38337997	-1.0275542	0.41715398	0.91105443	1.0	1175	tags=20%, list=7%, signal=22%	
REGULATION OF DENDRITE MORPHOGENESIS%GOBP%GO:0048814	REGULATION OF DENDRITE MORPHOGENESIS%GOBP%GO:0048814		34	-0.38183793	-1.027298	0.41618496	0.91110146	1.0	1443	tags=15%, list=9%, signal=16%	
MITOCHONDRIAL BIOGENESIS%REACTOME%R-HSA-1592230.4	MITOCHONDRIAL BIOGENESIS%REACTOME%R-HSA-1592230.4		84	-0.3203596	-1.027163	0.39488116	0.91073704	1.0	1280	tags=17%, list=8%, signal=18%	
POSITIVE REGULATION OF NEURAL PRECURSOR CELL PROLIFERATION%GOBP%GO:2000179	POSITIVE REGULATION OF NEURAL PRECURSOR CELL PROLIFERATION%GOBP%GO:2000179		19	-0.41751394	-1.0265995	0.41980198	0.91188085	1.0	1408	tags=21%, list=9%, signal=23%	
GLYCOGEN METABOLIC PROCESS%GOBP%GO:0005977	GLYCOGEN METABOLIC PROCESS%GOBP%GO:0005977		30	-0.38618526	-1.0265785	0.40039447	0.9110996	1.0	2121	tags=27%, list=13%, signal=31%	
REGULATION OF LAMELLIPODIUM ORGANIZATION%GOBP%GO:1902743	REGULATION OF LAMELLIPODIUM ORGANIZATION%GOBP%GO:1902743		38	-0.36482832	-1.026557	0.39805827	0.91031206	1.0	3882	tags=42%, list=24%, signal=55%	
REGULATION OF ESTABLISHMENT OF CELL POLARITY%GOBP%GO:2000114	REGULATION OF ESTABLISHMENT OF CELL POLARITY%GOBP%GO:2000114		19	-0.4253931	-1.0264235	0.40828404	0.90994525	1.0	1077	tags=16%, list=7%, signal=17%	
REGULATION OF LYMPHOCYTE MIGRATION%GOBP%GO:2000401	REGULATION OF LYMPHOCYTE MIGRATION%GOBP%GO:2000401		46	-0.352503	-1.0260001	0.3942857	0.91063124	1.0	2187	tags=15%, list=13%, signal=18%	
POSITIVE REGULATION OF VIRAL GENOME REPLICATION%GOBP%GO:0045070	POSITIVE REGULATION OF VIRAL GENOME REPLICATION%GOBP%GO:0045070		28	-0.39334524	-1.0259516	0.40518963	0.9099599	1.0	2420	tags=25%, list=15%, signal=29%	
INSULIN PROCESSING%REACTOME%R-HSA-264876.7	INSULIN PROCESSING%REACTOME%R-HSA-264876.7		21	-0.42029318	-1.0255901	0.41899443	0.9103691	1.0	2403	tags=29%, list=15%, signal=33%	
POSITIVE REGULATION OF LAMELLIPODIUM ASSEMBLY%GOBP%GO:0010592	POSITIVE REGULATION OF LAMELLIPODIUM ASSEMBLY%GOBP%GO:0010592		19	-0.42778188	-1.0250719	0.4223485	0.91130924	1.0	2986	tags=42%, list=18%, signal=51%	
PID_IL3_PATHWAY%MSIGDB_C2%PID_IL3_PATHWAY	PID_IL3_PATHWAY%MSIGDB_C2%PID_IL3_PATHWAY		17	-0.4342807	-1.0248609	0.39963168	0.9112267	1.0	379	tags=12%, list=2%, signal=12%	
NEGATIVE REGULATION OF MONONUCLEAR CELL MIGRATION%GOBP%GO:0071676	NEGATIVE REGULATION OF MONONUCLEAR CELL MIGRATION%GOBP%GO:0071676		23	-0.40144494	-1.0246222	0.41666666	0.91125363	1.0	3652	tags=39%, list=22%, signal=50%	
HEDGEHOG SIGNALING%WIKIPATHWAYS_20250810%WP4249%HOMO SAPIENS	HEDGEHOG SIGNALING%WIKIPATHWAYS_20250810%WP4249%HOMO SAPIENS		28	-0.38932693	-1.0246159	0.39962476	0.91042167	1.0	2549	tags=29%, list=16%, signal=34%	
PROTEINOGENIC AMINO ACID BIOSYNTHETIC PROCESS%GOBP%GO:0170038	PROTEINOGENIC AMINO ACID BIOSYNTHETIC PROCESS%GOBP%GO:0170038		35	-0.37059623	-1.0241736	0.4197292	0.91119796	1.0	2113	tags=17%, list=13%, signal=20%	
POLO-LIKE KINASE MEDIATED EVENTS%REACTOME%R-HSA-156711.4	POLO-LIKE KINASE MEDIATED EVENTS%REACTOME%R-HSA-156711.4		15	-0.43861395	-1.0241659	0.4173387	0.91037285	1.0	2534	tags=27%, list=15%, signal=32%	
REGULATION OF ESTABLISHMENT OR MAINTENANCE OF CELL POLARITY%GOBP%GO:0032878	REGULATION OF ESTABLISHMENT OR MAINTENANCE OF CELL POLARITY%GOBP%GO:0032878		22	-0.4121069	-1.0238254	0.42125237	0.91072184	1.0	1077	tags=14%, list=7%, signal=15%	
DEFECTIVE HOMOLOGOUS RECOMBINATION REPAIR (HRR) DUE TO BRCA2 LOSS OF FUNCTION%REACTOME%R-HSA-9701190.3	DEFECTIVE HOMOLOGOUS RECOMBINATION REPAIR (HRR) DUE TO BRCA2 LOSS OF FUNCTION%REACTOME%R-HSA-9701190.3		39	-0.3661599	-1.0238019	0.39809525	0.90995234	1.0	4335	tags=38%, list=26%, signal=52%	
PHOTODYNAMIC THERAPY INDUCED AP 1 SURVIVAL SIGNALING%WIKIPATHWAYS_20250810%WP3611%HOMO SAPIENS	PHOTODYNAMIC THERAPY INDUCED AP 1 SURVIVAL SIGNALING%WIKIPATHWAYS_20250810%WP3611%HOMO SAPIENS		39	-0.36379603	-1.0229781	0.4140625	0.9121296	1.0	641	tags=10%, list=4%, signal=11%	
PI METABOLISM%REACTOME DATABASE ID RELEASE 93%1483255	PI METABOLISM%REACTOME DATABASE ID RELEASE 93%1483255		80	-0.3235015	-1.0228233	0.3798165	0.9118413	1.0	2656	tags=25%, list=16%, signal=30%	
PATHWAYS AFFECTED IN ADENOID CYSTIC CARCINOMA%WIKIPATHWAYS_20250810%WP3651%HOMO SAPIENS	PATHWAYS AFFECTED IN ADENOID CYSTIC CARCINOMA%WIKIPATHWAYS_20250810%WP3651%HOMO SAPIENS		45	-0.35598382	-1.0227306	0.40918162	0.9113535	1.0	2473	tags=29%, list=15%, signal=34%	
PHOSPHATIDYLETHANOLAMINE METABOLIC PROCESS%GOBP%GO:0046337	PHOSPHATIDYLETHANOLAMINE METABOLIC PROCESS%GOBP%GO:0046337		22	-0.40482873	-1.022675	0.40970874	0.9107091	1.0	315	tags=9%, list=2%, signal=9%	
LEFT/RIGHT PATTERN FORMATION%GOBP%GO:0060972	LEFT/RIGHT PATTERN FORMATION%GOBP%GO:0060972		57	-0.33368474	-1.0225753	0.4177449	0.91023046	1.0	662	tags=9%, list=4%, signal=9%	
RND2 GTPASE CYCLE%REACTOME DATABASE ID RELEASE 93%9696270	RND2 GTPASE CYCLE%REACTOME DATABASE ID RELEASE 93%9696270		40	-0.35771027	-1.0225245	0.40712947	0.9095515	1.0	2463	tags=25%, list=15%, signal=29%	
POSITIVE REGULATION OF FIBROBLAST PROLIFERATION%GOBP%GO:0048146	POSITIVE REGULATION OF FIBROBLAST PROLIFERATION%GOBP%GO:0048146		23	-0.40783876	-1.0224106	0.43253967	0.9091265	1.0	2051	tags=22%, list=12%, signal=25%	
POSITIVE REGULATION OF OSSIFICATION%GOBP%GO:0045778	POSITIVE REGULATION OF OSSIFICATION%GOBP%GO:0045778		41	-0.35733074	-1.0222584	0.42994243	0.90884006	1.0	2061	tags=17%, list=13%, signal=19%	
LOSS OF PROTEINS REQUIRED FOR INTERPHASE MICROTUBULE ORGANIZATION FROM THE CENTROSOME%REACTOME%R-HSA-380284.3	LOSS OF PROTEINS REQUIRED FOR INTERPHASE MICROTUBULE ORGANIZATION FROM THE CENTROSOME%REACTOME%R-HSA-380284.3		62	-0.33043468	-1.0221592	0.41114983	0.9083423	1.0	1924	tags=26%, list=12%, signal=29%	
REGULATION OF RRNA PROCESSING%GOBP%GO:2000232	REGULATION OF RRNA PROCESSING%GOBP%GO:2000232		15	-0.43925124	-1.0214626	0.45093945	0.9099781	1.0	1186	tags=27%, list=7%, signal=29%	
TRANSPORT OF MATURE TRANSCRIPT TO CYTOPLASM%REACTOME%R-HSA-72202.4	TRANSPORT OF MATURE TRANSCRIPT TO CYTOPLASM%REACTOME%R-HSA-72202.4		70	-0.32954228	-1.0207331	0.4171123	0.9117094	1.0	1893	tags=20%, list=12%, signal=23%	
REGULATION OF SIGNALING BY CBL%REACTOME DATABASE ID RELEASE 93%912631	REGULATION OF SIGNALING BY CBL%REACTOME DATABASE ID RELEASE 93%912631		16	-0.44496125	-1.0206501	0.44650206	0.91116303	1.0	722	tags=13%, list=4%, signal=13%	
PRION DISEASE PATHWAY%WIKIPATHWAYS_20250810%WP3995%HOMO SAPIENS	PRION DISEASE PATHWAY%WIKIPATHWAYS_20250810%WP3995%HOMO SAPIENS		26	-0.3933025	-1.0204159	0.411985	0.91114897	1.0	901	tags=12%, list=5%, signal=12%	
POSITIVE REGULATION OF STRESS-ACTIVATED PROTEIN KINASE SIGNALING CASCADE%GOBP%GO:0070304	POSITIVE REGULATION OF STRESS-ACTIVATED PROTEIN KINASE SIGNALING CASCADE%GOBP%GO:0070304		15	-0.45551774	-1.0202903	0.4448819	0.910781	1.0	360	tags=13%, list=2%, signal=14%	
CARDIAC SEPTUM MORPHOGENESIS%GOBP%GO:0060411	CARDIAC SEPTUM MORPHOGENESIS%GOBP%GO:0060411		43	-0.34731868	-1.020134	0.42486086	0.91051483	1.0	4870	tags=40%, list=30%, signal=56%	
RHOH GTPASE CYCLE%REACTOME%R-HSA-9013407.3	RHOH GTPASE CYCLE%REACTOME%R-HSA-9013407.3		35	-0.3689363	-1.0200626	0.41485506	0.90992695	1.0	1805	tags=23%, list=11%, signal=26%	
INTEGRIN FAMILY CELL SURFACE INTERACTIONS%PATHWAY INTERACTION DATABASE NCI-NATURE CURATED DATA%INTEGRIN FAMILY CELL SURFACE INTERACTIONS	INTEGRIN FAMILY CELL SURFACE INTERACTIONS%PATHWAY INTERACTION DATABASE NCI-NATURE CURATED DATA%INTEGRIN FAMILY CELL SURFACE INTERACTIONS		25	-0.40429774	-1.0199804	0.44357976	0.90938914	1.0	3810	tags=32%, list=23%, signal=42%	
DISEASES OF DNA DOUBLE-STRAND BREAK REPAIR%REACTOME%R-HSA-9675136.4	DISEASES OF DNA DOUBLE-STRAND BREAK REPAIR%REACTOME%R-HSA-9675136.4		39	-0.3661599	-1.0195946	0.41864717	0.9098815	1.0	4335	tags=38%, list=26%, signal=52%	
REGULATION OF FATTY ACID BIOSYNTHETIC PROCESS%GOBP%GO:0042304	REGULATION OF FATTY ACID BIOSYNTHETIC PROCESS%GOBP%GO:0042304		37	-0.36326942	-1.0188433	0.42829457	0.911706	1.0	1135	tags=8%, list=7%, signal=9%	
REGULATION OF CELL-MATRIX ADHESION%GOBP%GO:0001952	REGULATION OF CELL-MATRIX ADHESION%GOBP%GO:0001952		97	-0.3068897	-1.0186071	0.39813083	0.9117017	1.0	2234	tags=20%, list=14%, signal=23%	
REGULATION OF ACTIN FILAMENT-BASED MOVEMENT%GOBP%GO:1903115	REGULATION OF ACTIN FILAMENT-BASED MOVEMENT%GOBP%GO:1903115		28	-0.3839737	-1.0178578	0.4632653	0.91348964	1.0	3886	tags=32%, list=24%, signal=42%	
IKK COMPLEX RECRUITMENT MEDIATED BY RIP1%REACTOME DATABASE ID RELEASE 93%937041	IKK COMPLEX RECRUITMENT MEDIATED BY RIP1%REACTOME DATABASE ID RELEASE 93%937041		17	-0.4367564	-1.017697	0.4243028	0.91321117	1.0	975	tags=18%, list=6%, signal=19%	
VIRAL MESSENGER RNA SYNTHESIS%REACTOME%R-HSA-168325.6	VIRAL MESSENGER RNA SYNTHESIS%REACTOME%R-HSA-168325.6		40	-0.36192203	-1.0175235	0.41563055	0.9129932	1.0	1893	tags=20%, list=12%, signal=23%	
TRIF (TICAM1)-MEDIATED TLR4 SIGNALING%REACTOME DATABASE ID RELEASE 93%937061	TRIF (TICAM1)-MEDIATED TLR4 SIGNALING%REACTOME DATABASE ID RELEASE 93%937061		99	-0.30821493	-1.0174265	0.3779385	0.9125103	1.0	1179	tags=11%, list=7%, signal=12%	
POSITIVE REGULATION OF MRNA PROCESSING%GOBP%GO:0050685	POSITIVE REGULATION OF MRNA PROCESSING%GOBP%GO:0050685		18	-0.42438745	-1.0173947	0.43326488	0.9117997	1.0	1012	tags=22%, list=6%, signal=24%	
FAS%IOB%FAS	FAS%IOB%FAS		74	-0.3229582	-1.0167819	0.4172662	0.91316766	1.0	1380	tags=15%, list=8%, signal=16%	
PATTERN RECOGNITION RECEPTOR SIGNALING PATHWAY%GOBP%GO:0002221	PATTERN RECOGNITION RECEPTOR SIGNALING PATHWAY%GOBP%GO:0002221		101	-0.31243467	-1.0167005	0.39770555	0.91263384	1.0	1052	tags=10%, list=6%, signal=11%	
BETA-CATENIN PHOSPHORYLATION CASCADE%REACTOME%R-HSA-196299.3	BETA-CATENIN PHOSPHORYLATION CASCADE%REACTOME%R-HSA-196299.3		16	-0.43610618	-1.0166819	0.44227007	0.91187423	1.0	1337	tags=25%, list=8%, signal=27%	
NEGATIVE REGULATION OF PROTEOLYSIS INVOLVED IN PROTEIN CATABOLIC PROCESS%GOBP%GO:1903051	NEGATIVE REGULATION OF PROTEOLYSIS INVOLVED IN PROTEIN CATABOLIC PROCESS%GOBP%GO:1903051		58	-0.33601424	-1.0166049	0.42486086	0.91131705	1.0	1114	tags=14%, list=7%, signal=15%	
TNFALPHA%IOB%TNFALPHA	TNFALPHA%IOB%TNFALPHA		157	-0.29234865	-1.0165998	0.4184028	0.91051567	1.0	1450	tags=15%, list=9%, signal=16%	
HEDGEHOG%NETPATH%HEDGEHOG	HEDGEHOG%NETPATH%HEDGEHOG		18	-0.42708775	-1.0165325	0.4490196	0.9099461	1.0	1481	tags=17%, list=9%, signal=18%	
GLUCOSE METABOLISM%REACTOME DATABASE ID RELEASE 93%70326	GLUCOSE METABOLISM%REACTOME DATABASE ID RELEASE 93%70326		64	-0.33009616	-1.0165067	0.4165202	0.9092057	1.0	2274	tags=17%, list=14%, signal=20%	
FIBROBLAST GROWTH FACTOR RECEPTOR SIGNALING PATHWAY%GOBP%GO:0008543	FIBROBLAST GROWTH FACTOR RECEPTOR SIGNALING PATHWAY%GOBP%GO:0008543		23	-0.3998327	-1.0161878	0.4224806	0.9095119	1.0	3422	tags=43%, list=21%, signal=55%	
REGULATION OF CYTOSOLIC CALCIUM ION CONCENTRATION%GOBP%GO:0051480	REGULATION OF CYTOSOLIC CALCIUM ION CONCENTRATION%GOBP%GO:0051480		30	-0.3784317	-1.0154735	0.4368932	0.91120875	1.0	4121	tags=27%, list=25%, signal=36%	
MYD88-INDEPENDENT TLR4 CASCADE%REACTOME%R-HSA-166166.4	MYD88-INDEPENDENT TLR4 CASCADE%REACTOME%R-HSA-166166.4		99	-0.30821493	-1.0150392	0.41549295	0.9119661	1.0	1179	tags=11%, list=7%, signal=12%	
SEPARATION OF SISTER CHROMATIDS%REACTOME%R-HSA-2467813.4	SEPARATION OF SISTER CHROMATIDS%REACTOME%R-HSA-2467813.4		146	-0.29008183	-1.0150356	0.41454545	0.91115737	1.0	2567	tags=21%, list=16%, signal=24%	
RESPONSE TO COLD%GOBP%GO:0009409	RESPONSE TO COLD%GOBP%GO:0009409		18	-0.42055959	-1.0150268	0.42828685	0.91036874	1.0	582	tags=17%, list=4%, signal=17%	
PROLACTIN SIGNALING%WIKIPATHWAYS_20250810%WP2037%HOMO SAPIENS	PROLACTIN SIGNALING%WIKIPATHWAYS_20250810%WP2037%HOMO SAPIENS		60	-0.33348307	-1.0146579	0.42424244	0.9107981	1.0	1185	tags=15%, list=7%, signal=16%	
DETERMINATION OF LEFT/RIGHT SYMMETRY%GOBP%GO:0007368	DETERMINATION OF LEFT/RIGHT SYMMETRY%GOBP%GO:0007368		56	-0.33636147	-1.0144808	0.42616823	0.9106258	1.0	662	tags=9%, list=4%, signal=9%	
RAC2 GTPASE CYCLE%REACTOME DATABASE ID RELEASE 93%9013404	RAC2 GTPASE CYCLE%REACTOME DATABASE ID RELEASE 93%9013404		83	-0.3208003	-1.0143164	0.4116608	0.9103821	1.0	2320	tags=23%, list=14%, signal=27%	
SIGNALING BY ERBB2 KD MUTANTS%REACTOME%R-HSA-9664565.3	SIGNALING BY ERBB2 KD MUTANTS%REACTOME%R-HSA-9664565.3		19	-0.42227274	-1.0140913	0.44134077	0.91032284	1.0	1185	tags=21%, list=7%, signal=23%	
GLUCAN METABOLIC PROCESS%GOBP%GO:0044042	GLUCAN METABOLIC PROCESS%GOBP%GO:0044042		31	-0.378395	-1.0135447	0.44247788	0.91140443	1.0	2121	tags=26%, list=13%, signal=30%	
NEURAL PRECURSOR CELL PROLIFERATION%GOBP%GO:0061351	NEURAL PRECURSOR CELL PROLIFERATION%GOBP%GO:0061351		29	-0.3776802	-1.0134993	0.4631783	0.91074663	1.0	3544	tags=38%, list=22%, signal=48%	
FANCONI ANEMIA%WIKIPATHWAYS_20250810%WP5465%HOMO SAPIENS	FANCONI ANEMIA%WIKIPATHWAYS_20250810%WP5465%HOMO SAPIENS		38	-0.36161637	-1.0133648	0.43570057	0.910418	1.0	2521	tags=24%, list=15%, signal=28%	
REGULATORY NCRNA-MEDIATED HETEROCHROMATIN FORMATION%GOBP%GO:0031048	REGULATORY NCRNA-MEDIATED HETEROCHROMATIN FORMATION%GOBP%GO:0031048		18	-0.4306158	-1.0127069	0.45576924	0.911923	1.0	380	tags=11%, list=2%, signal=11%	
REGULATION OF IMMUNE RESPONSE TO TUMOR CELL%GOBP%GO:0002837	REGULATION OF IMMUNE RESPONSE TO TUMOR CELL%GOBP%GO:0002837		21	-0.40241963	-1.0124793	0.4497992	0.9119212	1.0	670	tags=14%, list=4%, signal=15%	
EXTENSION OF TELOMERES%REACTOME DATABASE ID RELEASE 93%180786	EXTENSION OF TELOMERES%REACTOME DATABASE ID RELEASE 93%180786		43	-0.3530258	-1.0120891	0.41846758	0.9124672	1.0	2601	tags=30%, list=16%, signal=36%	
REGULATION OF CELLULAR RESPONSE TO VASCULAR ENDOTHELIAL GROWTH FACTOR STIMULUS%GOBP%GO:1902547	REGULATION OF CELLULAR RESPONSE TO VASCULAR ENDOTHELIAL GROWTH FACTOR STIMULUS%GOBP%GO:1902547		26	-0.3846051	-1.0120395	0.4298893	0.9118123	1.0	3703	tags=31%, list=23%, signal=40%	
RESPONSE TO MISFOLDED PROTEIN%GOBP%GO:0051788	RESPONSE TO MISFOLDED PROTEIN%GOBP%GO:0051788		18	-0.426385	-1.0117958	0.46139705	0.91185766	1.0	1176	tags=22%, list=7%, signal=24%	
BIOCARTA_VIP_PATHWAY%MSIGDB_C2%BIOCARTA_VIP_PATHWAY	BIOCARTA_VIP_PATHWAY%MSIGDB_C2%BIOCARTA_VIP_PATHWAY		16	-0.43135437	-1.0103436	0.43838385	0.9160852	1.0	1474	tags=19%, list=9%, signal=21%	
CELLULAR RESPONSE TO TUMOR NECROSIS FACTOR%GOBP%GO:0071356	CELLULAR RESPONSE TO TUMOR NECROSIS FACTOR%GOBP%GO:0071356		79	-0.31893018	-1.0102174	0.41530055	0.9157474	1.0	2948	tags=24%, list=18%, signal=29%	
ER-NUCLEUS SIGNALING PATHWAY%GOBP%GO:0006984	ER-NUCLEUS SIGNALING PATHWAY%GOBP%GO:0006984		28	-0.3839336	-1.0092407	0.42435426	0.91832167	1.0	1498	tags=18%, list=9%, signal=20%	
REGULATION OF CELL KILLING%GOBP%GO:0031341	REGULATION OF CELL KILLING%GOBP%GO:0031341		61	-0.3328613	-1.0086673	0.43263757	0.9195722	1.0	890	tags=8%, list=5%, signal=9%	
THE ONCOGENIC ACTION OF L-2-HYDROXYGLUTARATE IN HYDROXYGLUTARIC ACIDURIA%PATHWHIZ%PW002451	THE ONCOGENIC ACTION OF L-2-HYDROXYGLUTARATE IN HYDROXYGLUTARIC ACIDURIA%PATHWHIZ%PW002451		23	-0.3989139	-1.0084728	0.47764227	0.91946554	1.0	1677	tags=17%, list=10%, signal=19%	
BIOCARTA_IGF1_PATHWAY%MSIGDB_C2%BIOCARTA_IGF1_PATHWAY	BIOCARTA_IGF1_PATHWAY%MSIGDB_C2%BIOCARTA_IGF1_PATHWAY		16	-0.42544135	-1.0083109	0.44758064	0.91920346	1.0	1185	tags=25%, list=7%, signal=27%	
RESOLUTION OF D-LOOP STRUCTURES%REACTOME%R-HSA-5693537.3	RESOLUTION OF D-LOOP STRUCTURES%REACTOME%R-HSA-5693537.3		33	-0.37148836	-1.0083107	0.45117188	0.91839355	1.0	1437	tags=21%, list=9%, signal=23%	
SENESCENCE AND AUTOPHAGY IN CANCER%WIKIPATHWAYS_20250810%WP615%HOMO SAPIENS	SENESCENCE AND AUTOPHAGY IN CANCER%WIKIPATHWAYS_20250810%WP615%HOMO SAPIENS		69	-0.3233299	-1.0082992	0.4526515	0.91763115	1.0	2623	tags=25%, list=16%, signal=29%	
HEDGEHOG%IOB%HEDGEHOG	HEDGEHOG%IOB%HEDGEHOG		20	-0.42034495	-1.0076505	0.45679012	0.9190853	1.0	1481	tags=15%, list=9%, signal=16%	
RHOBTB2 GTPASE CYCLE%REACTOME%R-HSA-9013418.4	RHOBTB2 GTPASE CYCLE%REACTOME%R-HSA-9013418.4		22	-0.3983625	-1.006916	0.44313726	0.92083126	1.0	1019	tags=14%, list=6%, signal=15%	
RESPONSE TO MONOAMINE%GOBP%GO:0071867	RESPONSE TO MONOAMINE%GOBP%GO:0071867		27	-0.37737182	-1.0068668	0.44071147	0.9201949	1.0	1355	tags=11%, list=8%, signal=12%	
REGULATION OF CELLULAR RESPONSE TO INSULIN STIMULUS%GOBP%GO:1900076	REGULATION OF CELLULAR RESPONSE TO INSULIN STIMULUS%GOBP%GO:1900076		47	-0.34834328	-1.0068141	0.4527163	0.9195794	1.0	3217	tags=30%, list=20%, signal=37%	
ESTABLISHMENT OF MITOTIC SPINDLE ORIENTATION%GOBP%GO:0000132	ESTABLISHMENT OF MITOTIC SPINDLE ORIENTATION%GOBP%GO:0000132		29	-0.38283864	-1.0067862	0.4567669	0.9188874	1.0	3056	tags=38%, list=19%, signal=47%	
PROTEIN DEGLYCOSYLATION%GOBP%GO:0006517	PROTEIN DEGLYCOSYLATION%GOBP%GO:0006517		18	-0.43006325	-1.0067691	0.46625766	0.9181431	1.0	2350	tags=28%, list=14%, signal=32%	
REGULATION OF EPITHELIAL CELL DIFFERENTIATION%GOBP%GO:0030856	REGULATION OF EPITHELIAL CELL DIFFERENTIATION%GOBP%GO:0030856		87	-0.31276315	-1.0066317	0.42537314	0.9178414	1.0	1077	tags=8%, list=7%, signal=9%	
RESCUE OF STALLED RIBOSOME%GOBP%GO:0072344	RESCUE OF STALLED RIBOSOME%GOBP%GO:0072344		30	-0.38488927	-1.0054976	0.4526515	0.9209705	1.0	1716	tags=27%, list=10%, signal=30%	
AMEBOIDAL-TYPE CELL MIGRATION%GOBP%GO:0001667	AMEBOIDAL-TYPE CELL MIGRATION%GOBP%GO:0001667		67	-0.3233683	-1.0054759	0.4251825	0.92023623	1.0	4338	tags=34%, list=26%, signal=46%	
PID_SYNDECAN_4_PATHWAY%MSIGDB_C2%PID_SYNDECAN_4_PATHWAY	PID_SYNDECAN_4_PATHWAY%MSIGDB_C2%PID_SYNDECAN_4_PATHWAY		21	-0.40957	-1.0048584	0.42607003	0.92155147	1.0	51	tags=5%, list=0%, signal=5%	
RESPONSE TO GAMMA RADIATION%GOBP%GO:0010332	RESPONSE TO GAMMA RADIATION%GOBP%GO:0010332		20	-0.4076838	-1.0047361	0.46095237	0.92120063	1.0	1250	tags=25%, list=8%, signal=27%	
MITOCHONDRIAL CALCIUM ION HOMEOSTASIS%GOBP%GO:0051560	MITOCHONDRIAL CALCIUM ION HOMEOSTASIS%GOBP%GO:0051560		18	-0.4190889	-1.0045978	0.44268775	0.9208565	1.0	1543	tags=22%, list=9%, signal=25%	
C-MYB TRANSCRIPTION FACTOR NETWORK%PATHWAY INTERACTION DATABASE NCI-NATURE CURATED DATA%C-MYB TRANSCRIPTION FACTOR NETWORK	C-MYB TRANSCRIPTION FACTOR NETWORK%PATHWAY INTERACTION DATABASE NCI-NATURE CURATED DATA%C-MYB TRANSCRIPTION FACTOR NETWORK		70	-0.32316706	-1.0045304	0.44090056	0.9202957	1.0	2442	tags=24%, list=15%, signal=28%	
CARDIAC MUSCLE CELL CONTRACTION%GOBP%GO:0086003	CARDIAC MUSCLE CELL CONTRACTION%GOBP%GO:0086003		41	-0.35313883	-1.004275	0.44746378	0.9203951	1.0	4049	tags=32%, list=25%, signal=42%	
REGULATION OF CELLULAR RESPONSE TO HEAT%GOBP%GO:1900034	REGULATION OF CELLULAR RESPONSE TO HEAT%GOBP%GO:1900034		15	-0.43733418	-1.0042161	0.45009786	0.9198093	1.0	2492	tags=33%, list=15%, signal=39%	
M-CSF%IOB%M-CSF	M-CSF%IOB%M-CSF		18	-0.42676243	-1.0041338	0.4486166	0.91930336	1.0	862	tags=11%, list=5%, signal=12%	
LOSS OF NLP FROM MITOTIC CENTROSOMES%REACTOME DATABASE ID RELEASE 93%380259	LOSS OF NLP FROM MITOTIC CENTROSOMES%REACTOME DATABASE ID RELEASE 93%380259		62	-0.33043468	-1.0040395	0.47089946	0.9188039	1.0	1924	tags=26%, list=12%, signal=29%	
ANDROGEN RECEPTOR NETWORK IN PROSTATE CANCER%WIKIPATHWAYS_20250810%WP2263%HOMO SAPIENS	ANDROGEN RECEPTOR NETWORK IN PROSTATE CANCER%WIKIPATHWAYS_20250810%WP2263%HOMO SAPIENS		85	-0.30932322	-1.0039023	0.42857143	0.91845745	1.0	2666	tags=27%, list=16%, signal=32%	
REGULATION OF DENDRITE DEVELOPMENT%GOBP%GO:0050773	REGULATION OF DENDRITE DEVELOPMENT%GOBP%GO:0050773		56	-0.32986706	-1.0036962	0.46718147	0.91838485	1.0	4751	tags=43%, list=29%, signal=60%	
REGULATION OF SPINDLE ORGANIZATION%GOBP%GO:0090224	REGULATION OF SPINDLE ORGANIZATION%GOBP%GO:0090224		36	-0.36960706	-1.0035354	0.46031746	0.9181301	1.0	849	tags=11%, list=5%, signal=12%	
NEGATIVE REGULATION OF EPITHELIAL CELL PROLIFERATION%GOBP%GO:0050680	NEGATIVE REGULATION OF EPITHELIAL CELL PROLIFERATION%GOBP%GO:0050680		69	-0.32465452	-1.002953	0.43382353	0.919329	1.0	1999	tags=14%, list=12%, signal=16%	
RESOLUTION OF D-LOOP STRUCTURES THROUGH HOLLIDAY JUNCTION INTERMEDIATES%REACTOME%R-HSA-5693568.6	RESOLUTION OF D-LOOP STRUCTURES THROUGH HOLLIDAY JUNCTION INTERMEDIATES%REACTOME%R-HSA-5693568.6		33	-0.37148836	-1.0029463	0.4556213	0.91855747	1.0	1437	tags=21%, list=9%, signal=23%	
POSITIVE REGULATION OF LAMELLIPODIUM ORGANIZATION%GOBP%GO:1902745	POSITIVE REGULATION OF LAMELLIPODIUM ORGANIZATION%GOBP%GO:1902745		26	-0.3885422	-1.0025367	0.4459725	0.9192004	1.0	3882	tags=50%, list=24%, signal=65%	
POLYSACCHARIDE METABOLIC PROCESS%GOBP%GO:0005976	POLYSACCHARIDE METABOLIC PROCESS%GOBP%GO:0005976		38	-0.36168355	-1.002473	0.45996276	0.91862065	1.0	2702	tags=26%, list=16%, signal=31%	
PID_THROMBIN_PAR1_PATHWAY%MSIGDB_C2%PID_THROMBIN_PAR1_PATHWAY	PID_THROMBIN_PAR1_PATHWAY%MSIGDB_C2%PID_THROMBIN_PAR1_PATHWAY		28	-0.37784335	-1.0021092	0.4469697	0.9190916	1.0	3387	tags=39%, list=21%, signal=49%	
DEFECTS IN TOLL-LIKE RECEPTOR CASCADES%REACTOME%R-HSA-5602358.5	DEFECTS IN TOLL-LIKE RECEPTOR CASCADES%REACTOME%R-HSA-5602358.5		25	-0.388633	-1.0020477	0.46007603	0.91852725	1.0	975	tags=16%, list=6%, signal=17%	
REGULATION OF PLK1 ACTIVITY AT G2 M TRANSITION%REACTOME%R-HSA-2565942.5	REGULATION OF PLK1 ACTIVITY AT G2 M TRANSITION%REACTOME%R-HSA-2565942.5		78	-0.3180535	-1.0012668	0.46040517	0.9203382	1.0	2534	tags=29%, list=15%, signal=35%	
NEGATIVE REGULATION OF MAP KINASE ACTIVITY%GOBP%GO:0043407	NEGATIVE REGULATION OF MAP KINASE ACTIVITY%GOBP%GO:0043407		15	-0.4411338	-1.0009189	0.4642857	0.920757	1.0	489	tags=7%, list=3%, signal=7%	
VASCULAR PROCESS IN CIRCULATORY SYSTEM%GOBP%GO:0003018	VASCULAR PROCESS IN CIRCULATORY SYSTEM%GOBP%GO:0003018		158	-0.28591827	-1.000818	0.4490161	0.9203125	1.0	2853	tags=18%, list=17%, signal=21%	
NEGATIVE REGULATION OF THE PI3K AKT NETWORK%REACTOME DATABASE ID RELEASE 93%199418	NEGATIVE REGULATION OF THE PI3K AKT NETWORK%REACTOME DATABASE ID RELEASE 93%199418		89	-0.3091647	-1.0005988	0.43782836	0.92028767	1.0	1671	tags=12%, list=10%, signal=14%	
REGULATION OF CALCINEURIN-NFAT SIGNALING CASCADE%GOBP%GO:0070884	REGULATION OF CALCINEURIN-NFAT SIGNALING CASCADE%GOBP%GO:0070884		24	-0.3932838	-1.0001626	0.4635514	0.9209874	1.0	2730	tags=25%, list=17%, signal=30%	
REGULATION OF D-GLUCOSE TRANSMEMBRANE TRANSPORT%GOBP%GO:0010827	REGULATION OF D-GLUCOSE TRANSMEMBRANE TRANSPORT%GOBP%GO:0010827		42	-0.3504121	-1.0001531	0.44139194	0.92023015	1.0	3288	tags=29%, list=20%, signal=36%	
CHROMOSOME LOCALIZATION%GOBP%GO:0050000	CHROMOSOME LOCALIZATION%GOBP%GO:0050000		79	-0.31314343	-0.9995802	0.44423792	0.92138153	1.0	2687	tags=24%, list=16%, signal=29%	
MODULATION OF HOST RESPONSES BY IFN-STIMULATED GENES%REACTOME DATABASE ID RELEASE 93%9909505	MODULATION OF HOST RESPONSES BY IFN-STIMULATED GENES%REACTOME DATABASE ID RELEASE 93%9909505		16	-0.42602867	-0.99939746	0.4766537	0.9212183	1.0	1477	tags=19%, list=9%, signal=21%	
REGULATION OF MACROAUTOPHAGY%GOBP%GO:0016241	REGULATION OF MACROAUTOPHAGY%GOBP%GO:0016241		165	-0.28967172	-0.99904853	0.45791245	0.9216364	1.0	1716	tags=16%, list=10%, signal=18%	
NEGATIVE REGULATION OF EXOCYTOSIS%GOBP%GO:0045920	NEGATIVE REGULATION OF EXOCYTOSIS%GOBP%GO:0045920		27	-0.38671744	-0.99879324	0.46899223	0.92170715	1.0	3113	tags=30%, list=19%, signal=37%	
REGULATION OF VASCULAR ENDOTHELIAL GROWTH FACTOR SIGNALING PATHWAY%GOBP%GO:1900746	REGULATION OF VASCULAR ENDOTHELIAL GROWTH FACTOR SIGNALING PATHWAY%GOBP%GO:1900746		24	-0.39299092	-0.9987914	0.44918698	0.92092335	1.0	1999	tags=17%, list=12%, signal=19%	
VESICLE-MEDIATED TRANSPORT TO THE PLASMA MEMBRANE%GOBP%GO:0098876	VESICLE-MEDIATED TRANSPORT TO THE PLASMA MEMBRANE%GOBP%GO:0098876		116	-0.2972364	-0.9987364	0.45698926	0.9203257	1.0	2548	tags=27%, list=16%, signal=31%	
CYTOCHROME P450 - ARRANGED BY SUBSTRATE TYPE%REACTOME%R-HSA-211897.5	CYTOCHROME P450 - ARRANGED BY SUBSTRATE TYPE%REACTOME%R-HSA-211897.5		31	-0.37464368	-0.9986864	0.46442688	0.91971576	1.0	3494	tags=39%, list=21%, signal=49%	
LIPID TRANSLOCATION%GOBP%GO:0034204	LIPID TRANSLOCATION%GOBP%GO:0034204		41	-0.35495824	-0.9986658	0.4548803	0.9189988	1.0	1789	tags=20%, list=11%, signal=22%	
PID_AVB3_OPN_PATHWAY%MSIGDB_C2%PID_AVB3_OPN_PATHWAY	PID_AVB3_OPN_PATHWAY%MSIGDB_C2%PID_AVB3_OPN_PATHWAY		25	-0.39554244	-0.9985536	0.44773176	0.91860914	1.0	2189	tags=32%, list=13%, signal=37%	
POSITIVE REGULATION OF MACROPHAGE DERIVED FOAM CELL DIFFERENTIATION%GOBP%GO:0010744	POSITIVE REGULATION OF MACROPHAGE DERIVED FOAM CELL DIFFERENTIATION%GOBP%GO:0010744		16	-0.43378952	-0.99819756	0.46525097	0.9191031	1.0	4057	tags=31%, list=25%, signal=41%	
INTERLEUKIN-37 SIGNALING%REACTOME DATABASE ID RELEASE 93%9008059	INTERLEUKIN-37 SIGNALING%REACTOME DATABASE ID RELEASE 93%9008059		19	-0.41416773	-0.9980897	0.44	0.9186728	1.0	1297	tags=26%, list=8%, signal=29%	
REMOVAL OF THE FLAP INTERMEDIATE FROM THE C-STRAND%REACTOME DATABASE ID RELEASE 93%174437	REMOVAL OF THE FLAP INTERMEDIATE FROM THE C-STRAND%REACTOME DATABASE ID RELEASE 93%174437		15	-0.4427579	-0.9978919	0.46060607	0.91856945	1.0	2379	tags=40%, list=14%, signal=47%	
POSITIVE REGULATION OF D-GLUCOSE IMPORT%GOBP%GO:0046326	POSITIVE REGULATION OF D-GLUCOSE IMPORT%GOBP%GO:0046326		20	-0.40739977	-0.99755365	0.45996276	0.918973	1.0	3288	tags=30%, list=20%, signal=37%	
REGULATION OF DNA-TEMPLATED TRANSCRIPTION ELONGATION%GOBP%GO:0032784	REGULATION OF DNA-TEMPLATED TRANSCRIPTION ELONGATION%GOBP%GO:0032784		88	-0.30899036	-0.9972307	0.47445256	0.9192782	1.0	2355	tags=26%, list=14%, signal=30%	
REGULATION OF PROTEOLYSIS INVOLVED IN PROTEIN CATABOLIC PROCESS%GOBP%GO:1903050	REGULATION OF PROTEOLYSIS INVOLVED IN PROTEIN CATABOLIC PROCESS%GOBP%GO:1903050		184	-0.28383154	-0.9972176	0.46153846	0.9185528	1.0	1450	tags=15%, list=9%, signal=17%	
MYELOID LEUKOCYTE MEDIATED IMMUNITY%GOBP%GO:0002444	MYELOID LEUKOCYTE MEDIATED IMMUNITY%GOBP%GO:0002444		24	-0.3926537	-0.99707633	0.44400784	0.91825277	1.0	2037	tags=21%, list=12%, signal=24%	
REGULATION OF CELL SHAPE%GOBP%GO:0008360	REGULATION OF CELL SHAPE%GOBP%GO:0008360		93	-0.30943283	-0.99651897	0.4586207	0.91932267	1.0	2234	tags=15%, list=14%, signal=17%	
LPS AND CITRATE SIGNALING AND INFLAMMATION%PATHWHIZ%PW101069	LPS AND CITRATE SIGNALING AND INFLAMMATION%PATHWHIZ%PW101069		18	-0.41064867	-0.9962661	0.44894028	0.9193974	1.0	975	tags=17%, list=6%, signal=18%	
BCR%NETPATH%BCR	BCR%NETPATH%BCR		80	-0.30644056	-0.996193	0.44954127	0.9188865	1.0	1627	tags=14%, list=10%, signal=15%	
TRANS SULFURATION ONE CARBON METABOLISM AND RELATED PATHWAYS%WIKIPATHWAYS_20250810%WP2525%HOMO SAPIENS	TRANS SULFURATION ONE CARBON METABOLISM AND RELATED PATHWAYS%WIKIPATHWAYS_20250810%WP2525%HOMO SAPIENS		36	-0.3608692	-0.9960313	0.44507575	0.9186606	1.0	288	tags=6%, list=2%, signal=6%	
DISEASES OF IMMUNE SYSTEM%REACTOME%R-HSA-5260271.5	DISEASES OF IMMUNE SYSTEM%REACTOME%R-HSA-5260271.5		25	-0.388633	-0.99593	0.46421662	0.91822803	1.0	975	tags=16%, list=6%, signal=17%	
NEGATIVE REGULATION OF DOUBLE-STRAND BREAK REPAIR%GOBP%GO:2000780	NEGATIVE REGULATION OF DOUBLE-STRAND BREAK REPAIR%GOBP%GO:2000780		35	-0.36194408	-0.9958318	0.4686907	0.91779923	1.0	2517	tags=26%, list=15%, signal=30%	
PI3K AKT SIGNALING IN CANCER%REACTOME%R-HSA-2219528.4	PI3K AKT SIGNALING IN CANCER%REACTOME%R-HSA-2219528.4		82	-0.310159	-0.99579614	0.45419848	0.9171512	1.0	1671	tags=13%, list=10%, signal=15%	
MAINTENANCE OF LOCATION%GOBP%GO:0051235	MAINTENANCE OF LOCATION%GOBP%GO:0051235		60	-0.32703048	-0.9955067	0.47387388	0.9173345	1.0	1498	tags=15%, list=9%, signal=16%	
TRANSCRIPTION BY RNA POLYMERASE III%GOBP%GO:0006383	TRANSCRIPTION BY RNA POLYMERASE III%GOBP%GO:0006383		34	-0.36451286	-0.99542284	0.45590994	0.91684645	1.0	1165	tags=18%, list=7%, signal=19%	
DNA IR DOUBLE STRAND BREAKS AND CELLULAR RESPONSE VIA ATM%WIKIPATHWAYS_20250810%WP3959%HOMO SAPIENS	DNA IR DOUBLE STRAND BREAKS AND CELLULAR RESPONSE VIA ATM%WIKIPATHWAYS_20250810%WP3959%HOMO SAPIENS		45	-0.34155717	-0.9952985	0.4388489	0.9164945	1.0	1843	tags=22%, list=11%, signal=25%	
CELLULAR RESPONSE TO DOPAMINE%GOBP%GO:1903351	CELLULAR RESPONSE TO DOPAMINE%GOBP%GO:1903351		25	-0.39106283	-0.99503624	0.43984962	0.9165957	1.0	3237	tags=24%, list=20%, signal=30%	
ESTABLISHMENT OR MAINTENANCE OF CELL POLARITY%GOBP%GO:0007163	ESTABLISHMENT OR MAINTENANCE OF CELL POLARITY%GOBP%GO:0007163		134	-0.29388022	-0.99416196	0.46263346	0.91880494	1.0	3056	tags=22%, list=19%, signal=27%	
MAINTENANCE OF LOCATION IN CELL%GOBP%GO:0051651	MAINTENANCE OF LOCATION IN CELL%GOBP%GO:0051651		55	-0.33149943	-0.9940009	0.45660377	0.918596	1.0	2440	tags=20%, list=15%, signal=23%	
LXR-MEDIATED SIGNALING%REACTOME DATABASE ID RELEASE 93%9024446	LXR-MEDIATED SIGNALING%REACTOME DATABASE ID RELEASE 93%9024446		37	-0.3572967	-0.9931746	0.48091602	0.9206505	1.0	1695	tags=19%, list=10%, signal=21%	
CELLULAR RESPONSE TO CATECHOLAMINE STIMULUS%GOBP%GO:0071870	CELLULAR RESPONSE TO CATECHOLAMINE STIMULUS%GOBP%GO:0071870		27	-0.37737182	-0.99274504	0.46946564	0.9213415	1.0	1355	tags=11%, list=8%, signal=12%	
VESICLE TRANSPORT ALONG MICROTUBULE%GOBP%GO:0047496	VESICLE TRANSPORT ALONG MICROTUBULE%GOBP%GO:0047496		37	-0.35526806	-0.99272734	0.4927798	0.9206254	1.0	2263	tags=22%, list=14%, signal=25%	
AMINO ACID METABOLIC PROCESS%GOBP%GO:0006520	AMINO ACID METABOLIC PROCESS%GOBP%GO:0006520		197	-0.27865875	-0.9920243	0.44444445	0.9222239	1.0	1951	tags=14%, list=12%, signal=15%	
RESPONSE TO DOPAMINE%GOBP%GO:1903350	RESPONSE TO DOPAMINE%GOBP%GO:1903350		25	-0.39106283	-0.9919864	0.46289062	0.921583	1.0	3237	tags=24%, list=20%, signal=30%	
CELLULAR RESPONSE TO LIGHT STIMULUS%GOBP%GO:0071482	CELLULAR RESPONSE TO LIGHT STIMULUS%GOBP%GO:0071482		71	-0.31339982	-0.9919273	0.46082088	0.9210224	1.0	2570	tags=31%, list=16%, signal=37%	
CELLULAR RESPONSE TO MONOAMINE STIMULUS%GOBP%GO:0071868	CELLULAR RESPONSE TO MONOAMINE STIMULUS%GOBP%GO:0071868		27	-0.37737182	-0.9918786	0.45506692	0.9204038	1.0	1355	tags=11%, list=8%, signal=12%	
MET PROMOTES CELL MOTILITY%REACTOME DATABASE ID RELEASE 93%8875878	MET PROMOTES CELL MOTILITY%REACTOME DATABASE ID RELEASE 93%8875878		28	-0.3797483	-0.9918058	0.46666667	0.91988486	1.0	2368	tags=25%, list=14%, signal=29%	
POSITIVE REGULATION OF NERVOUS SYSTEM DEVELOPMENT%GOBP%GO:0051962	POSITIVE REGULATION OF NERVOUS SYSTEM DEVELOPMENT%GOBP%GO:0051962		126	-0.28911555	-0.9916858	0.4864865	0.9195194	1.0	1999	tags=13%, list=12%, signal=15%	
COPI-INDEPENDENT GOLGI-TO-ER RETROGRADE TRAFFIC%REACTOME DATABASE ID RELEASE 93%6811436	COPI-INDEPENDENT GOLGI-TO-ER RETROGRADE TRAFFIC%REACTOME DATABASE ID RELEASE 93%6811436		33	-0.3639171	-0.9916237	0.4651163	0.9189784	1.0	404	tags=12%, list=2%, signal=12%	
PI3K AKT MTOR SIGNALING AND THERAPEUTIC OPPORTUNITIES IN PROSTATE CANCER%WIKIPATHWAYS_20250810%WP3844%HOMO SAPIENS	PI3K AKT MTOR SIGNALING AND THERAPEUTIC OPPORTUNITIES IN PROSTATE CANCER%WIKIPATHWAYS_20250810%WP3844%HOMO SAPIENS		24	-0.3876953	-0.99151415	0.4769539	0.91858083	1.0	2560	tags=38%, list=16%, signal=44%	
CYTOSOLIC TRNA AMINOACYLATION%REACTOME%R-HSA-379716.3	CYTOSOLIC TRNA AMINOACYLATION%REACTOME%R-HSA-379716.3		23	-0.39335936	-0.9915102	0.47416973	0.9178307	1.0	1951	tags=22%, list=12%, signal=25%	
INNATE IMMUNE RESPONSE-ACTIVATING SIGNALING PATHWAY%GOBP%GO:0002758	INNATE IMMUNE RESPONSE-ACTIVATING SIGNALING PATHWAY%GOBP%GO:0002758		112	-0.29712468	-0.99143267	0.489011	0.91732246	1.0	2998	tags=21%, list=18%, signal=25%	
GLOBAL GENOME NUCLEOTIDE EXCISION REPAIR (GG-NER)%REACTOME%R-HSA-5696399.2	GLOBAL GENOME NUCLEOTIDE EXCISION REPAIR (GG-NER)%REACTOME%R-HSA-5696399.2		78	-0.31011787	-0.99128956	0.4537205	0.9170216	1.0	1175	tags=18%, list=7%, signal=19%	
REGULATION OF CALCINEURIN-MEDIATED SIGNALING%GOBP%GO:0106056	REGULATION OF CALCINEURIN-MEDIATED SIGNALING%GOBP%GO:0106056		25	-0.38752893	-0.9911829	0.4651163	0.9166103	1.0	2730	tags=24%, list=17%, signal=29%	
MITOTIC CHROMOSOME CONDENSATION%GOBP%GO:0007076	MITOTIC CHROMOSOME CONDENSATION%GOBP%GO:0007076		15	-0.4376513	-0.99105024	0.48502994	0.91630393	1.0	1405	tags=40%, list=9%, signal=44%	
KIDNEY DEVELOPMENT%REACTOME%R-HSA-9830369.1	KIDNEY DEVELOPMENT%REACTOME%R-HSA-9830369.1		33	-0.3610425	-0.9910033	0.47945204	0.91570866	1.0	51	tags=3%, list=0%, signal=3%	
REGULATION OF FIBROBLAST GROWTH FACTOR RECEPTOR SIGNALING PATHWAY%GOBP%GO:0040036	REGULATION OF FIBROBLAST GROWTH FACTOR RECEPTOR SIGNALING PATHWAY%GOBP%GO:0040036		20	-0.4044493	-0.9909065	0.4702381	0.91526926	1.0	1110	tags=10%, list=7%, signal=11%	
RNA CATABOLIC PROCESS%GOBP%GO:0006401	RNA CATABOLIC PROCESS%GOBP%GO:0006401		161	-0.28108072	-0.9907266	0.4688057	0.91512924	1.0	2229	tags=19%, list=14%, signal=21%	
MACROMOLECULE METHYLATION%GOBP%GO:0043414	MACROMOLECULE METHYLATION%GOBP%GO:0043414		101	-0.30061397	-0.9903838	0.4770318	0.91551197	1.0	2371	tags=21%, list=14%, signal=24%	
POSITIVE REGULATION OF DNA REPAIR%GOBP%GO:0045739	POSITIVE REGULATION OF DNA REPAIR%GOBP%GO:0045739		124	-0.29331434	-0.99015397	0.47857141	0.91551185	1.0	1863	tags=20%, list=11%, signal=23%	
PID_AP1_PATHWAY%MSIGDB_C2%PID_AP1_PATHWAY	PID_AP1_PATHWAY%MSIGDB_C2%PID_AP1_PATHWAY		46	-0.34299088	-0.98995537	0.46271512	0.9154347	1.0	2498	tags=22%, list=15%, signal=26%	
HORMONE SECRETION%GOBP%GO:0046879	HORMONE SECRETION%GOBP%GO:0046879		21	-0.40101048	-0.98954403	0.46755725	0.9160897	1.0	465	tags=10%, list=3%, signal=10%	
RECRUITMENT OF MITOTIC CENTROSOME PROTEINS AND COMPLEXES%REACTOME DATABASE ID RELEASE 93%380270	RECRUITMENT OF MITOTIC CENTROSOME PROTEINS AND COMPLEXES%REACTOME DATABASE ID RELEASE 93%380270		73	-0.31234106	-0.9894351	0.49261993	0.9157033	1.0	1924	tags=23%, list=12%, signal=26%	
RESPONSE TO PEPTIDE HORMONE%GOBP%GO:0043434	RESPONSE TO PEPTIDE HORMONE%GOBP%GO:0043434		173	-0.28017607	-0.98891693	0.46815288	0.91669697	1.0	2682	tags=18%, list=16%, signal=22%	
POSITIVE REGULATION OF LEUKOCYTE MEDIATED IMMUNITY%GOBP%GO:0002705	POSITIVE REGULATION OF LEUKOCYTE MEDIATED IMMUNITY%GOBP%GO:0002705		79	-0.31077302	-0.9885151	0.47695035	0.9173361	1.0	2165	tags=15%, list=13%, signal=17%	
PROTEIN QUALITY CONTROL FOR MISFOLDED OR INCOMPLETELY SYNTHESIZED PROTEINS%GOBP%GO:0006515	PROTEIN QUALITY CONTROL FOR MISFOLDED OR INCOMPLETELY SYNTHESIZED PROTEINS%GOBP%GO:0006515		25	-0.39057407	-0.9884708	0.4653846	0.91673255	1.0	1528	tags=24%, list=9%, signal=26%	
HCMV LATE EVENTS%REACTOME DATABASE ID RELEASE 93%9610379	HCMV LATE EVENTS%REACTOME DATABASE ID RELEASE 93%9610379		58	-0.3210175	-0.988385	0.46448088	0.91626424	1.0	1893	tags=17%, list=12%, signal=19%	
IL5%NETPATH%IL5	IL5%NETPATH%IL5		32	-0.35949197	-0.98817074	0.4691589	0.9162506	1.0	1569	tags=19%, list=10%, signal=21%	
TRIACYLGLYCERIDE SYNTHESIS%WIKIPATHWAYS_20250810%WP325%HOMO SAPIENS	TRIACYLGLYCERIDE SYNTHESIS%WIKIPATHWAYS_20250810%WP325%HOMO SAPIENS		16	-0.42449147	-0.98803234	0.488	0.91596967	1.0	1011	tags=13%, list=6%, signal=13%	
WARBURG EFFECT MODULATED BY DEUBIQUITINATING ENZYMES AND THEIR SUBSTRATES%WIKIPATHWAYS_20250810%WP5216%HOMO SAPIENS	WARBURG EFFECT MODULATED BY DEUBIQUITINATING ENZYMES AND THEIR SUBSTRATES%WIKIPATHWAYS_20250810%WP5216%HOMO SAPIENS		20	-0.39976192	-0.98802704	0.4786642	0.9152404	1.0	962	tags=15%, list=6%, signal=16%	
EFFECT OF DASATINIB ON THE BCR ABL SIGNALING PATHWAY%WIKIPATHWAYS_20250810%WP5493%HOMO SAPIENS	EFFECT OF DASATINIB ON THE BCR ABL SIGNALING PATHWAY%WIKIPATHWAYS_20250810%WP5493%HOMO SAPIENS		37	-0.3427504	-0.987462	0.44784173	0.91639376	1.0	1822	tags=24%, list=11%, signal=27%	
PROTEIN TARGETING%GOBP%GO:0006605	PROTEIN TARGETING%GOBP%GO:0006605		165	-0.28404155	-0.9873453	0.4966443	0.9160329	1.0	1578	tags=18%, list=10%, signal=19%	
TURBULENT (OSCILLATORY, DISTURBED) FLOW SHEAR STRESS ACTIVATES SIGNALING BY PIEZO1 AND INTEGRINS IN ENDOTHELIAL CELLS%REACTOME%R-HSA-9860927.2	TURBULENT (OSCILLATORY, DISTURBED) FLOW SHEAR STRESS ACTIVATES SIGNALING BY PIEZO1 AND INTEGRINS IN ENDOTHELIAL CELLS%REACTOME%R-HSA-9860927.2		24	-0.38612685	-0.98672324	0.48154983	0.91734385	1.0	1652	tags=21%, list=10%, signal=23%	
RESPONSE TO RETINOIC ACID%GOBP%GO:0032526	RESPONSE TO RETINOIC ACID%GOBP%GO:0032526		46	-0.34269467	-0.9866423	0.4781746	0.9168782	1.0	734	tags=9%, list=4%, signal=9%	
RESPONSE TO CATECHOLAMINE%GOBP%GO:0071869	RESPONSE TO CATECHOLAMINE%GOBP%GO:0071869		27	-0.37737182	-0.986461	0.48757172	0.9167463	1.0	1355	tags=11%, list=8%, signal=12%	
POSITIVE REGULATION OF DENDRITIC SPINE DEVELOPMENT%GOBP%GO:0060999	POSITIVE REGULATION OF DENDRITIC SPINE DEVELOPMENT%GOBP%GO:0060999		22	-0.39463636	-0.98611	0.48879838	0.91722226	1.0	1623	tags=18%, list=10%, signal=20%	
LXRS REGULATE GENE EXPRESSION LINKED TO CHOLESTEROL TRANSPORT AND EFFLUX%REACTOME DATABASE ID RELEASE 93%9029569	LXRS REGULATE GENE EXPRESSION LINKED TO CHOLESTEROL TRANSPORT AND EFFLUX%REACTOME DATABASE ID RELEASE 93%9029569		30	-0.3752514	-0.9856891	0.4843462	0.91784537	1.0	3059	tags=33%, list=19%, signal=41%	
GOLGI ASSOCIATED VESICLE BIOGENESIS%REACTOME DATABASE ID RELEASE 93%432722	GOLGI ASSOCIATED VESICLE BIOGENESIS%REACTOME DATABASE ID RELEASE 93%432722		46	-0.34041706	-0.98558843	0.48	0.9174455	1.0	907	tags=11%, list=6%, signal=11%	
RECRUITMENT OF NUMA TO MITOTIC CENTROSOMES%REACTOME DATABASE ID RELEASE 93%380320	RECRUITMENT OF NUMA TO MITOTIC CENTROSOMES%REACTOME DATABASE ID RELEASE 93%380320		73	-0.31014222	-0.9849006	0.49261993	0.9189792	1.0	1924	tags=23%, list=12%, signal=26%	
POSITIVE REGULATION OF HEART GROWTH%GOBP%GO:0060421	POSITIVE REGULATION OF HEART GROWTH%GOBP%GO:0060421		18	-0.40926203	-0.98487246	0.45762712	0.91832846	1.0	3827	tags=33%, list=23%, signal=43%	
NEGATIVE REGULATION OF ENDOTHELIAL CELL PROLIFERATION%GOBP%GO:0001937	NEGATIVE REGULATION OF ENDOTHELIAL CELL PROLIFERATION%GOBP%GO:0001937		27	-0.37789488	-0.9846474	0.4681648	0.91835916	1.0	1919	tags=11%, list=12%, signal=13%	
REGULATION OF POSITIVE CHEMOTAXIS%GOBP%GO:0050926	REGULATION OF POSITIVE CHEMOTAXIS%GOBP%GO:0050926		15	-0.43397656	-0.98458534	0.4512195	0.9178283	1.0	2234	tags=20%, list=14%, signal=23%	
MITOTIC METAPHASE AND ANAPHASE%REACTOME DATABASE ID RELEASE 93%2555396	MITOTIC METAPHASE AND ANAPHASE%REACTOME DATABASE ID RELEASE 93%2555396		196	-0.27746817	-0.984566	0.48920864	0.9171376	1.0	2567	tags=20%, list=16%, signal=24%	
NEGATIVE REGULATION OF MYELOID CELL DIFFERENTIATION%GOBP%GO:0045638	NEGATIVE REGULATION OF MYELOID CELL DIFFERENTIATION%GOBP%GO:0045638		48	-0.3314412	-0.9839287	0.4636678	0.9185753	1.0	1946	tags=21%, list=12%, signal=24%	
FACTORS INVOLVED IN MEGAKARYOCYTE DEVELOPMENT AND PLATELET PRODUCTION%REACTOME DATABASE ID RELEASE 93%983231	FACTORS INVOLVED IN MEGAKARYOCYTE DEVELOPMENT AND PLATELET PRODUCTION%REACTOME DATABASE ID RELEASE 93%983231		111	-0.29130977	-0.9837796	0.49261993	0.91833586	1.0	2632	tags=23%, list=16%, signal=28%	
REGULATION OF PROTEASOMAL UBIQUITIN-DEPENDENT PROTEIN CATABOLIC PROCESS%GOBP%GO:0032434	REGULATION OF PROTEASOMAL UBIQUITIN-DEPENDENT PROTEIN CATABOLIC PROCESS%GOBP%GO:0032434		106	-0.29758582	-0.9832542	0.50510204	0.91938186	1.0	2182	tags=21%, list=13%, signal=24%	
CENTRAL NERVOUS SYSTEM NEURON AXONOGENESIS%GOBP%GO:0021955	CENTRAL NERVOUS SYSTEM NEURON AXONOGENESIS%GOBP%GO:0021955		18	-0.40399396	-0.9829848	0.4627451	0.9195373	1.0	2732	tags=28%, list=17%, signal=33%	
POSITIVE REGULATION OF INTERLEUKIN-10 PRODUCTION%GOBP%GO:0032733	POSITIVE REGULATION OF INTERLEUKIN-10 PRODUCTION%GOBP%GO:0032733		21	-0.39331585	-0.98273396	0.48507464	0.919668	1.0	2730	tags=19%, list=17%, signal=23%	
DISEASES ASSOCIATED WITH GLYCOSYLATION PRECURSOR BIOSYNTHESIS%REACTOME DATABASE ID RELEASE 93%5609975	DISEASES ASSOCIATED WITH GLYCOSYLATION PRECURSOR BIOSYNTHESIS%REACTOME DATABASE ID RELEASE 93%5609975		15	-0.43379542	-0.9824876	0.49588478	0.91973644	1.0	1853	tags=20%, list=11%, signal=23%	
STABILIZATION AND EXPANSION OF THE E-CADHERIN ADHERENS JUNCTION%PATHWAY INTERACTION DATABASE NCI-NATURE CURATED DATA%STABILIZATION AND EXPANSION OF THE E-CADHERIN ADHERENS JUNCTION	STABILIZATION AND EXPANSION OF THE E-CADHERIN ADHERENS JUNCTION%PATHWAY INTERACTION DATABASE NCI-NATURE CURATED DATA%STABILIZATION AND EXPANSION OF THE E-CADHERIN ADHERENS JUNCTION		40	-0.3417531	-0.9824295	0.4766537	0.91919327	1.0	1630	tags=20%, list=10%, signal=22%	
SPERMATID DIFFERENTIATION%GOBP%GO:0048515	SPERMATID DIFFERENTIATION%GOBP%GO:0048515		111	-0.29517028	-0.9823439	0.49155405	0.91873413	1.0	3343	tags=25%, list=20%, signal=31%	
TOLL LIKE RECEPTOR 4 (TLR4) CASCADE%REACTOME DATABASE ID RELEASE 93%166016	TOLL LIKE RECEPTOR 4 (TLR4) CASCADE%REACTOME DATABASE ID RELEASE 93%166016		126	-0.29080674	-0.982242	0.506993	0.91832095	1.0	2047	tags=16%, list=12%, signal=18%	
RESPONSE TO TUMOR NECROSIS FACTOR%GOBP%GO:0034612	RESPONSE TO TUMOR NECROSIS FACTOR%GOBP%GO:0034612		97	-0.30217493	-0.9819085	0.49186257	0.9186592	1.0	2686	tags=22%, list=16%, signal=26%	
DENDRITIC SPINE ORGANIZATION%GOBP%GO:0097061	DENDRITIC SPINE ORGANIZATION%GOBP%GO:0097061		24	-0.3865371	-0.9817894	0.500998	0.91833425	1.0	3559	tags=33%, list=22%, signal=43%	
TRANSLESION SYNTHESIS BY REV1%REACTOME%R-HSA-110312.3	TRANSLESION SYNTHESIS BY REV1%REACTOME%R-HSA-110312.3		16	-0.419538	-0.981541	0.4940945	0.91842085	1.0	715	tags=19%, list=4%, signal=20%	
EXPRESSION OF BMAL (ARNTL), CLOCK, AND NPAS2%REACTOME%R-HSA-9931509.1	EXPRESSION OF BMAL (ARNTL), CLOCK, AND NPAS2%REACTOME%R-HSA-9931509.1		33	-0.36479756	-0.98146534	0.48732942	0.9179345	1.0	3393	tags=36%, list=21%, signal=46%	
REGULATION OF RESPONSE TO TUMOR CELL%GOBP%GO:0002834	REGULATION OF RESPONSE TO TUMOR CELL%GOBP%GO:0002834		22	-0.39175346	-0.9809899	0.4754717	0.9187475	1.0	670	tags=14%, list=4%, signal=14%	
NEGATIVE REGULATION OF PROTEIN LOCALIZATION TO NUCLEUS%GOBP%GO:1900181	NEGATIVE REGULATION OF PROTEIN LOCALIZATION TO NUCLEUS%GOBP%GO:1900181		24	-0.38456154	-0.980761	0.47035572	0.91876173	1.0	854	tags=13%, list=5%, signal=13%	
POST-TRANSCRIPTIONAL GENE SILENCING%GOBP%GO:0016441	POST-TRANSCRIPTIONAL GENE SILENCING%GOBP%GO:0016441		41	-0.3474796	-0.980648	0.49534452	0.91839635	1.0	1445	tags=22%, list=9%, signal=24%	
NEGATIVE CHEMOTAXIS%GOBP%GO:0050919	NEGATIVE CHEMOTAXIS%GOBP%GO:0050919		27	-0.37303725	-0.98054713	0.48880598	0.9179908	1.0	2284	tags=19%, list=14%, signal=21%	
EPIDERMAL GROWTH FACTOR RECEPTOR SIGNALING PATHWAY%GOBP%GO:0007173	EPIDERMAL GROWTH FACTOR RECEPTOR SIGNALING PATHWAY%GOBP%GO:0007173		48	-0.33291432	-0.98039156	0.46654275	0.9177828	1.0	1850	tags=17%, list=11%, signal=19%	
POSITIVE REGULATION OF RECEPTOR SIGNALING PATHWAY VIA STAT%GOBP%GO:1904894	POSITIVE REGULATION OF RECEPTOR SIGNALING PATHWAY VIA STAT%GOBP%GO:1904894		30	-0.3649155	-0.9801848	0.46379647	0.91776025	1.0	3240	tags=37%, list=20%, signal=46%	
CELLULAR RESPONSES TO MECHANICAL STIMULI%REACTOME DATABASE ID RELEASE 93%9855142	CELLULAR RESPONSES TO MECHANICAL STIMULI%REACTOME DATABASE ID RELEASE 93%9855142		86	-0.30448383	-0.97978634	0.49821427	0.9183476	1.0	975	tags=10%, list=6%, signal=11%	
INTRACILIARY ANTEROGRADE TRANSPORT%GOBP%GO:0035720	INTRACILIARY ANTEROGRADE TRANSPORT%GOBP%GO:0035720		17	-0.41776317	-0.9797591	0.49023438	0.9177035	1.0	3093	tags=53%, list=19%, signal=65%	
REGULATION OF MACROPHAGE DERIVED FOAM CELL DIFFERENTIATION%GOBP%GO:0010743	REGULATION OF MACROPHAGE DERIVED FOAM CELL DIFFERENTIATION%GOBP%GO:0010743		26	-0.3761221	-0.97955304	0.4981203	0.91763026	1.0	3320	tags=27%, list=20%, signal=34%	
PID_P75_NTR_PATHWAY%MSIGDB_C2%PID_P75_NTR_PATHWAY	PID_P75_NTR_PATHWAY%MSIGDB_C2%PID_P75_NTR_PATHWAY		47	-0.33672917	-0.97915006	0.47697973	0.9182602	1.0	975	tags=9%, list=6%, signal=9%	
REGULATION OF CELL JUNCTION ASSEMBLY%GOBP%GO:1901888	REGULATION OF CELL JUNCTION ASSEMBLY%GOBP%GO:1901888		151	-0.28235018	-0.9784825	0.50088495	0.9197289	1.0	2883	tags=21%, list=18%, signal=25%	
APOPTOTIC CLEAVAGE OF CELLULAR PROTEINS%REACTOME DATABASE ID RELEASE 93%111465	APOPTOTIC CLEAVAGE OF CELLULAR PROTEINS%REACTOME DATABASE ID RELEASE 93%111465		35	-0.3565676	-0.9783873	0.49725777	0.9193092	1.0	2790	tags=23%, list=17%, signal=27%	
REGULATION OF SYNAPSE ORGANIZATION%GOBP%GO:0050807	REGULATION OF SYNAPSE ORGANIZATION%GOBP%GO:0050807		134	-0.28491578	-0.9782446	0.49814126	0.9190564	1.0	1199	tags=9%, list=7%, signal=10%	
SARS-COV-2-HOST INTERACTIONS%REACTOME%R-HSA-9705683.4	SARS-COV-2-HOST INTERACTIONS%REACTOME%R-HSA-9705683.4		162	-0.28176484	-0.9781247	0.5026738	0.91872567	1.0	1589	tags=12%, list=10%, signal=14%	
CELL CYCLE CHECKPOINT SIGNALING%GOBP%GO:0000075	CELL CYCLE CHECKPOINT SIGNALING%GOBP%GO:0000075		126	-0.28960738	-0.9777544	0.5095057	0.9192025	1.0	2528	tags=23%, list=15%, signal=27%	
OUTFLOW TRACT SEPTUM MORPHOGENESIS%GOBP%GO:0003148	OUTFLOW TRACT SEPTUM MORPHOGENESIS%GOBP%GO:0003148		19	-0.40392783	-0.9776232	0.50396824	0.9189082	1.0	4720	tags=47%, list=29%, signal=66%	
NEGATIVE REGULATION OF TRANSLATIONAL INITIATION%GOBP%GO:0045947	NEGATIVE REGULATION OF TRANSLATIONAL INITIATION%GOBP%GO:0045947		21	-0.398004	-0.9772025	0.48249027	0.9195526	1.0	1445	tags=14%, list=9%, signal=16%	
REGULATION OF FILOPODIUM ASSEMBLY%GOBP%GO:0051489	REGULATION OF FILOPODIUM ASSEMBLY%GOBP%GO:0051489		39	-0.34468988	-0.9771231	0.48362234	0.9190891	1.0	1048	tags=10%, list=6%, signal=11%	
DEFENSE RESPONSE TO VIRUS%GOBP%GO:0051607	DEFENSE RESPONSE TO VIRUS%GOBP%GO:0051607		161	-0.2813886	-0.9768978	0.4973822	0.9191059	1.0	2163	tags=16%, list=13%, signal=18%	
VITAMIN D IN INFLAMMATORY DISEASES%WIKIPATHWAYS_20250810%WP4482%HOMO SAPIENS	VITAMIN D IN INFLAMMATORY DISEASES%WIKIPATHWAYS_20250810%WP4482%HOMO SAPIENS		16	-0.4311457	-0.97664124	0.5105973	0.91927755	1.0	1474	tags=25%, list=9%, signal=27%	
CD40%IOB%CD40	CD40%IOB%CD40		19	-0.40539816	-0.976223	0.47920793	0.9199183	1.0	2367	tags=26%, list=14%, signal=31%	
HIV LIFE CYCLE%REACTOME%R-HSA-162587.5	HIV LIFE CYCLE%REACTOME%R-HSA-162587.5		137	-0.2845024	-0.9755298	0.5086806	0.9214695	1.0	1434	tags=15%, list=9%, signal=17%	
NOTCH-MEDIATED HES HEY NETWORK%PATHWAY INTERACTION DATABASE NCI-NATURE CURATED DATA%NOTCH-MEDIATED HES HEY NETWORK	NOTCH-MEDIATED HES HEY NETWORK%PATHWAY INTERACTION DATABASE NCI-NATURE CURATED DATA%NOTCH-MEDIATED HES HEY NETWORK		41	-0.34419006	-0.9755241	0.45539033	0.9207651	1.0	3704	tags=34%, list=23%, signal=44%	
IL6%NETPATH%IL6	IL6%NETPATH%IL6		52	-0.32966	-0.9753219	0.4794776	0.9206569	1.0	2942	tags=29%, list=18%, signal=35%	
WNT SIGNALING AND PLURIPOTENCY%WIKIPATHWAYS_20250810%WP399%HOMO SAPIENS	WNT SIGNALING AND PLURIPOTENCY%WIKIPATHWAYS_20250810%WP399%HOMO SAPIENS		71	-0.31360215	-0.9752795	0.49220103	0.9200967	1.0	3510	tags=25%, list=21%, signal=32%	
ALPHA-AMINO ACID METABOLIC PROCESS%GOBP%GO:1901605	ALPHA-AMINO ACID METABOLIC PROCESS%GOBP%GO:1901605		135	-0.27974516	-0.9748852	0.5117117	0.9206652	1.0	1832	tags=13%, list=11%, signal=14%	
CENTROSOME MATURATION%REACTOME DATABASE ID RELEASE 93%380287	CENTROSOME MATURATION%REACTOME DATABASE ID RELEASE 93%380287		73	-0.31234106	-0.9734252	0.52290076	0.9247191	1.0	1924	tags=23%, list=12%, signal=26%	
TNFALPHA%NETPATH%TNFALPHA	TNFALPHA%NETPATH%TNFALPHA		159	-0.27859083	-0.9725678	0.49125874	0.92674446	1.0	1450	tags=14%, list=9%, signal=15%	
PID_WNT_NONCANONICAL_PATHWAY%MSIGDB_C2%PID_WNT_NONCANONICAL_PATHWAY	PID_WNT_NONCANONICAL_PATHWAY%MSIGDB_C2%PID_WNT_NONCANONICAL_PATHWAY		26	-0.3795051	-0.9718828	0.5	0.9282911	1.0	1337	tags=19%, list=8%, signal=21%	
CARDIAC SEPTUM DEVELOPMENT%GOBP%GO:0003279	CARDIAC SEPTUM DEVELOPMENT%GOBP%GO:0003279		54	-0.32943028	-0.9718766	0.51693404	0.9275907	1.0	3652	tags=26%, list=22%, signal=33%	
POSITIVE REGULATION OF ORGAN GROWTH%GOBP%GO:0046622	POSITIVE REGULATION OF ORGAN GROWTH%GOBP%GO:0046622		18	-0.40926203	-0.9715702	0.5163636	0.9278911	1.0	3827	tags=33%, list=23%, signal=43%	
MIRNA PROCESSING%GOBP%GO:0035196	MIRNA PROCESSING%GOBP%GO:0035196		30	-0.36136606	-0.9709315	0.48479086	0.92926717	1.0	4081	tags=50%, list=25%, signal=66%	
PI5P, PP2A AND IER3 REGULATE PI3K AKT SIGNALING%REACTOME DATABASE ID RELEASE 93%6811558	PI5P, PP2A AND IER3 REGULATE PI3K AKT SIGNALING%REACTOME DATABASE ID RELEASE 93%6811558		82	-0.30692098	-0.969742	0.5338078	0.9323926	1.0	1671	tags=12%, list=10%, signal=14%	
INTERLEUKIN-7 SIGNALING%REACTOME DATABASE ID RELEASE 93%1266695	INTERLEUKIN-7 SIGNALING%REACTOME DATABASE ID RELEASE 93%1266695		18	-0.39477974	-0.9696621	0.50877196	0.9319383	1.0	2666	tags=33%, list=16%, signal=40%	
CATABOLISM OF SKELETAL MUSCLE IN CACHEXIA%WIKIPATHWAYS_20250810%WP5474%HOMO SAPIENS	CATABOLISM OF SKELETAL MUSCLE IN CACHEXIA%WIKIPATHWAYS_20250810%WP5474%HOMO SAPIENS		29	-0.36840352	-0.9693505	0.49816176	0.9322423	1.0	975	tags=17%, list=6%, signal=18%	
G2 M TRANSITION%REACTOME DATABASE ID RELEASE 93%69275	G2 M TRANSITION%REACTOME DATABASE ID RELEASE 93%69275		160	-0.2742971	-0.96869123	0.5372881	0.9336451	1.0	1924	tags=18%, list=12%, signal=20%	
RANKL RANK SIGNALING%WIKIPATHWAYS_20250810%WP2018%HOMO SAPIENS	RANKL RANK SIGNALING%WIKIPATHWAYS_20250810%WP2018%HOMO SAPIENS		41	-0.34622487	-0.96851707	0.5121043	0.93348485	1.0	975	tags=12%, list=6%, signal=13%	
SIGNALING BY KIT IN DISEASE%REACTOME DATABASE ID RELEASE 93%9669938	SIGNALING BY KIT IN DISEASE%REACTOME DATABASE ID RELEASE 93%9669938		16	-0.41203314	-0.9684737	0.4903475	0.9329095	1.0	2632	tags=31%, list=16%, signal=37%	
PROTEIN PALMITOYLATION%GOBP%GO:0018345	PROTEIN PALMITOYLATION%GOBP%GO:0018345		19	-0.39661944	-0.9684183	0.5103735	0.9323805	1.0	1353	tags=16%, list=8%, signal=17%	
EPITHELIAL TO MESENCHYMAL TRANSITION%GOBP%GO:0001837	EPITHELIAL TO MESENCHYMAL TRANSITION%GOBP%GO:0001837		58	-0.3211271	-0.96827304	0.51262134	0.93211025	1.0	1294	tags=10%, list=8%, signal=11%	
STRIATED MUSCLE CONTRACTION%REACTOME DATABASE ID RELEASE 93%390522	STRIATED MUSCLE CONTRACTION%REACTOME DATABASE ID RELEASE 93%390522		18	-0.4087108	-0.9681641	0.4951267	0.9317771	1.0	1928	tags=22%, list=12%, signal=25%	
PID_PLK1_PATHWAY%MSIGDB_C2%PID_PLK1_PATHWAY	PID_PLK1_PATHWAY%MSIGDB_C2%PID_PLK1_PATHWAY		32	-0.3621478	-0.9676885	0.5096899	0.9325978	1.0	1855	tags=22%, list=11%, signal=25%	
IL2-MEDIATED SIGNALING EVENTS%PATHWAY INTERACTION DATABASE NCI-NATURE CURATED DATA%IL2-MEDIATED SIGNALING EVENTS	IL2-MEDIATED SIGNALING EVENTS%PATHWAY INTERACTION DATABASE NCI-NATURE CURATED DATA%IL2-MEDIATED SIGNALING EVENTS		50	-0.33179834	-0.967656	0.5018868	0.93197274	1.0	2367	tags=22%, list=14%, signal=26%	
PID_IFNG_PATHWAY%MSIGDB_C2%PID_IFNG_PATHWAY	PID_IFNG_PATHWAY%MSIGDB_C2%PID_IFNG_PATHWAY		28	-0.36793736	-0.96747327	0.49031007	0.9318336	1.0	2666	tags=32%, list=16%, signal=38%	
TRANSCRIPTION FACTOR REGULATION IN ADIPOGENESIS%WIKIPATHWAYS_20250810%WP3599%HOMO SAPIENS	TRANSCRIPTION FACTOR REGULATION IN ADIPOGENESIS%WIKIPATHWAYS_20250810%WP3599%HOMO SAPIENS		17	-0.4070223	-0.96746415	0.49607843	0.9311435	1.0	641	tags=12%, list=4%, signal=12%	
PANCREAS FUNCTION - BETA CELL%PATHWHIZ%PW122285	PANCREAS FUNCTION - BETA CELL%PATHWHIZ%PW122285		16	-0.41316262	-0.9670385	0.5409182	0.93179023	1.0	3967	tags=25%, list=24%, signal=33%	
DEPHOSPHORYLATION%GOBP%GO:0016311	DEPHOSPHORYLATION%GOBP%GO:0016311		108	-0.2912501	-0.96626836	0.5218914	0.93356866	1.0	2023	tags=19%, list=12%, signal=22%	
SELENIUM METABOLISM AND SELENOPROTEINS%WIKIPATHWAYS_20250810%WP28%HOMO SAPIENS	SELENIUM METABOLISM AND SELENOPROTEINS%WIKIPATHWAYS_20250810%WP28%HOMO SAPIENS		34	-0.35988873	-0.9662037	0.5027027	0.9330534	1.0	1542	tags=24%, list=9%, signal=26%	
REGULATION OF PROTEIN EXIT FROM ENDOPLASMIC RETICULUM%GOBP%GO:0070861	REGULATION OF PROTEIN EXIT FROM ENDOPLASMIC RETICULUM%GOBP%GO:0070861		19	-0.3991159	-0.96589255	0.48732942	0.9332783	1.0	1222	tags=16%, list=7%, signal=17%	
ARRHYTHMOGENIC RIGHT VENTRICULAR CARDIOMYOPATHY%WIKIPATHWAYS_20250810%WP2118%HOMO SAPIENS	ARRHYTHMOGENIC RIGHT VENTRICULAR CARDIOMYOPATHY%WIKIPATHWAYS_20250810%WP2118%HOMO SAPIENS		54	-0.3206423	-0.96543795	0.5	0.9340476	1.0	3667	tags=24%, list=22%, signal=31%	
REGULATION OF CARDIAC MUSCLE CELL ACTION POTENTIAL%GOBP%GO:0098901	REGULATION OF CARDIAC MUSCLE CELL ACTION POTENTIAL%GOBP%GO:0098901		29	-0.36668646	-0.9653975	0.5029703	0.9334703	1.0	2781	tags=24%, list=17%, signal=29%	
CELLULAR RESPONSE TO GLUCOSE STARVATION%GOBP%GO:0042149	CELLULAR RESPONSE TO GLUCOSE STARVATION%GOBP%GO:0042149		37	-0.3401872	-0.9653824	0.50190115	0.9328083	1.0	1480	tags=22%, list=9%, signal=24%	
NEGATIVE REGULATION OF BMP SIGNALING PATHWAY%GOBP%GO:0030514	NEGATIVE REGULATION OF BMP SIGNALING PATHWAY%GOBP%GO:0030514		33	-0.3547158	-0.9653041	0.50549453	0.9323394	1.0	1449	tags=15%, list=9%, signal=17%	
10Q11 21Q11 23 COPY NUMBER VARIATION SYNDROME%WIKIPATHWAYS_20250810%WP5352%HOMO SAPIENS	10Q11 21Q11 23 COPY NUMBER VARIATION SYNDROME%WIKIPATHWAYS_20250810%WP5352%HOMO SAPIENS		37	-0.3455937	-0.9647959	0.49345794	0.93333113	1.0	3100	tags=38%, list=19%, signal=47%	
NUCLEOSIDE MONOPHOSPHATE METABOLIC PROCESS%GOBP%GO:0009123	NUCLEOSIDE MONOPHOSPHATE METABOLIC PROCESS%GOBP%GO:0009123		35	-0.3457702	-0.96457034	0.5263158	0.9333408	1.0	2481	tags=17%, list=15%, signal=20%	
MITOTIC CELL CYCLE CHECKPOINT SIGNALING%GOBP%GO:0007093	MITOTIC CELL CYCLE CHECKPOINT SIGNALING%GOBP%GO:0007093		97	-0.29349613	-0.96429914	0.5508021	0.9335512	1.0	2528	tags=23%, list=15%, signal=27%	
ATTACHMENT OF SPINDLE MICROTUBULES TO KINETOCHORE%GOBP%GO:0008608	ATTACHMENT OF SPINDLE MICROTUBULES TO KINETOCHORE%GOBP%GO:0008608		30	-0.36494815	-0.96426344	0.49809885	0.93295336	1.0	3439	tags=30%, list=21%, signal=38%	
PROTEIN NEDDYLATION%GOBP%GO:0045116	PROTEIN NEDDYLATION%GOBP%GO:0045116		16	-0.41643947	-0.96410227	0.5049505	0.93275756	1.0	1620	tags=25%, list=10%, signal=28%	
PHYSIOLOGICAL AND PATHOLOGICAL HYPERTROPHY OF THE HEART%WIKIPATHWAYS_20250810%WP1528%HOMO SAPIENS	PHYSIOLOGICAL AND PATHOLOGICAL HYPERTROPHY OF THE HEART%WIKIPATHWAYS_20250810%WP1528%HOMO SAPIENS		20	-0.39031386	-0.9638329	0.4990403	0.9329428	1.0	1474	tags=25%, list=9%, signal=27%	
MACROPHAGE STIMULATING PROTEIN MSP SIGNALING%WIKIPATHWAYS_20250810%WP5353%HOMO SAPIENS	MACROPHAGE STIMULATING PROTEIN MSP SIGNALING%WIKIPATHWAYS_20250810%WP5353%HOMO SAPIENS		70	-0.3063662	-0.96326363	0.49285713	0.93414307	1.0	901	tags=10%, list=5%, signal=11%	
METAPHASE CHROMOSOME ALIGNMENT%GOBP%GO:0051310	METAPHASE CHROMOSOME ALIGNMENT%GOBP%GO:0051310		70	-0.31309536	-0.9629458	0.5321101	0.9344627	1.0	2542	tags=24%, list=15%, signal=29%	
REGULATION OF MITOCHONDRIAL GENE EXPRESSION%GOBP%GO:0062125	REGULATION OF MITOCHONDRIAL GENE EXPRESSION%GOBP%GO:0062125		27	-0.368383	-0.9628655	0.49585062	0.93403417	1.0	2008	tags=22%, list=12%, signal=25%	
NEGATIVE REGULATION OF PROTEIN-CONTAINING COMPLEX DISASSEMBLY%GOBP%GO:0043242	NEGATIVE REGULATION OF PROTEIN-CONTAINING COMPLEX DISASSEMBLY%GOBP%GO:0043242		46	-0.3280772	-0.962862	0.5163044	0.9333369	1.0	4726	tags=54%, list=29%, signal=76%	
OSSIFICATION%GOBP%GO:0001503	OSSIFICATION%GOBP%GO:0001503		116	-0.2910249	-0.9628166	0.54270464	0.932766	1.0	2061	tags=17%, list=13%, signal=20%	
MICROTUBULE-BASED TRANSPORT%GOBP%GO:0099111	MICROTUBULE-BASED TRANSPORT%GOBP%GO:0099111		147	-0.2764879	-0.96280164	0.54049295	0.9321175	1.0	2312	tags=22%, list=14%, signal=26%	
AGE RAGE PATHWAY%WIKIPATHWAYS_20250810%WP2324%HOMO SAPIENS	AGE RAGE PATHWAY%WIKIPATHWAYS_20250810%WP2324%HOMO SAPIENS		49	-0.32497197	-0.96236145	0.5251397	0.93286014	1.0	975	tags=14%, list=6%, signal=15%	
PEPTIDYL-THREONINE PHOSPHORYLATION%GOBP%GO:0018107	PEPTIDYL-THREONINE PHOSPHORYLATION%GOBP%GO:0018107		19	-0.39985934	-0.96220094	0.53984064	0.93268013	1.0	2473	tags=37%, list=15%, signal=43%	
HALLMARK_HEDGEHOG_SIGNALING%MSIGDBHALLMARK%HALLMARK_HEDGEHOG_SIGNALING	HALLMARK_HEDGEHOG_SIGNALING%MSIGDBHALLMARK%HALLMARK_HEDGEHOG_SIGNALING		24	-0.38364354	-0.96193945	0.51588786	0.9328093	1.0	2660	tags=21%, list=16%, signal=25%	
GNAQ P R183Q DRIVES CAPILLARY MALFORMATION%WIKIPATHWAYS_20250810%WP5501%HOMO SAPIENS	GNAQ P R183Q DRIVES CAPILLARY MALFORMATION%WIKIPATHWAYS_20250810%WP5501%HOMO SAPIENS		18	-0.40535626	-0.9617881	0.51428574	0.932584	1.0	1627	tags=22%, list=10%, signal=25%	
REGULATION OF TRANSCRIPTION BY RNA POLYMERASE I%GOBP%GO:0006356	REGULATION OF TRANSCRIPTION BY RNA POLYMERASE I%GOBP%GO:0006356		40	-0.33991942	-0.9617742	0.5305343	0.93193394	1.0	1186	tags=18%, list=7%, signal=19%	
CAMERA-TYPE EYE DEVELOPMENT%GOBP%GO:0043010	CAMERA-TYPE EYE DEVELOPMENT%GOBP%GO:0043010		100	-0.29293746	-0.9615582	0.54234236	0.93197167	1.0	2228	tags=17%, list=14%, signal=20%	
TROP2 REGULATORY SIGNALING%WIKIPATHWAYS_20250810%WP5300%HOMO SAPIENS	TROP2 REGULATORY SIGNALING%WIKIPATHWAYS_20250810%WP5300%HOMO SAPIENS		34	-0.35513622	-0.9613161	0.5330739	0.93206483	1.0	2542	tags=24%, list=15%, signal=28%	
PTERIDINE-CONTAINING COMPOUND METABOLIC PROCESS%GOBP%GO:0042558	PTERIDINE-CONTAINING COMPOUND METABOLIC PROCESS%GOBP%GO:0042558		26	-0.3730018	-0.9609636	0.5254902	0.9325519	1.0	2909	tags=23%, list=18%, signal=28%	
SENSORY ORGAN MORPHOGENESIS%GOBP%GO:0090596	SENSORY ORGAN MORPHOGENESIS%GOBP%GO:0090596		98	-0.29188398	-0.9607685	0.5518395	0.9324362	1.0	3180	tags=19%, list=19%, signal=24%	
RAC1 PAK1 P38 MMP2 PATHWAY%WIKIPATHWAYS_20250810%WP3303%HOMO SAPIENS	RAC1 PAK1 P38 MMP2 PATHWAY%WIKIPATHWAYS_20250810%WP3303%HOMO SAPIENS		53	-0.32394037	-0.96062845	0.5196998	0.9321801	1.0	1822	tags=19%, list=11%, signal=21%	
IL2 SIGNALING EVENTS MEDIATED BY PI3K%PATHWAY INTERACTION DATABASE NCI-NATURE CURATED DATA%IL2 SIGNALING EVENTS MEDIATED BY PI3K	IL2 SIGNALING EVENTS MEDIATED BY PI3K%PATHWAY INTERACTION DATABASE NCI-NATURE CURATED DATA%IL2 SIGNALING EVENTS MEDIATED BY PI3K		31	-0.3535784	-0.96058863	0.50857145	0.93160576	1.0	1660	tags=19%, list=10%, signal=21%	
RRNA METABOLIC PROCESS%GOBP%GO:0016072	RRNA METABOLIC PROCESS%GOBP%GO:0016072		179	-0.26974264	-0.9601909	0.56347823	0.9321985	1.0	2103	tags=20%, list=13%, signal=22%	
PEPTIDYL-THREONINE MODIFICATION%GOBP%GO:0018210	PEPTIDYL-THREONINE MODIFICATION%GOBP%GO:0018210		19	-0.39985934	-0.9599946	0.5118577	0.9320963	1.0	2473	tags=37%, list=15%, signal=43%	
MITOTIC ANAPHASE%REACTOME%R-HSA-68882.5	MITOTIC ANAPHASE%REACTOME%R-HSA-68882.5		195	-0.27151296	-0.9597595	0.5397631	0.93215954	1.0	2567	tags=20%, list=16%, signal=23%	
REGULATION OF CELL ADHESION MEDIATED BY INTEGRIN%GOBP%GO:0033628	REGULATION OF CELL ADHESION MEDIATED BY INTEGRIN%GOBP%GO:0033628		38	-0.34319484	-0.958824	0.52014655	0.93445694	1.0	2225	tags=24%, list=14%, signal=27%	
RORA,B,C AND NR1D1 (REV-ERBA) REGULATE GENE EXPRESSION%REACTOME%R-HSA-9933387.1	RORA,B,C AND NR1D1 (REV-ERBA) REGULATE GENE EXPRESSION%REACTOME%R-HSA-9933387.1		23	-0.38387612	-0.9583185	0.5444015	0.93535465	1.0	503	tags=13%, list=3%, signal=13%	
DEFECTS IN VITAMIN AND COFACTOR METABOLISM%REACTOME DATABASE ID RELEASE 93%3296482	DEFECTS IN VITAMIN AND COFACTOR METABOLISM%REACTOME DATABASE ID RELEASE 93%3296482		20	-0.4007614	-0.9582092	0.5201535	0.93501246	1.0	2046	tags=20%, list=12%, signal=23%	
REGULATION OF AMYLOID-BETA FORMATION%GOBP%GO:1902003	REGULATION OF AMYLOID-BETA FORMATION%GOBP%GO:1902003		32	-0.35025924	-0.9581635	0.52390057	0.9344549	1.0	1390	tags=16%, list=8%, signal=17%	
ADP SIGNALLING THROUGH P2Y PURINOCEPTOR 1%REACTOME DATABASE ID RELEASE 93%418592	ADP SIGNALLING THROUGH P2Y PURINOCEPTOR 1%REACTOME DATABASE ID RELEASE 93%418592		18	-0.39651582	-0.9581323	0.52434456	0.93385947	1.0	864	tags=11%, list=5%, signal=12%	
REGULATION OF T CELL MEDIATED IMMUNITY%GOBP%GO:0002709	REGULATION OF T CELL MEDIATED IMMUNITY%GOBP%GO:0002709		66	-0.30832303	-0.9575875	0.5477941	0.9349434	1.0	1987	tags=14%, list=12%, signal=15%	
CONDENSATION OF PROPHASE CHROMOSOMES%REACTOME%R-HSA-2299718.4	CONDENSATION OF PROPHASE CHROMOSOMES%REACTOME%R-HSA-2299718.4		24	-0.3804504	-0.95708704	0.527881	0.93587464	1.0	2542	tags=25%, list=15%, signal=30%	
NUCLEIC ACID CATABOLIC PROCESS%GOBP%GO:0141188	NUCLEIC ACID CATABOLIC PROCESS%GOBP%GO:0141188		176	-0.27129805	-0.9562365	0.5629371	0.9378554	1.0	2229	tags=18%, list=14%, signal=21%	
INTRACELLULAR RECEPTOR SIGNALING PATHWAY%GOBP%GO:0030522	INTRACELLULAR RECEPTOR SIGNALING PATHWAY%GOBP%GO:0030522		130	-0.2782332	-0.9561015	0.56	0.9376128	1.0	3114	tags=23%, list=19%, signal=28%	
LEUKOCYTE CELL-CELL ADHESION%GOBP%GO:0007159	LEUKOCYTE CELL-CELL ADHESION%GOBP%GO:0007159		45	-0.33001128	-0.9560628	0.54428047	0.9370373	1.0	251	tags=4%, list=2%, signal=5%	
WOUND HEALING, SPREADING OF CELLS%GOBP%GO:0044319	WOUND HEALING, SPREADING OF CELLS%GOBP%GO:0044319		21	-0.38269338	-0.9557162	0.51	0.9374557	1.0	54	tags=10%, list=0%, signal=10%	
LEPTIN%NETPATH%LEPTIN	LEPTIN%NETPATH%LEPTIN		37	-0.3430109	-0.9554809	0.5522388	0.93749714	1.0	2666	tags=19%, list=16%, signal=23%	
EPIBOLY INVOLVED IN WOUND HEALING%GOBP%GO:0090505	EPIBOLY INVOLVED IN WOUND HEALING%GOBP%GO:0090505		21	-0.38269338	-0.9554333	0.5347092	0.93694586	1.0	54	tags=10%, list=0%, signal=10%	
SKELETAL MUSCLE ORGAN DEVELOPMENT%GOBP%GO:0060538	SKELETAL MUSCLE ORGAN DEVELOPMENT%GOBP%GO:0060538		38	-0.33962113	-0.95521784	0.5356455	0.93694	1.0	1474	tags=13%, list=9%, signal=14%	
NEGATIVE REGULATION OF PROTEIN MODIFICATION PROCESS%GOBP%GO:0031400	NEGATIVE REGULATION OF PROTEIN MODIFICATION PROCESS%GOBP%GO:0031400		155	-0.271081	-0.9548059	0.597561	0.937582	1.0	2907	tags=23%, list=18%, signal=28%	
NEGATIVE REGULATION OF INTRACELLULAR TRANSPORT%GOBP%GO:0032387	NEGATIVE REGULATION OF INTRACELLULAR TRANSPORT%GOBP%GO:0032387		39	-0.34018734	-0.95462203	0.5482042	0.937473	1.0	1231	tags=15%, list=8%, signal=17%	
REGULATION OF DOUBLE-STRAND BREAK REPAIR VIA NONHOMOLOGOUS END JOINING%GOBP%GO:2001032	REGULATION OF DOUBLE-STRAND BREAK REPAIR VIA NONHOMOLOGOUS END JOINING%GOBP%GO:2001032		24	-0.37182254	-0.9536643	0.5356455	0.9398567	1.0	2510	tags=33%, list=15%, signal=39%	
G0 AND EARLY G1%REACTOME DATABASE ID RELEASE 93%1538133	G0 AND EARLY G1%REACTOME DATABASE ID RELEASE 93%1538133		25	-0.36986414	-0.9530363	0.50749063	0.941111	1.0	606	tags=8%, list=4%, signal=8%	
LEUKOCYTE MIGRATION%GOBP%GO:0050900	LEUKOCYTE MIGRATION%GOBP%GO:0050900		137	-0.2778734	-0.95297456	0.5682211	0.940615	1.0	1919	tags=10%, list=12%, signal=11%	
MIRNA-MEDIATED GENE SILENCING BY INHIBITION OF TRANSLATION%GOBP%GO:0035278	MIRNA-MEDIATED GENE SILENCING BY INHIBITION OF TRANSLATION%GOBP%GO:0035278		16	-0.4040797	-0.95276624	0.51785713	0.94059974	1.0	1382	tags=19%, list=8%, signal=20%	
INTERFERON TYPE I SIGNALING%WIKIPATHWAYS_20250810%WP585%HOMO SAPIENS	INTERFERON TYPE I SIGNALING%WIKIPATHWAYS_20250810%WP585%HOMO SAPIENS		46	-0.3261239	-0.9526702	0.54291415	0.94020975	1.0	948	tags=15%, list=6%, signal=16%	
RRNA MODIFICATION IN THE NUCLEUS AND CYTOSOL%REACTOME DATABASE ID RELEASE 93%6790901	RRNA MODIFICATION IN THE NUCLEUS AND CYTOSOL%REACTOME DATABASE ID RELEASE 93%6790901		55	-0.31549793	-0.95261824	0.55037314	0.9396778	1.0	2449	tags=25%, list=15%, signal=30%	
NEGATIVE REGULATION OF PROTEIN DEPOLYMERIZATION%GOBP%GO:1901880	NEGATIVE REGULATION OF PROTEIN DEPOLYMERIZATION%GOBP%GO:1901880		36	-0.34391868	-0.95204395	0.50857145	0.94082594	1.0	4704	tags=58%, list=29%, signal=82%	
FORMATION OF PRIMARY GERM LAYER%GOBP%GO:0001704	FORMATION OF PRIMARY GERM LAYER%GOBP%GO:0001704		58	-0.31599852	-0.95194066	0.53176045	0.9404689	1.0	2141	tags=17%, list=13%, signal=20%	
CELLULAR RESPONSE TO GAMMA RADIATION%GOBP%GO:0071480	CELLULAR RESPONSE TO GAMMA RADIATION%GOBP%GO:0071480		16	-0.403724	-0.95188004	0.51527494	0.9399606	1.0	1250	tags=25%, list=8%, signal=27%	
CANONICAL NF-KAPPAB SIGNAL TRANSDUCTION%GOBP%GO:0007249	CANONICAL NF-KAPPAB SIGNAL TRANSDUCTION%GOBP%GO:0007249		30	-0.3573248	-0.95181584	0.5302752	0.93948203	1.0	975	tags=13%, list=6%, signal=14%	
THYMIC STROMAL LYMPHOPOIETIN TSLP SIGNALING%WIKIPATHWAYS_20250810%WP2203%HOMO SAPIENS	THYMIC STROMAL LYMPHOPOIETIN TSLP SIGNALING%WIKIPATHWAYS_20250810%WP2203%HOMO SAPIENS		30	-0.35232764	-0.9517132	0.5409836	0.9391183	1.0	901	tags=17%, list=5%, signal=18%	
AXON GUIDANCE%WIKIPATHWAYS_20250810%WP5289%HOMO SAPIENS	AXON GUIDANCE%WIKIPATHWAYS_20250810%WP5289%HOMO SAPIENS		56	-0.31782532	-0.95137113	0.51166964	0.93950534	1.0	251	tags=7%, list=2%, signal=7%	
NEGATIVE REGULATION OF BINDING%GOBP%GO:0051100	NEGATIVE REGULATION OF BINDING%GOBP%GO:0051100		38	-0.33833784	-0.9513345	0.53333336	0.9389381	1.0	1383	tags=18%, list=8%, signal=20%	
22Q11 2 DISTAL CNV%WIKIPATHWAYS_20250810%WP5546%HOMO SAPIENS	22Q11 2 DISTAL CNV%WIKIPATHWAYS_20250810%WP5546%HOMO SAPIENS		100	-0.28767887	-0.95108163	0.55637705	0.93905634	1.0	1081	tags=11%, list=7%, signal=12%	
CELLULAR RESPONSE TO METAL ION%GOBP%GO:0071248	CELLULAR RESPONSE TO METAL ION%GOBP%GO:0071248		84	-0.29602456	-0.95105284	0.566787	0.9384551	1.0	3886	tags=25%, list=24%, signal=33%	
PHYSICO CHEMICAL FEATURES AND TOXICITY ASSOCIATED PATHWAYS%WIKIPATHWAYS_20250810%WP3680%HOMO SAPIENS	PHYSICO CHEMICAL FEATURES AND TOXICITY ASSOCIATED PATHWAYS%WIKIPATHWAYS_20250810%WP3680%HOMO SAPIENS		44	-0.3314951	-0.9509113	0.5390625	0.9381999	1.0	2149	tags=18%, list=13%, signal=21%	
PROTEIN LOCALIZATION TO LYSOSOME%GOBP%GO:0061462	PROTEIN LOCALIZATION TO LYSOSOME%GOBP%GO:0061462		42	-0.3311445	-0.9507357	0.5504587	0.9380556	1.0	1260	tags=21%, list=8%, signal=23%	
SPERMATID DEVELOPMENT%GOBP%GO:0007286	SPERMATID DEVELOPMENT%GOBP%GO:0007286		106	-0.2851332	-0.9503261	0.6013865	0.9386738	1.0	3343	tags=25%, list=20%, signal=31%	
REGULATION OF BIOMINERAL TISSUE DEVELOPMENT%GOBP%GO:0070167	REGULATION OF BIOMINERAL TISSUE DEVELOPMENT%GOBP%GO:0070167		72	-0.30049336	-0.9503116	0.56838363	0.9380343	1.0	2061	tags=17%, list=13%, signal=19%	
PROTEIN LOCALIZATION TO CHROMATIN%GOBP%GO:0071168	PROTEIN LOCALIZATION TO CHROMATIN%GOBP%GO:0071168		30	-0.3537284	-0.9494248	0.53803337	0.9401526	1.0	2418	tags=30%, list=15%, signal=35%	
CELLULAR RESPONSE TO MECHANICAL STIMULUS%GOBP%GO:0071260	CELLULAR RESPONSE TO MECHANICAL STIMULUS%GOBP%GO:0071260		50	-0.31925306	-0.94870126	0.5601504	0.9417316	1.0	937	tags=12%, list=6%, signal=13%	
AKT SIGNALING AND ARTD FAMILY MEMBERS%WIKIPATHWAYS_20250810%WP5531%HOMO SAPIENS	AKT SIGNALING AND ARTD FAMILY MEMBERS%WIKIPATHWAYS_20250810%WP5531%HOMO SAPIENS		26	-0.3754707	-0.9486448	0.530572	0.9412122	1.0	2950	tags=38%, list=18%, signal=47%	
CARDIAC HYPERTROPHIC RESPONSE%WIKIPATHWAYS_20250810%WP2795%HOMO SAPIENS	CARDIAC HYPERTROPHIC RESPONSE%WIKIPATHWAYS_20250810%WP2795%HOMO SAPIENS		45	-0.33179322	-0.94823337	0.54359925	0.9418376	1.0	1720	tags=22%, list=10%, signal=25%	
MELATONIN METABOLISM AND EFFECTS%WIKIPATHWAYS_20250810%WP3298%HOMO SAPIENS	MELATONIN METABOLISM AND EFFECTS%WIKIPATHWAYS_20250810%WP3298%HOMO SAPIENS		22	-0.38347188	-0.9481504	0.5106383	0.94140714	1.0	1950	tags=23%, list=12%, signal=26%	
POSITIVE REGULATION OF CANONICAL NF-KAPPAB SIGNAL TRANSDUCTION%GOBP%GO:0043123	POSITIVE REGULATION OF CANONICAL NF-KAPPAB SIGNAL TRANSDUCTION%GOBP%GO:0043123		191	-0.26882455	-0.94800216	0.62171626	0.94117135	1.0	2081	tags=15%, list=13%, signal=17%	
TRANSLESION SYNTHESIS BY POLI%REACTOME DATABASE ID RELEASE 93%5656121	TRANSLESION SYNTHESIS BY POLI%REACTOME DATABASE ID RELEASE 93%5656121		17	-0.40815917	-0.947824	0.54285717	0.9410652	1.0	715	tags=18%, list=4%, signal=18%	
PID_PI3K_PLC_TRK_PATHWAY%MSIGDB_C2%PID_PI3K_PLC_TRK_PATHWAY	PID_PI3K_PLC_TRK_PATHWAY%MSIGDB_C2%PID_PI3K_PLC_TRK_PATHWAY		26	-0.3614678	-0.94778866	0.54313725	0.9405006	1.0	2608	tags=31%, list=16%, signal=37%	
RHOD GTPASE CYCLE%REACTOME DATABASE ID RELEASE 93%9013405	RHOD GTPASE CYCLE%REACTOME DATABASE ID RELEASE 93%9013405		47	-0.32683212	-0.9476891	0.53016454	0.94011956	1.0	2683	tags=23%, list=16%, signal=28%	
PATTERN SPECIFICATION PROCESS%GOBP%GO:0007389	PATTERN SPECIFICATION PROCESS%GOBP%GO:0007389		164	-0.2690331	-0.94756126	0.60068846	0.93983287	1.0	3177	tags=21%, list=19%, signal=25%	
TRANSCRIPTION ELONGATION BY RNA POLYMERASE II%GOBP%GO:0006368	TRANSCRIPTION ELONGATION BY RNA POLYMERASE II%GOBP%GO:0006368		33	-0.34894022	-0.94752145	0.5528757	0.9392729	1.0	2325	tags=27%, list=14%, signal=32%	
CYTOPLASMIC TRANSLATIONAL INITIATION%GOBP%GO:0002183	CYTOPLASMIC TRANSLATIONAL INITIATION%GOBP%GO:0002183		36	-0.34028447	-0.9473726	0.54562736	0.93910277	1.0	1058	tags=14%, list=6%, signal=15%	
MITOTIC G2-G2 M PHASES%REACTOME DATABASE ID RELEASE 93%453274	MITOTIC G2-G2 M PHASES%REACTOME DATABASE ID RELEASE 93%453274		162	-0.27092788	-0.94665545	0.5886403	0.9407036	1.0	1924	tags=18%, list=12%, signal=20%	
PID_HES_HEY_PATHWAY%MSIGDB_C2%PID_HES_HEY_PATHWAY	PID_HES_HEY_PATHWAY%MSIGDB_C2%PID_HES_HEY_PATHWAY		35	-0.3515818	-0.94658655	0.50476193	0.9402396	1.0	3704	tags=37%, list=23%, signal=48%	
BIOCARTA_INSULIN_PATHWAY%MSIGDB_C2%BIOCARTA_INSULIN_PATHWAY	BIOCARTA_INSULIN_PATHWAY%MSIGDB_C2%BIOCARTA_INSULIN_PATHWAY		15	-0.42076817	-0.94654876	0.5526839	0.93966734	1.0	1185	tags=27%, list=7%, signal=29%	
CYTOPLASMIC MICROTUBULE ORGANIZATION%GOBP%GO:0031122	CYTOPLASMIC MICROTUBULE ORGANIZATION%GOBP%GO:0031122		55	-0.31685883	-0.9463949	0.55725193	0.93949765	1.0	2547	tags=27%, list=16%, signal=32%	
NUCLEAR-TRANSCRIBED MRNA CATABOLIC PROCESS, DEADENYLATION-DEPENDENT DECAY%GOBP%GO:0000288	NUCLEAR-TRANSCRIBED MRNA CATABOLIC PROCESS, DEADENYLATION-DEPENDENT DECAY%GOBP%GO:0000288		30	-0.35462055	-0.946185	0.51287127	0.93946403	1.0	2815	tags=23%, list=17%, signal=28%	
CELL CYCLE DNA REPLICATION%GOBP%GO:0044786	CELL CYCLE DNA REPLICATION%GOBP%GO:0044786		19	-0.39077854	-0.94593483	0.50988144	0.9395655	1.0	1584	tags=16%, list=10%, signal=17%	
SYNAPTIC SIGNALING ASSOCIATED WITH AUTISM SPECTRUM DISORDER%WIKIPATHWAYS_20250810%WP4539%HOMO SAPIENS	SYNAPTIC SIGNALING ASSOCIATED WITH AUTISM SPECTRUM DISORDER%WIKIPATHWAYS_20250810%WP4539%HOMO SAPIENS		36	-0.33961082	-0.9457033	0.53424656	0.93961173	1.0	2663	tags=31%, list=16%, signal=36%	
POSITIVE REGULATION OF TRANSLATION%GOBP%GO:0045727	POSITIVE REGULATION OF TRANSLATION%GOBP%GO:0045727		99	-0.28856942	-0.9455048	0.58152175	0.939566	1.0	2030	tags=21%, list=12%, signal=24%	
POSITIVE REGULATION OF LEUKOCYTE MEDIATED CYTOTOXICITY%GOBP%GO:0001912	POSITIVE REGULATION OF LEUKOCYTE MEDIATED CYTOTOXICITY%GOBP%GO:0001912		32	-0.35341674	-0.94533604	0.5275735	0.93944603	1.0	890	tags=9%, list=5%, signal=10%	
BIOCARTA_NFAT_PATHWAY%MSIGDB_C2%BIOCARTA_NFAT_PATHWAY	BIOCARTA_NFAT_PATHWAY%MSIGDB_C2%BIOCARTA_NFAT_PATHWAY		32	-0.34988293	-0.9451355	0.55888224	0.93939334	1.0	1474	tags=19%, list=9%, signal=21%	
EPHB-MEDIATED FORWARD SIGNALING%REACTOME%R-HSA-3928662.4	EPHB-MEDIATED FORWARD SIGNALING%REACTOME%R-HSA-3928662.4		30	-0.34392923	-0.94512373	0.54011744	0.93875855	1.0	1077	tags=17%, list=7%, signal=18%	
NEGATIVE REGULATION OF LEUKOCYTE MIGRATION%GOBP%GO:0002686	NEGATIVE REGULATION OF LEUKOCYTE MIGRATION%GOBP%GO:0002686		34	-0.34865326	-0.94509774	0.52996254	0.9381591	1.0	3652	tags=29%, list=22%, signal=38%	
POSITIVE REGULATION OF BINDING%GOBP%GO:0051099	POSITIVE REGULATION OF BINDING%GOBP%GO:0051099		35	-0.34237182	-0.94509345	0.5264151	0.93750334	1.0	407	tags=9%, list=2%, signal=9%	
SENSORY PERCEPTION OF LIGHT STIMULUS%GOBP%GO:0050953	SENSORY PERCEPTION OF LIGHT STIMULUS%GOBP%GO:0050953		80	-0.29229042	-0.9450043	0.5637343	0.9371149	1.0	1595	tags=13%, list=10%, signal=14%	
CCR7%IOB%CCR7	CCR7%IOB%CCR7		15	-0.41928092	-0.9449954	0.52156866	0.93646497	1.0	641	tags=20%, list=4%, signal=21%	
REGULATION OF COLLAGEN METABOLIC PROCESS%GOBP%GO:0010712	REGULATION OF COLLAGEN METABOLIC PROCESS%GOBP%GO:0010712		20	-0.39122844	-0.9443748	0.53009707	0.9377403	1.0	1103	tags=10%, list=7%, signal=11%	
NUCLEUS ORGANIZATION%GOBP%GO:0006997	NUCLEUS ORGANIZATION%GOBP%GO:0006997		101	-0.28837597	-0.9438587	0.56607145	0.938651	1.0	1893	tags=16%, list=12%, signal=18%	
HORMONE TRANSPORT%GOBP%GO:0009914	HORMONE TRANSPORT%GOBP%GO:0009914		28	-0.361876	-0.9435668	0.5631769	0.9388539	1.0	465	tags=7%, list=3%, signal=7%	
REGULATION OF OSTEOCLAST DIFFERENTIATION%GOBP%GO:0045670	REGULATION OF OSTEOCLAST DIFFERENTIATION%GOBP%GO:0045670		38	-0.3339078	-0.943457	0.55018586	0.93851745	1.0	3370	tags=24%, list=21%, signal=30%	
ATM PATHWAY%PATHWAY INTERACTION DATABASE NCI-NATURE CURATED DATA%ATM PATHWAY	ATM PATHWAY%PATHWAY INTERACTION DATABASE NCI-NATURE CURATED DATA%ATM PATHWAY		34	-0.34393132	-0.94289553	0.54980844	0.93959856	1.0	2257	tags=21%, list=14%, signal=24%	
REGULATION OF MITOCHONDRIAL FISSION%GOBP%GO:0090140	REGULATION OF MITOCHONDRIAL FISSION%GOBP%GO:0090140		26	-0.36222756	-0.942371	0.55258125	0.9405037	1.0	3175	tags=27%, list=19%, signal=33%	
REGULATION OF AXON EXTENSION%GOBP%GO:0030516	REGULATION OF AXON EXTENSION%GOBP%GO:0030516		35	-0.34016714	-0.94181603	0.56287426	0.941499	1.0	583	tags=9%, list=4%, signal=9%	
HYPOTHESIZED PATHWAYS IN PATHOGENESIS OF CARDIOVASCULAR DISEASE%WIKIPATHWAYS_20250810%WP3668%HOMO SAPIENS	HYPOTHESIZED PATHWAYS IN PATHOGENESIS OF CARDIOVASCULAR DISEASE%WIKIPATHWAYS_20250810%WP3668%HOMO SAPIENS		21	-0.38129222	-0.9416188	0.50383145	0.94143444	1.0	1739	tags=24%, list=11%, signal=27%	
PID_INTEGRIN_A4B1_PATHWAY%MSIGDB_C2%PID_INTEGRIN_A4B1_PATHWAY	PID_INTEGRIN_A4B1_PATHWAY%MSIGDB_C2%PID_INTEGRIN_A4B1_PATHWAY		23	-0.38075882	-0.94154847	0.54285717	0.9409755	1.0	1466	tags=17%, list=9%, signal=19%	
NRAGE SIGNALS DEATH THROUGH JNK%REACTOME DATABASE ID RELEASE 93%193648	NRAGE SIGNALS DEATH THROUGH JNK%REACTOME DATABASE ID RELEASE 93%193648		58	-0.3115806	-0.9412225	0.55390334	0.9413245	1.0	2081	tags=17%, list=13%, signal=20%	
DENDRITE DEVELOPMENT%GOBP%GO:0016358	DENDRITE DEVELOPMENT%GOBP%GO:0016358		52	-0.31908783	-0.9409295	0.5469613	0.9415807	1.0	593	tags=6%, list=4%, signal=6%	
SIGNALING BY PHOSPHORYLATED JUXTAMEMBRANE, EXTRACELLULAR AND KINASE DOMAIN KIT MUTANTS%REACTOME%R-HSA-9670439.2	SIGNALING BY PHOSPHORYLATED JUXTAMEMBRANE, EXTRACELLULAR AND KINASE DOMAIN KIT MUTANTS%REACTOME%R-HSA-9670439.2		16	-0.41203314	-0.9409201	0.55776894	0.94094145	1.0	2632	tags=31%, list=16%, signal=37%	
POSITIVE REGULATION OF PROTEIN POLYMERIZATION%GOBP%GO:0032273	POSITIVE REGULATION OF PROTEIN POLYMERIZATION%GOBP%GO:0032273		64	-0.30365378	-0.94072646	0.5615942	0.9408633	1.0	2153	tags=22%, list=13%, signal=25%	
OTHER SEMAPHORIN INTERACTIONS%REACTOME DATABASE ID RELEASE 93%416700	OTHER SEMAPHORIN INTERACTIONS%REACTOME DATABASE ID RELEASE 93%416700		18	-0.3942947	-0.94066197	0.53543305	0.9403975	1.0	3067	tags=33%, list=19%, signal=41%	
TRANSCRIPTIONAL REGULATION BY RUNX1%REACTOME DATABASE ID RELEASE 93%8878171	TRANSCRIPTIONAL REGULATION BY RUNX1%REACTOME DATABASE ID RELEASE 93%8878171		156	-0.2721116	-0.94040036	0.60390764	0.94053704	1.0	2143	tags=17%, list=13%, signal=19%	
WNT%NETPATH%WNT	WNT%NETPATH%WNT		41	-0.33416638	-0.94015205	0.5424955	0.94062376	1.0	3090	tags=29%, list=19%, signal=36%	
SMOOTHENED SIGNALING PATHWAY%GOBP%GO:0007224	SMOOTHENED SIGNALING PATHWAY%GOBP%GO:0007224		29	-0.34928626	-0.9401489	0.5524753	0.9399695	1.0	3635	tags=48%, list=22%, signal=62%	
RESPONSE TO MECHANICAL STIMULUS%GOBP%GO:0009612	RESPONSE TO MECHANICAL STIMULUS%GOBP%GO:0009612		98	-0.2874888	-0.9399256	0.6077348	0.94001955	1.0	1629	tags=13%, list=10%, signal=15%	
MUSCLE ORGAN DEVELOPMENT%GOBP%GO:0007517	MUSCLE ORGAN DEVELOPMENT%GOBP%GO:0007517		106	-0.28331095	-0.9396825	0.6003521	0.94013333	1.0	1474	tags=10%, list=9%, signal=11%	
REGULATION OF D-GLUCOSE IMPORT%GOBP%GO:0046324	REGULATION OF D-GLUCOSE IMPORT%GOBP%GO:0046324		29	-0.3579231	-0.9395348	0.5472441	0.9399248	1.0	3591	tags=34%, list=22%, signal=44%	
NEGATIVE REGULATION OF DNA REPAIR%GOBP%GO:0045738	NEGATIVE REGULATION OF DNA REPAIR%GOBP%GO:0045738		37	-0.33567965	-0.9389987	0.5541045	0.94094414	1.0	1721	tags=19%, list=10%, signal=21%	
REGULATION OF POSTSYNAPSE ORGANIZATION%GOBP%GO:0099175	REGULATION OF POSTSYNAPSE ORGANIZATION%GOBP%GO:0099175		53	-0.31797847	-0.93866795	0.5764706	0.94129103	1.0	3847	tags=30%, list=23%, signal=39%	
CELLULAR RESPONSE TO EXTERNAL STIMULUS%GOBP%GO:0071496	CELLULAR RESPONSE TO EXTERNAL STIMULUS%GOBP%GO:0071496		50	-0.31925306	-0.9377086	0.57088846	0.94361913	1.0	937	tags=12%, list=6%, signal=13%	
IL4%NETPATH%IL4	IL4%NETPATH%IL4		33	-0.34725636	-0.93765616	0.5555556	0.94312453	1.0	1820	tags=24%, list=11%, signal=27%	
RIBONUCLEOSIDE MONOPHOSPHATE BIOSYNTHETIC PROCESS%GOBP%GO:0009156	RIBONUCLEOSIDE MONOPHOSPHATE BIOSYNTHETIC PROCESS%GOBP%GO:0009156		18	-0.39064598	-0.93727756	0.5657143	0.94367963	1.0	519	tags=11%, list=3%, signal=11%	
REGULATION OF ARP2/3 COMPLEX-MEDIATED ACTIN NUCLEATION%GOBP%GO:0034315	REGULATION OF ARP2/3 COMPLEX-MEDIATED ACTIN NUCLEATION%GOBP%GO:0034315		26	-0.36361688	-0.93727	0.57009345	0.9430431	1.0	2253	tags=23%, list=14%, signal=27%	
VISUAL PERCEPTION%GOBP%GO:0007601	VISUAL PERCEPTION%GOBP%GO:0007601		76	-0.29672056	-0.9365699	0.6212121	0.9445571	1.0	1595	tags=13%, list=10%, signal=15%	
NEGATIVE REGULATION OF CELL-SUBSTRATE JUNCTION ORGANIZATION%GOBP%GO:0150118	NEGATIVE REGULATION OF CELL-SUBSTRATE JUNCTION ORGANIZATION%GOBP%GO:0150118		18	-0.3976746	-0.93654156	0.5568628	0.94398266	1.0	2097	tags=22%, list=13%, signal=25%	
BIOCARTA_G1_PATHWAY%MSIGDB_C2%BIOCARTA_G1_PATHWAY	BIOCARTA_G1_PATHWAY%MSIGDB_C2%BIOCARTA_G1_PATHWAY		19	-0.3850511	-0.93626463	0.5389344	0.9441998	1.0	2668	tags=26%, list=16%, signal=31%	
PULMONARY VALVE DEVELOPMENT%GOBP%GO:0003177	PULMONARY VALVE DEVELOPMENT%GOBP%GO:0003177		23	-0.3748093	-0.93601	0.5761079	0.94437903	1.0	2284	tags=17%, list=14%, signal=20%	
ALPHA-AMINO ACID BIOSYNTHETIC PROCESS%GOBP%GO:1901607	ALPHA-AMINO ACID BIOSYNTHETIC PROCESS%GOBP%GO:1901607		40	-0.33433905	-0.9358449	0.5596869	0.9442224	1.0	2113	tags=15%, list=13%, signal=17%	
PROTEINOGENIC AMINO ACID CATABOLIC PROCESS%GOBP%GO:0170040	PROTEINOGENIC AMINO ACID CATABOLIC PROCESS%GOBP%GO:0170040		53	-0.31027904	-0.9357803	0.5589942	0.94376415	1.0	1677	tags=13%, list=10%, signal=15%	
REGULATION OF CELLULAR COMPONENT SIZE%GOBP%GO:0032535	REGULATION OF CELLULAR COMPONENT SIZE%GOBP%GO:0032535		196	-0.25983468	-0.93566126	0.6507666	0.9434452	1.0	2381	tags=18%, list=15%, signal=21%	
REGULATION OF BMP SIGNALING PATHWAY%GOBP%GO:0030510	REGULATION OF BMP SIGNALING PATHWAY%GOBP%GO:0030510		63	-0.3089359	-0.9353082	0.5682243	0.9439357	1.0	1601	tags=13%, list=10%, signal=14%	
SIGNALING BY SCF-KIT%REACTOME DATABASE ID RELEASE 93%1433557	SIGNALING BY SCF-KIT%REACTOME DATABASE ID RELEASE 93%1433557		37	-0.33815762	-0.9351076	0.5440313	0.9439044	1.0	1185	tags=14%, list=7%, signal=15%	
FEMALE GAMETE GENERATION%GOBP%GO:0007292	FEMALE GAMETE GENERATION%GOBP%GO:0007292		56	-0.30732673	-0.93493146	0.5858209	0.9437783	1.0	2160	tags=14%, list=13%, signal=16%	
POSITIVE REGULATION OF AMYLOID-BETA FORMATION%GOBP%GO:1902004	POSITIVE REGULATION OF AMYLOID-BETA FORMATION%GOBP%GO:1902004		16	-0.40443236	-0.9342254	0.5492958	0.9453351	1.0	3559	tags=50%, list=22%, signal=64%	
CYTOSOLIC TRANSPORT%GOBP%GO:0016482	CYTOSOLIC TRANSPORT%GOBP%GO:0016482		113	-0.28011736	-0.93396944	0.6052632	0.9454693	1.0	2001	tags=19%, list=12%, signal=21%	
DISORDERS OF DEVELOPMENTAL BIOLOGY%REACTOME DATABASE ID RELEASE 93%9675151	DISORDERS OF DEVELOPMENTAL BIOLOGY%REACTOME DATABASE ID RELEASE 93%9675151		16	-0.40192193	-0.93354326	0.5502958	0.9461668	1.0	376	tags=13%, list=2%, signal=13%	
CELLULAR RESPONSE TO EPIDERMAL GROWTH FACTOR STIMULUS%GOBP%GO:0071364	CELLULAR RESPONSE TO EPIDERMAL GROWTH FACTOR STIMULUS%GOBP%GO:0071364		27	-0.35927424	-0.93315315	0.5613682	0.9466832	1.0	888	tags=11%, list=5%, signal=12%	
REGULATION OF SYNAPSE STRUCTURE OR ACTIVITY%GOBP%GO:0050803	REGULATION OF SYNAPSE STRUCTURE OR ACTIVITY%GOBP%GO:0050803		137	-0.27169013	-0.93310577	0.63736266	0.94616866	1.0	1199	tags=9%, list=7%, signal=9%	
POSITIVE REGULATION OF VIRAL PROCESS%GOBP%GO:0048524	POSITIVE REGULATION OF VIRAL PROCESS%GOBP%GO:0048524		54	-0.31197393	-0.93299544	0.58998144	0.94586957	1.0	2109	tags=22%, list=13%, signal=25%	
MESENCHYMAL CELL DIFFERENTIATION%GOBP%GO:0048762	MESENCHYMAL CELL DIFFERENTIATION%GOBP%GO:0048762		105	-0.2833618	-0.9323437	0.6099291	0.947262	1.0	2031	tags=12%, list=12%, signal=14%	
POSITIVE REGULATION OF DEFENSE RESPONSE TO VIRUS BY HOST%GOBP%GO:0002230	POSITIVE REGULATION OF DEFENSE RESPONSE TO VIRUS BY HOST%GOBP%GO:0002230		23	-0.36674282	-0.93178785	0.5996055	0.9483178	1.0	2517	tags=22%, list=15%, signal=26%	
POSITIVE REGULATION OF CHROMOSOME SEPARATION%GOBP%GO:1905820	POSITIVE REGULATION OF CHROMOSOME SEPARATION%GOBP%GO:1905820		30	-0.34747759	-0.9317773	0.5730769	0.94768924	1.0	3396	tags=40%, list=21%, signal=50%	
RESPONSE TO ANGIOTENSIN%GOBP%GO:1990776	RESPONSE TO ANGIOTENSIN%GOBP%GO:1990776		17	-0.39378285	-0.93177277	0.5864662	0.94705117	1.0	1077	tags=18%, list=7%, signal=19%	
EMBRYONIC APPENDAGE MORPHOGENESIS%GOBP%GO:0035113	EMBRYONIC APPENDAGE MORPHOGENESIS%GOBP%GO:0035113		30	-0.3460744	-0.9314144	0.5587629	0.94747406	1.0	900	tags=13%, list=5%, signal=14%	
NEGATIVE REGULATION OF UBIQUITIN-DEPENDENT PROTEIN CATABOLIC PROCESS%GOBP%GO:2000059	NEGATIVE REGULATION OF UBIQUITIN-DEPENDENT PROTEIN CATABOLIC PROCESS%GOBP%GO:2000059		44	-0.3233716	-0.9310291	0.5629771	0.94797367	1.0	1114	tags=14%, list=7%, signal=15%	
SPINDLE LOCALIZATION%GOBP%GO:0051653	SPINDLE LOCALIZATION%GOBP%GO:0051653		48	-0.31852505	-0.9307647	0.5659656	0.9480883	1.0	2294	tags=21%, list=14%, signal=24%	
INTERACTION BETWEEN L1 AND ANKYRINS%REACTOME DATABASE ID RELEASE 93%445095	INTERACTION BETWEEN L1 AND ANKYRINS%REACTOME DATABASE ID RELEASE 93%445095		23	-0.37522393	-0.9307474	0.5534351	0.94748485	1.0	3814	tags=35%, list=23%, signal=45%	
RETINA DEVELOPMENT IN CAMERA-TYPE EYE%GOBP%GO:0060041	RETINA DEVELOPMENT IN CAMERA-TYPE EYE%GOBP%GO:0060041		50	-0.31175736	-0.93061197	0.5797665	0.9472352	1.0	2984	tags=20%, list=18%, signal=24%	
ZINC HOMEOSTASIS%WIKIPATHWAYS_20250810%WP3529%HOMO SAPIENS	ZINC HOMEOSTASIS%WIKIPATHWAYS_20250810%WP3529%HOMO SAPIENS		21	-0.3782881	-0.93032694	0.57279694	0.94743925	1.0	427	tags=10%, list=3%, signal=10%	
REGULATION OF VIRAL TRANSCRIPTION%GOBP%GO:0046782	REGULATION OF VIRAL TRANSCRIPTION%GOBP%GO:0046782		17	-0.39883217	-0.93032587	0.5638507	0.9467883	1.0	1522	tags=18%, list=9%, signal=19%	
MAGNESIUM ION TRANSPORT%GOBP%GO:0015693	MAGNESIUM ION TRANSPORT%GOBP%GO:0015693		16	-0.40078488	-0.93028957	0.5725646	0.9462465	1.0	1533	tags=19%, list=9%, signal=21%	
EPIBOLY%GOBP%GO:0090504	EPIBOLY%GOBP%GO:0090504		22	-0.37807402	-0.9300408	0.5839695	0.94638425	1.0	54	tags=9%, list=0%, signal=9%	
RESPONSE TO LAMINAR FLUID SHEAR STRESS%GOBP%GO:0034616	RESPONSE TO LAMINAR FLUID SHEAR STRESS%GOBP%GO:0034616		29	-0.35292846	-0.92990375	0.57925636	0.9461751	1.0	2274	tags=21%, list=14%, signal=24%	
NEGATIVE REGULATION OF SIGNAL TRANSDUCTION BY P53 CLASS MEDIATOR%GOBP%GO:1901797	NEGATIVE REGULATION OF SIGNAL TRANSDUCTION BY P53 CLASS MEDIATOR%GOBP%GO:1901797		31	-0.3522241	-0.9298642	0.5882353	0.9456427	1.0	1831	tags=16%, list=11%, signal=18%	
SYNTHESIS OF PC%REACTOME DATABASE ID RELEASE 93%1483191	SYNTHESIS OF PC%REACTOME DATABASE ID RELEASE 93%1483191		22	-0.36852965	-0.9297293	0.5667939	0.94540435	1.0	26	tags=5%, list=0%, signal=5%	
TH17 CELL DIFFERENTIATION PATHWAY%WIKIPATHWAYS_20250810%WP5130%HOMO SAPIENS	TH17 CELL DIFFERENTIATION PATHWAY%WIKIPATHWAYS_20250810%WP5130%HOMO SAPIENS		47	-0.3205125	-0.9294232	0.5872093	0.945692	1.0	1950	tags=15%, list=12%, signal=17%	
REGULATION OF CARDIAC MUSCLE CELL PROLIFERATION%GOBP%GO:0060043	REGULATION OF CARDIAC MUSCLE CELL PROLIFERATION%GOBP%GO:0060043		18	-0.38969076	-0.929197	0.5363458	0.94575936	1.0	5723	tags=50%, list=35%, signal=77%	
RESISTIN AS A REGULATOR OF INFLAMMATION%WIKIPATHWAYS_20250810%WP4481%HOMO SAPIENS	RESISTIN AS A REGULATOR OF INFLAMMATION%WIKIPATHWAYS_20250810%WP4481%HOMO SAPIENS		21	-0.3757154	-0.92911494	0.5386179	0.94534653	1.0	975	tags=19%, list=6%, signal=20%	
INTRACELLULAR LIPID TRANSPORT%GOBP%GO:0032365	INTRACELLULAR LIPID TRANSPORT%GOBP%GO:0032365		30	-0.35000435	-0.92906827	0.5850467	0.9448369	1.0	2407	tags=27%, list=15%, signal=31%	
HOST-MEDIATED ACTIVATION OF VIRAL PROCESS%GOBP%GO:0044794	HOST-MEDIATED ACTIVATION OF VIRAL PROCESS%GOBP%GO:0044794		34	-0.34099877	-0.9288164	0.57326007	0.9449474	1.0	2471	tags=24%, list=15%, signal=28%	
APOPTOSIS RELATED NETWORK DUE TO ALTERED NOTCH3 IN OVARIAN CANCER%WIKIPATHWAYS_20250810%WP2864%HOMO SAPIENS	APOPTOSIS RELATED NETWORK DUE TO ALTERED NOTCH3 IN OVARIAN CANCER%WIKIPATHWAYS_20250810%WP2864%HOMO SAPIENS		37	-0.3341802	-0.9287829	0.5538462	0.94441	1.0	1684	tags=14%, list=10%, signal=15%	
REGULATION OF INTERLEUKIN-12 PRODUCTION%GOBP%GO:0032655	REGULATION OF INTERLEUKIN-12 PRODUCTION%GOBP%GO:0032655		38	-0.32880482	-0.9283392	0.56635517	0.9451497	1.0	1135	tags=11%, list=7%, signal=11%	
AMINO ACID BIOSYNTHETIC PROCESS%GOBP%GO:0008652	AMINO ACID BIOSYNTHETIC PROCESS%GOBP%GO:0008652		44	-0.3188495	-0.9283298	0.575985	0.9445298	1.0	2113	tags=14%, list=13%, signal=16%	
CELLULAR RESPONSE TO UV%GOBP%GO:0034644	CELLULAR RESPONSE TO UV%GOBP%GO:0034644		66	-0.30422544	-0.9277211	0.5920826	0.94570875	1.0	2570	tags=30%, list=16%, signal=36%	
E3 UBIQUITIN LIGASES UBIQUITINATE TARGET PROTEINS%REACTOME%R-HSA-8866654.5	E3 UBIQUITIN LIGASES UBIQUITINATE TARGET PROTEINS%REACTOME%R-HSA-8866654.5		49	-0.32006243	-0.9274154	0.58983666	0.94598985	1.0	1687	tags=20%, list=10%, signal=23%	
HDR THROUGH HOMOLOGOUS RECOMBINATION (HRR)%REACTOME%R-HSA-5685942.4	HDR THROUGH HOMOLOGOUS RECOMBINATION (HRR)%REACTOME%R-HSA-5685942.4		64	-0.29658365	-0.92737055	0.61152416	0.9454784	1.0	1437	tags=17%, list=9%, signal=19%	
REGULATION OF INFLAMMASOME-MEDIATED SIGNALING PATHWAY%GOBP%GO:0141085	REGULATION OF INFLAMMASOME-MEDIATED SIGNALING PATHWAY%GOBP%GO:0141085		41	-0.3306395	-0.9272733	0.6168224	0.9451166	1.0	1863	tags=20%, list=11%, signal=22%	
LENS DEVELOPMENT IN CAMERA-TYPE EYE%GOBP%GO:0002088	LENS DEVELOPMENT IN CAMERA-TYPE EYE%GOBP%GO:0002088		23	-0.3640638	-0.9272525	0.5744275	0.9445347	1.0	2096	tags=26%, list=13%, signal=30%	
DNA DAMAGE BYPASS%REACTOME%R-HSA-73893.3	DNA DAMAGE BYPASS%REACTOME%R-HSA-73893.3		46	-0.32304016	-0.92719275	0.5914179	0.9440628	1.0	2412	tags=28%, list=15%, signal=33%	
RETROGRADE VESICLE-MEDIATED TRANSPORT, GOLGI TO ENDOPLASMIC RETICULUM%GOBP%GO:0006890	RETROGRADE VESICLE-MEDIATED TRANSPORT, GOLGI TO ENDOPLASMIC RETICULUM%GOBP%GO:0006890		41	-0.3229645	-0.9271786	0.56666666	0.94346523	1.0	2548	tags=27%, list=16%, signal=32%	
REGULATION OF TRANSFORMING GROWTH FACTOR BETA RECEPTOR SIGNALING PATHWAY%GOBP%GO:0017015	REGULATION OF TRANSFORMING GROWTH FACTOR BETA RECEPTOR SIGNALING PATHWAY%GOBP%GO:0017015		108	-0.27535394	-0.92674696	0.6074074	0.944108	1.0	3575	tags=28%, list=22%, signal=35%	
SIGNALING EVENTS MEDIATED BY PTP1B%PATHWAY INTERACTION DATABASE NCI-NATURE CURATED DATA%SIGNALING EVENTS MEDIATED BY PTP1B	SIGNALING EVENTS MEDIATED BY PTP1B%PATHWAY INTERACTION DATABASE NCI-NATURE CURATED DATA%SIGNALING EVENTS MEDIATED BY PTP1B		46	-0.31409258	-0.92654866	0.5864662	0.94406295	1.0	910	tags=11%, list=6%, signal=11%	
MITOTIC G2/M TRANSITION CHECKPOINT%GOBP%GO:0044818	MITOTIC G2/M TRANSITION CHECKPOINT%GOBP%GO:0044818		44	-0.3151429	-0.92653596	0.5919854	0.94345784	1.0	2528	tags=23%, list=15%, signal=27%	
RETINOIC ACID RECEPTORS-MEDIATED SIGNALING%PATHWAY INTERACTION DATABASE NCI-NATURE CURATED DATA%RETINOIC ACID RECEPTORS-MEDIATED SIGNALING	RETINOIC ACID RECEPTORS-MEDIATED SIGNALING%PATHWAY INTERACTION DATABASE NCI-NATURE CURATED DATA%RETINOIC ACID RECEPTORS-MEDIATED SIGNALING		28	-0.3498857	-0.92628247	0.5695733	0.9436301	1.0	1121	tags=21%, list=7%, signal=23%	
PID_MYC_REPRESS_PATHWAY%MSIGDB_C2%PID_MYC_REPRESS_PATHWAY	PID_MYC_REPRESS_PATHWAY%MSIGDB_C2%PID_MYC_REPRESS_PATHWAY		46	-0.32227677	-0.92585266	0.55140185	0.9443	1.0	2442	tags=17%, list=15%, signal=20%	
NUCLEOTIDE EXCISION REPAIR IN XERODERMA PIGMENTOSUM %WIKIPATHWAYS_20250810%WP5114%HOMO SAPIENS	NUCLEOTIDE EXCISION REPAIR IN XERODERMA PIGMENTOSUM %WIKIPATHWAYS_20250810%WP5114%HOMO SAPIENS		41	-0.32885537	-0.9257912	0.58882236	0.9438668	1.0	1252	tags=20%, list=8%, signal=21%	
GOLGI-TO-ER RETROGRADE TRANSPORT%REACTOME DATABASE ID RELEASE 93%8856688	GOLGI-TO-ER RETROGRADE TRANSPORT%REACTOME DATABASE ID RELEASE 93%8856688		108	-0.2760545	-0.9240592	0.63448274	0.9485059	1.0	1902	tags=18%, list=12%, signal=20%	
ZINC ION TRANSMEMBRANE TRANSPORT%GOBP%GO:0071577	ZINC ION TRANSMEMBRANE TRANSPORT%GOBP%GO:0071577		21	-0.37294665	-0.92401135	0.5839844	0.9480081	1.0	427	tags=10%, list=3%, signal=10%	
NEGATIVE REGULATION OF SMALL GTPASE MEDIATED SIGNAL TRANSDUCTION%GOBP%GO:0051058	NEGATIVE REGULATION OF SMALL GTPASE MEDIATED SIGNAL TRANSDUCTION%GOBP%GO:0051058		45	-0.32460114	-0.92348397	0.593692	0.94899565	1.0	2284	tags=20%, list=14%, signal=23%	
ENDOGENOUS STEROLS%REACTOME DATABASE ID RELEASE 93%211976	ENDOGENOUS STEROLS%REACTOME DATABASE ID RELEASE 93%211976		16	-0.395815	-0.9234491	0.57254905	0.94846	1.0	3977	tags=63%, list=24%, signal=82%	
NEGATIVE REGULATION OF JNK CASCADE%GOBP%GO:0046329	NEGATIVE REGULATION OF JNK CASCADE%GOBP%GO:0046329		32	-0.3449223	-0.92333555	0.5927342	0.94815004	1.0	1723	tags=16%, list=10%, signal=17%	
PID_RAC1_PATHWAY%MSIGDB_C2%PID_RAC1_PATHWAY	PID_RAC1_PATHWAY%MSIGDB_C2%PID_RAC1_PATHWAY		39	-0.33090043	-0.9233247	0.5809524	0.94753754	1.0	2535	tags=31%, list=15%, signal=36%	
EMBRYONIC LIMB MORPHOGENESIS%GOBP%GO:0030326	EMBRYONIC LIMB MORPHOGENESIS%GOBP%GO:0030326		30	-0.3460744	-0.92244583	0.5587121	0.94952625	1.0	900	tags=13%, list=5%, signal=14%	
TOLL LIKE RECEPTOR 3 (TLR3) CASCADE%REACTOME%R-HSA-168164.6	TOLL LIKE RECEPTOR 3 (TLR3) CASCADE%REACTOME%R-HSA-168164.6		97	-0.28266016	-0.92236584	0.6587156	0.9491221	1.0	1179	tags=10%, list=7%, signal=11%	
SMALL CELL LUNG CANCER%WIKIPATHWAYS_20250810%WP4658%HOMO SAPIENS	SMALL CELL LUNG CANCER%WIKIPATHWAYS_20250810%WP4658%HOMO SAPIENS		78	-0.28947285	-0.922171	0.5917603	0.94909364	1.0	2189	tags=15%, list=13%, signal=18%	
NEGATIVE REGULATION OF MICROTUBULE DEPOLYMERIZATION%GOBP%GO:0007026	NEGATIVE REGULATION OF MICROTUBULE DEPOLYMERIZATION%GOBP%GO:0007026		18	-0.37162223	-0.92199165	0.58429116	0.94897884	1.0	4320	tags=56%, list=26%, signal=75%	
CDC42 GTPASE CYCLE%REACTOME DATABASE ID RELEASE 93%9013148	CDC42 GTPASE CYCLE%REACTOME DATABASE ID RELEASE 93%9013148		146	-0.26516366	-0.9217027	0.67346936	0.94919217	1.0	2299	tags=19%, list=14%, signal=22%	
E-CADHERIN SIGNALING IN THE NASCENT ADHERENS JUNCTION%PATHWAY INTERACTION DATABASE NCI-NATURE CURATED DATA%E-CADHERIN SIGNALING IN THE NASCENT ADHERENS JUNCTION	E-CADHERIN SIGNALING IN THE NASCENT ADHERENS JUNCTION%PATHWAY INTERACTION DATABASE NCI-NATURE CURATED DATA%E-CADHERIN SIGNALING IN THE NASCENT ADHERENS JUNCTION		35	-0.33824512	-0.92169046	0.5733591	0.9485911	1.0	2368	tags=26%, list=14%, signal=30%	
IMPAIRED BRCA2 BINDING TO RAD51%REACTOME%R-HSA-9709570.2	IMPAIRED BRCA2 BINDING TO RAD51%REACTOME%R-HSA-9709570.2		34	-0.3368165	-0.92146784	0.59884834	0.9486372	1.0	2337	tags=21%, list=14%, signal=24%	
PID_SHP2_PATHWAY%MSIGDB_C2%PID_SHP2_PATHWAY	PID_SHP2_PATHWAY%MSIGDB_C2%PID_SHP2_PATHWAY		43	-0.3234327	-0.92133933	0.5973025	0.9483943	1.0	3631	tags=28%, list=22%, signal=36%	
DNA DAMAGE CHECKPOINT SIGNALING%GOBP%GO:0000077	DNA DAMAGE CHECKPOINT SIGNALING%GOBP%GO:0000077		79	-0.29242548	-0.92129445	0.61880344	0.9478942	1.0	2528	tags=27%, list=15%, signal=31%	
REGULATION OF MITOPHAGY%GOBP%GO:1901524	REGULATION OF MITOPHAGY%GOBP%GO:1901524		32	-0.34125373	-0.9211712	0.57361376	0.94763184	1.0	408	tags=9%, list=2%, signal=10%	
SEGMENTATION%GOBP%GO:0035282	SEGMENTATION%GOBP%GO:0035282		23	-0.35999075	-0.9210916	0.5871369	0.94723403	1.0	1411	tags=17%, list=9%, signal=19%	
L-AMINO ACID CATABOLIC PROCESS%GOBP%GO:0170035	L-AMINO ACID CATABOLIC PROCESS%GOBP%GO:0170035		52	-0.31104574	-0.9210638	0.62637365	0.9466834	1.0	1677	tags=13%, list=10%, signal=15%	
HOST-MEDIATED PERTURBATION OF VIRAL TRANSCRIPTION%GOBP%GO:0043921	HOST-MEDIATED PERTURBATION OF VIRAL TRANSCRIPTION%GOBP%GO:0043921		27	-0.3527915	-0.9206866	0.6189516	0.9472141	1.0	2830	tags=26%, list=17%, signal=31%	
C-MYC PATHWAY%PATHWAY INTERACTION DATABASE NCI-NATURE CURATED DATA%C-MYC PATHWAY	C-MYC PATHWAY%PATHWAY INTERACTION DATABASE NCI-NATURE CURATED DATA%C-MYC PATHWAY		23	-0.358109	-0.9206299	0.5559921	0.94675124	1.0	1450	tags=17%, list=9%, signal=19%	
MUSCLE CELL DEVELOPMENT%GOBP%GO:0055001	MUSCLE CELL DEVELOPMENT%GOBP%GO:0055001		75	-0.29279268	-0.92045164	0.6238532	0.94666505	1.0	1474	tags=11%, list=9%, signal=12%	
CELL DEATH SIGNALLING VIA NRAGE, NRIF AND NADE%REACTOME DATABASE ID RELEASE 93%204998	CELL DEATH SIGNALLING VIA NRAGE, NRIF AND NADE%REACTOME DATABASE ID RELEASE 93%204998		73	-0.28866538	-0.92036027	0.61851853	0.9462977	1.0	1762	tags=15%, list=11%, signal=17%	
CELL CYCLE%WIKIPATHWAYS_20250810%WP179%HOMO SAPIENS	CELL CYCLE%WIKIPATHWAYS_20250810%WP179%HOMO SAPIENS		89	-0.28410974	-0.9200609	0.6134752	0.94658947	1.0	2567	tags=22%, list=16%, signal=26%	
BIOCARTA_IL12_PATHWAY%MSIGDB_C2%BIOCARTA_IL12_PATHWAY	BIOCARTA_IL12_PATHWAY%MSIGDB_C2%BIOCARTA_IL12_PATHWAY		15	-0.40796164	-0.9200603	0.57258064	0.9459597	1.0	641	tags=13%, list=4%, signal=14%	
ACTIVATION OF KAINATE RECEPTORS UPON GLUTAMATE BINDING%REACTOME DATABASE ID RELEASE 93%451326	ACTIVATION OF KAINATE RECEPTORS UPON GLUTAMATE BINDING%REACTOME DATABASE ID RELEASE 93%451326		24	-0.35698387	-0.9199853	0.5869565	0.945565	1.0	3237	tags=29%, list=20%, signal=36%	
POSITIVE REGULATION OF TRANSFERASE ACTIVITY%GOBP%GO:0051347	POSITIVE REGULATION OF TRANSFERASE ACTIVITY%GOBP%GO:0051347		122	-0.27297008	-0.91998297	0.6134752	0.94493717	1.0	2942	tags=20%, list=18%, signal=24%	
NOTCH%IOB%NOTCH	NOTCH%IOB%NOTCH		50	-0.30904034	-0.91989803	0.6330275	0.94456196	1.0	2739	tags=24%, list=17%, signal=29%	
REGULATION OF VIRAL PROCESS%GOBP%GO:0050792	REGULATION OF VIRAL PROCESS%GOBP%GO:0050792		110	-0.27593815	-0.9195372	0.65498155	0.94500196	1.0	1921	tags=16%, list=12%, signal=18%	
LUNG PATHOLOGY OF COVID 19%WIKIPATHWAYS_20250810%WP5146%HOMO SAPIENS	LUNG PATHOLOGY OF COVID 19%WIKIPATHWAYS_20250810%WP5146%HOMO SAPIENS		15	-0.4015304	-0.9194288	0.55852157	0.9447087	1.0	3096	tags=27%, list=19%, signal=33%	
GPI ANCHORED PROTEIN BIOSYNTHESIS%GOBP%GO:0180046	GPI ANCHORED PROTEIN BIOSYNTHESIS%GOBP%GO:0180046		26	-0.35244656	-0.9193049	0.58653843	0.94445455	1.0	1157	tags=19%, list=7%, signal=21%	
GENE SILENCING BY RNA%REACTOME DATABASE ID RELEASE 93%211000	GENE SILENCING BY RNA%REACTOME DATABASE ID RELEASE 93%211000		82	-0.2851878	-0.9184295	0.6289753	0.9463992	1.0	1989	tags=16%, list=12%, signal=18%	
PID_NOTCH_PATHWAY%MSIGDB_C2%PID_NOTCH_PATHWAY	PID_NOTCH_PATHWAY%MSIGDB_C2%PID_NOTCH_PATHWAY		40	-0.3316689	-0.9174591	0.59698683	0.94871473	1.0	2442	tags=23%, list=15%, signal=26%	
RHOF GTPASE CYCLE%REACTOME%R-HSA-9035034.5	RHOF GTPASE CYCLE%REACTOME%R-HSA-9035034.5		40	-0.32393888	-0.91743535	0.5839552	0.9481429	1.0	2723	tags=25%, list=17%, signal=30%	
REGULATION OF SYNAPTIC VESICLE EXOCYTOSIS%GOBP%GO:2000300	REGULATION OF SYNAPTIC VESICLE EXOCYTOSIS%GOBP%GO:2000300		20	-0.3744291	-0.91737545	0.5779093	0.94769204	1.0	3315	tags=40%, list=20%, signal=50%	
WNT SIGNALING NETWORK%PATHWAY INTERACTION DATABASE NCI-NATURE CURATED DATA%WNT SIGNALING NETWORK	WNT SIGNALING NETWORK%PATHWAY INTERACTION DATABASE NCI-NATURE CURATED DATA%WNT SIGNALING NETWORK		21	-0.37255868	-0.9173089	0.59386975	0.9472488	1.0	131	tags=5%, list=1%, signal=5%	
PROTEIN TARGETING TO MEMBRANE%GOBP%GO:0006612	PROTEIN TARGETING TO MEMBRANE%GOBP%GO:0006612		66	-0.29676738	-0.9172994	0.619403	0.94664747	1.0	1461	tags=18%, list=9%, signal=20%	
REGULATION OF CELLULAR RESPONSE TO TRANSFORMING GROWTH FACTOR BETA STIMULUS%GOBP%GO:1903844	REGULATION OF CELLULAR RESPONSE TO TRANSFORMING GROWTH FACTOR BETA STIMULUS%GOBP%GO:1903844		108	-0.27535394	-0.91717976	0.6476684	0.9463706	1.0	3575	tags=28%, list=22%, signal=35%	
MAINTENANCE OF BLOOD-BRAIN BARRIER%GOBP%GO:0035633	MAINTENANCE OF BLOOD-BRAIN BARRIER%GOBP%GO:0035633		30	-0.3438065	-0.91715527	0.57058823	0.94582474	1.0	2329	tags=17%, list=14%, signal=19%	
PLATELET-DERIVED GROWTH FACTOR RECEPTOR SIGNALING PATHWAY%GOBP%GO:0048008	PLATELET-DERIVED GROWTH FACTOR RECEPTOR SIGNALING PATHWAY%GOBP%GO:0048008		18	-0.38416746	-0.91714156	0.56762296	0.9452418	1.0	4565	tags=33%, list=28%, signal=46%	
ALPHA6BETA4INTEGRIN%IOB%ALPHA6BETA4INTEGRIN	ALPHA6BETA4INTEGRIN%IOB%ALPHA6BETA4INTEGRIN		47	-0.31554243	-0.9169498	0.6083789	0.94521636	1.0	1188	tags=13%, list=7%, signal=14%	
NEGATIVE REGULATION OF SUPRAMOLECULAR FIBER ORGANIZATION%GOBP%GO:1902904	NEGATIVE REGULATION OF SUPRAMOLECULAR FIBER ORGANIZATION%GOBP%GO:1902904		104	-0.27841732	-0.9167971	0.655574	0.9450324	1.0	2289	tags=20%, list=14%, signal=23%	
G-CSF%IOB%G-CSF	G-CSF%IOB%G-CSF		28	-0.34424016	-0.91651785	0.6011236	0.94524336	1.0	948	tags=14%, list=6%, signal=15%	
TGF-BETA RECEPTOR SIGNALING%PATHWAY INTERACTION DATABASE NCI-NATURE CURATED DATA%TGF-BETA RECEPTOR SIGNALING	TGF-BETA RECEPTOR SIGNALING%PATHWAY INTERACTION DATABASE NCI-NATURE CURATED DATA%TGF-BETA RECEPTOR SIGNALING		48	-0.31332546	-0.9164695	0.59698683	0.9447587	1.0	2128	tags=19%, list=13%, signal=21%	
REGULATION OF DENDRITIC SPINE DEVELOPMENT%GOBP%GO:0060998	REGULATION OF DENDRITIC SPINE DEVELOPMENT%GOBP%GO:0060998		32	-0.3428512	-0.91606575	0.61393595	0.9453025	1.0	1623	tags=16%, list=10%, signal=17%	
REGULATION OF NUCLEOTIDE-EXCISION REPAIR%GOBP%GO:2000819	REGULATION OF NUCLEOTIDE-EXCISION REPAIR%GOBP%GO:2000819		24	-0.35747096	-0.91533256	0.57455266	0.9468325	1.0	2007	tags=29%, list=12%, signal=33%	
PID_AVB3_INTEGRIN_PATHWAY%MSIGDB_C2%PID_AVB3_INTEGRIN_PATHWAY	PID_AVB3_INTEGRIN_PATHWAY%MSIGDB_C2%PID_AVB3_INTEGRIN_PATHWAY		54	-0.3077912	-0.9152953	0.60714287	0.94630456	1.0	379	tags=7%, list=2%, signal=8%	
NCRNAS IN WNT SIGNALING IN HEPATOCELLULAR CARCINOMA%WIKIPATHWAYS_20250810%WP4336%HOMO SAPIENS	NCRNAS IN WNT SIGNALING IN HEPATOCELLULAR CARCINOMA%WIKIPATHWAYS_20250810%WP4336%HOMO SAPIENS		58	-0.30604976	-0.9147279	0.621673	0.94736576	1.0	1802	tags=12%, list=11%, signal=14%	
AORTIC VALVE MORPHOGENESIS%GOBP%GO:0003180	AORTIC VALVE MORPHOGENESIS%GOBP%GO:0003180		35	-0.33552694	-0.91462576	0.58679247	0.9470371	1.0	2542	tags=20%, list=15%, signal=24%	
STEROL REGULATORY ELEMENT BINDING PROTEINS SREBP SIGNALING%WIKIPATHWAYS_20250810%WP1982%HOMO SAPIENS	STEROL REGULATORY ELEMENT BINDING PROTEINS SREBP SIGNALING%WIKIPATHWAYS_20250810%WP1982%HOMO SAPIENS		49	-0.3126606	-0.91437906	0.6023166	0.94713604	1.0	2358	tags=16%, list=14%, signal=19%	
PRIMARY FOCAL SEGMENTAL GLOMERULOSCLEROSIS FSGS %WIKIPATHWAYS_20250810%WP2572%HOMO SAPIENS	PRIMARY FOCAL SEGMENTAL GLOMERULOSCLEROSIS FSGS %WIKIPATHWAYS_20250810%WP2572%HOMO SAPIENS		53	-0.30350062	-0.9141844	0.625	0.9470758	1.0	1802	tags=13%, list=11%, signal=15%	
RHOG GTPASE CYCLE%REACTOME DATABASE ID RELEASE 93%9013408	RHOG GTPASE CYCLE%REACTOME DATABASE ID RELEASE 93%9013408		71	-0.29267544	-0.91390735	0.6217228	0.9472803	1.0	1684	tags=18%, list=10%, signal=20%	
REGULATION OF PROTEIN POLYMERIZATION%GOBP%GO:0032271	REGULATION OF PROTEIN POLYMERIZATION%GOBP%GO:0032271		130	-0.2685006	-0.9138206	0.67706424	0.9469071	1.0	2289	tags=18%, list=14%, signal=21%	
REGULATION OF EXECUTION PHASE OF APOPTOSIS%GOBP%GO:1900117	REGULATION OF EXECUTION PHASE OF APOPTOSIS%GOBP%GO:1900117		18	-0.381278	-0.91368943	0.5917969	0.94666016	1.0	1028	tags=11%, list=6%, signal=12%	
CLASS I PI3K SIGNALING EVENTS MEDIATED BY AKT%PATHWAY INTERACTION DATABASE NCI-NATURE CURATED DATA%CLASS I PI3K SIGNALING EVENTS MEDIATED BY AKT	CLASS I PI3K SIGNALING EVENTS MEDIATED BY AKT%PATHWAY INTERACTION DATABASE NCI-NATURE CURATED DATA%CLASS I PI3K SIGNALING EVENTS MEDIATED BY AKT		33	-0.33154124	-0.9133203	0.5966543	0.94712216	1.0	1704	tags=21%, list=10%, signal=24%	
REGULATION OF BONE MINERALIZATION%GOBP%GO:0030500	REGULATION OF BONE MINERALIZATION%GOBP%GO:0030500		57	-0.30630904	-0.91273314	0.6192171	0.9482164	1.0	4135	tags=33%, list=25%, signal=44%	
RET SIGNALING%REACTOME%R-HSA-8853659.7	RET SIGNALING%REACTOME%R-HSA-8853659.7		32	-0.33840433	-0.9126796	0.61026615	0.94777083	1.0	2274	tags=22%, list=14%, signal=25%	
MEASLES VIRUS INFECTION%WIKIPATHWAYS_20250810%WP4630%HOMO SAPIENS	MEASLES VIRUS INFECTION%WIKIPATHWAYS_20250810%WP4630%HOMO SAPIENS		84	-0.28430897	-0.9122652	0.6449814	0.9483813	1.0	2367	tags=17%, list=14%, signal=19%	
CYTOPROTECTION BY HMOX1%REACTOME%R-HSA-9707564.5	CYTOPROTECTION BY HMOX1%REACTOME%R-HSA-9707564.5		49	-0.311059	-0.91143435	0.61165047	0.950195	1.0	411	tags=8%, list=3%, signal=8%	
DNA REPAIR-DEPENDENT CHROMATIN REMODELING%GOBP%GO:0140861	DNA REPAIR-DEPENDENT CHROMATIN REMODELING%GOBP%GO:0140861		23	-0.37099063	-0.91134965	0.57169116	0.9498322	1.0	2510	tags=43%, list=15%, signal=51%	
NANOPARTICLE MEDIATED ACTIVATION OF RECEPTOR SIGNALING%WIKIPATHWAYS_20250810%WP2643%HOMO SAPIENS	NANOPARTICLE MEDIATED ACTIVATION OF RECEPTOR SIGNALING%WIKIPATHWAYS_20250810%WP2643%HOMO SAPIENS		26	-0.35380974	-0.91133755	0.58768654	0.9492536	1.0	2367	tags=31%, list=14%, signal=36%	
REGULATION OF T CELL RECEPTOR SIGNALING PATHWAY%GOBP%GO:0050856	REGULATION OF T CELL RECEPTOR SIGNALING PATHWAY%GOBP%GO:0050856		45	-0.3175693	-0.9110398	0.62689394	0.94952786	1.0	1613	tags=13%, list=10%, signal=15%	
REGULATION OF PROTEIN TYROSINE KINASE ACTIVITY%GOBP%GO:0061097	REGULATION OF PROTEIN TYROSINE KINASE ACTIVITY%GOBP%GO:0061097		17	-0.38767904	-0.91100115	0.59183675	0.949017	1.0	1378	tags=12%, list=8%, signal=13%	
CELLULAR RESPONSE TO FLUID SHEAR STRESS%GOBP%GO:0071498	CELLULAR RESPONSE TO FLUID SHEAR STRESS%GOBP%GO:0071498		34	-0.32121575	-0.91063213	0.6108949	0.9494867	1.0	219	tags=6%, list=1%, signal=6%	
POSITIVE REGULATION OF GENE EXPRESSION, EPIGENETIC%GOBP%GO:0141137	POSITIVE REGULATION OF GENE EXPRESSION, EPIGENETIC%GOBP%GO:0141137		50	-0.30981496	-0.91026235	0.6233766	0.94990987	1.0	2677	tags=28%, list=16%, signal=33%	
NEGATIVE REGULATION OF CELL DEVELOPMENT%GOBP%GO:0010721	NEGATIVE REGULATION OF CELL DEVELOPMENT%GOBP%GO:0010721		124	-0.26975188	-0.90961266	0.6619718	0.95119387	1.0	1723	tags=12%, list=10%, signal=13%	
HOMOLOGOUS RECOMBINATION%GOBP%GO:0035825	HOMOLOGOUS RECOMBINATION%GOBP%GO:0035825		49	-0.31275558	-0.90938604	0.62428844	0.9512297	1.0	4173	tags=37%, list=25%, signal=49%	
PID_CMYB_PATHWAY%MSIGDB_C2%PID_CMYB_PATHWAY	PID_CMYB_PATHWAY%MSIGDB_C2%PID_CMYB_PATHWAY		58	-0.30270278	-0.9092091	0.61636364	0.95114326	1.0	2442	tags=22%, list=15%, signal=26%	
TNF RELATED WEAK INDUCER OF APOPTOSIS TWEAK SIGNALING%WIKIPATHWAYS_20250810%WP2036%HOMO SAPIENS	TNF RELATED WEAK INDUCER OF APOPTOSIS TWEAK SIGNALING%WIKIPATHWAYS_20250810%WP2036%HOMO SAPIENS		33	-0.3395313	-0.9088678	0.5992647	0.95148885	1.0	975	tags=15%, list=6%, signal=16%	
REGULATION OF CYCLIN-DEPENDENT PROTEIN SERINE/THREONINE KINASE ACTIVITY%GOBP%GO:0000079	REGULATION OF CYCLIN-DEPENDENT PROTEIN SERINE/THREONINE KINASE ACTIVITY%GOBP%GO:0000079		29	-0.3416166	-0.9087541	0.60851926	0.9512109	1.0	1304	tags=17%, list=8%, signal=19%	
MESODERM DEVELOPMENT%GOBP%GO:0007498	MESODERM DEVELOPMENT%GOBP%GO:0007498		43	-0.32042077	-0.9083181	0.62406015	0.9518715	1.0	1242	tags=7%, list=8%, signal=8%	
LYMPHOCYTE HOMEOSTASIS%GOBP%GO:0002260	LYMPHOCYTE HOMEOSTASIS%GOBP%GO:0002260		23	-0.3618356	-0.9079916	0.5877712	0.9522273	1.0	3906	tags=35%, list=24%, signal=46%	
EFFECT OF OMEGA 3 PUFA ON HUNTINGTON 39 S DISEASE PATHWAYS%WIKIPATHWAYS_20250810%WP5470%HOMO SAPIENS	EFFECT OF OMEGA 3 PUFA ON HUNTINGTON 39 S DISEASE PATHWAYS%WIKIPATHWAYS_20250810%WP5470%HOMO SAPIENS		86	-0.2794002	-0.9075896	0.6853526	0.9527674	1.0	2663	tags=21%, list=16%, signal=25%	
POSITIVE REGULATION OF TUMOR NECROSIS FACTOR SUPERFAMILY CYTOKINE PRODUCTION%GOBP%GO:1903557	POSITIVE REGULATION OF TUMOR NECROSIS FACTOR SUPERFAMILY CYTOKINE PRODUCTION%GOBP%GO:1903557		65	-0.29246065	-0.9067972	0.6231884	0.95447505	1.0	1494	tags=14%, list=9%, signal=15%	
BLOOD COAGULATION%GOBP%GO:0007596	BLOOD COAGULATION%GOBP%GO:0007596		97	-0.27557936	-0.9066015	0.6384181	0.95440817	1.0	2052	tags=13%, list=13%, signal=15%	
BIOCARTA_TFF_PATHWAY%MSIGDB_C2%BIOCARTA_TFF_PATHWAY	BIOCARTA_TFF_PATHWAY%MSIGDB_C2%BIOCARTA_TFF_PATHWAY		17	-0.3821315	-0.9065057	0.5686654	0.95405	1.0	1185	tags=18%, list=7%, signal=19%	
POSITIVE REGULATION OF T CELL CYTOKINE PRODUCTION%GOBP%GO:0002726	POSITIVE REGULATION OF T CELL CYTOKINE PRODUCTION%GOBP%GO:0002726		20	-0.37460122	-0.9059154	0.6050096	0.9551948	1.0	3975	tags=35%, list=24%, signal=46%	
AUTOPHAGY OF MITOCHONDRION%GOBP%GO:0000422	AUTOPHAGY OF MITOCHONDRION%GOBP%GO:0000422		60	-0.29646036	-0.9057684	0.6282051	0.95500535	1.0	2520	tags=23%, list=15%, signal=27%	
ACTIN-MEDIATED CELL CONTRACTION%GOBP%GO:0070252	ACTIN-MEDIATED CELL CONTRACTION%GOBP%GO:0070252		54	-0.30249533	-0.90535086	0.6146436	0.9556315	1.0	3814	tags=28%, list=23%, signal=36%	
P53 PATHWAY FEEDBACK LOOPS 2%PANTHER PATHWAY%P04398	P53 PATHWAY FEEDBACK LOOPS 2%PANTHER PATHWAY%P04398		37	-0.32240838	-0.9048792	0.6256983	0.9563674	1.0	3035	tags=35%, list=18%, signal=43%	
TRICARBOXYLIC ACID CYCLE%GOBP%GO:0006099	TRICARBOXYLIC ACID CYCLE%GOBP%GO:0006099		23	-0.35695776	-0.90464824	0.6003717	0.9564474	1.0	3615	tags=30%, list=22%, signal=39%	
HALLMARK OF CANCER SUSTAINING PROLIFERATIVE SIGNALING%WIKIPATHWAYS_20250810%WP5475%HOMO SAPIENS	HALLMARK OF CANCER SUSTAINING PROLIFERATIVE SIGNALING%WIKIPATHWAYS_20250810%WP5475%HOMO SAPIENS		78	-0.2879674	-0.90454084	0.657845	0.9561506	1.0	2663	tags=23%, list=16%, signal=27%	
ACTIN FILAMENT POLYMERIZATION%GOBP%GO:0030041	ACTIN FILAMENT POLYMERIZATION%GOBP%GO:0030041		25	-0.35413453	-0.9043141	0.5951493	0.9561831	1.0	3214	tags=36%, list=20%, signal=45%	
BIOCARTA_EIF4_PATHWAY%MSIGDB_C2%BIOCARTA_EIF4_PATHWAY	BIOCARTA_EIF4_PATHWAY%MSIGDB_C2%BIOCARTA_EIF4_PATHWAY		19	-0.3772838	-0.9042224	0.61804223	0.95583194	1.0	593	tags=21%, list=4%, signal=22%	
POSITIVE REGULATION OF MACROAUTOPHAGY%GOBP%GO:0016239	POSITIVE REGULATION OF MACROAUTOPHAGY%GOBP%GO:0016239		78	-0.28158215	-0.90414214	0.68327403	0.9554548	1.0	1716	tags=15%, list=10%, signal=17%	
ATM SIGNALING IN DEVELOPMENT AND DISEASE %WIKIPATHWAYS_20250810%WP3878%HOMO SAPIENS	ATM SIGNALING IN DEVELOPMENT AND DISEASE %WIKIPATHWAYS_20250810%WP3878%HOMO SAPIENS		35	-0.3322723	-0.90343606	0.6112186	0.9568748	1.0	1843	tags=29%, list=11%, signal=32%	
ZBP1(DAI) MEDIATED INDUCTION OF TYPE I IFNS%REACTOME DATABASE ID RELEASE 93%1606322	ZBP1(DAI) MEDIATED INDUCTION OF TYPE I IFNS%REACTOME DATABASE ID RELEASE 93%1606322		18	-0.37289277	-0.9033779	0.60877866	0.95643187	1.0	975	tags=17%, list=6%, signal=18%	
RIP-MEDIATED NFKB ACTIVATION VIA ZBP1%REACTOME%R-HSA-1810476.4	RIP-MEDIATED NFKB ACTIVATION VIA ZBP1%REACTOME%R-HSA-1810476.4		15	-0.39338195	-0.9031905	0.59809524	0.9563549	1.0	975	tags=20%, list=6%, signal=21%	
RIBOSOME ASSEMBLY%GOBP%GO:0042255	RIBOSOME ASSEMBLY%GOBP%GO:0042255		51	-0.30650243	-0.90299535	0.6088561	0.9563204	1.0	1280	tags=18%, list=8%, signal=19%	
POSITIVE REGULATION OF NEURON DIFFERENTIATION%GOBP%GO:0045666	POSITIVE REGULATION OF NEURON DIFFERENTIATION%GOBP%GO:0045666		30	-0.33964124	-0.9028415	0.6114398	0.95616436	1.0	1590	tags=17%, list=10%, signal=18%	
PID_WNT_SIGNALING_PATHWAY%MSIGDB_C2%PID_WNT_SIGNALING_PATHWAY	PID_WNT_SIGNALING_PATHWAY%MSIGDB_C2%PID_WNT_SIGNALING_PATHWAY		18	-0.3797169	-0.9025203	0.59090906	0.9564452	1.0	1802	tags=11%, list=11%, signal=12%	
CALCIUM ION TRANSMEMBRANE TRANSPORT%GOBP%GO:0070588	CALCIUM ION TRANSMEMBRANE TRANSPORT%GOBP%GO:0070588		124	-0.2654534	-0.90240884	0.6867257	0.9561477	1.0	2682	tags=19%, list=16%, signal=22%	
NEGATIVE REGULATION OF EPITHELIAL CELL DIFFERENTIATION%GOBP%GO:0030857	NEGATIVE REGULATION OF EPITHELIAL CELL DIFFERENTIATION%GOBP%GO:0030857		18	-0.37942863	-0.90227604	0.61078995	0.9559256	1.0	887	tags=11%, list=5%, signal=12%	
NUCLEOSIDE MONOPHOSPHATE BIOSYNTHETIC PROCESS%GOBP%GO:0009124	NUCLEOSIDE MONOPHOSPHATE BIOSYNTHETIC PROCESS%GOBP%GO:0009124		23	-0.3559845	-0.9018633	0.5945455	0.95654863	1.0	519	tags=9%, list=3%, signal=9%	
NETRIN UNC5B SIGNALING%WIKIPATHWAYS_20250810%WP4747%HOMO SAPIENS	NETRIN UNC5B SIGNALING%WIKIPATHWAYS_20250810%WP4747%HOMO SAPIENS		37	-0.32298884	-0.90063226	0.62598425	0.9594943	1.0	2234	tags=22%, list=14%, signal=25%	
T CELL RECEPTOR SIGNALING PATHWAY%GOBP%GO:0050852	T CELL RECEPTOR SIGNALING PATHWAY%GOBP%GO:0050852		84	-0.28115487	-0.90048945	0.68342644	0.959282	1.0	3114	tags=19%, list=19%, signal=23%	
NF1 COPY NUMBER VARIATION SYNDROME %WIKIPATHWAYS_20250810%WP5366%HOMO SAPIENS	NF1 COPY NUMBER VARIATION SYNDROME %WIKIPATHWAYS_20250810%WP5366%HOMO SAPIENS		65	-0.29487494	-0.9002272	0.6742857	0.9594329	1.0	2412	tags=23%, list=15%, signal=27%	
PEPTIDYL-TYROSINE DEPHOSPHORYLATION%GOBP%GO:0035335	PEPTIDYL-TYROSINE DEPHOSPHORYLATION%GOBP%GO:0035335		17	-0.38043633	-0.8997816	0.61328125	0.960091	1.0	1297	tags=24%, list=8%, signal=26%	
TRANSPORT ALONG MICROTUBULE%GOBP%GO:0010970	TRANSPORT ALONG MICROTUBULE%GOBP%GO:0010970		132	-0.26430863	-0.8997069	0.71143377	0.95970875	1.0	2312	tags=23%, list=14%, signal=26%	
NEGATIVE REGULATION OF EXTRINSIC APOPTOTIC SIGNALING PATHWAY%GOBP%GO:2001237	NEGATIVE REGULATION OF EXTRINSIC APOPTOTIC SIGNALING PATHWAY%GOBP%GO:2001237		60	-0.29362193	-0.89960545	0.6478343	0.9593711	1.0	2061	tags=17%, list=13%, signal=19%	
COAGULATION%GOBP%GO:0050817	COAGULATION%GOBP%GO:0050817		97	-0.27557936	-0.89943504	0.6691042	0.95922655	1.0	2052	tags=13%, list=13%, signal=15%	
ENDOPLASMIC RETICULUM TO GOLGI VESICLE-MEDIATED TRANSPORT%GOBP%GO:0006888	ENDOPLASMIC RETICULUM TO GOLGI VESICLE-MEDIATED TRANSPORT%GOBP%GO:0006888		99	-0.27513164	-0.89737785	0.6970803	0.96460813	1.0	1151	tags=12%, list=7%, signal=13%	
DETECTION OF LIGHT STIMULUS%GOBP%GO:0009583	DETECTION OF LIGHT STIMULUS%GOBP%GO:0009583		20	-0.37062502	-0.8972701	0.5966229	0.96430045	1.0	2682	tags=20%, list=16%, signal=24%	
SEMI-LUNAR VALVE DEVELOPMENT%GOBP%GO:1905314	SEMI-LUNAR VALVE DEVELOPMENT%GOBP%GO:1905314		43	-0.30981338	-0.89722395	0.64272213	0.9638142	1.0	2542	tags=19%, list=15%, signal=22%	
REGULATION OF MYELOID CELL DIFFERENTIATION%GOBP%GO:0045637	REGULATION OF MYELOID CELL DIFFERENTIATION%GOBP%GO:0045637		127	-0.2650453	-0.89713216	0.7116105	0.96344644	1.0	1946	tags=13%, list=12%, signal=15%	
HATS ACETYLATE HISTONES%REACTOME%R-HSA-3214847.3	HATS ACETYLATE HISTONES%REACTOME%R-HSA-3214847.3		88	-0.27796054	-0.89711773	0.6703499	0.9628828	1.0	1828	tags=17%, list=11%, signal=19%	
REGULATION OF CATION CHANNEL ACTIVITY%GOBP%GO:2001257	REGULATION OF CATION CHANNEL ACTIVITY%GOBP%GO:2001257		26	-0.34399027	-0.8970337	0.6421663	0.9625206	1.0	1648	tags=19%, list=10%, signal=21%	
PHOSPHATIDYLINOSITOL 3-KINASE/PROTEIN KINASE B SIGNAL TRANSDUCTION%GOBP%GO:0043491	PHOSPHATIDYLINOSITOL 3-KINASE/PROTEIN KINASE B SIGNAL TRANSDUCTION%GOBP%GO:0043491		38	-0.3192859	-0.8966366	0.62830186	0.96305597	1.0	2656	tags=18%, list=16%, signal=22%	
IL1 AND MEGAKARYOCYTES IN OBESITY%WIKIPATHWAYS_20250810%WP2865%HOMO SAPIENS	IL1 AND MEGAKARYOCYTES IN OBESITY%WIKIPATHWAYS_20250810%WP2865%HOMO SAPIENS		17	-0.38600156	-0.89643264	0.64056224	0.9630187	1.0	901	tags=12%, list=5%, signal=12%	
TOLL LIKE RECEPTOR 9 (TLR9) CASCADE%REACTOME DATABASE ID RELEASE 93%168138	TOLL LIKE RECEPTOR 9 (TLR9) CASCADE%REACTOME DATABASE ID RELEASE 93%168138		100	-0.2697215	-0.89638376	0.6765217	0.9625544	1.0	2047	tags=16%, list=12%, signal=18%	
MESENCHYME DEVELOPMENT%GOBP%GO:0060485	MESENCHYME DEVELOPMENT%GOBP%GO:0060485		138	-0.2628974	-0.8959206	0.73840445	0.9632531	1.0	2061	tags=12%, list=13%, signal=14%	
NONCANONICAL WNT SIGNALING PATHWAY%PATHWAY INTERACTION DATABASE NCI-NATURE CURATED DATA%NONCANONICAL WNT SIGNALING PATHWAY	NONCANONICAL WNT SIGNALING PATHWAY%PATHWAY INTERACTION DATABASE NCI-NATURE CURATED DATA%NONCANONICAL WNT SIGNALING PATHWAY		32	-0.3309102	-0.89589435	0.61988306	0.96271217	1.0	2942	tags=28%, list=18%, signal=34%	
REGULATION OF CARDIAC MUSCLE TISSUE GROWTH%GOBP%GO:0055021	REGULATION OF CARDIAC MUSCLE TISSUE GROWTH%GOBP%GO:0055021		21	-0.36374018	-0.8953223	0.6044625	0.9637302	1.0	5723	tags=48%, list=35%, signal=73%	
NEGATIVE REGULATION OF PROTEIN PHOSPHORYLATION%GOBP%GO:0001933	NEGATIVE REGULATION OF PROTEIN PHOSPHORYLATION%GOBP%GO:0001933		91	-0.2773349	-0.8951936	0.680776	0.9634828	1.0	2907	tags=24%, list=18%, signal=29%	
NEGATIVE REGULATION OF PEPTIDYL-TYROSINE PHOSPHORYLATION%GOBP%GO:0050732	NEGATIVE REGULATION OF PEPTIDYL-TYROSINE PHOSPHORYLATION%GOBP%GO:0050732		17	-0.38217345	-0.8950239	0.62	0.9633423	1.0	1135	tags=12%, list=7%, signal=13%	
NF-KB SIGNALING PATHWAY%PATHWHIZ%PW064818	NF-KB SIGNALING PATHWAY%PATHWHIZ%PW064818		23	-0.35188994	-0.8942334	0.63529414	0.96502495	1.0	975	tags=13%, list=6%, signal=14%	
RESPONSE TO STEROID HORMONE%GOBP%GO:0048545	RESPONSE TO STEROID HORMONE%GOBP%GO:0048545		91	-0.27347007	-0.8941023	0.7075472	0.9647677	1.0	3041	tags=22%, list=19%, signal=27%	
VENTRICULAR SEPTUM DEVELOPMENT%GOBP%GO:0003281	VENTRICULAR SEPTUM DEVELOPMENT%GOBP%GO:0003281		38	-0.3223916	-0.8940663	0.62906307	0.9642701	1.0	3347	tags=21%, list=20%, signal=26%	
BIOCARTA_IGF1MTOR_PATHWAY%MSIGDB_C2%BIOCARTA_IGF1MTOR_PATHWAY	BIOCARTA_IGF1MTOR_PATHWAY%MSIGDB_C2%BIOCARTA_IGF1MTOR_PATHWAY		17	-0.3756072	-0.89399874	0.5995976	0.9638619	1.0	593	tags=18%, list=4%, signal=18%	
FC EPSILON RECEPTOR (FCERI) SIGNALING%REACTOME%R-HSA-2454202.5	FC EPSILON RECEPTOR (FCERI) SIGNALING%REACTOME%R-HSA-2454202.5		108	-0.2686295	-0.8933257	0.7124774	0.96517557	1.0	2433	tags=19%, list=15%, signal=23%	
ALPHA6BETA4INTEGRIN%NETPATH%ALPHA6BETA4INTEGRIN	ALPHA6BETA4INTEGRIN%NETPATH%ALPHA6BETA4INTEGRIN		52	-0.30525836	-0.8929126	0.64204544	0.96573913	1.0	1188	tags=13%, list=7%, signal=14%	
CITRIC ACID CYCLE%SMPDB%SMP0000057	CITRIC ACID CYCLE%SMPDB%SMP0000057		19	-0.36354083	-0.8924364	0.5991984	0.9664859	1.0	2443	tags=21%, list=15%, signal=25%	
POSITIVE REGULATION OF SYNAPTIC TRANSMISSION, GLUTAMATERGIC%GOBP%GO:0051968	POSITIVE REGULATION OF SYNAPTIC TRANSMISSION, GLUTAMATERGIC%GOBP%GO:0051968		19	-0.37096855	-0.8923107	0.6132597	0.9662443	1.0	3459	tags=21%, list=21%, signal=27%	
EGF EGFR SIGNALING%WIKIPATHWAYS_20250810%WP437%HOMO SAPIENS	EGF EGFR SIGNALING%WIKIPATHWAYS_20250810%WP437%HOMO SAPIENS		115	-0.2658115	-0.8920774	0.7254902	0.9663155	1.0	2666	tags=24%, list=16%, signal=29%	
B CELL ACTIVATION INVOLVED IN IMMUNE RESPONSE%GOBP%GO:0002312	B CELL ACTIVATION INVOLVED IN IMMUNE RESPONSE%GOBP%GO:0002312		25	-0.34761116	-0.8920211	0.6291262	0.96585727	1.0	3906	tags=40%, list=24%, signal=52%	
THE ONCOGENIC ACTION OF 2-HYDROXYGLUTARATE%SMPDB%SMP0002291	THE ONCOGENIC ACTION OF 2-HYDROXYGLUTARATE%SMPDB%SMP0002291		21	-0.35574487	-0.89194155	0.6272545	0.9654823	1.0	2443	tags=19%, list=15%, signal=22%	
CELLULAR RESPONSE TO OSMOTIC STRESS%GOBP%GO:0071470	CELLULAR RESPONSE TO OSMOTIC STRESS%GOBP%GO:0071470		32	-0.33213052	-0.8918604	0.62955856	0.96509194	1.0	2560	tags=22%, list=16%, signal=26%	
BRANCHED-CHAIN AMINO ACID CATABOLIC PROCESS%GOBP%GO:0009083	BRANCHED-CHAIN AMINO ACID CATABOLIC PROCESS%GOBP%GO:0009083		19	-0.36493662	-0.89180094	0.62103176	0.9646582	1.0	3495	tags=37%, list=21%, signal=47%	
HEMOSTASIS%GOBP%GO:0007599	HEMOSTASIS%GOBP%GO:0007599		100	-0.26769593	-0.89176404	0.70955884	0.9641613	1.0	2052	tags=13%, list=13%, signal=15%	
PID_AURORA_B_PATHWAY%MSIGDB_C2%PID_AURORA_B_PATHWAY	PID_AURORA_B_PATHWAY%MSIGDB_C2%PID_AURORA_B_PATHWAY		21	-0.3568401	-0.89168036	0.63600785	0.963806	1.0	1405	tags=19%, list=9%, signal=21%	
PKMTS METHYLATE HISTONE LYSINES%REACTOME DATABASE ID RELEASE 93%3214841	PKMTS METHYLATE HISTONE LYSINES%REACTOME DATABASE ID RELEASE 93%3214841		42	-0.3128175	-0.8907765	0.6524954	0.9657916	1.0	2143	tags=26%, list=13%, signal=30%	
MARKERS OF KIDNEY CELL LINEAGE%WIKIPATHWAYS_20250810%WP5236%HOMO SAPIENS	MARKERS OF KIDNEY CELL LINEAGE%WIKIPATHWAYS_20250810%WP5236%HOMO SAPIENS		34	-0.32076436	-0.8904309	0.63705105	0.9661467	1.0	3880	tags=32%, list=24%, signal=42%	
BMAL1:CLOCK,NPAS2 ACTIVATES CIRCADIAN EXPRESSION%REACTOME%R-HSA-1368108.8	BMAL1:CLOCK,NPAS2 ACTIVATES CIRCADIAN EXPRESSION%REACTOME%R-HSA-1368108.8		25	-0.34690964	-0.8891976	0.6194175	0.96901596	1.0	1278	tags=16%, list=8%, signal=17%	
ATM SIGNALING%WIKIPATHWAYS_20250810%WP2516%HOMO SAPIENS	ATM SIGNALING%WIKIPATHWAYS_20250810%WP2516%HOMO SAPIENS		29	-0.3420406	-0.88911754	0.63076925	0.96864116	1.0	2692	tags=28%, list=16%, signal=33%	
EMBRYONIC STEM CELL PLURIPOTENCY PATHWAYS%WIKIPATHWAYS_20250810%WP3931%HOMO SAPIENS	EMBRYONIC STEM CELL PLURIPOTENCY PATHWAYS%WIKIPATHWAYS_20250810%WP3931%HOMO SAPIENS		73	-0.2835869	-0.8890343	0.674812	0.9682656	1.0	3116	tags=27%, list=19%, signal=34%	
CELLULAR RESPONSE TO LAMINAR FLUID SHEAR STRESS%GOBP%GO:0071499	CELLULAR RESPONSE TO LAMINAR FLUID SHEAR STRESS%GOBP%GO:0071499		26	-0.34704134	-0.88902146	0.62969923	0.96770483	1.0	219	tags=8%, list=1%, signal=8%	
DNA-TEMPLATED TRANSCRIPTION INITIATION%GOBP%GO:0006352	DNA-TEMPLATED TRANSCRIPTION INITIATION%GOBP%GO:0006352		152	-0.25931838	-0.8888785	0.7388193	0.96749103	1.0	1732	tags=15%, list=11%, signal=17%	
REGULATION OF STEM CELL POPULATION MAINTENANCE%GOBP%GO:2000036	REGULATION OF STEM CELL POPULATION MAINTENANCE%GOBP%GO:2000036		55	-0.29782882	-0.8886451	0.67843866	0.9675478	1.0	2781	tags=27%, list=17%, signal=33%	
SIGNALING MEDIATED BY P38-ALPHA AND P38-BETA%PATHWAY INTERACTION DATABASE NCI-NATURE CURATED DATA%SIGNALING MEDIATED BY P38-ALPHA AND P38-BETA	SIGNALING MEDIATED BY P38-ALPHA AND P38-BETA%PATHWAY INTERACTION DATABASE NCI-NATURE CURATED DATA%SIGNALING MEDIATED BY P38-ALPHA AND P38-BETA		34	-0.3240523	-0.88864315	0.6463654	0.96695334	1.0	577	tags=12%, list=4%, signal=12%	
RNA SURVEILLANCE%GOBP%GO:0071025	RNA SURVEILLANCE%GOBP%GO:0071025		36	-0.31606206	-0.88864154	0.6567164	0.96635747	1.0	2355	tags=25%, list=14%, signal=29%	
CELLULAR RESPONSE TO PEPTIDE HORMONE STIMULUS%GOBP%GO:0071375	CELLULAR RESPONSE TO PEPTIDE HORMONE STIMULUS%GOBP%GO:0071375		144	-0.25713468	-0.88818127	0.7748691	0.96708727	1.0	1793	tags=13%, list=11%, signal=15%	
DOWNSTREAM TCR SIGNALING%REACTOME%R-HSA-202424.6	DOWNSTREAM TCR SIGNALING%REACTOME%R-HSA-202424.6		78	-0.28240162	-0.8878714	0.704918	0.9673504	1.0	1179	tags=13%, list=7%, signal=14%	
CELL DIVISION%GOBP%GO:0051301	CELL DIVISION%GOBP%GO:0051301		142	-0.25807163	-0.88762623	0.7452007	0.9674309	1.0	2429	tags=21%, list=15%, signal=25%	
SULFUR COMPOUND CATABOLIC PROCESS%GOBP%GO:0044273	SULFUR COMPOUND CATABOLIC PROCESS%GOBP%GO:0044273		22	-0.34931368	-0.8874823	0.6312741	0.96725875	1.0	868	tags=9%, list=5%, signal=10%	
CO-INHIBITION BY CTLA4%REACTOME DATABASE ID RELEASE 93%389513	CO-INHIBITION BY CTLA4%REACTOME DATABASE ID RELEASE 93%389513		19	-0.3676029	-0.8874097	0.62674654	0.9668613	1.0	2979	tags=32%, list=18%, signal=39%	
RESPONSE TO TRANSFORMING GROWTH FACTOR BETA%GOBP%GO:0071559	RESPONSE TO TRANSFORMING GROWTH FACTOR BETA%GOBP%GO:0071559		86	-0.27507147	-0.887281	0.69669116	0.96661603	1.0	3608	tags=22%, list=22%, signal=28%	
MYOBLAST DIFFERENTIATION%GOBP%GO:0045445	MYOBLAST DIFFERENTIATION%GOBP%GO:0045445		19	-0.3712975	-0.88682145	0.6130346	0.9673146	1.0	2542	tags=26%, list=15%, signal=31%	
LAMININ INTERACTIONS%REACTOME DATABASE ID RELEASE 93%3000157	LAMININ INTERACTIONS%REACTOME DATABASE ID RELEASE 93%3000157		23	-0.34781596	-0.88665575	0.61420345	0.9671993	1.0	2329	tags=26%, list=14%, signal=30%	
ESTROGEN-DEPENDENT GENE EXPRESSION%REACTOME%R-HSA-9018519.3	ESTROGEN-DEPENDENT GENE EXPRESSION%REACTOME%R-HSA-9018519.3		99	-0.2690147	-0.88623685	0.717803	0.9677751	1.0	1585	tags=13%, list=10%, signal=14%	
THYROID HORMONES PRODUCTION AND PERIPHERAL DOWNSTREAM SIGNALING EFFECTS%WIKIPATHWAYS_20250810%WP4746%HOMO SAPIENS	THYROID HORMONES PRODUCTION AND PERIPHERAL DOWNSTREAM SIGNALING EFFECTS%WIKIPATHWAYS_20250810%WP4746%HOMO SAPIENS		65	-0.29176074	-0.8860445	0.6599634	0.9677273	1.0	2002	tags=20%, list=12%, signal=23%	
RETINA HOMEOSTASIS%GOBP%GO:0001895	RETINA HOMEOSTASIS%GOBP%GO:0001895		30	-0.33237892	-0.885885	0.6340509	0.96758044	1.0	2279	tags=17%, list=14%, signal=19%	
TOLL LIKE RECEPTOR SIGNALING%WIKIPATHWAYS_20250810%WP75%HOMO SAPIENS	TOLL LIKE RECEPTOR SIGNALING%WIKIPATHWAYS_20250810%WP75%HOMO SAPIENS		59	-0.29233143	-0.88512814	0.70055455	0.9691222	1.0	975	tags=12%, list=6%, signal=13%	
TRAF6 MEDIATED NF-KB ACTIVATION%REACTOME%R-HSA-933542.3	TRAF6 MEDIATED NF-KB ACTIVATION%REACTOME%R-HSA-933542.3		22	-0.34909508	-0.88508606	0.6315789	0.96863014	1.0	1477	tags=23%, list=9%, signal=25%	
INTRACELLULAR PROTEIN TRANSMEMBRANE TRANSPORT%GOBP%GO:0065002	INTRACELLULAR PROTEIN TRANSMEMBRANE TRANSPORT%GOBP%GO:0065002		24	-0.34562698	-0.88481253	0.6279492	0.9687913	1.0	1840	tags=29%, list=11%, signal=33%	
SIGNALING BY ALK%REACTOME%R-HSA-201556.5	SIGNALING BY ALK%REACTOME%R-HSA-201556.5		25	-0.3494986	-0.8846146	0.61478597	0.9687542	1.0	379	tags=8%, list=2%, signal=8%	
FOLIC ACID-CONTAINING COMPOUND METABOLIC PROCESS%GOBP%GO:0006760	FOLIC ACID-CONTAINING COMPOUND METABOLIC PROCESS%GOBP%GO:0006760		20	-0.36569393	-0.88460404	0.62027836	0.96818566	1.0	2909	tags=25%, list=18%, signal=30%	
TRANSCRIPTION INITIATION-COUPLED CHROMATIN REMODELING%GOBP%GO:0045815	TRANSCRIPTION INITIATION-COUPLED CHROMATIN REMODELING%GOBP%GO:0045815		47	-0.30216557	-0.88458043	0.66732675	0.96766335	1.0	1719	tags=19%, list=10%, signal=21%	
G1 S-SPECIFIC TRANSCRIPTION%REACTOME%R-HSA-69205.5	G1 S-SPECIFIC TRANSCRIPTION%REACTOME%R-HSA-69205.5		26	-0.34027305	-0.88450557	0.6447368	0.96729434	1.0	1022	tags=12%, list=6%, signal=12%	
TRK RECEPTOR SIGNALING MEDIATED BY PI3K AND PLC-GAMMA%PATHWAY INTERACTION DATABASE NCI-NATURE CURATED DATA%TRK RECEPTOR SIGNALING MEDIATED BY PI3K AND PLC-GAMMA	TRK RECEPTOR SIGNALING MEDIATED BY PI3K AND PLC-GAMMA%PATHWAY INTERACTION DATABASE NCI-NATURE CURATED DATA%TRK RECEPTOR SIGNALING MEDIATED BY PI3K AND PLC-GAMMA		35	-0.31467226	-0.88406223	0.6361829	0.96793413	1.0	2608	tags=26%, list=16%, signal=31%	
TGFBR3 EXPRESSION%REACTOME DATABASE ID RELEASE 93%9839394	TGFBR3 EXPRESSION%REACTOME DATABASE ID RELEASE 93%9839394		21	-0.35644084	-0.88402027	0.625731	0.96745074	1.0	3012	tags=33%, list=18%, signal=41%	
REGULATION OF SPINDLE ASSEMBLY%GOBP%GO:0090169	REGULATION OF SPINDLE ASSEMBLY%GOBP%GO:0090169		26	-0.34163436	-0.8839071	0.6170599	0.9671748	1.0	849	tags=12%, list=5%, signal=12%	
REGULATION OF SIGNALING RECEPTOR ACTIVITY%GOBP%GO:0010469	REGULATION OF SIGNALING RECEPTOR ACTIVITY%GOBP%GO:0010469		24	-0.3505501	-0.8836463	0.6455939	0.9673101	1.0	3525	tags=25%, list=21%, signal=32%	
REGULATION OF RAS PROTEIN SIGNAL TRANSDUCTION%GOBP%GO:0046578	REGULATION OF RAS PROTEIN SIGNAL TRANSDUCTION%GOBP%GO:0046578		32	-0.32759202	-0.8833671	0.6457143	0.9674904	1.0	2349	tags=25%, list=14%, signal=29%	
DNA DAMAGE RESPONSE%WIKIPATHWAYS_20250810%WP707%HOMO SAPIENS	DNA DAMAGE RESPONSE%WIKIPATHWAYS_20250810%WP707%HOMO SAPIENS		56	-0.29177094	-0.8829299	0.6703499	0.96809185	1.0	2542	tags=21%, list=15%, signal=25%	
HIPPOCAMPAL SYNAPTOGENESIS AND NEUROGENESIS%WIKIPATHWAYS_20250810%WP5231%HOMO SAPIENS	HIPPOCAMPAL SYNAPTOGENESIS AND NEUROGENESIS%WIKIPATHWAYS_20250810%WP5231%HOMO SAPIENS		20	-0.3564181	-0.882867	0.63188976	0.9676782	1.0	577	tags=10%, list=4%, signal=10%	
RNA POLYMERASE II PRE-TRANSCRIPTION EVENTS%REACTOME DATABASE ID RELEASE 93%674695	RNA POLYMERASE II PRE-TRANSCRIPTION EVENTS%REACTOME DATABASE ID RELEASE 93%674695		76	-0.2808012	-0.88282907	0.69855595	0.9671901	1.0	1434	tags=16%, list=9%, signal=17%	
DISEASES OF DNA REPAIR%REACTOME%R-HSA-9675135.6	DISEASES OF DNA REPAIR%REACTOME%R-HSA-9675135.6		48	-0.29634908	-0.8827772	0.6622391	0.9667414	1.0	4335	tags=38%, list=26%, signal=51%	
PID_IGF1_PATHWAY%MSIGDB_C2%PID_IGF1_PATHWAY	PID_IGF1_PATHWAY%MSIGDB_C2%PID_IGF1_PATHWAY		21	-0.35471183	-0.8826721	0.6334587	0.9664295	1.0	2189	tags=29%, list=13%, signal=33%	
COVID 19 STRUCTURAL COVERAGE MAP%WIKIPATHWAYS_20250810%WP5145%HOMO SAPIENS	COVID 19 STRUCTURAL COVERAGE MAP%WIKIPATHWAYS_20250810%WP5145%HOMO SAPIENS		18	-0.3684486	-0.8824161	0.6330798	0.96653765	1.0	3468	tags=39%, list=21%, signal=49%	
PROCESSIVE SYNTHESIS ON THE C-STRAND OF THE TELOMERE%REACTOME DATABASE ID RELEASE 93%174414	PROCESSIVE SYNTHESIS ON THE C-STRAND OF THE TELOMERE%REACTOME DATABASE ID RELEASE 93%174414		17	-0.37260887	-0.8820951	0.6482214	0.9667936	1.0	2379	tags=35%, list=14%, signal=41%	
REGULATION OF CDH11 EXPRESSION AND FUNCTION%REACTOME DATABASE ID RELEASE 93%9759475	REGULATION OF CDH11 EXPRESSION AND FUNCTION%REACTOME DATABASE ID RELEASE 93%9759475		24	-0.34331223	-0.8819524	0.6269841	0.9666111	1.0	3125	tags=29%, list=19%, signal=36%	
PYRUVATE DEHYDROGENASE DEFICIENCY (E2)%SMPDB%SMP0000551	PYRUVATE DEHYDROGENASE DEFICIENCY (E2)%SMPDB%SMP0000551		19	-0.36354083	-0.88194084	0.6368932	0.96605825	1.0	2443	tags=21%, list=15%, signal=25%	
FCERI MEDIATED NF-KB ACTIVATION%REACTOME DATABASE ID RELEASE 93%2871837	FCERI MEDIATED NF-KB ACTIVATION%REACTOME DATABASE ID RELEASE 93%2871837		62	-0.28735772	-0.88185346	0.6972318	0.9657171	1.0	1179	tags=15%, list=7%, signal=16%	
NEURAL RETINA DEVELOPMENT%GOBP%GO:0003407	NEURAL RETINA DEVELOPMENT%GOBP%GO:0003407		25	-0.33554542	-0.8815589	0.6314741	0.9659411	1.0	5552	tags=40%, list=34%, signal=60%	
NEGATIVE REGULATION OF T CELL RECEPTOR SIGNALING PATHWAY%GOBP%GO:0050860	NEGATIVE REGULATION OF T CELL RECEPTOR SIGNALING PATHWAY%GOBP%GO:0050860		29	-0.33843932	-0.8811598	0.64132553	0.96643686	1.0	2839	tags=21%, list=17%, signal=25%	
PYRUVATE DEHYDROGENASE DEFICIENCY (E3)%SMPDB%SMP0000550	PYRUVATE DEHYDROGENASE DEFICIENCY (E3)%SMPDB%SMP0000550		19	-0.36354083	-0.88095665	0.61178863	0.9663883	1.0	2443	tags=21%, list=15%, signal=25%	
CITRIC ACID CYCLE (TCA CYCLE)%REACTOME DATABASE ID RELEASE 93%71403	CITRIC ACID CYCLE (TCA CYCLE)%REACTOME DATABASE ID RELEASE 93%71403		28	-0.3271928	-0.88090926	0.64285713	0.9659234	1.0	1677	tags=18%, list=10%, signal=20%	
EXERCISE INDUCED CIRCADIAN REGULATION%WIKIPATHWAYS_20250810%WP410%HOMO SAPIENS	EXERCISE INDUCED CIRCADIAN REGULATION%WIKIPATHWAYS_20250810%WP410%HOMO SAPIENS		30	-0.3281965	-0.8808897	0.6666667	0.9653892	1.0	1950	tags=17%, list=12%, signal=19%	
MAMMALIAN DISORDER OF SEXUAL DEVELOPMENT%WIKIPATHWAYS_20250810%WP4842%HOMO SAPIENS	MAMMALIAN DISORDER OF SEXUAL DEVELOPMENT%WIKIPATHWAYS_20250810%WP4842%HOMO SAPIENS		15	-0.38564488	-0.88052475	0.61584157	0.9657811	1.0	3608	tags=40%, list=22%, signal=51%	
16P11 2 PROXIMAL DELETION SYNDROME%WIKIPATHWAYS_20250810%WP4949%HOMO SAPIENS	16P11 2 PROXIMAL DELETION SYNDROME%WIKIPATHWAYS_20250810%WP4949%HOMO SAPIENS		48	-0.30200976	-0.88049763	0.666055	0.96527743	1.0	2637	tags=29%, list=16%, signal=35%	
INACTIVATION OF APC C VIA DIRECT INHIBITION OF THE APC C COMPLEX%REACTOME DATABASE ID RELEASE 93%141430	INACTIVATION OF APC C VIA DIRECT INHIBITION OF THE APC C COMPLEX%REACTOME DATABASE ID RELEASE 93%141430		19	-0.3645499	-0.88046694	0.62919134	0.9647735	1.0	2567	tags=32%, list=16%, signal=37%	
THE ONCOGENIC ACTION OF D-2-HYDROXYGLUTARATE IN HYDROXYGLUTARIC ACIDURIA%SMPDB%SMP0002359	THE ONCOGENIC ACTION OF D-2-HYDROXYGLUTARATE IN HYDROXYGLUTARIC ACIDURIA%SMPDB%SMP0002359		24	-0.35011235	-0.88039863	0.6518375	0.96436036	1.0	1677	tags=17%, list=10%, signal=19%	
MIRNA REGULATION OF DNA DAMAGE RESPONSE%WIKIPATHWAYS_20250810%WP1530%HOMO SAPIENS	MIRNA REGULATION OF DNA DAMAGE RESPONSE%WIKIPATHWAYS_20250810%WP1530%HOMO SAPIENS		57	-0.2910257	-0.8801939	0.6822612	0.9643417	1.0	2542	tags=21%, list=15%, signal=25%	
REGULATION OF EPITHELIAL TO MESENCHYMAL TRANSITION%GOBP%GO:0010717	REGULATION OF EPITHELIAL TO MESENCHYMAL TRANSITION%GOBP%GO:0010717		82	-0.27517042	-0.8801754	0.6880734	0.96380115	1.0	593	tags=7%, list=4%, signal=8%	
MAINTENANCE OF PROTEIN LOCATION IN CELL%GOBP%GO:0032507	MAINTENANCE OF PROTEIN LOCATION IN CELL%GOBP%GO:0032507		43	-0.30770493	-0.8798733	0.68598133	0.9640676	1.0	2766	tags=21%, list=17%, signal=25%	
MET ACTIVATES PTK2 SIGNALING%REACTOME DATABASE ID RELEASE 93%8874081	MET ACTIVATES PTK2 SIGNALING%REACTOME DATABASE ID RELEASE 93%8874081		18	-0.37391573	-0.8797836	0.63380283	0.9637314	1.0	2329	tags=22%, list=14%, signal=26%	
NEGATIVE EPIGENETIC REGULATION OF RRNA EXPRESSION%REACTOME%R-HSA-5250941.4	NEGATIVE EPIGENETIC REGULATION OF RRNA EXPRESSION%REACTOME%R-HSA-5250941.4		59	-0.29186782	-0.8794969	0.7151277	0.96390015	1.0	1727	tags=14%, list=11%, signal=15%	
WNT SIGNALING PATHWAY%GOBP%GO:0016055	WNT SIGNALING PATHWAY%GOBP%GO:0016055		89	-0.2712712	-0.87933236	0.715342	0.9637586	1.0	1449	tags=10%, list=9%, signal=11%	
REGULATION OF PROTEIN KINASE ACTIVITY%GOBP%GO:0045859	REGULATION OF PROTEIN KINASE ACTIVITY%GOBP%GO:0045859		186	-0.24765804	-0.8792169	0.8062284	0.9634832	1.0	2368	tags=16%, list=14%, signal=18%	
BIOCARTA_NTHI_PATHWAY%MSIGDB_C2%BIOCARTA_NTHI_PATHWAY	BIOCARTA_NTHI_PATHWAY%MSIGDB_C2%BIOCARTA_NTHI_PATHWAY		20	-0.35836074	-0.8791393	0.6395349	0.9631161	1.0	3350	tags=35%, list=20%, signal=44%	
SYNAPSE ORGANIZATION%GOBP%GO:0050808	SYNAPSE ORGANIZATION%GOBP%GO:0050808		181	-0.24816601	-0.8790878	0.79491526	0.96267307	1.0	4366	tags=30%, list=27%, signal=40%	
MAINTENANCE OF PROTEIN LOCATION%GOBP%GO:0045185	MAINTENANCE OF PROTEIN LOCATION%GOBP%GO:0045185		48	-0.29934096	-0.8790821	0.67324954	0.9621052	1.0	2440	tags=19%, list=15%, signal=22%	
APPENDAGE MORPHOGENESIS%GOBP%GO:0035107	APPENDAGE MORPHOGENESIS%GOBP%GO:0035107		37	-0.31632814	-0.87907517	0.6547619	0.9615475	1.0	3704	tags=30%, list=23%, signal=38%	
POSITIVE REGULATION OF CELL MORPHOGENESIS%GOBP%GO:0010770	POSITIVE REGULATION OF CELL MORPHOGENESIS%GOBP%GO:0010770		17	-0.37845108	-0.8789667	0.61569417	0.9612656	1.0	1687	tags=24%, list=10%, signal=26%	
CONGENITAL LACTIC ACIDOSIS%PATHWHIZ%PW000522	CONGENITAL LACTIC ACIDOSIS%PATHWHIZ%PW000522		19	-0.36354083	-0.8789199	0.62955856	0.96081823	1.0	2443	tags=21%, list=15%, signal=25%	
VENTRICULAR SEPTUM MORPHOGENESIS%GOBP%GO:0060412	VENTRICULAR SEPTUM MORPHOGENESIS%GOBP%GO:0060412		28	-0.3332748	-0.87864095	0.65656567	0.9609983	1.0	4870	tags=39%, list=30%, signal=56%	
MAPK TARGETS  NUCLEAR EVENTS MEDIATED BY MAP KINASES%REACTOME DATABASE ID RELEASE 93%450282	MAPK TARGETS  NUCLEAR EVENTS MEDIATED BY MAP KINASES%REACTOME DATABASE ID RELEASE 93%450282		28	-0.33740893	-0.877991	0.6666667	0.96220225	1.0	641	tags=11%, list=4%, signal=11%	
MORPHOGENESIS OF AN EPITHELIAL SHEET%GOBP%GO:0002011	MORPHOGENESIS OF AN EPITHELIAL SHEET%GOBP%GO:0002011		32	-0.32528287	-0.8775365	0.65613383	0.96287405	1.0	54	tags=6%, list=0%, signal=6%	
PHAGOCYTOSIS%GOBP%GO:0006909	PHAGOCYTOSIS%GOBP%GO:0006909		98	-0.26492032	-0.8772511	0.7371324	0.96310484	1.0	722	tags=4%, list=4%, signal=4%	
REGULATION OF LYMPHOCYTE MEDIATED IMMUNITY%GOBP%GO:0002706	REGULATION OF LYMPHOCYTE MEDIATED IMMUNITY%GOBP%GO:0002706		106	-0.26497406	-0.8771407	0.75614035	0.9628385	1.0	2165	tags=13%, list=13%, signal=15%	
CARDIAC PROGENITOR DIFFERENTIATION%WIKIPATHWAYS_20250810%WP2406%HOMO SAPIENS	CARDIAC PROGENITOR DIFFERENTIATION%WIKIPATHWAYS_20250810%WP2406%HOMO SAPIENS		28	-0.33229145	-0.8769875	0.66221374	0.96267724	1.0	577	tags=7%, list=4%, signal=7%	
BIOCARTA_MTOR_PATHWAY%MSIGDB_C2%BIOCARTA_MTOR_PATHWAY	BIOCARTA_MTOR_PATHWAY%MSIGDB_C2%BIOCARTA_MTOR_PATHWAY		15	-0.38095614	-0.87688583	0.6372549	0.9623672	1.0	2663	tags=40%, list=16%, signal=48%	
REGULATORY NCRNA PROCESSING%GOBP%GO:0070918	REGULATORY NCRNA PROCESSING%GOBP%GO:0070918		47	-0.29775217	-0.8767339	0.6510319	0.9622192	1.0	2725	tags=23%, list=17%, signal=28%	
NUCLEAR-TRANSCRIBED MRNA CATABOLIC PROCESS, NONSENSE-MEDIATED DECAY%GOBP%GO:0000184	NUCLEAR-TRANSCRIBED MRNA CATABOLIC PROCESS, NONSENSE-MEDIATED DECAY%GOBP%GO:0000184		27	-0.33577138	-0.8758346	0.64748204	0.96408665	1.0	1638	tags=22%, list=10%, signal=25%	
ALPHA4 BETA1 INTEGRIN SIGNALING EVENTS%PATHWAY INTERACTION DATABASE NCI-NATURE CURATED DATA%ALPHA4 BETA1 INTEGRIN SIGNALING EVENTS	ALPHA4 BETA1 INTEGRIN SIGNALING EVENTS%PATHWAY INTERACTION DATABASE NCI-NATURE CURATED DATA%ALPHA4 BETA1 INTEGRIN SIGNALING EVENTS		32	-0.31801602	-0.87574905	0.65613383	0.96374196	1.0	1568	tags=19%, list=10%, signal=21%	
PHOSPHORYLATED BMAL1:CLOCK (ARNTL:CLOCK) ACTIVATES EXPRESSION OF CORE CLOCK GENES%REACTOME DATABASE ID RELEASE 93%9931510	PHOSPHORYLATED BMAL1:CLOCK (ARNTL:CLOCK) ACTIVATES EXPRESSION OF CORE CLOCK GENES%REACTOME DATABASE ID RELEASE 93%9931510		17	-0.365584	-0.8755203	0.6315789	0.96378297	1.0	3501	tags=53%, list=21%, signal=67%	
POSTMITOTIC NUCLEAR PORE COMPLEX (NPC) REFORMATION%REACTOME DATABASE ID RELEASE 93%9615933	POSTMITOTIC NUCLEAR PORE COMPLEX (NPC) REFORMATION%REACTOME DATABASE ID RELEASE 93%9615933		23	-0.34874058	-0.8750764	0.6455939	0.9643892	1.0	2235	tags=22%, list=14%, signal=25%	
PDGFR-ALPHA SIGNALING PATHWAY%PATHWAY INTERACTION DATABASE NCI-NATURE CURATED DATA%PDGFR-ALPHA SIGNALING PATHWAY	PDGFR-ALPHA SIGNALING PATHWAY%PATHWAY INTERACTION DATABASE NCI-NATURE CURATED DATA%PDGFR-ALPHA SIGNALING PATHWAY		19	-0.36354217	-0.87400746	0.6524272	0.9666983	1.0	2666	tags=26%, list=16%, signal=31%	
HEAD AND NECK SQUAMOUS CELL CARCINOMA%WIKIPATHWAYS_20250810%WP4674%HOMO SAPIENS	HEAD AND NECK SQUAMOUS CELL CARCINOMA%WIKIPATHWAYS_20250810%WP4674%HOMO SAPIENS		61	-0.28963757	-0.87388694	0.71057194	0.96643984	1.0	3116	tags=30%, list=19%, signal=36%	
2-KETOGLUTARATE DEHYDROGENASE COMPLEX DEFICIENCY%PATHWHIZ%PW000525	2-KETOGLUTARATE DEHYDROGENASE COMPLEX DEFICIENCY%PATHWHIZ%PW000525		19	-0.36354083	-0.873834	0.6229839	0.9659898	1.0	2443	tags=21%, list=15%, signal=25%	
POSITIVE REGULATION OF TRANSCRIPTION INITIATION BY RNA POLYMERASE II%GOBP%GO:0060261	POSITIVE REGULATION OF TRANSCRIPTION INITIATION BY RNA POLYMERASE II%GOBP%GO:0060261		49	-0.28926933	-0.8737358	0.6849315	0.9656769	1.0	2165	tags=22%, list=13%, signal=26%	
INHIBITION OF THE PROTEOLYTIC ACTIVITY OF APC C REQUIRED FOR THE ONSET OF ANAPHASE BY MITOTIC SPINDLE CHECKPOINT COMPONENTS%REACTOME%R-HSA-141405.6	INHIBITION OF THE PROTEOLYTIC ACTIVITY OF APC C REQUIRED FOR THE ONSET OF ANAPHASE BY MITOTIC SPINDLE CHECKPOINT COMPONENTS%REACTOME%R-HSA-141405.6		19	-0.3645499	-0.87372535	0.65208745	0.9651338	1.0	2567	tags=32%, list=16%, signal=37%	
DNA REPLICATION%REACTOME%R-HSA-69306.9	DNA REPLICATION%REACTOME%R-HSA-69306.9		125	-0.26060334	-0.8736327	0.7332156	0.9648024	1.0	2567	tags=19%, list=16%, signal=23%	
GERM CELL DEVELOPMENT%GOBP%GO:0007281	GERM CELL DEVELOPMENT%GOBP%GO:0007281		154	-0.24975115	-0.8733024	0.78965515	0.96512324	1.0	4361	tags=33%, list=27%, signal=45%	
CYCLIN A B1 B2 ASSOCIATED EVENTS DURING G2 M TRANSITION%REACTOME%R-HSA-69273.10	CYCLIN A B1 B2 ASSOCIATED EVENTS DURING G2 M TRANSITION%REACTOME%R-HSA-69273.10		29	-0.3325425	-0.87318844	0.6439689	0.9648739	1.0	1551	tags=14%, list=9%, signal=15%	
HISTONE MODIFICATIONS%WIKIPATHWAYS_20250810%WP2369%HOMO SAPIENS	HISTONE MODIFICATIONS%WIKIPATHWAYS_20250810%WP2369%HOMO SAPIENS		34	-0.32060453	-0.8727706	0.6533333	0.96541196	1.0	3588	tags=44%, list=22%, signal=56%	
LIMB MORPHOGENESIS%GOBP%GO:0035108	LIMB MORPHOGENESIS%GOBP%GO:0035108		37	-0.31632814	-0.8725837	0.6967985	0.96534497	1.0	3704	tags=30%, list=23%, signal=38%	
NEGATIVE REGULATION OF TYPE I INTERFERON PRODUCTION%GOBP%GO:0032480	NEGATIVE REGULATION OF TYPE I INTERFERON PRODUCTION%GOBP%GO:0032480		40	-0.30699056	-0.87164676	0.6801406	0.9672386	1.0	2404	tags=30%, list=15%, signal=35%	
REGULATION OF HEMATOPOIETIC PROGENITOR CELL DIFFERENTIATION%GOBP%GO:1901532	REGULATION OF HEMATOPOIETIC PROGENITOR CELL DIFFERENTIATION%GOBP%GO:1901532		25	-0.33924207	-0.87152857	0.6576923	0.9669759	1.0	2230	tags=20%, list=14%, signal=23%	
CELL FATE COMMITMENT%GOBP%GO:0045165	CELL FATE COMMITMENT%GOBP%GO:0045165		92	-0.2664216	-0.87152	0.72759855	0.96642643	1.0	3116	tags=21%, list=19%, signal=25%	
TRANSLESION SYNTHESIS BY Y FAMILY DNA POLYMERASES BYPASSES LESIONS ON DNA TEMPLATE%REACTOME%R-HSA-110313.3	TRANSLESION SYNTHESIS BY Y FAMILY DNA POLYMERASES BYPASSES LESIONS ON DNA TEMPLATE%REACTOME%R-HSA-110313.3		37	-0.31169808	-0.8714473	0.698	0.96603507	1.0	1415	tags=19%, list=9%, signal=21%	
MODIFIED AMINO ACID BIOSYNTHETIC PROCESS%GOBP%GO:0042398	MODIFIED AMINO ACID BIOSYNTHETIC PROCESS%GOBP%GO:0042398		25	-0.3405734	-0.8713817	0.67061144	0.9656432	1.0	488	tags=8%, list=3%, signal=8%	
CELLULAR RESPONSE TO INTERLEUKIN-1%GOBP%GO:0071347	CELLULAR RESPONSE TO INTERLEUKIN-1%GOBP%GO:0071347		51	-0.2959298	-0.8712631	0.6928702	0.9653898	1.0	1227	tags=12%, list=7%, signal=13%	
ADIPOGENESIS%REACTOME%R-HSA-9843745.1	ADIPOGENESIS%REACTOME%R-HSA-9843745.1		100	-0.2616792	-0.8710734	0.7640232	0.96531844	1.0	1777	tags=14%, list=11%, signal=16%	
PROTEIN METHYLATION%REACTOME DATABASE ID RELEASE 93%8876725	PROTEIN METHYLATION%REACTOME DATABASE ID RELEASE 93%8876725		16	-0.37585768	-0.8709857	0.6673428	0.9649873	1.0	2738	tags=38%, list=17%, signal=45%	
POSITIVE REGULATION OF RECEPTOR SIGNALING PATHWAY VIA JAK-STAT%GOBP%GO:0046427	POSITIVE REGULATION OF RECEPTOR SIGNALING PATHWAY VIA JAK-STAT%GOBP%GO:0046427		26	-0.34371847	-0.87095153	0.6728972	0.9645123	1.0	4438	tags=50%, list=27%, signal=68%	
ERK MAPK TARGETS%REACTOME DATABASE ID RELEASE 93%198753	ERK MAPK TARGETS%REACTOME DATABASE ID RELEASE 93%198753		20	-0.34661424	-0.8700033	0.6369048	0.96645737	1.0	577	tags=10%, list=4%, signal=10%	
POSITIVE REGULATION OF TRANSMEMBRANE TRANSPORT%GOBP%GO:0034764	POSITIVE REGULATION OF TRANSMEMBRANE TRANSPORT%GOBP%GO:0034764		105	-0.26732516	-0.86979616	0.75666666	0.96646225	1.0	2846	tags=18%, list=17%, signal=22%	
NOTCH SIGNALING PATHWAY%PATHWAY INTERACTION DATABASE NCI-NATURE CURATED DATA%NOTCH SIGNALING PATHWAY	NOTCH SIGNALING PATHWAY%PATHWAY INTERACTION DATABASE NCI-NATURE CURATED DATA%NOTCH SIGNALING PATHWAY		51	-0.29815218	-0.86977684	0.69606006	0.96595734	1.0	2450	tags=22%, list=15%, signal=25%	
RESPONSE TO INTERLEUKIN-6%GOBP%GO:0070741	RESPONSE TO INTERLEUKIN-6%GOBP%GO:0070741		23	-0.3448817	-0.869706	0.66534656	0.9655907	1.0	3500	tags=43%, list=21%, signal=55%	
TRAIL SIGNALING PATHWAY%PATHWAY INTERACTION DATABASE NCI-NATURE CURATED DATA%TRAIL SIGNALING PATHWAY	TRAIL SIGNALING PATHWAY%PATHWAY INTERACTION DATABASE NCI-NATURE CURATED DATA%TRAIL SIGNALING PATHWAY		23	-0.35163733	-0.8695785	0.67391306	0.9653676	1.0	2189	tags=22%, list=13%, signal=25%	
PHOSPHATIDYLCHOLINE METABOLIC PROCESS%GOBP%GO:0046470	PHOSPHATIDYLCHOLINE METABOLIC PROCESS%GOBP%GO:0046470		48	-0.29609314	-0.8692145	0.6958175	0.9657481	1.0	315	tags=4%, list=2%, signal=4%	
MITOCHONDRIAL COMPLEX II DEFICIENCY%PATHWHIZ%PW000524	MITOCHONDRIAL COMPLEX II DEFICIENCY%PATHWHIZ%PW000524		19	-0.36354083	-0.8690982	0.6567164	0.9655047	1.0	2443	tags=21%, list=15%, signal=25%	
PID_ERBB1_INTERNALIZATION_PATHWAY%MSIGDB_C2%PID_ERBB1_INTERNALIZATION_PATHWAY	PID_ERBB1_INTERNALIZATION_PATHWAY%MSIGDB_C2%PID_ERBB1_INTERNALIZATION_PATHWAY		32	-0.3227022	-0.86896414	0.66071427	0.9652919	1.0	2189	tags=28%, list=13%, signal=32%	
POSITIVE REGULATION OF TUMOR NECROSIS FACTOR PRODUCTION%GOBP%GO:0032760	POSITIVE REGULATION OF TUMOR NECROSIS FACTOR PRODUCTION%GOBP%GO:0032760		62	-0.28500977	-0.868926	0.71619046	0.96482676	1.0	1494	tags=13%, list=9%, signal=14%	
REGULATION OF NEUROTRANSMITTER TRANSPORT%GOBP%GO:0051588	REGULATION OF NEUROTRANSMITTER TRANSPORT%GOBP%GO:0051588		54	-0.29116935	-0.8687121	0.70912546	0.9648331	1.0	3315	tags=24%, list=20%, signal=30%	
NEGATIVE REGULATION OF PROTEIN UBIQUITINATION%GOBP%GO:0031397	NEGATIVE REGULATION OF PROTEIN UBIQUITINATION%GOBP%GO:0031397		58	-0.2851801	-0.8685233	0.71214956	0.9647436	1.0	1950	tags=19%, list=12%, signal=21%	
UROKINASE-TYPE PLASMINOGEN ACTIVATOR (UPA) AND UPAR-MEDIATED SIGNALING%PATHWAY INTERACTION DATABASE NCI-NATURE CURATED DATA%UROKINASE-TYPE PLASMINOGEN ACTIVATOR (UPA) AND UPAR-MEDIATED SIGNALING	UROKINASE-TYPE PLASMINOGEN ACTIVATOR (UPA) AND UPAR-MEDIATED SIGNALING%PATHWAY INTERACTION DATABASE NCI-NATURE CURATED DATA%UROKINASE-TYPE PLASMINOGEN ACTIVATOR (UPA) AND UPAR-MEDIATED SIGNALING		31	-0.32132652	-0.86812806	0.6945996	0.96518666	1.0	1652	tags=13%, list=10%, signal=14%	
OSTEOPONTIN-MEDIATED EVENTS%PATHWAY INTERACTION DATABASE NCI-NATURE CURATED DATA%OSTEOPONTIN-MEDIATED EVENTS	OSTEOPONTIN-MEDIATED EVENTS%PATHWAY INTERACTION DATABASE NCI-NATURE CURATED DATA%OSTEOPONTIN-MEDIATED EVENTS		30	-0.331629	-0.86800456	0.6802218	0.96496874	1.0	2432	tags=30%, list=15%, signal=35%	
GLUTAMATE NEUROTRANSMITTER RELEASE CYCLE%REACTOME DATABASE ID RELEASE 93%210500	GLUTAMATE NEUROTRANSMITTER RELEASE CYCLE%REACTOME DATABASE ID RELEASE 93%210500		17	-0.36683193	-0.86777365	0.6460905	0.964996	1.0	3152	tags=29%, list=19%, signal=36%	
NEGATIVE REGULATION OF TRANSFORMING GROWTH FACTOR BETA RECEPTOR SIGNALING PATHWAY%GOBP%GO:0030512	NEGATIVE REGULATION OF TRANSFORMING GROWTH FACTOR BETA RECEPTOR SIGNALING PATHWAY%GOBP%GO:0030512		75	-0.27786443	-0.86758584	0.7455197	0.9649438	1.0	3427	tags=27%, list=21%, signal=34%	
PID_HNF3B_PATHWAY%MSIGDB_C2%PID_HNF3B_PATHWAY	PID_HNF3B_PATHWAY%MSIGDB_C2%PID_HNF3B_PATHWAY		19	-0.35175022	-0.8673322	0.653484	0.9650388	1.0	2498	tags=26%, list=15%, signal=31%	
POSITIVE REGULATION OF ATP-DEPENDENT ACTIVITY%GOBP%GO:0032781	POSITIVE REGULATION OF ATP-DEPENDENT ACTIVITY%GOBP%GO:0032781		16	-0.37770534	-0.8671268	0.66019416	0.9650186	1.0	3547	tags=38%, list=22%, signal=48%	
ESTABLISHMENT OF SPINDLE LOCALIZATION%GOBP%GO:0051293	ESTABLISHMENT OF SPINDLE LOCALIZATION%GOBP%GO:0051293		47	-0.2947402	-0.8671036	0.7083333	0.9645034	1.0	2294	tags=19%, list=14%, signal=22%	
URETERIC BUD DEVELOPMENT%GOBP%GO:0001657	URETERIC BUD DEVELOPMENT%GOBP%GO:0001657		18	-0.3641461	-0.86708695	0.63600785	0.9639822	1.0	3116	tags=22%, list=19%, signal=27%	
VESICLE DOCKING%GOBP%GO:0048278	VESICLE DOCKING%GOBP%GO:0048278		50	-0.29338783	-0.8664662	0.716946	0.9650421	1.0	2403	tags=22%, list=15%, signal=26%	
NEGATIVE REGULATION OF PROTEOLYSIS%GOBP%GO:0045861	NEGATIVE REGULATION OF PROTEOLYSIS%GOBP%GO:0045861		88	-0.27205664	-0.8662784	0.7348928	0.9649557	1.0	1114	tags=11%, list=7%, signal=12%	
FAS LIGAND PATHWAY AND STRESS INDUCTION OF HEAT SHOCK PROTEINS%WIKIPATHWAYS_20250810%WP314%HOMO SAPIENS	FAS LIGAND PATHWAY AND STRESS INDUCTION OF HEAT SHOCK PROTEINS%WIKIPATHWAYS_20250810%WP314%HOMO SAPIENS		32	-0.32268885	-0.86626446	0.6831683	0.9644342	1.0	3314	tags=25%, list=20%, signal=31%	
IRINOTECAN METABOLISM PATHWAY%SMPDB%SMP0000600	IRINOTECAN METABOLISM PATHWAY%SMPDB%SMP0000600		16	-0.37180713	-0.8652969	0.66923076	0.9663734	1.0	844	tags=19%, list=5%, signal=20%	
DOLICHOL-LINKED OLIGOSACCHARIDE BIOSYNTHETIC PROCESS%GOBP%GO:0006488	DOLICHOL-LINKED OLIGOSACCHARIDE BIOSYNTHETIC PROCESS%GOBP%GO:0006488		19	-0.3548083	-0.8651836	0.6633065	0.966099	1.0	2338	tags=32%, list=14%, signal=37%	
NEGATIVE REGULATION OF STEROID METABOLIC PROCESS%GOBP%GO:0045939	NEGATIVE REGULATION OF STEROID METABOLIC PROCESS%GOBP%GO:0045939		18	-0.36403042	-0.86507607	0.6725146	0.9658429	1.0	1564	tags=17%, list=10%, signal=18%	
HEART LOOPING%GOBP%GO:0001947	HEART LOOPING%GOBP%GO:0001947		27	-0.3319204	-0.8649904	0.6846154	0.96548843	1.0	270	tags=7%, list=2%, signal=8%	
EPITHELIAL CELL DIFFERENTIATION INVOLVED IN KIDNEY DEVELOPMENT%GOBP%GO:0035850	EPITHELIAL CELL DIFFERENTIATION INVOLVED IN KIDNEY DEVELOPMENT%GOBP%GO:0035850		21	-0.34761617	-0.86441934	0.6843137	0.96638626	1.0	4417	tags=29%, list=27%, signal=39%	
SHP2 SIGNALING%PATHWAY INTERACTION DATABASE NCI-NATURE CURATED DATA%SHP2 SIGNALING	SHP2 SIGNALING%PATHWAY INTERACTION DATABASE NCI-NATURE CURATED DATA%SHP2 SIGNALING		52	-0.28737333	-0.86418957	0.73913044	0.96642816	1.0	2895	tags=21%, list=18%, signal=26%	
EBOLA VIRUS INFECTION IN HOST%WIKIPATHWAYS_20250810%WP4217%HOMO SAPIENS	EBOLA VIRUS INFECTION IN HOST%WIKIPATHWAYS_20250810%WP4217%HOMO SAPIENS		100	-0.26252052	-0.8640453	0.7842105	0.96624017	1.0	948	tags=9%, list=6%, signal=9%	
NORC NEGATIVELY REGULATES RRNA EXPRESSION%REACTOME DATABASE ID RELEASE 93%427413	NORC NEGATIVELY REGULATES RRNA EXPRESSION%REACTOME DATABASE ID RELEASE 93%427413		57	-0.28555194	-0.8639955	0.7110694	0.96579844	1.0	1727	tags=12%, list=11%, signal=14%	
NEGATIVE REGULATION OF BIOMINERAL TISSUE DEVELOPMENT%GOBP%GO:0070168	NEGATIVE REGULATION OF BIOMINERAL TISSUE DEVELOPMENT%GOBP%GO:0070168		22	-0.34341735	-0.86362636	0.6731141	0.96616346	1.0	1077	tags=9%, list=7%, signal=10%	
FUMARASE DEFICIENCY%SMPDB%SMP0000547	FUMARASE DEFICIENCY%SMPDB%SMP0000547		19	-0.36354083	-0.86336035	0.66539925	0.96630603	1.0	2443	tags=21%, list=15%, signal=25%	
PROTEIN O-LINKED GLYCOSYLATION VIA N-ACETYL-GALACTOSAMINE%GOBP%GO:0016266	PROTEIN O-LINKED GLYCOSYLATION VIA N-ACETYL-GALACTOSAMINE%GOBP%GO:0016266		30	-0.32487485	-0.8631572	0.65799254	0.96625286	1.0	3534	tags=27%, list=22%, signal=34%	
REGULATION OF ACTIN NUCLEATION%GOBP%GO:0051125	REGULATION OF ACTIN NUCLEATION%GOBP%GO:0051125		29	-0.3327894	-0.8631101	0.6917148	0.96582305	1.0	2253	tags=21%, list=14%, signal=24%	
TYPE I INTERFERON-MEDIATED SIGNALING PATHWAY%GOBP%GO:0060337	TYPE I INTERFERON-MEDIATED SIGNALING PATHWAY%GOBP%GO:0060337		25	-0.3392497	-0.86281395	0.6698473	0.9659969	1.0	126	tags=8%, list=1%, signal=8%	
ERBB SIGNALING PATHWAY%GOBP%GO:0038127	ERBB SIGNALING PATHWAY%GOBP%GO:0038127		57	-0.28446585	-0.8625482	0.7191651	0.9661376	1.0	1850	tags=16%, list=11%, signal=18%	
REGULATION OF TRANSCRIPTION INITIATION BY RNA POLYMERASE II%GOBP%GO:0060260	REGULATION OF TRANSCRIPTION INITIATION BY RNA POLYMERASE II%GOBP%GO:0060260		60	-0.28234604	-0.86249524	0.7106227	0.9657166	1.0	2165	tags=20%, list=13%, signal=23%	
CELLULAR RESPONSE TO TYPE I INTERFERON%GOBP%GO:0071357	CELLULAR RESPONSE TO TYPE I INTERFERON%GOBP%GO:0071357		26	-0.3364427	-0.862394	0.6647399	0.96544445	1.0	126	tags=8%, list=1%, signal=8%	
G PROTEIN SIGNALING%WIKIPATHWAYS_20250810%WP35%HOMO SAPIENS	G PROTEIN SIGNALING%WIKIPATHWAYS_20250810%WP35%HOMO SAPIENS		62	-0.28378955	-0.86216706	0.704797	0.9654529	1.0	3428	tags=26%, list=21%, signal=32%	
INTEGRIN-MEDIATED SIGNALING PATHWAY%GOBP%GO:0007229	INTEGRIN-MEDIATED SIGNALING PATHWAY%GOBP%GO:0007229		79	-0.2698772	-0.8619506	0.75	0.9654755	1.0	2432	tags=16%, list=15%, signal=19%	
POSITIVE REGULATION OF SMALL GTPASE MEDIATED SIGNAL TRANSDUCTION%GOBP%GO:0051057	POSITIVE REGULATION OF SMALL GTPASE MEDIATED SIGNAL TRANSDUCTION%GOBP%GO:0051057		55	-0.2863929	-0.8613335	0.7109375	0.96648496	1.0	2349	tags=22%, list=14%, signal=25%	
NEGATIVE REGULATION OF NUCLEOCYTOPLASMIC TRANSPORT%GOBP%GO:0046823	NEGATIVE REGULATION OF NUCLEOCYTOPLASMIC TRANSPORT%GOBP%GO:0046823		19	-0.35458186	-0.8612916	0.664825	0.9660354	1.0	1760	tags=21%, list=11%, signal=24%	
METABOLISM OF NITRIC OXIDE: NOS3 ACTIVATION AND REGULATION%REACTOME DATABASE ID RELEASE 93%202131	METABOLISM OF NITRIC OXIDE: NOS3 ACTIVATION AND REGULATION%REACTOME DATABASE ID RELEASE 93%202131		17	-0.35839152	-0.8607103	0.6515464	0.9669488	1.0	299	tags=12%, list=2%, signal=12%	
DETERMINATION OF HEART LEFT/RIGHT ASYMMETRY%GOBP%GO:0061371	DETERMINATION OF HEART LEFT/RIGHT ASYMMETRY%GOBP%GO:0061371		29	-0.32310656	-0.8606604	0.6820809	0.9664991	1.0	270	tags=7%, list=2%, signal=7%	
CARDIAC MUSCLE CELL ACTION POTENTIAL%GOBP%GO:0086001	CARDIAC MUSCLE CELL ACTION POTENTIAL%GOBP%GO:0086001		47	-0.29378968	-0.8603641	0.7140288	0.96667856	1.0	4049	tags=28%, list=25%, signal=37%	
DNA INTEGRITY CHECKPOINT SIGNALING%GOBP%GO:0031570	DNA INTEGRITY CHECKPOINT SIGNALING%GOBP%GO:0031570		88	-0.269493	-0.86001253	0.79379565	0.9670147	1.0	2528	tags=24%, list=15%, signal=28%	
NEGATIVE REGULATION OF PROTEIN MODIFICATION BY SMALL PROTEIN CONJUGATION OR REMOVAL%GOBP%GO:1903321	NEGATIVE REGULATION OF PROTEIN MODIFICATION BY SMALL PROTEIN CONJUGATION OR REMOVAL%GOBP%GO:1903321		61	-0.28035983	-0.85982347	0.7504798	0.9669188	1.0	1950	tags=18%, list=12%, signal=20%	
SARS COV 2 INNATE IMMUNITY EVASION AND CELL SPECIFIC IMMUNE RESPONSE%WIKIPATHWAYS_20250810%WP5039%HOMO SAPIENS	SARS COV 2 INNATE IMMUNITY EVASION AND CELL SPECIFIC IMMUNE RESPONSE%WIKIPATHWAYS_20250810%WP5039%HOMO SAPIENS		47	-0.29737628	-0.8590473	0.7093236	0.9683327	1.0	901	tags=6%, list=5%, signal=7%	
CHAPERONE MEDIATED AUTOPHAGY%REACTOME%R-HSA-9613829.5	CHAPERONE MEDIATED AUTOPHAGY%REACTOME%R-HSA-9613829.5		19	-0.35255373	-0.8589885	0.67932487	0.9679267	1.0	2042	tags=26%, list=12%, signal=30%	
NEGATIVE REGULATION OF DEVELOPMENTAL GROWTH%GOBP%GO:0048640	NEGATIVE REGULATION OF DEVELOPMENTAL GROWTH%GOBP%GO:0048640		29	-0.32414445	-0.85886437	0.67657995	0.96767706	1.0	2549	tags=24%, list=16%, signal=29%	
IRINOTECAN ACTION PATHWAY%PATHWHIZ%PW000238	IRINOTECAN ACTION PATHWAY%PATHWHIZ%PW000238		16	-0.37180713	-0.85876596	0.6647287	0.96737564	1.0	844	tags=19%, list=5%, signal=20%	
EXPORT ACROSS PLASMA MEMBRANE%GOBP%GO:0140115	EXPORT ACROSS PLASMA MEMBRANE%GOBP%GO:0140115		44	-0.30550915	-0.85809517	0.7218182	0.9685443	1.0	3029	tags=25%, list=18%, signal=31%	
CARDIAC MUSCLE TISSUE MORPHOGENESIS%GOBP%GO:0055008	CARDIAC MUSCLE TISSUE MORPHOGENESIS%GOBP%GO:0055008		24	-0.32751364	-0.8573607	0.68199235	0.9698185	1.0	4930	tags=46%, list=30%, signal=65%	
ALPHA-AMINO ACID CATABOLIC PROCESS%GOBP%GO:1901606	ALPHA-AMINO ACID CATABOLIC PROCESS%GOBP%GO:1901606		62	-0.27985662	-0.85659176	0.7439252	0.97120214	1.0	1677	tags=11%, list=10%, signal=13%	
LIPID MODIFICATION%GOBP%GO:0030258	LIPID MODIFICATION%GOBP%GO:0030258		111	-0.25923306	-0.85654277	0.76785713	0.97077113	1.0	2407	tags=19%, list=15%, signal=22%	
DEGRADATION OF BETA CATENIN%PATHWAY INTERACTION DATABASE NCI-NATURE CURATED DATA%DEGRADATION OF BETA CATENIN	DEGRADATION OF BETA CATENIN%PATHWAY INTERACTION DATABASE NCI-NATURE CURATED DATA%DEGRADATION OF BETA CATENIN		16	-0.37191665	-0.8563203	0.65536726	0.97078663	1.0	2433	tags=31%, list=15%, signal=37%	
SYNTHESIS OF BILE ACIDS AND BILE SALTS%REACTOME%R-HSA-192105.4	SYNTHESIS OF BILE ACIDS AND BILE SALTS%REACTOME%R-HSA-192105.4		26	-0.327515	-0.85538226	0.7186898	0.97253376	1.0	2843	tags=35%, list=17%, signal=42%	
IL18 SIGNALING%WIKIPATHWAYS_20250810%WP4754%HOMO SAPIENS	IL18 SIGNALING%WIKIPATHWAYS_20250810%WP4754%HOMO SAPIENS		42	-0.29521555	-0.8553233	0.7504656	0.97213596	1.0	975	tags=12%, list=6%, signal=13%	
SARS-COV-1 ACTIVATES MODULATES INNATE IMMUNE RESPONSES%REACTOME DATABASE ID RELEASE 93%9692916	SARS-COV-1 ACTIVATES MODULATES INNATE IMMUNE RESPONSES%REACTOME DATABASE ID RELEASE 93%9692916		38	-0.30342522	-0.8549921	0.74854934	0.97239316	1.0	1477	tags=13%, list=9%, signal=14%	
DE NOVO PURINE BIOSYNTHESIS%PANTHER PATHWAY%P02738	DE NOVO PURINE BIOSYNTHESIS%PANTHER PATHWAY%P02738		23	-0.33279723	-0.8546894	0.6628788	0.972598	1.0	798	tags=13%, list=5%, signal=14%	
HEDGEHOG SIGNALING EVENTS MEDIATED BY GLI PROTEINS%PATHWAY INTERACTION DATABASE NCI-NATURE CURATED DATA%HEDGEHOG SIGNALING EVENTS MEDIATED BY GLI PROTEINS	HEDGEHOG SIGNALING EVENTS MEDIATED BY GLI PROTEINS%PATHWAY INTERACTION DATABASE NCI-NATURE CURATED DATA%HEDGEHOG SIGNALING EVENTS MEDIATED BY GLI PROTEINS		46	-0.29443854	-0.8541427	0.719697	0.9734026	1.0	1727	tags=17%, list=11%, signal=19%	
ANATOMICAL STRUCTURE HOMEOSTASIS%GOBP%GO:0060249	ANATOMICAL STRUCTURE HOMEOSTASIS%GOBP%GO:0060249		104	-0.25553873	-0.85382897	0.82046676	0.9736079	1.0	2938	tags=18%, list=18%, signal=22%	
POSITIVE REGULATION OF G1/S TRANSITION OF MITOTIC CELL CYCLE%GOBP%GO:1900087	POSITIVE REGULATION OF G1/S TRANSITION OF MITOTIC CELL CYCLE%GOBP%GO:1900087		32	-0.319872	-0.85342103	0.6931408	0.9740593	1.0	3206	tags=28%, list=20%, signal=35%	
REGULATION OF VIRAL GENOME REPLICATION%GOBP%GO:0045069	REGULATION OF VIRAL GENOME REPLICATION%GOBP%GO:0045069		63	-0.27861694	-0.85339946	0.7522442	0.9735625	1.0	1921	tags=17%, list=12%, signal=20%	
NITRIC OXIDE STIMULATES GUANYLATE CYCLASE%REACTOME%R-HSA-392154.3	NITRIC OXIDE STIMULATES GUANYLATE CYCLASE%REACTOME%R-HSA-392154.3		20	-0.34508905	-0.853169	0.66088635	0.9735824	1.0	1912	tags=15%, list=12%, signal=17%	
POSITIVE REGULATION OF IMMUNE EFFECTOR PROCESS%GOBP%GO:0002699	POSITIVE REGULATION OF IMMUNE EFFECTOR PROCESS%GOBP%GO:0002699		143	-0.24661398	-0.8526013	0.83568907	0.97444504	1.0	2165	tags=14%, list=13%, signal=16%	
SERINE FAMILY AMINO ACID METABOLIC PROCESS%GOBP%GO:0009069	SERINE FAMILY AMINO ACID METABOLIC PROCESS%GOBP%GO:0009069		19	-0.35032573	-0.8516955	0.6660232	0.97612286	1.0	1789	tags=11%, list=11%, signal=12%	
CALCIUM ION TRANSPORT%GOBP%GO:0006816	CALCIUM ION TRANSPORT%GOBP%GO:0006816		160	-0.2420619	-0.85118276	0.8506944	0.9768209	1.0	2716	tags=17%, list=17%, signal=20%	
POSITIVE REGULATION OF CELL CYCLE PHASE TRANSITION%GOBP%GO:1901989	POSITIVE REGULATION OF CELL CYCLE PHASE TRANSITION%GOBP%GO:1901989		80	-0.26895094	-0.8504377	0.78086954	0.978133	1.0	3206	tags=25%, list=20%, signal=31%	
CELLULAR RESPONSE TO INTERLEUKIN-6%GOBP%GO:0071354	CELLULAR RESPONSE TO INTERLEUKIN-6%GOBP%GO:0071354		21	-0.346221	-0.8497709	0.67870724	0.9792174	1.0	2895	tags=38%, list=18%, signal=46%	
REGULATION OF REGULATED SECRETORY PATHWAY%GOBP%GO:1903305	REGULATION OF REGULATED SECRETORY PATHWAY%GOBP%GO:1903305		71	-0.27157855	-0.8493953	0.7747748	0.9796134	1.0	1564	tags=11%, list=10%, signal=12%	
AMB2 INTEGRIN SIGNALING%PATHWAY INTERACTION DATABASE NCI-NATURE CURATED DATA%AMB2 INTEGRIN SIGNALING	AMB2 INTEGRIN SIGNALING%PATHWAY INTERACTION DATABASE NCI-NATURE CURATED DATA%AMB2 INTEGRIN SIGNALING		28	-0.32744083	-0.8486743	0.69455254	0.98083	1.0	901	tags=11%, list=5%, signal=11%	
VIRAL PROTEIN PROCESSING%GOBP%GO:0019082	VIRAL PROTEIN PROCESSING%GOBP%GO:0019082		29	-0.31706256	-0.84835964	0.70726913	0.98105514	1.0	1337	tags=17%, list=8%, signal=19%	
RHO GTPASES ACTIVATE FORMINS%REACTOME DATABASE ID RELEASE 93%5663220	RHO GTPASES ACTIVATE FORMINS%REACTOME DATABASE ID RELEASE 93%5663220		111	-0.25279972	-0.8482807	0.8318739	0.9806854	1.0	2509	tags=19%, list=15%, signal=22%	
REGULATION OF G2/M TRANSITION OF MITOTIC CELL CYCLE%GOBP%GO:0010389	REGULATION OF G2/M TRANSITION OF MITOTIC CELL CYCLE%GOBP%GO:0010389		83	-0.26356727	-0.84780127	0.7939068	0.98132885	1.0	2528	tags=20%, list=15%, signal=24%	
NUCLEOTIDE TRANSPORT%GOBP%GO:0006862	NUCLEOTIDE TRANSPORT%GOBP%GO:0006862		29	-0.3164225	-0.847547	0.71086556	0.9814676	1.0	2322	tags=24%, list=14%, signal=28%	
LEUKOCYTE HOMEOSTASIS%GOBP%GO:0001776	LEUKOCYTE HOMEOSTASIS%GOBP%GO:0001776		31	-0.3147352	-0.84741306	0.7148515	0.9812462	1.0	3906	tags=29%, list=24%, signal=38%	
HOST-MEDIATED ACTIVATION OF VIRAL TRANSCRIPTION%GOBP%GO:0043923	HOST-MEDIATED ACTIVATION OF VIRAL TRANSCRIPTION%GOBP%GO:0043923		17	-0.36691666	-0.8473503	0.68809074	0.9808384	1.0	2442	tags=24%, list=15%, signal=28%	
PROTEINOGENIC AMINO ACID METABOLIC PROCESS%GOBP%GO:0170039	PROTEINOGENIC AMINO ACID METABOLIC PROCESS%GOBP%GO:0170039		113	-0.253358	-0.8470972	0.8147482	0.9809006	1.0	1832	tags=12%, list=11%, signal=13%	
REGULATION OF MITOCHONDRIAL TRANSLATION%GOBP%GO:0070129	REGULATION OF MITOCHONDRIAL TRANSLATION%GOBP%GO:0070129		19	-0.34877047	-0.84693956	0.6758893	0.98075104	1.0	2008	tags=21%, list=12%, signal=24%	
REGULATION OF INSULIN RECEPTOR SIGNALING PATHWAY%GOBP%GO:0046626	REGULATION OF INSULIN RECEPTOR SIGNALING PATHWAY%GOBP%GO:0046626		43	-0.29988846	-0.8464406	0.7262136	0.9814251	1.0	2177	tags=19%, list=13%, signal=21%	
REGULATION OF EXTENT OF CELL GROWTH%GOBP%GO:0061387	REGULATION OF EXTENT OF CELL GROWTH%GOBP%GO:0061387		41	-0.28772733	-0.84639364	0.731203	0.9809869	1.0	583	tags=7%, list=4%, signal=8%	
NEGATIVE REGULATION OF MONOATOMIC ION TRANSMEMBRANE TRANSPORT%GOBP%GO:0034766	NEGATIVE REGULATION OF MONOATOMIC ION TRANSMEMBRANE TRANSPORT%GOBP%GO:0034766		37	-0.30312508	-0.84468424	0.71428573	0.98462915	1.0	2671	tags=22%, list=16%, signal=26%	
POSITIVE REGULATION OF INTERLEUKIN-12 PRODUCTION%GOBP%GO:0032735	POSITIVE REGULATION OF INTERLEUKIN-12 PRODUCTION%GOBP%GO:0032735		25	-0.32543626	-0.8444161	0.7171717	0.9847154	1.0	880	tags=12%, list=5%, signal=13%	
METENCEPHALON DEVELOPMENT%GOBP%GO:0022037	METENCEPHALON DEVELOPMENT%GOBP%GO:0022037		19	-0.34547287	-0.84372497	0.6944444	0.9858417	1.0	5087	tags=47%, list=31%, signal=69%	
CARDIAC MUSCLE CONTRACTION%GOBP%GO:0060048	CARDIAC MUSCLE CONTRACTION%GOBP%GO:0060048		51	-0.28859538	-0.8435434	0.76022303	0.9857194	1.0	3814	tags=29%, list=23%, signal=38%	
VESICLE CARGO LOADING%GOBP%GO:0035459	VESICLE CARGO LOADING%GOBP%GO:0035459		29	-0.32010403	-0.8433355	0.7109375	0.985651	1.0	3151	tags=24%, list=19%, signal=30%	
NEGATIVE REGULATION OF POST-TRANSLATIONAL PROTEIN MODIFICATION%GOBP%GO:1901874	NEGATIVE REGULATION OF POST-TRANSLATIONAL PROTEIN MODIFICATION%GOBP%GO:1901874		63	-0.2727685	-0.84284025	0.784466	0.9862662	1.0	1950	tags=17%, list=12%, signal=20%	
MICROTUBULE BUNDLE FORMATION%GOBP%GO:0001578	MICROTUBULE BUNDLE FORMATION%GOBP%GO:0001578		89	-0.25929043	-0.84227055	0.8114901	0.9871067	1.0	3450	tags=27%, list=21%, signal=34%	
NEGATIVE REGULATION OF COLD-INDUCED THERMOGENESIS%GOBP%GO:0120163	NEGATIVE REGULATION OF COLD-INDUCED THERMOGENESIS%GOBP%GO:0120163		42	-0.29658175	-0.8415783	0.7346939	0.98819745	1.0	1823	tags=19%, list=11%, signal=21%	
EARLY ENDOSOME TO LATE ENDOSOME TRANSPORT%GOBP%GO:0045022	EARLY ENDOSOME TO LATE ENDOSOME TRANSPORT%GOBP%GO:0045022		24	-0.33704764	-0.8410316	0.7078189	0.9889312	1.0	2106	tags=29%, list=13%, signal=33%	
TRYPTOPHAN METABOLISM%WIKIPATHWAYS_20250810%WP465%HOMO SAPIENS	TRYPTOPHAN METABOLISM%WIKIPATHWAYS_20250810%WP465%HOMO SAPIENS		24	-0.32933065	-0.84081006	0.7236842	0.98889726	1.0	3964	tags=29%, list=24%, signal=38%	
MODULATION OF EXCITATORY POSTSYNAPTIC POTENTIAL%GOBP%GO:0098815	MODULATION OF EXCITATORY POSTSYNAPTIC POTENTIAL%GOBP%GO:0098815		30	-0.31572023	-0.84064543	0.7009346	0.98873085	1.0	2207	tags=20%, list=13%, signal=23%	
POSITIVE REGULATION OF CELL CYCLE G1/S PHASE TRANSITION%GOBP%GO:1902808	POSITIVE REGULATION OF CELL CYCLE G1/S PHASE TRANSITION%GOBP%GO:1902808		41	-0.29772708	-0.8404828	0.7475915	0.9885794	1.0	3206	tags=27%, list=20%, signal=33%	
REGULATION OF CHONDROCYTE DIFFERENTIATION%GOBP%GO:0032330	REGULATION OF CHONDROCYTE DIFFERENTIATION%GOBP%GO:0032330		26	-0.3224447	-0.8403286	0.7082534	0.9884187	1.0	4870	tags=46%, list=30%, signal=66%	
IL3-MEDIATED SIGNALING EVENTS%PATHWAY INTERACTION DATABASE NCI-NATURE CURATED DATA%IL3-MEDIATED SIGNALING EVENTS	IL3-MEDIATED SIGNALING EVENTS%PATHWAY INTERACTION DATABASE NCI-NATURE CURATED DATA%IL3-MEDIATED SIGNALING EVENTS		22	-0.32657927	-0.8392117	0.73146296	0.9905463	1.0	379	tags=9%, list=2%, signal=9%	
AXONEME ASSEMBLY%GOBP%GO:0035082	AXONEME ASSEMBLY%GOBP%GO:0035082		65	-0.27448133	-0.839161	0.76965266	0.9901003	1.0	3450	tags=26%, list=21%, signal=33%	
RESPONSE TO MOLECULE OF BACTERIAL ORIGIN%GOBP%GO:0002237	RESPONSE TO MOLECULE OF BACTERIAL ORIGIN%GOBP%GO:0002237		144	-0.2437664	-0.8391594	0.872449	0.9895535	1.0	1349	tags=9%, list=8%, signal=10%	
HEART VALVE MORPHOGENESIS%GOBP%GO:0003179	HEART VALVE MORPHOGENESIS%GOBP%GO:0003179		51	-0.28157806	-0.8388061	0.7777778	0.9898664	1.0	2542	tags=18%, list=15%, signal=21%	
DISEASES OF MITOTIC CELL CYCLE%REACTOME%R-HSA-9675126.4	DISEASES OF MITOTIC CELL CYCLE%REACTOME%R-HSA-9675126.4		35	-0.30143544	-0.8384664	0.72440946	0.99010783	1.0	2755	tags=26%, list=17%, signal=31%	
POSITIVE REGULATION OF MITOTIC CELL CYCLE PHASE TRANSITION%GOBP%GO:1901992	POSITIVE REGULATION OF MITOTIC CELL CYCLE PHASE TRANSITION%GOBP%GO:1901992		66	-0.27148116	-0.83840656	0.79427546	0.98970145	1.0	3206	tags=26%, list=20%, signal=32%	
REGULATION OF T CELL CYTOKINE PRODUCTION%GOBP%GO:0002724	REGULATION OF T CELL CYTOKINE PRODUCTION%GOBP%GO:0002724		27	-0.32173467	-0.8380649	0.7096154	0.9899243	1.0	3556	tags=26%, list=22%, signal=33%	
REGIONALIZATION%GOBP%GO:0003002	REGIONALIZATION%GOBP%GO:0003002		141	-0.24323863	-0.83803755	0.8494624	0.9894424	1.0	1667	tags=11%, list=10%, signal=12%	
REGULATION OF AXONOGENESIS%GOBP%GO:0050770	REGULATION OF AXONOGENESIS%GOBP%GO:0050770		66	-0.27237728	-0.8378524	0.78409094	0.9893498	1.0	2284	tags=17%, list=14%, signal=19%	
ORGANELLE TRANSPORT ALONG MICROTUBULE%GOBP%GO:0072384	ORGANELLE TRANSPORT ALONG MICROTUBULE%GOBP%GO:0072384		64	-0.27016798	-0.83768564	0.7826923	0.98919755	1.0	1902	tags=17%, list=12%, signal=19%	
CELL DIFFERENTIATION INVOLVED IN KIDNEY DEVELOPMENT%GOBP%GO:0061005	CELL DIFFERENTIATION INVOLVED IN KIDNEY DEVELOPMENT%GOBP%GO:0061005		23	-0.33288908	-0.8375637	0.6924565	0.98895603	1.0	4417	tags=26%, list=27%, signal=36%	
RECEPTOR-TYPE TYROSINE-PROTEIN PHOSPHATASES%REACTOME DATABASE ID RELEASE 93%388844	RECEPTOR-TYPE TYROSINE-PROTEIN PHOSPHATASES%REACTOME DATABASE ID RELEASE 93%388844		15	-0.36791745	-0.8369899	0.6774848	0.98980445	1.0	4868	tags=47%, list=30%, signal=66%	
MEIOTIC CHROMOSOME SEGREGATION%GOBP%GO:0045132	MEIOTIC CHROMOSOME SEGREGATION%GOBP%GO:0045132		43	-0.2940692	-0.83688843	0.75605214	0.98949057	1.0	4038	tags=33%, list=25%, signal=43%	
TISSUE HOMEOSTASIS%GOBP%GO:0001894	TISSUE HOMEOSTASIS%GOBP%GO:0001894		104	-0.25553873	-0.8367926	0.8080439	0.98917353	1.0	2938	tags=18%, list=18%, signal=22%	
POSITIVE REGULATION OF BONE MINERALIZATION%GOBP%GO:0030501	POSITIVE REGULATION OF BONE MINERALIZATION%GOBP%GO:0030501		36	-0.30128375	-0.83626145	0.73954374	0.9898802	1.0	3482	tags=28%, list=21%, signal=35%	
EPIGENETIC REGULATION OF GENE EXPRESSION BY MLL3 AND MLL4 COMPLEXES%REACTOME%R-HSA-9818564.1	EPIGENETIC REGULATION OF GENE EXPRESSION BY MLL3 AND MLL4 COMPLEXES%REACTOME%R-HSA-9818564.1		82	-0.26073065	-0.83616567	0.81508076	0.9895518	1.0	2843	tags=18%, list=17%, signal=22%	
HINDBRAIN DEVELOPMENT%GOBP%GO:0030902	HINDBRAIN DEVELOPMENT%GOBP%GO:0030902		31	-0.31604108	-0.8360068	0.7504726	0.98936635	1.0	1117	tags=10%, list=7%, signal=10%	
ASPARTATE FAMILY AMINO ACID METABOLIC PROCESS%GOBP%GO:0009066	ASPARTATE FAMILY AMINO ACID METABOLIC PROCESS%GOBP%GO:0009066		29	-0.31855267	-0.83563405	0.73743016	0.9896996	1.0	2113	tags=17%, list=13%, signal=20%	
REGULATION OF MITOTIC SPINDLE ORGANIZATION%GOBP%GO:0060236	REGULATION OF MITOTIC SPINDLE ORGANIZATION%GOBP%GO:0060236		34	-0.30864555	-0.8356242	0.73524153	0.98917365	1.0	849	tags=9%, list=5%, signal=9%	
REGULATION OF SYNAPTIC TRANSMISSION, GABAERGIC%GOBP%GO:0032228	REGULATION OF SYNAPTIC TRANSMISSION, GABAERGIC%GOBP%GO:0032228		15	-0.3667399	-0.83499265	0.70155036	0.9901127	1.0	3315	tags=33%, list=20%, signal=42%	
REGULATION OF MEMBRANE LIPID DISTRIBUTION%GOBP%GO:0097035	REGULATION OF MEMBRANE LIPID DISTRIBUTION%GOBP%GO:0097035		46	-0.28651717	-0.8349078	0.7809695	0.9897671	1.0	1789	tags=17%, list=11%, signal=19%	
PATHWAYS INTO METHIONINE AND FOLATE CYCLES%WIKIPATHWAYS_20250810%WP5488%HOMO SAPIENS	PATHWAYS INTO METHIONINE AND FOLATE CYCLES%WIKIPATHWAYS_20250810%WP5488%HOMO SAPIENS		27	-0.3176991	-0.83460134	0.72200775	0.9899282	1.0	1238	tags=11%, list=8%, signal=12%	
BILE ACID AND BILE SALT METABOLISM%REACTOME%R-HSA-194068.3	BILE ACID AND BILE SALT METABOLISM%REACTOME%R-HSA-194068.3		31	-0.30959654	-0.83454204	0.7285714	0.9895296	1.0	2843	tags=32%, list=17%, signal=39%	
AUTOPHAGY%WIKIPATHWAYS_20250810%WP4923%HOMO SAPIENS	AUTOPHAGY%WIKIPATHWAYS_20250810%WP4923%HOMO SAPIENS		21	-0.33967647	-0.83435124	0.7013233	0.98939544	1.0	2560	tags=38%, list=16%, signal=45%	
REGULATION OF FIBROBLAST PROLIFERATION%GOBP%GO:0048145	REGULATION OF FIBROBLAST PROLIFERATION%GOBP%GO:0048145		41	-0.29285347	-0.83414614	0.79291046	0.98932314	1.0	2079	tags=17%, list=13%, signal=20%	
REGULATION OF ERYTHROCYTE DIFFERENTIATION%GOBP%GO:0045646	REGULATION OF ERYTHROCYTE DIFFERENTIATION%GOBP%GO:0045646		35	-0.3034068	-0.83400315	0.7356322	0.98910105	1.0	1946	tags=14%, list=12%, signal=16%	
INTERFERON-MEDIATED SIGNALING PATHWAY%GOBP%GO:0140888	INTERFERON-MEDIATED SIGNALING PATHWAY%GOBP%GO:0140888		34	-0.30475223	-0.83398914	0.74285716	0.9885906	1.0	2882	tags=24%, list=18%, signal=28%	
ENDODERMAL CELL DIFFERENTIATION%GOBP%GO:0035987	ENDODERMAL CELL DIFFERENTIATION%GOBP%GO:0035987		32	-0.3043092	-0.83316725	0.7353535	0.9899576	1.0	2141	tags=22%, list=13%, signal=25%	
RESPONSE TO FLUID SHEAR STRESS%GOBP%GO:0034405	RESPONSE TO FLUID SHEAR STRESS%GOBP%GO:0034405		41	-0.29434747	-0.8330113	0.7418182	0.98976284	1.0	2274	tags=15%, list=14%, signal=17%	
RAC1 SIGNALING PATHWAY%PATHWAY INTERACTION DATABASE NCI-NATURE CURATED DATA%RAC1 SIGNALING PATHWAY	RAC1 SIGNALING PATHWAY%PATHWAY INTERACTION DATABASE NCI-NATURE CURATED DATA%RAC1 SIGNALING PATHWAY		49	-0.286368	-0.83294964	0.7876448	0.9893563	1.0	2535	tags=29%, list=15%, signal=34%	
CARDIAC MUSCLE CELL DEVELOPMENT%GOBP%GO:0055013	CARDIAC MUSCLE CELL DEVELOPMENT%GOBP%GO:0055013		24	-0.33257872	-0.83291453	0.70039684	0.9888858	1.0	1928	tags=17%, list=12%, signal=19%	
TYPE I INTERFERON INDUCTION AND SIGNALING DURING SARS COV 2 INFECTION%WIKIPATHWAYS_20250810%WP4868%HOMO SAPIENS	TYPE I INTERFERON INDUCTION AND SIGNALING DURING SARS COV 2 INFECTION%WIKIPATHWAYS_20250810%WP4868%HOMO SAPIENS		23	-0.3322888	-0.83279604	0.7117647	0.9886167	1.0	1589	tags=17%, list=10%, signal=19%	
P38 MAPK SIGNALING PATHWAY%PATHWAY INTERACTION DATABASE NCI-NATURE CURATED DATA%P38 MAPK SIGNALING PATHWAY	P38 MAPK SIGNALING PATHWAY%PATHWAY INTERACTION DATABASE NCI-NATURE CURATED DATA%P38 MAPK SIGNALING PATHWAY		27	-0.31664357	-0.8313538	0.73410404	0.9914243	1.0	2154	tags=22%, list=13%, signal=26%	
PROTEIN O-LINKED GLYCOSYLATION%GOBP%GO:0006493	PROTEIN O-LINKED GLYCOSYLATION%GOBP%GO:0006493		127	-0.24413271	-0.8310376	0.85958904	0.9915867	1.0	3043	tags=18%, list=19%, signal=22%	
RENIN ANGIOTENSIN ALDOSTERONE SYSTEM RAAS %WIKIPATHWAYS_20250810%WP4756%HOMO SAPIENS	RENIN ANGIOTENSIN ALDOSTERONE SYSTEM RAAS %WIKIPATHWAYS_20250810%WP4756%HOMO SAPIENS		20	-0.3422399	-0.83067447	0.74851483	0.9918751	1.0	2608	tags=30%, list=16%, signal=36%	
PROTEIN LIPIDATION%GOBP%GO:0006497	PROTEIN LIPIDATION%GOBP%GO:0006497		27	-0.3219459	-0.83036965	0.73207545	0.99201447	1.0	1842	tags=19%, list=11%, signal=21%	
AORTIC VALVE DEVELOPMENT%GOBP%GO:0003176	AORTIC VALVE DEVELOPMENT%GOBP%GO:0003176		39	-0.297653	-0.82994306	0.7713249	0.9924589	1.0	2542	tags=18%, list=15%, signal=21%	
REGULATION OF ADAPTIVE IMMUNE RESPONSE BASED ON SOMATIC RECOMBINATION OF IMMUNE RECEPTORS BUILT FROM IMMUNOGLOBULIN SUPERFAMILY DOMAINS%GOBP%GO:0002822	REGULATION OF ADAPTIVE IMMUNE RESPONSE BASED ON SOMATIC RECOMBINATION OF IMMUNE RECEPTORS BUILT FROM IMMUNOGLOBULIN SUPERFAMILY DOMAINS%GOBP%GO:0002822		116	-0.24864778	-0.8297132	0.8505155	0.9924493	1.0	3096	tags=22%, list=19%, signal=27%	
CEREBELLUM DEVELOPMENT%GOBP%GO:0021549	CEREBELLUM DEVELOPMENT%GOBP%GO:0021549		19	-0.34547287	-0.8296814	0.70137525	0.99198604	1.0	5087	tags=47%, list=31%, signal=69%	
ASSEMBLY AND CELL SURFACE PRESENTATION OF NMDA RECEPTORS%REACTOME%R-HSA-9609736.5	ASSEMBLY AND CELL SURFACE PRESENTATION OF NMDA RECEPTORS%REACTOME%R-HSA-9609736.5		22	-0.3275222	-0.82958895	0.69921875	0.99165016	1.0	3305	tags=32%, list=20%, signal=40%	
GLYCOLIPID BIOSYNTHETIC PROCESS%GOBP%GO:0009247	GLYCOLIPID BIOSYNTHETIC PROCESS%GOBP%GO:0009247		61	-0.27363327	-0.8294655	0.8057692	0.9913918	1.0	1157	tags=10%, list=7%, signal=11%	
RECIPROCAL HOMOLOGOUS RECOMBINATION%GOBP%GO:0140527	RECIPROCAL HOMOLOGOUS RECOMBINATION%GOBP%GO:0140527		42	-0.2881242	-0.82931626	0.7954111	0.9911702	1.0	4173	tags=36%, list=25%, signal=48%	
CELL SURFACE RECEPTOR PROTEIN SERINE/THREONINE KINASE SIGNALING PATHWAY%GOBP%GO:0007178	CELL SURFACE RECEPTOR PROTEIN SERINE/THREONINE KINASE SIGNALING PATHWAY%GOBP%GO:0007178		104	-0.249321	-0.82880485	0.85531133	0.99176997	1.0	2225	tags=13%, list=14%, signal=15%	
LIMB DEVELOPMENT%GOBP%GO:0060173	LIMB DEVELOPMENT%GOBP%GO:0060173		56	-0.27478623	-0.82869226	0.81609195	0.9914758	1.0	3704	tags=27%, list=23%, signal=34%	
MLL4 AND MLL3 COMPLEXES REGULATE EXPRESSION OF PPARG TARGET GENES IN ADIPOGENESIS AND HEPATIC STEATOSIS%REACTOME DATABASE ID RELEASE 93%9841922	MLL4 AND MLL3 COMPLEXES REGULATE EXPRESSION OF PPARG TARGET GENES IN ADIPOGENESIS AND HEPATIC STEATOSIS%REACTOME DATABASE ID RELEASE 93%9841922		82	-0.26073065	-0.82842755	0.85192305	0.9915407	1.0	2843	tags=18%, list=17%, signal=22%	
REGULATION OF G1/S TRANSITION OF MITOTIC CELL CYCLE%GOBP%GO:2000045	REGULATION OF G1/S TRANSITION OF MITOTIC CELL CYCLE%GOBP%GO:2000045		113	-0.24853158	-0.82842344	0.8578767	0.99100894	1.0	2280	tags=20%, list=14%, signal=23%	
REGULATION OF INTRINSIC APOPTOTIC SIGNALING PATHWAY BY P53 CLASS MEDIATOR%GOBP%GO:1902253	REGULATION OF INTRINSIC APOPTOTIC SIGNALING PATHWAY BY P53 CLASS MEDIATOR%GOBP%GO:1902253		20	-0.34059763	-0.828	0.71179885	0.991426	1.0	1721	tags=20%, list=10%, signal=22%	
DNA DOUBLE STRAND BREAK RESPONSE%REACTOME%R-HSA-5693606.4	DNA DOUBLE STRAND BREAK RESPONSE%REACTOME%R-HSA-5693606.4		49	-0.2814716	-0.8277327	0.77394634	0.991484	1.0	2257	tags=22%, list=14%, signal=26%	
ION TRANSPORT BY P-TYPE ATPASES%REACTOME DATABASE ID RELEASE 93%936837	ION TRANSPORT BY P-TYPE ATPASES%REACTOME DATABASE ID RELEASE 93%936837		40	-0.29074025	-0.8277272	0.76693225	0.9909597	1.0	3070	tags=20%, list=19%, signal=25%	
EPIGENETIC REGULATION OF ADIPOGENESIS GENES BY MLL3 AND MLL4 COMPLEXES%REACTOME DATABASE ID RELEASE 93%9851695	EPIGENETIC REGULATION OF ADIPOGENESIS GENES BY MLL3 AND MLL4 COMPLEXES%REACTOME DATABASE ID RELEASE 93%9851695		82	-0.26073065	-0.8273037	0.81785065	0.9913657	1.0	2843	tags=18%, list=17%, signal=22%	
REGULATION OF ENDOTHELIAL CELL APOPTOTIC PROCESS%GOBP%GO:2000351	REGULATION OF ENDOTHELIAL CELL APOPTOTIC PROCESS%GOBP%GO:2000351		32	-0.2999311	-0.8271471	0.72200775	0.99117124	1.0	3067	tags=19%, list=19%, signal=23%	
RECIPROCAL MEIOTIC RECOMBINATION%GOBP%GO:0007131	RECIPROCAL MEIOTIC RECOMBINATION%GOBP%GO:0007131		42	-0.2881242	-0.826736	0.77922076	0.99154085	1.0	4173	tags=36%, list=25%, signal=48%	
PCNA-DEPENDENT LONG PATCH BASE EXCISION REPAIR%REACTOME%R-HSA-5651801.3	PCNA-DEPENDENT LONG PATCH BASE EXCISION REPAIR%REACTOME%R-HSA-5651801.3		19	-0.3393893	-0.82653576	0.68849206	0.9914905	1.0	2379	tags=32%, list=14%, signal=37%	
PROTEIN LOCALIZATION TO CHROMOSOME, CENTROMERIC REGION%GOBP%GO:0071459	PROTEIN LOCALIZATION TO CHROMOSOME, CENTROMERIC REGION%GOBP%GO:0071459		19	-0.34077585	-0.82643235	0.7134615	0.99118066	1.0	3680	tags=42%, list=22%, signal=54%	
CORTICAL CYTOSKELETON ORGANIZATION%GOBP%GO:0030865	CORTICAL CYTOSKELETON ORGANIZATION%GOBP%GO:0030865		41	-0.29975897	-0.8255323	0.7758945	0.9926269	1.0	3358	tags=32%, list=20%, signal=40%	
POSITIVE REGULATION OF TRANSMEMBRANE RECEPTOR PROTEIN SERINE/THREONINE KINASE SIGNALING PATHWAY%GOBP%GO:0090100	POSITIVE REGULATION OF TRANSMEMBRANE RECEPTOR PROTEIN SERINE/THREONINE KINASE SIGNALING PATHWAY%GOBP%GO:0090100		67	-0.26523873	-0.8253895	0.8120438	0.99239725	1.0	1601	tags=10%, list=10%, signal=12%	
NEGATIVE REGULATION OF ENDOTHELIAL CELL APOPTOTIC PROCESS%GOBP%GO:2000352	NEGATIVE REGULATION OF ENDOTHELIAL CELL APOPTOTIC PROCESS%GOBP%GO:2000352		17	-0.3570731	-0.8252799	0.7091932	0.9920957	1.0	2234	tags=18%, list=14%, signal=20%	
REGULATION OF EPITHELIAL CELL MIGRATION%GOBP%GO:0010632	REGULATION OF EPITHELIAL CELL MIGRATION%GOBP%GO:0010632		51	-0.28350988	-0.8248061	0.7838346	0.992637	1.0	3025	tags=24%, list=18%, signal=29%	
APPENDAGE DEVELOPMENT%GOBP%GO:0048736	APPENDAGE DEVELOPMENT%GOBP%GO:0048736		56	-0.27478623	-0.8238032	0.795203	0.99434435	1.0	3704	tags=27%, list=23%, signal=34%	
VASCULOGENESIS%GOBP%GO:0001570	VASCULOGENESIS%GOBP%GO:0001570		28	-0.30717236	-0.82365537	0.75238097	0.99412894	1.0	409	tags=7%, list=2%, signal=7%	
CELLULAR RESPONSE TO ACID CHEMICAL%GOBP%GO:0071229	CELLULAR RESPONSE TO ACID CHEMICAL%GOBP%GO:0071229		44	-0.2870329	-0.8235714	0.8080439	0.9937839	1.0	3849	tags=41%, list=23%, signal=53%	
REGULATION OF LONG-TERM SYNAPTIC POTENTIATION%GOBP%GO:1900271	REGULATION OF LONG-TERM SYNAPTIC POTENTIATION%GOBP%GO:1900271		25	-0.317327	-0.8233382	0.7128514	0.9937529	1.0	1623	tags=12%, list=10%, signal=13%	
RECRUITMENT AND ATM-MEDIATED PHOSPHORYLATION OF REPAIR AND SIGNALING PROTEINS AT DNA DOUBLE STRAND BREAKS%REACTOME%R-HSA-5693565.6	RECRUITMENT AND ATM-MEDIATED PHOSPHORYLATION OF REPAIR AND SIGNALING PROTEINS AT DNA DOUBLE STRAND BREAKS%REACTOME%R-HSA-5693565.6		48	-0.28341466	-0.8229483	0.7785844	0.99405366	1.0	2257	tags=23%, list=14%, signal=26%	
NEGATIVE REGULATION OF ACTIN FILAMENT DEPOLYMERIZATION%GOBP%GO:0030835	NEGATIVE REGULATION OF ACTIN FILAMENT DEPOLYMERIZATION%GOBP%GO:0030835		18	-0.34266052	-0.82282126	0.72190475	0.99381477	1.0	4941	tags=67%, list=30%, signal=95%	
MIDBRAIN DEVELOPMENT%GOBP%GO:0030901	MIDBRAIN DEVELOPMENT%GOBP%GO:0030901		52	-0.27744898	-0.82214946	0.7903226	0.9947891	1.0	1122	tags=10%, list=7%, signal=10%	
HIGH LAMINAR FLOW SHEAR STRESS ACTIVATES SIGNALING BY PIEZO1 AND PECAM1:CDH5:KDR IN ENDOTHELIAL CELLS%REACTOME DATABASE ID RELEASE 93%9856530	HIGH LAMINAR FLOW SHEAR STRESS ACTIVATES SIGNALING BY PIEZO1 AND PECAM1:CDH5:KDR IN ENDOTHELIAL CELLS%REACTOME DATABASE ID RELEASE 93%9856530		59	-0.2724871	-0.82187504	0.78456014	0.9948358	1.0	1338	tags=12%, list=8%, signal=13%	
RESPONSE TO PROSTAGLANDIN%GOBP%GO:0034694	RESPONSE TO PROSTAGLANDIN%GOBP%GO:0034694		18	-0.33832023	-0.8218068	0.7104762	0.9944467	1.0	4410	tags=33%, list=27%, signal=46%	
CELL LINEAGE MAP FOR NEURONAL DIFFERENTIATION%WIKIPATHWAYS_20250810%WP5417%HOMO SAPIENS	CELL LINEAGE MAP FOR NEURONAL DIFFERENTIATION%WIKIPATHWAYS_20250810%WP5417%HOMO SAPIENS		76	-0.26233923	-0.82172257	0.82656825	0.9940991	1.0	4757	tags=33%, list=29%, signal=46%	
RESPONSE TO LIPOPOLYSACCHARIDE%GOBP%GO:0032496	RESPONSE TO LIPOPOLYSACCHARIDE%GOBP%GO:0032496		131	-0.23927295	-0.82146627	0.88586956	0.99416065	1.0	1349	tags=9%, list=8%, signal=10%	
NUCLEOTIDE TRANSMEMBRANE TRANSPORT%GOBP%GO:1901679	NUCLEOTIDE TRANSMEMBRANE TRANSPORT%GOBP%GO:1901679		15	-0.36698025	-0.8213882	0.7294118	0.9938065	1.0	2322	tags=33%, list=14%, signal=39%	
INTEGRINS IN ANGIOGENESIS%PATHWAY INTERACTION DATABASE NCI-NATURE CURATED DATA%INTEGRINS IN ANGIOGENESIS	INTEGRINS IN ANGIOGENESIS%PATHWAY INTERACTION DATABASE NCI-NATURE CURATED DATA%INTEGRINS IN ANGIOGENESIS		60	-0.2721884	-0.8211511	0.83619046	0.9937991	1.0	379	tags=7%, list=2%, signal=7%	
TCR SIGNALING%REACTOME%R-HSA-202403.7	TCR SIGNALING%REACTOME%R-HSA-202403.7		99	-0.25376204	-0.8208653	0.85714287	0.99386483	1.0	1179	tags=11%, list=7%, signal=12%	
NEGATIVE REGULATION OF ENDOPLASMIC RETICULUM STRESS-INDUCED INTRINSIC APOPTOTIC SIGNALING PATHWAY%GOBP%GO:1902236	NEGATIVE REGULATION OF ENDOPLASMIC RETICULUM STRESS-INDUCED INTRINSIC APOPTOTIC SIGNALING PATHWAY%GOBP%GO:1902236		15	-0.36365616	-0.82062185	0.72900766	0.9938463	1.0	625	tags=13%, list=4%, signal=14%	
REGULATION OF T CELL MIGRATION%GOBP%GO:2000404	REGULATION OF T CELL MIGRATION%GOBP%GO:2000404		32	-0.3043202	-0.8199524	0.73996174	0.99475163	1.0	2187	tags=16%, list=13%, signal=18%	
ICOSANOID TRANSPORT%GOBP%GO:0071715	ICOSANOID TRANSPORT%GOBP%GO:0071715		15	-0.36774594	-0.8190941	0.71755725	0.996027	1.0	1129	tags=13%, list=7%, signal=14%	
RENAL ABSORPTION%GOBP%GO:0070293	RENAL ABSORPTION%GOBP%GO:0070293		18	-0.35287997	-0.8190158	0.7251908	0.9956644	1.0	113	tags=6%, list=1%, signal=6%	
SYNAPTIC TRANSMISSION, GLUTAMATERGIC%GOBP%GO:0035249	SYNAPTIC TRANSMISSION, GLUTAMATERGIC%GOBP%GO:0035249		24	-0.31615517	-0.8186084	0.76007676	0.99600625	1.0	5755	tags=54%, list=35%, signal=83%	
VESICLE-MEDIATED TRANSPORT BETWEEN ENDOSOMAL COMPARTMENTS%GOBP%GO:0098927	VESICLE-MEDIATED TRANSPORT BETWEEN ENDOSOMAL COMPARTMENTS%GOBP%GO:0098927		28	-0.3057189	-0.8181025	0.7484909	0.9966123	1.0	2106	tags=25%, list=13%, signal=29%	
BIOCARTA_P38MAPK_PATHWAY%MSIGDB_C2%BIOCARTA_P38MAPK_PATHWAY	BIOCARTA_P38MAPK_PATHWAY%MSIGDB_C2%BIOCARTA_P38MAPK_PATHWAY		26	-0.31110036	-0.8175436	0.751434	0.9972659	1.0	577	tags=12%, list=4%, signal=12%	
REGULATION OF COMPLEMENT ACTIVATION%GOBP%GO:0030449	REGULATION OF COMPLEMENT ACTIVATION%GOBP%GO:0030449		16	-0.34360608	-0.81751937	0.7263969	0.9967923	1.0	137	tags=6%, list=1%, signal=6%	
REGULATION OF ACTIN FILAMENT DEPOLYMERIZATION%GOBP%GO:0030834	REGULATION OF ACTIN FILAMENT DEPOLYMERIZATION%GOBP%GO:0030834		28	-0.3005178	-0.8173986	0.78698224	0.9965175	1.0	4941	tags=57%, list=30%, signal=82%	
CELLULAR RESPONSE TO MOLECULE OF BACTERIAL ORIGIN%GOBP%GO:0071219	CELLULAR RESPONSE TO MOLECULE OF BACTERIAL ORIGIN%GOBP%GO:0071219		102	-0.2509029	-0.8171466	0.8813264	0.9965482	1.0	1349	tags=10%, list=8%, signal=11%	
ATF-2 TRANSCRIPTION FACTOR NETWORK%PATHWAY INTERACTION DATABASE NCI-NATURE CURATED DATA%ATF-2 TRANSCRIPTION FACTOR NETWORK	ATF-2 TRANSCRIPTION FACTOR NETWORK%PATHWAY INTERACTION DATABASE NCI-NATURE CURATED DATA%ATF-2 TRANSCRIPTION FACTOR NETWORK		49	-0.28047702	-0.8166028	0.7874763	0.9971543	1.0	2542	tags=24%, list=15%, signal=29%	
IMMUNE RESPONSE-ACTIVATING CELL SURFACE RECEPTOR SIGNALING PATHWAY%GOBP%GO:0002429	IMMUNE RESPONSE-ACTIVATING CELL SURFACE RECEPTOR SIGNALING PATHWAY%GOBP%GO:0002429		185	-0.23016721	-0.8164792	0.92795885	0.9969047	1.0	3167	tags=17%, list=19%, signal=21%	
HALLMARK OF CANCER METASTASIS AND EPITHELIAL TO MESENCHYMAL TRANSITION%WIKIPATHWAYS_20250810%WP5469%HOMO SAPIENS	HALLMARK OF CANCER METASTASIS AND EPITHELIAL TO MESENCHYMAL TRANSITION%WIKIPATHWAYS_20250810%WP5469%HOMO SAPIENS		18	-0.3444615	-0.8163952	0.71428573	0.9965425	1.0	1590	tags=17%, list=10%, signal=18%	
POSITIVE REGULATION OF DEVELOPMENTAL GROWTH%GOBP%GO:0048639	POSITIVE REGULATION OF DEVELOPMENTAL GROWTH%GOBP%GO:0048639		59	-0.2649569	-0.81626475	0.8375451	0.9962784	1.0	3827	tags=25%, list=23%, signal=33%	
NEGATIVE REGULATION OF TRANSMEMBRANE RECEPTOR PROTEIN SERINE/THREONINE KINASE SIGNALING PATHWAY%GOBP%GO:0090101	NEGATIVE REGULATION OF TRANSMEMBRANE RECEPTOR PROTEIN SERINE/THREONINE KINASE SIGNALING PATHWAY%GOBP%GO:0090101		106	-0.24894413	-0.81557184	0.8855634	0.9972142	1.0	3427	tags=24%, list=21%, signal=30%	
EXCITATORY SYNAPSE ASSEMBLY%GOBP%GO:1904861	EXCITATORY SYNAPSE ASSEMBLY%GOBP%GO:1904861		16	-0.35551766	-0.8154025	0.7026022	0.99704415	1.0	3514	tags=38%, list=21%, signal=48%	
NEGATIVE REGULATION OF ERBB SIGNALING PATHWAY%GOBP%GO:1901185	NEGATIVE REGULATION OF ERBB SIGNALING PATHWAY%GOBP%GO:1901185		26	-0.31594047	-0.8151523	0.7324478	0.9970306	1.0	1587	tags=15%, list=10%, signal=17%	
REGULATION OF MITF-M-DEPENDENT GENES INVOLVED IN CELL CYCLE AND PROLIFERATION%REACTOME DATABASE ID RELEASE 93%9825892	REGULATION OF MITF-M-DEPENDENT GENES INVOLVED IN CELL CYCLE AND PROLIFERATION%REACTOME DATABASE ID RELEASE 93%9825892		17	-0.3459966	-0.8149563	0.7245509	0.99692506	1.0	126	tags=6%, list=1%, signal=6%	
MITOTIC G1 PHASE AND G1 S TRANSITION%REACTOME DATABASE ID RELEASE 93%453279	MITOTIC G1 PHASE AND G1 S TRANSITION%REACTOME DATABASE ID RELEASE 93%453279		128	-0.24058704	-0.8148366	0.9094077	0.9966467	1.0	2755	tags=18%, list=17%, signal=21%	
INTRACELLULAR CHOLESTEROL TRANSPORT%GOBP%GO:0032367	INTRACELLULAR CHOLESTEROL TRANSPORT%GOBP%GO:0032367		15	-0.3563432	-0.8145346	0.709369	0.9967221	1.0	2095	tags=33%, list=13%, signal=38%	
L-AMINO ACID METABOLIC PROCESS%GOBP%GO:0170033	L-AMINO ACID METABOLIC PROCESS%GOBP%GO:0170033		115	-0.24554618	-0.81387264	0.89948004	0.99756396	1.0	1832	tags=11%, list=11%, signal=13%	
ACIDIC AMINO ACID TRANSPORT%GOBP%GO:0015800	ACIDIC AMINO ACID TRANSPORT%GOBP%GO:0015800		21	-0.3295435	-0.8138032	0.74206346	0.9971713	1.0	1837	tags=19%, list=11%, signal=21%	
POSITIVE REGULATION OF PHOSPHATIDYLINOSITOL 3-KINASE/PROTEIN KINASE B SIGNAL TRANSDUCTION%GOBP%GO:0051897	POSITIVE REGULATION OF PHOSPHATIDYLINOSITOL 3-KINASE/PROTEIN KINASE B SIGNAL TRANSDUCTION%GOBP%GO:0051897		142	-0.23627673	-0.81355464	0.9270833	0.9971546	1.0	3175	tags=17%, list=19%, signal=21%	
VALIDATED TARGETS OF C-MYC TRANSCRIPTIONAL REPRESSION%PATHWAY INTERACTION DATABASE NCI-NATURE CURATED DATA%VALIDATED TARGETS OF C-MYC TRANSCRIPTIONAL REPRESSION	VALIDATED TARGETS OF C-MYC TRANSCRIPTIONAL REPRESSION%PATHWAY INTERACTION DATABASE NCI-NATURE CURATED DATA%VALIDATED TARGETS OF C-MYC TRANSCRIPTIONAL REPRESSION		60	-0.26364607	-0.81297964	0.84171325	0.99785906	1.0	2442	tags=15%, list=15%, signal=18%	
IL4 SIGNALING%WIKIPATHWAYS_20250810%WP395%HOMO SAPIENS	IL4 SIGNALING%WIKIPATHWAYS_20250810%WP395%HOMO SAPIENS		37	-0.29693294	-0.8122535	0.8018182	0.9988207	1.0	1569	tags=19%, list=10%, signal=21%	
GUANIDINOACETATE METHYLTRANSFERASE DEFICIENCY (GAMT DEFICIENCY)%SMPDB%SMP0000188	GUANIDINOACETATE METHYLTRANSFERASE DEFICIENCY (GAMT DEFICIENCY)%SMPDB%SMP0000188		16	-0.341963	-0.81225145	0.73652697	0.9982981	1.0	1465	tags=19%, list=9%, signal=21%	
EMBRYONIC ORGAN MORPHOGENESIS%GOBP%GO:0048562	EMBRYONIC ORGAN MORPHOGENESIS%GOBP%GO:0048562		96	-0.25037733	-0.8117702	0.87725633	0.9987588	1.0	3180	tags=18%, list=19%, signal=22%	
POSITIVE REGULATION OF DENDRITE MORPHOGENESIS%GOBP%GO:0050775	POSITIVE REGULATION OF DENDRITE MORPHOGENESIS%GOBP%GO:0050775		16	-0.34362975	-0.811736	0.76982594	0.99829656	1.0	1443	tags=19%, list=9%, signal=21%	
LIPOPROTEIN BIOSYNTHETIC PROCESS%GOBP%GO:0042158	LIPOPROTEIN BIOSYNTHETIC PROCESS%GOBP%GO:0042158		28	-0.30517858	-0.8115555	0.7485605	0.9981689	1.0	1842	tags=18%, list=11%, signal=20%	
PID_TRAIL_PATHWAY%MSIGDB_C2%PID_TRAIL_PATHWAY	PID_TRAIL_PATHWAY%MSIGDB_C2%PID_TRAIL_PATHWAY		23	-0.31852782	-0.81136787	0.75247526	0.9980277	1.0	2189	tags=22%, list=13%, signal=25%	
LAMELLIPODIUM ORGANIZATION%GOBP%GO:0097581	LAMELLIPODIUM ORGANIZATION%GOBP%GO:0097581		30	-0.30187026	-0.81056905	0.7755511	0.99909693	1.0	3647	tags=30%, list=22%, signal=38%	
POSITIVE REGULATION OF ERYTHROCYTE DIFFERENTIATION%GOBP%GO:0045648	POSITIVE REGULATION OF ERYTHROCYTE DIFFERENTIATION%GOBP%GO:0045648		25	-0.31065676	-0.8105147	0.7741313	0.9986855	1.0	1687	tags=12%, list=10%, signal=13%	
PROTEIN O-LINKED GLYCOSYLATION VIA MANNOSE%GOBP%GO:0035269	PROTEIN O-LINKED GLYCOSYLATION VIA MANNOSE%GOBP%GO:0035269		16	-0.34517473	-0.81041574	0.7123552	0.99835646	1.0	1609	tags=13%, list=10%, signal=14%	
EPITHELIAL CELL DEVELOPMENT%GOBP%GO:0002064	EPITHELIAL CELL DEVELOPMENT%GOBP%GO:0002064		67	-0.26094228	-0.81001407	0.8727273	0.99865395	1.0	3113	tags=22%, list=19%, signal=28%	
HYPERORNITHINEMIA WITH GYRATE ATROPHY (HOGA)%PATHWHIZ%PW000481	HYPERORNITHINEMIA WITH GYRATE ATROPHY (HOGA)%PATHWHIZ%PW000481		16	-0.341963	-0.8094381	0.742915	0.99932736	1.0	1465	tags=19%, list=9%, signal=21%	
MEMBRANE FUSION%GOBP%GO:0061025	MEMBRANE FUSION%GOBP%GO:0061025		114	-0.23977618	-0.8084074	0.9197861	1.0	1.0	1602	tags=11%, list=10%, signal=13%	
ACETAMINOPHEN METABOLISM PATHWAY%PATHWHIZ%PW000616	ACETAMINOPHEN METABOLISM PATHWAY%PATHWHIZ%PW000616		17	-0.3476119	-0.8083755	0.74791664	1.0	1.0	699	tags=12%, list=4%, signal=12%	
METAL ION SLC TRANSPORTERS%REACTOME%R-HSA-425410.4	METAL ION SLC TRANSPORTERS%REACTOME%R-HSA-425410.4		18	-0.3353088	-0.80794865	0.7413793	1.0	1.0	3663	tags=28%, list=22%, signal=36%	
POSITIVE REGULATION OF RHO PROTEIN SIGNAL TRANSDUCTION%GOBP%GO:0035025	POSITIVE REGULATION OF RHO PROTEIN SIGNAL TRANSDUCTION%GOBP%GO:0035025		22	-0.32216218	-0.8077181	0.7559055	1.0	1.0	2081	tags=23%, list=13%, signal=26%	
STING PATHWAY IN KAWASAKI LIKE DISEASE AND COVID 19%WIKIPATHWAYS_20250810%WP4961%HOMO SAPIENS	STING PATHWAY IN KAWASAKI LIKE DISEASE AND COVID 19%WIKIPATHWAYS_20250810%WP4961%HOMO SAPIENS		17	-0.33959416	-0.8075536	0.7428023	1.0	1.0	975	tags=18%, list=6%, signal=19%	
CELLULAR RESPONSE TO VASCULAR ENDOTHELIAL GROWTH FACTOR STIMULUS%GOBP%GO:0035924	CELLULAR RESPONSE TO VASCULAR ENDOTHELIAL GROWTH FACTOR STIMULUS%GOBP%GO:0035924		37	-0.29385868	-0.8075306	0.8011257	1.0	1.0	2234	tags=22%, list=14%, signal=25%	
GLUTAMATE RECEPTOR SIGNALING PATHWAY%GOBP%GO:0007215	GLUTAMATE RECEPTOR SIGNALING PATHWAY%GOBP%GO:0007215		40	-0.28961277	-0.8072966	0.81285447	1.0	1.0	3866	tags=25%, list=24%, signal=33%	
PID_SMAD2_3NUCLEAR_PATHWAY%MSIGDB_C2%PID_SMAD2_3NUCLEAR_PATHWAY	PID_SMAD2_3NUCLEAR_PATHWAY%MSIGDB_C2%PID_SMAD2_3NUCLEAR_PATHWAY		55	-0.27508423	-0.8070869	0.82341653	0.99995846	1.0	2631	tags=24%, list=16%, signal=28%	
FAT CELL DIFFERENTIATION%GOBP%GO:0045444	FAT CELL DIFFERENTIATION%GOBP%GO:0045444		63	-0.2672821	-0.80706155	0.8560461	0.99949896	1.0	2888	tags=21%, list=18%, signal=25%	
RESPONSE TO ACID CHEMICAL%GOBP%GO:0001101	RESPONSE TO ACID CHEMICAL%GOBP%GO:0001101		47	-0.27667257	-0.8070497	0.82608694	0.9990012	1.0	3849	tags=38%, list=23%, signal=50%	
ANTIGEN PRESENTATION: FOLDING, ASSEMBLY AND PEPTIDE LOADING OF CLASS I MHC%REACTOME%R-HSA-983170.5	ANTIGEN PRESENTATION: FOLDING, ASSEMBLY AND PEPTIDE LOADING OF CLASS I MHC%REACTOME%R-HSA-983170.5		26	-0.31300372	-0.80666625	0.79850745	0.9992468	1.0	1256	tags=12%, list=8%, signal=12%	
EMBRYONIC HEART TUBE MORPHOGENESIS%GOBP%GO:0003143	EMBRYONIC HEART TUBE MORPHOGENESIS%GOBP%GO:0003143		31	-0.30059764	-0.8061697	0.79371315	0.99973714	1.0	270	tags=6%, list=2%, signal=7%	
EXTRACELLULAR VESICLE MEDIATED SIGNALING IN RECIPIENT CELLS%WIKIPATHWAYS_20250810%WP2870%HOMO SAPIENS	EXTRACELLULAR VESICLE MEDIATED SIGNALING IN RECIPIENT CELLS%WIKIPATHWAYS_20250810%WP2870%HOMO SAPIENS		21	-0.32818115	-0.8060634	0.740038	0.9994126	1.0	1822	tags=19%, list=11%, signal=21%	
CELLULAR RESPONSE TO LIPOPOLYSACCHARIDE%GOBP%GO:0071222	CELLULAR RESPONSE TO LIPOPOLYSACCHARIDE%GOBP%GO:0071222		92	-0.24775475	-0.80566716	0.87697715	0.9996992	1.0	1349	tags=10%, list=8%, signal=11%	
REGULATION OF TRANSMEMBRANE RECEPTOR PROTEIN SERINE/THREONINE KINASE SIGNALING PATHWAY%GOBP%GO:0090092	REGULATION OF TRANSMEMBRANE RECEPTOR PROTEIN SERINE/THREONINE KINASE SIGNALING PATHWAY%GOBP%GO:0090092		183	-0.22734992	-0.80546063	0.966899	0.99958754	1.0	3347	tags=20%, list=20%, signal=25%	
PID_RETINOIC_ACID_PATHWAY%MSIGDB_C2%PID_RETINOIC_ACID_PATHWAY	PID_RETINOIC_ACID_PATHWAY%MSIGDB_C2%PID_RETINOIC_ACID_PATHWAY		20	-0.32992628	-0.8048844	0.75238097	1.0	1.0	1121	tags=20%, list=7%, signal=21%	
HIPPO MERLIN SIGNALING DYSREGULATION%WIKIPATHWAYS_20250810%WP4541%HOMO SAPIENS	HIPPO MERLIN SIGNALING DYSREGULATION%WIKIPATHWAYS_20250810%WP4541%HOMO SAPIENS		76	-0.25485852	-0.80467707	0.87298745	1.0	1.0	3371	tags=21%, list=21%, signal=26%	
CELLULAR PROCESS INVOLVED IN REPRODUCTION IN MULTICELLULAR ORGANISM%GOBP%GO:0022412	CELLULAR PROCESS INVOLVED IN REPRODUCTION IN MULTICELLULAR ORGANISM%GOBP%GO:0022412		168	-0.2287773	-0.8044668	0.95	1.0	1.0	4361	tags=32%, list=27%, signal=43%	
3'-UTR-MEDIATED MRNA DESTABILIZATION%GOBP%GO:0061158	3'-UTR-MEDIATED MRNA DESTABILIZATION%GOBP%GO:0061158		16	-0.35224843	-0.8037354	0.7590133	1.0	1.0	1369	tags=19%, list=8%, signal=20%	
NEGATIVE REGULATION OF CELL PROJECTION ORGANIZATION%GOBP%GO:0031345	NEGATIVE REGULATION OF CELL PROJECTION ORGANIZATION%GOBP%GO:0031345		106	-0.2397132	-0.80338657	0.9174312	1.0	1.0	2284	tags=15%, list=14%, signal=17%	
NEGATIVE REGULATION OF OSTEOBLAST DIFFERENTIATION%GOBP%GO:0045668	NEGATIVE REGULATION OF OSTEOBLAST DIFFERENTIATION%GOBP%GO:0045668		31	-0.301745	-0.80280674	0.80923694	1.0	1.0	1324	tags=10%, list=8%, signal=11%	
LEUKOCYTE DEGRANULATION%GOBP%GO:0043299	LEUKOCYTE DEGRANULATION%GOBP%GO:0043299		16	-0.34706527	-0.8026977	0.7410359	1.0	1.0	1671	tags=19%, list=10%, signal=21%	
REGULATION OF NECROPTOTIC PROCESS%GOBP%GO:0060544	REGULATION OF NECROPTOTIC PROCESS%GOBP%GO:0060544		19	-0.33211195	-0.80226964	0.7602862	1.0	1.0	2786	tags=21%, list=17%, signal=25%	
HEART PROCESS%GOBP%GO:0003015	HEART PROCESS%GOBP%GO:0003015		64	-0.25910702	-0.8016346	0.8703704	1.0	1.0	1412	tags=11%, list=9%, signal=12%	
SYNDECAN INTERACTIONS%REACTOME%R-HSA-3000170.4	SYNDECAN INTERACTIONS%REACTOME%R-HSA-3000170.4		18	-0.3346181	-0.800318	0.75680935	1.0	1.0	51	tags=6%, list=0%, signal=6%	
WNT SIGNALING IN KIDNEY DISEASE%WIKIPATHWAYS_20250810%WP4150%HOMO SAPIENS	WNT SIGNALING IN KIDNEY DISEASE%WIKIPATHWAYS_20250810%WP4150%HOMO SAPIENS		22	-0.317971	-0.80004996	0.7621951	1.0	1.0	2838	tags=23%, list=17%, signal=27%	
ACTIN NUCLEATION%GOBP%GO:0045010	ACTIN NUCLEATION%GOBP%GO:0045010		16	-0.34937224	-0.7996116	0.77029705	1.0	1.0	3137	tags=44%, list=19%, signal=54%	
REGULATION OF KERATINOCYTE DIFFERENTIATION%GOBP%GO:0045616	REGULATION OF KERATINOCYTE DIFFERENTIATION%GOBP%GO:0045616		24	-0.31503963	-0.7995259	0.7762646	1.0	1.0	1077	tags=8%, list=7%, signal=9%	
ARGININE AND PROLINE METABOLISM%SMPDB%SMP0000020	ARGININE AND PROLINE METABOLISM%SMPDB%SMP0000020		16	-0.341963	-0.79947156	0.7217899	1.0	1.0	1465	tags=19%, list=9%, signal=21%	
TNF ALPHA SIGNALING%WIKIPATHWAYS_20250810%WP231%HOMO SAPIENS	TNF ALPHA SIGNALING%WIKIPATHWAYS_20250810%WP231%HOMO SAPIENS		69	-0.25501698	-0.7988854	0.88160294	1.0	1.0	1185	tags=12%, list=7%, signal=12%	
REGULATION OF CD4-POSITIVE, ALPHA-BETA T CELL DIFFERENTIATION%GOBP%GO:0043370	REGULATION OF CD4-POSITIVE, ALPHA-BETA T CELL DIFFERENTIATION%GOBP%GO:0043370		44	-0.28376997	-0.7984306	0.83553874	1.0	1.0	3556	tags=32%, list=22%, signal=41%	
OXIDATIVE DAMAGE RESPONSE%WIKIPATHWAYS_20250810%WP3941%HOMO SAPIENS	OXIDATIVE DAMAGE RESPONSE%WIKIPATHWAYS_20250810%WP3941%HOMO SAPIENS		36	-0.2921854	-0.7974763	0.80255944	1.0	1.0	901	tags=6%, list=5%, signal=6%	
HYPERORNITHINEMIA-HYPERAMMONEMIA-HOMOCITRULLINURIA [HHH-SYNDROME]%PATHWHIZ%PW000482	HYPERORNITHINEMIA-HYPERAMMONEMIA-HOMOCITRULLINURIA [HHH-SYNDROME]%PATHWHIZ%PW000482		16	-0.341963	-0.797394	0.7819253	1.0	1.0	1465	tags=19%, list=9%, signal=21%	
PID_ATF2_PATHWAY%MSIGDB_C2%PID_ATF2_PATHWAY	PID_ATF2_PATHWAY%MSIGDB_C2%PID_ATF2_PATHWAY		44	-0.27627578	-0.79692	0.85882354	1.0	1.0	2542	tags=25%, list=15%, signal=30%	
L-ARGININE:GLYCINE AMIDINOTRANSFERASE DEFICIENCY%PATHWHIZ%PW000483	L-ARGININE:GLYCINE AMIDINOTRANSFERASE DEFICIENCY%PATHWHIZ%PW000483		16	-0.341963	-0.7967784	0.75	1.0	1.0	1465	tags=19%, list=9%, signal=21%	
POSITIVE REGULATION OF BMP SIGNALING PATHWAY%GOBP%GO:0030513	POSITIVE REGULATION OF BMP SIGNALING PATHWAY%GOBP%GO:0030513		20	-0.3238707	-0.7965383	0.78336555	1.0	1.0	1601	tags=15%, list=10%, signal=17%	
MOLECULES ASSOCIATED WITH ELASTIC FIBRES%REACTOME DATABASE ID RELEASE 93%2129379	MOLECULES ASSOCIATED WITH ELASTIC FIBRES%REACTOME DATABASE ID RELEASE 93%2129379		24	-0.31249976	-0.7964041	0.7609489	1.0	1.0	51	tags=4%, list=0%, signal=4%	
BILE ACID BIOSYNTHETIC PROCESS%GOBP%GO:0006699	BILE ACID BIOSYNTHETIC PROCESS%GOBP%GO:0006699		21	-0.3269635	-0.7962387	0.7681992	1.0	1.0	2735	tags=38%, list=17%, signal=46%	
B CELL ACTIVATION%GOBP%GO:0042113	B CELL ACTIVATION%GOBP%GO:0042113		95	-0.24213997	-0.7960732	0.8996479	1.0	1.0	2194	tags=14%, list=13%, signal=16%	
COPII-COATED VESICLE CARGO LOADING%GOBP%GO:0090110	COPII-COATED VESICLE CARGO LOADING%GOBP%GO:0090110		17	-0.33728802	-0.7958141	0.7664093	1.0	1.0	1151	tags=12%, list=7%, signal=13%	
PROLIDASE DEFICIENCY (PD)%PATHWHIZ%PW000083	PROLIDASE DEFICIENCY (PD)%PATHWHIZ%PW000083		16	-0.341963	-0.7945433	0.74552685	1.0	1.0	1465	tags=19%, list=9%, signal=21%	
CARDIAC CELL DEVELOPMENT%GOBP%GO:0055006	CARDIAC CELL DEVELOPMENT%GOBP%GO:0055006		29	-0.30348727	-0.7940573	0.7889734	1.0	1.0	1928	tags=14%, list=12%, signal=16%	
ORNITHINE AMINOTRANSFERASE DEFICIENCY (OAT DEFICIENCY)%SMPDB%SMP0000363	ORNITHINE AMINOTRANSFERASE DEFICIENCY (OAT DEFICIENCY)%SMPDB%SMP0000363		16	-0.341963	-0.79382116	0.7673077	1.0	1.0	1465	tags=19%, list=9%, signal=21%	
METABOLIC DISORDERS OF BIOLOGICAL OXIDATION ENZYMES%REACTOME%R-HSA-5579029.5	METABOLIC DISORDERS OF BIOLOGICAL OXIDATION ENZYMES%REACTOME%R-HSA-5579029.5		22	-0.31434494	-0.7926913	0.790927	1.0	1.0	2578	tags=27%, list=16%, signal=32%	
ARGININE: GLYCINE AMIDINOTRANSFERASE DEFICIENCY (AGAT DEFICIENCY)%PATHWHIZ%PW000084	ARGININE: GLYCINE AMIDINOTRANSFERASE DEFICIENCY (AGAT DEFICIENCY)%PATHWHIZ%PW000084		16	-0.341963	-0.79246974	0.7610442	1.0	1.0	1465	tags=19%, list=9%, signal=21%	
NEGATIVE REGULATION OF CELL MIGRATION INVOLVED IN SPROUTING ANGIOGENESIS%GOBP%GO:0090051	NEGATIVE REGULATION OF CELL MIGRATION INVOLVED IN SPROUTING ANGIOGENESIS%GOBP%GO:0090051		15	-0.3418767	-0.7923407	0.7798354	1.0	1.0	54	tags=7%, list=0%, signal=7%	
RESPONSE TO GLUCAGON%GOBP%GO:0033762	RESPONSE TO GLUCAGON%GOBP%GO:0033762		15	-0.34361246	-0.7914483	0.749499	1.0	1.0	2186	tags=20%, list=13%, signal=23%	
PID_REG_GR_PATHWAY%MSIGDB_C2%PID_REG_GR_PATHWAY	PID_REG_GR_PATHWAY%MSIGDB_C2%PID_REG_GR_PATHWAY		51	-0.26868644	-0.79001707	0.8455882	1.0	1.0	2631	tags=25%, list=16%, signal=30%	
CREATINE DEFICIENCY, GUANIDINOACETATE METHYLTRANSFERASE DEFICIENCY%PATHWHIZ%PW000480	CREATINE DEFICIENCY, GUANIDINOACETATE METHYLTRANSFERASE DEFICIENCY%PATHWHIZ%PW000480		16	-0.341963	-0.7893966	0.7634195	1.0	1.0	1465	tags=19%, list=9%, signal=21%	
HYPERPROLINEMIA TYPE I%SMPDB%SMP0000361	HYPERPROLINEMIA TYPE I%SMPDB%SMP0000361		16	-0.341963	-0.7891622	0.7667304	1.0	1.0	1465	tags=19%, list=9%, signal=21%	
POSITIVE REGULATION OF EPITHELIAL CELL MIGRATION%GOBP%GO:0010634	POSITIVE REGULATION OF EPITHELIAL CELL MIGRATION%GOBP%GO:0010634		34	-0.2800909	-0.7877236	0.83040935	1.0	1.0	2488	tags=18%, list=15%, signal=21%	
PROLINEMIA TYPE II%PATHWHIZ%PW000087	PROLINEMIA TYPE II%PATHWHIZ%PW000087		16	-0.341963	-0.7873884	0.7907869	1.0	1.0	1465	tags=19%, list=9%, signal=21%	
HYPERPROLINEMIA TYPE II%SMPDB%SMP0000360	HYPERPROLINEMIA TYPE II%SMPDB%SMP0000360		16	-0.341963	-0.78703195	0.76679844	1.0	1.0	1465	tags=19%, list=9%, signal=21%	
POSITIVE REGULATION OF INTERFERON-BETA PRODUCTION%GOBP%GO:0032728	POSITIVE REGULATION OF INTERFERON-BETA PRODUCTION%GOBP%GO:0032728		35	-0.28505805	-0.78659016	0.82834333	1.0	1.0	1794	tags=17%, list=11%, signal=19%	
REGULATED EXOCYTOSIS%GOBP%GO:0045055	REGULATED EXOCYTOSIS%GOBP%GO:0045055		79	-0.2443678	-0.78651994	0.91470057	1.0	1.0	1671	tags=10%, list=10%, signal=11%	
NEGATIVE REGULATION OF T CELL DIFFERENTIATION%GOBP%GO:0045581	NEGATIVE REGULATION OF T CELL DIFFERENTIATION%GOBP%GO:0045581		28	-0.3007143	-0.786462	0.7953668	1.0	1.0	1297	tags=14%, list=8%, signal=15%	
CIRCADIAN RHYTHM PATHWAY%PATHWAY INTERACTION DATABASE NCI-NATURE CURATED DATA%CIRCADIAN RHYTHM PATHWAY	CIRCADIAN RHYTHM PATHWAY%PATHWAY INTERACTION DATABASE NCI-NATURE CURATED DATA%CIRCADIAN RHYTHM PATHWAY		15	-0.34428948	-0.7859599	0.7570281	1.0	1.0	2674	tags=40%, list=16%, signal=48%	
PID_TCR_CALCIUM_PATHWAY%MSIGDB_C2%PID_TCR_CALCIUM_PATHWAY	PID_TCR_CALCIUM_PATHWAY%MSIGDB_C2%PID_TCR_CALCIUM_PATHWAY		15	-0.34866187	-0.7858113	0.76160336	1.0	1.0	1474	tags=13%, list=9%, signal=15%	
BASEMENT MEMBRANE ORGANIZATION%GOBP%GO:0071711	BASEMENT MEMBRANE ORGANIZATION%GOBP%GO:0071711		16	-0.33452362	-0.7856677	0.7740668	1.0	1.0	2359	tags=25%, list=14%, signal=29%	
PID_EPHA_FWDPATHWAY%MSIGDB_C2%PID_EPHA_FWDPATHWAY	PID_EPHA_FWDPATHWAY%MSIGDB_C2%PID_EPHA_FWDPATHWAY		24	-0.30536863	-0.78524166	0.81960785	1.0	1.0	1684	tags=13%, list=10%, signal=14%	
NEGATIVE REGULATION OF CELL-MATRIX ADHESION%GOBP%GO:0001953	NEGATIVE REGULATION OF CELL-MATRIX ADHESION%GOBP%GO:0001953		30	-0.28987232	-0.7852146	0.8431002	1.0	1.0	2097	tags=17%, list=13%, signal=19%	
PID_NFAT_TFPATHWAY%MSIGDB_C2%PID_NFAT_TFPATHWAY	PID_NFAT_TFPATHWAY%MSIGDB_C2%PID_NFAT_TFPATHWAY		31	-0.2925025	-0.7848392	0.82725525	1.0	1.0	1904	tags=13%, list=12%, signal=15%	
REGULATION OF TRANSLATION IN RESPONSE TO STRESS%GOBP%GO:0043555	REGULATION OF TRANSLATION IN RESPONSE TO STRESS%GOBP%GO:0043555		15	-0.34170797	-0.78391594	0.753112	1.0	1.0	2998	tags=40%, list=18%, signal=49%	
ACTIVATED PKN1 STIMULATES TRANSCRIPTION OF AR (ANDROGEN RECEPTOR) REGULATED GENES KLK2 AND KLK3%REACTOME%R-HSA-5625886.3	ACTIVATED PKN1 STIMULATES TRANSCRIPTION OF AR (ANDROGEN RECEPTOR) REGULATED GENES KLK2 AND KLK3%REACTOME%R-HSA-5625886.3		17	-0.3350778	-0.78373265	0.77394634	1.0	1.0	2843	tags=18%, list=17%, signal=21%	
OSTEOBLAST DIFFERENTIATION AND RELATED DISEASES%WIKIPATHWAYS_20250810%WP4787%HOMO SAPIENS	OSTEOBLAST DIFFERENTIATION AND RELATED DISEASES%WIKIPATHWAYS_20250810%WP4787%HOMO SAPIENS		75	-0.24832778	-0.7837304	0.88740456	1.0	1.0	2846	tags=23%, list=17%, signal=27%	
TYPE I COLLAGEN SYNTHESIS IN THE CONTEXT OF OSTEOGENESIS IMPERFECTA%WIKIPATHWAYS_20250810%WP4786%HOMO SAPIENS	TYPE I COLLAGEN SYNTHESIS IN THE CONTEXT OF OSTEOGENESIS IMPERFECTA%WIKIPATHWAYS_20250810%WP4786%HOMO SAPIENS		24	-0.30500826	-0.78328717	0.80798477	1.0	1.0	2564	tags=21%, list=16%, signal=25%	
RNA 5'-END PROCESSING%GOBP%GO:0000966	RNA 5'-END PROCESSING%GOBP%GO:0000966		31	-0.2912336	-0.78300565	0.83047616	1.0	1.0	2244	tags=23%, list=14%, signal=26%	
RETT SYNDROME%WIKIPATHWAYS_20250810%WP4312%HOMO SAPIENS	RETT SYNDROME%WIKIPATHWAYS_20250810%WP4312%HOMO SAPIENS		39	-0.2776997	-0.78277963	0.840691	1.0	1.0	4047	tags=38%, list=25%, signal=51%	
INTEGRATED CANCER PATHWAY%WIKIPATHWAYS_20250810%WP1971%HOMO SAPIENS	INTEGRATED CANCER PATHWAY%WIKIPATHWAYS_20250810%WP1971%HOMO SAPIENS		36	-0.2823391	-0.7824341	0.85794395	1.0	1.0	2915	tags=28%, list=18%, signal=34%	
CELL JUNCTION MAINTENANCE%GOBP%GO:0034331	CELL JUNCTION MAINTENANCE%GOBP%GO:0034331		21	-0.31675813	-0.78186464	0.7894737	1.0	1.0	83	tags=5%, list=1%, signal=5%	
TRANSLESION SYNTHESIS BY POLH%REACTOME%R-HSA-110320.3	TRANSLESION SYNTHESIS BY POLH%REACTOME%R-HSA-110320.3		19	-0.31854308	-0.78180414	0.79041916	1.0	1.0	2337	tags=26%, list=14%, signal=31%	
ESTABLISHMENT OF ENDOTHELIAL BARRIER%GOBP%GO:0061028	ESTABLISHMENT OF ENDOTHELIAL BARRIER%GOBP%GO:0061028		25	-0.3047009	-0.7816115	0.8164948	1.0	1.0	3113	tags=20%, list=19%, signal=25%	
T CELL MEDIATED IMMUNITY%GOBP%GO:0002456	T CELL MEDIATED IMMUNITY%GOBP%GO:0002456		17	-0.3326525	-0.78122264	0.7976424	1.0	1.0	4605	tags=47%, list=28%, signal=65%	
THE ONCOGENIC ACTION OF SUCCINATE%PATHWHIZ%PW002360	THE ONCOGENIC ACTION OF SUCCINATE%PATHWHIZ%PW002360		23	-0.30513635	-0.77975607	0.7980198	1.0	1.0	1677	tags=13%, list=10%, signal=15%	
BIOCARTA_WNT_PATHWAY%MSIGDB_C2%BIOCARTA_WNT_PATHWAY	BIOCARTA_WNT_PATHWAY%MSIGDB_C2%BIOCARTA_WNT_PATHWAY		18	-0.32511473	-0.7796563	0.79881656	1.0	1.0	1304	tags=17%, list=8%, signal=18%	
PID_RAC1_REG_PATHWAY%MSIGDB_C2%PID_RAC1_REG_PATHWAY	PID_RAC1_REG_PATHWAY%MSIGDB_C2%PID_RAC1_REG_PATHWAY		24	-0.31253603	-0.7786938	0.802682	1.0	1.0	4281	tags=46%, list=26%, signal=62%	
MRNA TRANSCRIPTION BY RNA POLYMERASE II%GOBP%GO:0042789	MRNA TRANSCRIPTION BY RNA POLYMERASE II%GOBP%GO:0042789		37	-0.2786399	-0.77865744	0.8509434	1.0	1.0	2968	tags=32%, list=18%, signal=40%	
CGMP-MEDIATED SIGNALING%GOBP%GO:0019934	CGMP-MEDIATED SIGNALING%GOBP%GO:0019934		15	-0.3375862	-0.7785542	0.75959593	1.0	1.0	4859	tags=33%, list=30%, signal=47%	
NEUROTRANSMITTER RELEASE CYCLE%REACTOME DATABASE ID RELEASE 93%112310	NEUROTRANSMITTER RELEASE CYCLE%REACTOME DATABASE ID RELEASE 93%112310		36	-0.28031465	-0.7782606	0.8541667	1.0	1.0	5015	tags=47%, list=31%, signal=68%	
FAS SIGNALING PATHWAY%PANTHER PATHWAY%P00020	FAS SIGNALING PATHWAY%PANTHER PATHWAY%P00020		29	-0.28870037	-0.77814	0.83239174	1.0	1.0	5310	tags=45%, list=32%, signal=66%	
REGULATION OF BETA-CELL DEVELOPMENT%REACTOME%R-HSA-186712.4	REGULATION OF BETA-CELL DEVELOPMENT%REACTOME%R-HSA-186712.4		18	-0.32000625	-0.77720207	0.78651685	1.0	1.0	3531	tags=44%, list=22%, signal=57%	
POSITIVE REGULATION OF CARDIAC MUSCLE TISSUE GROWTH%GOBP%GO:0055023	POSITIVE REGULATION OF CARDIAC MUSCLE TISSUE GROWTH%GOBP%GO:0055023		15	-0.33332515	-0.77698743	0.7767355	1.0	1.0	5723	tags=53%, list=35%, signal=82%	
KIDNEY DEVELOPMENT%GOBP%GO:0001822	KIDNEY DEVELOPMENT%GOBP%GO:0001822		114	-0.23261608	-0.7769534	0.9375	1.0	1.0	1641	tags=11%, list=10%, signal=12%	
REGULATION OF NATURAL KILLER CELL MEDIATED CYTOTOXICITY%GOBP%GO:0042269	REGULATION OF NATURAL KILLER CELL MEDIATED CYTOTOXICITY%GOBP%GO:0042269		31	-0.28968602	-0.7768375	0.84398496	1.0	1.0	670	tags=6%, list=4%, signal=7%	
TUMOR NECROSIS FACTOR-MEDIATED SIGNALING PATHWAY%GOBP%GO:0033209	TUMOR NECROSIS FACTOR-MEDIATED SIGNALING PATHWAY%GOBP%GO:0033209		38	-0.28053173	-0.77668643	0.8457143	1.0	1.0	2632	tags=21%, list=16%, signal=25%	
REGULATION OF AMYLOID PRECURSOR PROTEIN CATABOLIC PROCESS%GOBP%GO:1902991	REGULATION OF AMYLOID PRECURSOR PROTEIN CATABOLIC PROCESS%GOBP%GO:1902991		37	-0.2810601	-0.77634	0.8280961	1.0	1.0	1390	tags=14%, list=8%, signal=15%	
ERBB4 SIGNALING EVENTS%PATHWAY INTERACTION DATABASE NCI-NATURE CURATED DATA%ERBB4 SIGNALING EVENTS	ERBB4 SIGNALING EVENTS%PATHWAY INTERACTION DATABASE NCI-NATURE CURATED DATA%ERBB4 SIGNALING EVENTS		32	-0.27944288	-0.77632153	0.86003685	1.0	1.0	3227	tags=31%, list=20%, signal=39%	
TUMOR SUPPRESSOR ACTIVITY OF SMARCB1%WIKIPATHWAYS_20250810%WP4204%HOMO SAPIENS	TUMOR SUPPRESSOR ACTIVITY OF SMARCB1%WIKIPATHWAYS_20250810%WP4204%HOMO SAPIENS		22	-0.31050733	-0.77628016	0.798419	1.0	1.0	2984	tags=32%, list=18%, signal=39%	
REGULATION OF SYNAPSE ASSEMBLY%GOBP%GO:0051963	REGULATION OF SYNAPSE ASSEMBLY%GOBP%GO:0051963		70	-0.24851592	-0.77611077	0.91433895	1.0	1.0	1015	tags=9%, list=6%, signal=9%	
COBALAMIN (CBL, VITAMIN B12) TRANSPORT AND METABOLISM%REACTOME%R-HSA-196741.7	COBALAMIN (CBL, VITAMIN B12) TRANSPORT AND METABOLISM%REACTOME%R-HSA-196741.7		17	-0.32911372	-0.7759861	0.8069106	1.0	1.0	2046	tags=24%, list=12%, signal=27%	
ENDOCARDIAL CUSHION MORPHOGENESIS%GOBP%GO:0003203	ENDOCARDIAL CUSHION MORPHOGENESIS%GOBP%GO:0003203		27	-0.29310122	-0.7759162	0.8295688	1.0	1.0	2061	tags=15%, list=13%, signal=17%	
O-LINKED GLYCOSYLATION%REACTOME DATABASE ID RELEASE 93%5173105	O-LINKED GLYCOSYLATION%REACTOME DATABASE ID RELEASE 93%5173105		100	-0.23617886	-0.77579874	0.93862814	1.0	1.0	3534	tags=21%, list=22%, signal=27%	
MITOTIC METAPHASE CHROMOSOME ALIGNMENT%GOBP%GO:0007080	MITOTIC METAPHASE CHROMOSOME ALIGNMENT%GOBP%GO:0007080		49	-0.26466027	-0.77551097	0.85046726	1.0	1.0	2483	tags=22%, list=15%, signal=26%	
HALLMARK_BILE_ACID_METABOLISM%MSIGDBHALLMARK%HALLMARK_BILE_ACID_METABOLISM	HALLMARK_BILE_ACID_METABOLISM%MSIGDBHALLMARK%HALLMARK_BILE_ACID_METABOLISM		73	-0.24539559	-0.7750353	0.90924954	1.0	1.0	2804	tags=23%, list=17%, signal=28%	
GLUTAMINOLYSIS AND CANCER%SMPDB%SMP0002298	GLUTAMINOLYSIS AND CANCER%SMPDB%SMP0002298		28	-0.3000385	-0.7747182	0.8258317	1.0	1.0	1677	tags=14%, list=10%, signal=16%	
HALLMARK_ALLOGRAFT_REJECTION%MSIGDBHALLMARK%HALLMARK_ALLOGRAFT_REJECTION	HALLMARK_ALLOGRAFT_REJECTION%MSIGDBHALLMARK%HALLMARK_ALLOGRAFT_REJECTION		136	-0.22487676	-0.77392846	0.9605489	1.0	1.0	1720	tags=9%, list=10%, signal=10%	
EAR DEVELOPMENT%GOBP%GO:0043583	EAR DEVELOPMENT%GOBP%GO:0043583		52	-0.26033738	-0.7735337	0.8921002	1.0	1.0	3704	tags=25%, list=23%, signal=32%	
REGULATION OF DNA-TEMPLATED DNA REPLICATION%GOBP%GO:0090329	REGULATION OF DNA-TEMPLATED DNA REPLICATION%GOBP%GO:0090329		34	-0.282861	-0.7734234	0.81964284	1.0	1.0	1857	tags=21%, list=11%, signal=23%	
CARDIAC CHAMBER DEVELOPMENT%GOBP%GO:0003205	CARDIAC CHAMBER DEVELOPMENT%GOBP%GO:0003205		72	-0.24192765	-0.7731341	0.91493386	1.0	1.0	4930	tags=33%, list=30%, signal=47%	
FEMALE MEIOTIC NUCLEAR DIVISION%GOBP%GO:0007143	FEMALE MEIOTIC NUCLEAR DIVISION%GOBP%GO:0007143		15	-0.33406112	-0.7718799	0.7757009	1.0	1.0	2160	tags=20%, list=13%, signal=23%	
EMBRYONIC HEART TUBE DEVELOPMENT%GOBP%GO:0035050	EMBRYONIC HEART TUBE DEVELOPMENT%GOBP%GO:0035050		35	-0.280778	-0.7713586	0.8574219	1.0	1.0	270	tags=6%, list=2%, signal=6%	
THE ONCOGENIC ACTION OF FUMARATE%PATHWHIZ%PW002363	THE ONCOGENIC ACTION OF FUMARATE%PATHWHIZ%PW002363		23	-0.30513635	-0.7708631	0.78669274	1.0	1.0	1677	tags=13%, list=10%, signal=15%	
REGULATION OF NATURAL KILLER CELL MEDIATED IMMUNITY%GOBP%GO:0002715	REGULATION OF NATURAL KILLER CELL MEDIATED IMMUNITY%GOBP%GO:0002715		31	-0.28968602	-0.7704884	0.81578946	1.0	1.0	670	tags=6%, list=4%, signal=7%	
ACTION POTENTIAL%GOBP%GO:0001508	ACTION POTENTIAL%GOBP%GO:0001508		70	-0.2502902	-0.77024984	0.94106466	1.0	1.0	4049	tags=26%, list=25%, signal=34%	
NEGATIVE REGULATION OF CD4-POSITIVE, ALPHA-BETA T CELL DIFFERENTIATION%GOBP%GO:0043371	NEGATIVE REGULATION OF CD4-POSITIVE, ALPHA-BETA T CELL DIFFERENTIATION%GOBP%GO:0043371		16	-0.33061424	-0.7701376	0.8224299	1.0	1.0	3517	tags=31%, list=21%, signal=40%	
ONE CARBON METABOLISM%WIKIPATHWAYS_20250810%WP241%HOMO SAPIENS	ONE CARBON METABOLISM%WIKIPATHWAYS_20250810%WP241%HOMO SAPIENS		16	-0.3299183	-0.76929957	0.7836257	1.0	1.0	288	tags=6%, list=2%, signal=6%	
REGULATION OF NEURONAL SYNAPTIC PLASTICITY%GOBP%GO:0048168	REGULATION OF NEURONAL SYNAPTIC PLASTICITY%GOBP%GO:0048168		36	-0.27763006	-0.7689778	0.8405512	1.0	1.0	2168	tags=17%, list=13%, signal=19%	
FATTY-ACYL-COA METABOLIC PROCESS%GOBP%GO:0035337	FATTY-ACYL-COA METABOLIC PROCESS%GOBP%GO:0035337		36	-0.27740553	-0.76875085	0.8444882	1.0	1.0	3495	tags=28%, list=21%, signal=35%	
POSITIVE REGULATION OF NOTCH SIGNALING PATHWAY%GOBP%GO:0045747	POSITIVE REGULATION OF NOTCH SIGNALING PATHWAY%GOBP%GO:0045747		29	-0.2856241	-0.76873183	0.82568806	1.0	1.0	697	tags=7%, list=4%, signal=7%	
RESPONSE TO METAL ION%GOBP%GO:0010038	RESPONSE TO METAL ION%GOBP%GO:0010038		138	-0.22047158	-0.76827836	0.9721254	1.0	1.0	2786	tags=15%, list=17%, signal=18%	
TYPE II INTERFERON SIGNALING%WIKIPATHWAYS_20250810%WP619%HOMO SAPIENS	TYPE II INTERFERON SIGNALING%WIKIPATHWAYS_20250810%WP619%HOMO SAPIENS		24	-0.30180976	-0.7675322	0.84393066	1.0	1.0	2666	tags=21%, list=16%, signal=25%	
TRANSFORMING GROWTH FACTOR BETA RECEPTOR SUPERFAMILY SIGNALING PATHWAY%GOBP%GO:0141091	TRANSFORMING GROWTH FACTOR BETA RECEPTOR SUPERFAMILY SIGNALING PATHWAY%GOBP%GO:0141091		96	-0.23331903	-0.76687557	0.94464946	1.0	1.0	2225	tags=14%, list=14%, signal=16%	
FBXL10 ENHANCEMENT OF MAP ERK SIGNALING IN DIFFUSE LARGE B CELL LYMPHOMA%WIKIPATHWAYS_20250810%WP4553%HOMO SAPIENS	FBXL10 ENHANCEMENT OF MAP ERK SIGNALING IN DIFFUSE LARGE B CELL LYMPHOMA%WIKIPATHWAYS_20250810%WP4553%HOMO SAPIENS		15	-0.33097824	-0.7665977	0.81904763	1.0	1.0	810	tags=13%, list=5%, signal=14%	
PROCESSING OF INTRONLESS PRE-MRNAS%REACTOME%R-HSA-77595.4	PROCESSING OF INTRONLESS PRE-MRNAS%REACTOME%R-HSA-77595.4		17	-0.32448477	-0.7665694	0.81888247	1.0	1.0	1143	tags=18%, list=7%, signal=19%	
HEART DEVELOPMENT%WIKIPATHWAYS_20250810%WP1591%HOMO SAPIENS	HEART DEVELOPMENT%WIKIPATHWAYS_20250810%WP1591%HOMO SAPIENS		31	-0.28521705	-0.7655547	0.8519924	1.0	1.0	1641	tags=10%, list=10%, signal=11%	
REGULATION OF ENDOPLASMIC RETICULUM STRESS-INDUCED INTRINSIC APOPTOTIC SIGNALING PATHWAY%GOBP%GO:1902235	REGULATION OF ENDOPLASMIC RETICULUM STRESS-INDUCED INTRINSIC APOPTOTIC SIGNALING PATHWAY%GOBP%GO:1902235		24	-0.303137	-0.76518404	0.82191783	1.0	1.0	3034	tags=29%, list=18%, signal=36%	
RESPONSE TO OSMOTIC STRESS%GOBP%GO:0006970	RESPONSE TO OSMOTIC STRESS%GOBP%GO:0006970		44	-0.2659019	-0.7645477	0.9013035	1.0	1.0	2731	tags=20%, list=17%, signal=24%	
EMBRYONIC DIGESTIVE TRACT DEVELOPMENT%GOBP%GO:0048566	EMBRYONIC DIGESTIVE TRACT DEVELOPMENT%GOBP%GO:0048566		16	-0.32354742	-0.7644278	0.7903226	1.0	1.0	447	tags=6%, list=3%, signal=6%	
DORSAL/VENTRAL PATTERN FORMATION%GOBP%GO:0009953	DORSAL/VENTRAL PATTERN FORMATION%GOBP%GO:0009953		25	-0.29744002	-0.7642654	0.83832335	1.0	1.0	2718	tags=24%, list=17%, signal=29%	
POSITIVE REGULATION OF CELL CYCLE G2/M PHASE TRANSITION%GOBP%GO:1902751	POSITIVE REGULATION OF CELL CYCLE G2/M PHASE TRANSITION%GOBP%GO:1902751		23	-0.30091256	-0.76326025	0.83809525	1.0	1.0	1218	tags=13%, list=7%, signal=14%	
POSITIVE REGULATION OF LEUKOCYTE ADHESION TO VASCULAR ENDOTHELIAL CELL%GOBP%GO:1904996	POSITIVE REGULATION OF LEUKOCYTE ADHESION TO VASCULAR ENDOTHELIAL CELL%GOBP%GO:1904996		16	-0.33856782	-0.7631683	0.78806585	1.0	1.0	85	tags=6%, list=1%, signal=6%	
PID_GLYPICAN_1PATHWAY%MSIGDB_C2%PID_GLYPICAN_1PATHWAY	PID_GLYPICAN_1PATHWAY%MSIGDB_C2%PID_GLYPICAN_1PATHWAY		21	-0.31011704	-0.7626284	0.8238748	1.0	1.0	722	tags=10%, list=4%, signal=10%	
TRANSLATION FACTORS%WIKIPATHWAYS_20250810%WP107%HOMO SAPIENS	TRANSLATION FACTORS%WIKIPATHWAYS_20250810%WP107%HOMO SAPIENS		39	-0.2715176	-0.762447	0.8579767	1.0	1.0	2042	tags=21%, list=12%, signal=23%	
INTRACELLULAR STEROL TRANSPORT%GOBP%GO:0032366	INTRACELLULAR STEROL TRANSPORT%GOBP%GO:0032366		19	-0.3142349	-0.7617776	0.7956349	1.0	1.0	2095	tags=26%, list=13%, signal=30%	
ALBUTEROL AND BUDESONIDE THERAPY FOR ASTHMA%WIKIPATHWAYS_20250810%WP5503%HOMO SAPIENS	ALBUTEROL AND BUDESONIDE THERAPY FOR ASTHMA%WIKIPATHWAYS_20250810%WP5503%HOMO SAPIENS		16	-0.3359835	-0.76177007	0.81557375	1.0	1.0	3206	tags=25%, list=20%, signal=31%	
NEGATIVE REGULATION OF NEUROGENESIS%GOBP%GO:0050768	NEGATIVE REGULATION OF NEUROGENESIS%GOBP%GO:0050768		50	-0.2581951	-0.7617261	0.88770056	1.0	1.0	1648	tags=12%, list=10%, signal=13%	
EMBRYONIC ORGAN DEVELOPMENT%GOBP%GO:0048568	EMBRYONIC ORGAN DEVELOPMENT%GOBP%GO:0048568		158	-0.21673226	-0.76163	0.982548	1.0	1.0	3704	tags=22%, list=23%, signal=28%	
POSITIVE REGULATION OF T CELL MIGRATION%GOBP%GO:2000406	POSITIVE REGULATION OF T CELL MIGRATION%GOBP%GO:2000406		25	-0.29728737	-0.7611859	0.8580376	1.0	1.0	2187	tags=16%, list=13%, signal=18%	
B CELL DIFFERENTIATION%GOBP%GO:0030183	B CELL DIFFERENTIATION%GOBP%GO:0030183		59	-0.25184324	-0.760883	0.9029982	1.0	1.0	2194	tags=15%, list=13%, signal=18%	
STRESS-ACTIVATED PROTEIN KINASE SIGNALING CASCADE%GOBP%GO:0031098	STRESS-ACTIVATED PROTEIN KINASE SIGNALING CASCADE%GOBP%GO:0031098		18	-0.3154528	-0.7599329	0.8396947	1.0	1.0	1903	tags=22%, list=12%, signal=25%	
MAINTENANCE OF PROTEIN LOCATION IN NUCLEUS%GOBP%GO:0051457	MAINTENANCE OF PROTEIN LOCATION IN NUCLEUS%GOBP%GO:0051457		18	-0.31733865	-0.7592546	0.8065134	1.0	1.0	2766	tags=28%, list=17%, signal=33%	
T-HELPER CELL DIFFERENTIATION%GOBP%GO:0042093	T-HELPER CELL DIFFERENTIATION%GOBP%GO:0042093		26	-0.29030004	-0.758986	0.83518517	1.0	1.0	3484	tags=27%, list=21%, signal=34%	
P75NTR SIGNALS VIA NF-KB%REACTOME DATABASE ID RELEASE 93%193639	P75NTR SIGNALS VIA NF-KB%REACTOME DATABASE ID RELEASE 93%193639		16	-0.3227045	-0.7587226	0.8193669	1.0	1.0	901	tags=13%, list=5%, signal=13%	
REGULATION OF CELL MIGRATION INVOLVED IN SPROUTING ANGIOGENESIS%GOBP%GO:0090049	REGULATION OF CELL MIGRATION INVOLVED IN SPROUTING ANGIOGENESIS%GOBP%GO:0090049		34	-0.2804837	-0.7585751	0.8634538	1.0	1.0	2277	tags=18%, list=14%, signal=20%	
PLATELET HOMEOSTASIS%REACTOME DATABASE ID RELEASE 93%418346	PLATELET HOMEOSTASIS%REACTOME DATABASE ID RELEASE 93%418346		70	-0.24474967	-0.7583333	0.935305	1.0	1.0	2436	tags=17%, list=15%, signal=20%	
CARDIAC MUSCLE CELL ACTION POTENTIAL INVOLVED IN CONTRACTION%GOBP%GO:0086002	CARDIAC MUSCLE CELL ACTION POTENTIAL INVOLVED IN CONTRACTION%GOBP%GO:0086002		38	-0.2720887	-0.7576882	0.87096775	1.0	1.0	4049	tags=29%, list=25%, signal=38%	
NEGATIVE REGULATION OF HYDROLASE ACTIVITY%GOBP%GO:0051346	NEGATIVE REGULATION OF HYDROLASE ACTIVITY%GOBP%GO:0051346		23	-0.29783693	-0.7575907	0.8339768	1.0	1.0	1113	tags=13%, list=7%, signal=14%	
CELL-CELL ADHESION MEDIATED BY CADHERIN%GOBP%GO:0044331	CELL-CELL ADHESION MEDIATED BY CADHERIN%GOBP%GO:0044331		35	-0.2715361	-0.75714296	0.8603352	1.0	1.0	5295	tags=37%, list=32%, signal=55%	
VASOPRESSIN REGULATES RENAL WATER HOMEOSTASIS VIA AQUAPORINS%REACTOME DATABASE ID RELEASE 93%432040	VASOPRESSIN REGULATES RENAL WATER HOMEOSTASIS VIA AQUAPORINS%REACTOME DATABASE ID RELEASE 93%432040		32	-0.27495357	-0.755903	0.8524904	1.0	1.0	36	tags=3%, list=0%, signal=3%	
REGULATION OF BICELLULAR TIGHT JUNCTION ASSEMBLY%GOBP%GO:2000810	REGULATION OF BICELLULAR TIGHT JUNCTION ASSEMBLY%GOBP%GO:2000810		18	-0.3156955	-0.755879	0.8167939	1.0	1.0	1475	tags=22%, list=9%, signal=24%	
PID_FGF_PATHWAY%MSIGDB_C2%PID_FGF_PATHWAY	PID_FGF_PATHWAY%MSIGDB_C2%PID_FGF_PATHWAY		38	-0.2714722	-0.7558206	0.87781954	1.0	1.0	2500	tags=18%, list=15%, signal=22%	
CELLULAR RESPONSE TO AMYLOID-BETA%GOBP%GO:1904646	CELLULAR RESPONSE TO AMYLOID-BETA%GOBP%GO:1904646		31	-0.2814865	-0.7553009	0.86713284	1.0	1.0	1300	tags=10%, list=8%, signal=10%	
RENAL SYSTEM DEVELOPMENT%GOBP%GO:0072001	RENAL SYSTEM DEVELOPMENT%GOBP%GO:0072001		118	-0.22508231	-0.75511575	0.97003746	1.0	1.0	1641	tags=10%, list=10%, signal=11%	
GENETIC CAUSES OF PORTO SINUSOIDAL VASCULAR DISEASE%WIKIPATHWAYS_20250810%WP5269%HOMO SAPIENS	GENETIC CAUSES OF PORTO SINUSOIDAL VASCULAR DISEASE%WIKIPATHWAYS_20250810%WP5269%HOMO SAPIENS		28	-0.29253578	-0.7549862	0.83914727	1.0	1.0	901	tags=14%, list=5%, signal=15%	
STEM CELL DIFFERENTIATION%GOBP%GO:0048863	STEM CELL DIFFERENTIATION%GOBP%GO:0048863		86	-0.23568197	-0.7549576	0.9395085	1.0	1.0	2031	tags=16%, list=12%, signal=18%	
INTERMEDIATE FILAMENT-BASED PROCESS%GOBP%GO:0045103	INTERMEDIATE FILAMENT-BASED PROCESS%GOBP%GO:0045103		39	-0.2663163	-0.7547714	0.87326735	1.0	1.0	1941	tags=13%, list=12%, signal=15%	
CALCINEURIN-REGULATED NFAT-DEPENDENT TRANSCRIPTION IN LYMPHOCYTES%PATHWAY INTERACTION DATABASE NCI-NATURE CURATED DATA%CALCINEURIN-REGULATED NFAT-DEPENDENT TRANSCRIPTION IN LYMPHOCYTES	CALCINEURIN-REGULATED NFAT-DEPENDENT TRANSCRIPTION IN LYMPHOCYTES%PATHWAY INTERACTION DATABASE NCI-NATURE CURATED DATA%CALCINEURIN-REGULATED NFAT-DEPENDENT TRANSCRIPTION IN LYMPHOCYTES		36	-0.26947266	-0.7547588	0.89330924	1.0	1.0	1904	tags=14%, list=12%, signal=16%	
REGULATION OF MYELINATION%GOBP%GO:0031641	REGULATION OF MYELINATION%GOBP%GO:0031641		22	-0.30794802	-0.75463945	0.8462963	1.0	1.0	1090	tags=9%, list=7%, signal=10%	
ACYL-COA METABOLIC PROCESS%GOBP%GO:0006637	ACYL-COA METABOLIC PROCESS%GOBP%GO:0006637		75	-0.23909949	-0.75398463	0.9268293	1.0	1.0	2514	tags=16%, list=15%, signal=19%	
SODIUM ION TRANSPORT%GOBP%GO:0006814	SODIUM ION TRANSPORT%GOBP%GO:0006814		79	-0.2387589	-0.75359505	0.9371534	1.0	1.0	2831	tags=16%, list=17%, signal=20%	
INTERMEDIATE FILAMENT CYTOSKELETON ORGANIZATION%GOBP%GO:0045104	INTERMEDIATE FILAMENT CYTOSKELETON ORGANIZATION%GOBP%GO:0045104		38	-0.2697619	-0.7527754	0.8930582	1.0	1.0	1941	tags=13%, list=12%, signal=15%	
E2F TRANSCRIPTION FACTOR NETWORK%PATHWAY INTERACTION DATABASE NCI-NATURE CURATED DATA%E2F TRANSCRIPTION FACTOR NETWORK	E2F TRANSCRIPTION FACTOR NETWORK%PATHWAY INTERACTION DATABASE NCI-NATURE CURATED DATA%E2F TRANSCRIPTION FACTOR NETWORK		68	-0.24388613	-0.7525738	0.93772894	1.0	1.0	2755	tags=21%, list=17%, signal=25%	
THIOESTER METABOLIC PROCESS%GOBP%GO:0035383	THIOESTER METABOLIC PROCESS%GOBP%GO:0035383		75	-0.23909949	-0.75254816	0.93333334	1.0	1.0	2514	tags=16%, list=15%, signal=19%	
ANTIGEN RECEPTOR-MEDIATED SIGNALING PATHWAY%GOBP%GO:0050851	ANTIGEN RECEPTOR-MEDIATED SIGNALING PATHWAY%GOBP%GO:0050851		116	-0.22122167	-0.7525344	0.97109824	1.0	1.0	3167	tags=18%, list=19%, signal=22%	
RESPONSE TO LIPOPROTEIN PARTICLE%GOBP%GO:0055094	RESPONSE TO LIPOPROTEIN PARTICLE%GOBP%GO:0055094		22	-0.29824868	-0.75253236	0.84462154	1.0	1.0	1695	tags=14%, list=10%, signal=15%	
AMINO ACID CATABOLIC PROCESS%GOBP%GO:0009063	AMINO ACID CATABOLIC PROCESS%GOBP%GO:0009063		73	-0.23844077	-0.75124186	0.93189967	1.0	1.0	1677	tags=11%, list=10%, signal=12%	
MUSCLE CONTRACTION%GOBP%GO:0006936	MUSCLE CONTRACTION%GOBP%GO:0006936		122	-0.22286783	-0.7512018	0.9699647	1.0	1.0	1412	tags=10%, list=9%, signal=11%	
EGR2 AND SOX10-MEDIATED INITIATION OF SCHWANN CELL MYELINATION%REACTOME%R-HSA-9619665.3	EGR2 AND SOX10-MEDIATED INITIATION OF SCHWANN CELL MYELINATION%REACTOME%R-HSA-9619665.3		23	-0.2952065	-0.75066787	0.86732674	1.0	1.0	3227	tags=30%, list=20%, signal=38%	
BRANCHED-CHAIN AMINO ACID METABOLIC PROCESS%GOBP%GO:0009081	BRANCHED-CHAIN AMINO ACID METABOLIC PROCESS%GOBP%GO:0009081		23	-0.29740766	-0.7499566	0.8373016	1.0	1.0	1677	tags=17%, list=10%, signal=19%	
MITOCHONDRIAL TRNA PROCESSING%GOBP%GO:0090646	MITOCHONDRIAL TRNA PROCESSING%GOBP%GO:0090646		16	-0.3230116	-0.74993485	0.8112033	1.0	1.0	2008	tags=31%, list=12%, signal=36%	
ACUTE VIRAL MYOCARDITIS%WIKIPATHWAYS_20250810%WP4298%HOMO SAPIENS	ACUTE VIRAL MYOCARDITIS%WIKIPATHWAYS_20250810%WP4298%HOMO SAPIENS		56	-0.25493884	-0.749829	0.93370163	1.0	1.0	2839	tags=20%, list=17%, signal=24%	
MEIOSIS I CELL CYCLE PROCESS%GOBP%GO:0061982	MEIOSIS I CELL CYCLE PROCESS%GOBP%GO:0061982		74	-0.24250005	-0.74977255	0.9459963	1.0	1.0	4173	tags=34%, list=25%, signal=45%	
CELLULAR RESPONSE TO TYPE II INTERFERON%GOBP%GO:0071346	CELLULAR RESPONSE TO TYPE II INTERFERON%GOBP%GO:0071346		41	-0.2607613	-0.74972045	0.8965517	1.0	1.0	2948	tags=24%, list=18%, signal=30%	
NEGATIVE REGULATION OF CATION TRANSMEMBRANE TRANSPORT%GOBP%GO:1904063	NEGATIVE REGULATION OF CATION TRANSMEMBRANE TRANSPORT%GOBP%GO:1904063		35	-0.27203253	-0.74918365	0.8657845	1.0	1.0	2671	tags=20%, list=16%, signal=24%	
CD28 DEPENDENT PI3K AKT SIGNALING%REACTOME%R-HSA-389357.3	CD28 DEPENDENT PI3K AKT SIGNALING%REACTOME%R-HSA-389357.3		26	-0.2959485	-0.7491494	0.86558044	1.0	1.0	2950	tags=27%, list=18%, signal=33%	
GLYCOSYL COMPOUND BIOSYNTHETIC PROCESS%GOBP%GO:1901659	GLYCOSYL COMPOUND BIOSYNTHETIC PROCESS%GOBP%GO:1901659		19	-0.30970618	-0.74902946	0.82851636	1.0	1.0	797	tags=11%, list=5%, signal=11%	
NEGATIVE REGULATION OF CYTOKINE-MEDIATED SIGNALING PATHWAY%GOBP%GO:0001960	NEGATIVE REGULATION OF CYTOKINE-MEDIATED SIGNALING PATHWAY%GOBP%GO:0001960		57	-0.24906144	-0.74889404	0.92794377	1.0	1.0	2284	tags=18%, list=14%, signal=20%	
T CELL DIFFERENTIATION IN THYMUS%GOBP%GO:0033077	T CELL DIFFERENTIATION IN THYMUS%GOBP%GO:0033077		16	-0.3188244	-0.74875087	0.78317755	1.0	1.0	2842	tags=25%, list=17%, signal=30%	
CARBOXYLIC ACID CATABOLIC PROCESS%GOBP%GO:0046395	CARBOXYLIC ACID CATABOLIC PROCESS%GOBP%GO:0046395		167	-0.21210799	-0.74866605	0.99285716	1.0	1.0	2962	tags=18%, list=18%, signal=22%	
REGULATION OF T-HELPER 17 CELL DIFFERENTIATION%GOBP%GO:2000319	REGULATION OF T-HELPER 17 CELL DIFFERENTIATION%GOBP%GO:2000319		21	-0.30114555	-0.7485511	0.826742	1.0	1.0	3517	tags=43%, list=21%, signal=54%	
DETECTION OF BIOTIC STIMULUS%GOBP%GO:0009595	DETECTION OF BIOTIC STIMULUS%GOBP%GO:0009595		26	-0.29287207	-0.7479797	0.86015326	1.0	1.0	3556	tags=19%, list=22%, signal=25%	
TRANSCRIPTION PREINITIATION COMPLEX ASSEMBLY%GOBP%GO:0070897	TRANSCRIPTION PREINITIATION COMPLEX ASSEMBLY%GOBP%GO:0070897		47	-0.2542789	-0.74797016	0.90960455	1.0	1.0	2968	tags=26%, list=18%, signal=31%	
CD4-POSITIVE, ALPHA-BETA T CELL DIFFERENTIATION INVOLVED IN IMMUNE RESPONSE%GOBP%GO:0002294	CD4-POSITIVE, ALPHA-BETA T CELL DIFFERENTIATION INVOLVED IN IMMUNE RESPONSE%GOBP%GO:0002294		26	-0.29030004	-0.7478786	0.8654618	1.0	1.0	3484	tags=27%, list=21%, signal=34%	
PID_ATR_PATHWAY%MSIGDB_C2%PID_ATR_PATHWAY	PID_ATR_PATHWAY%MSIGDB_C2%PID_ATR_PATHWAY		31	-0.27780902	-0.7469449	0.8756957	1.0	1.0	2473	tags=19%, list=15%, signal=23%	
IL23-MEDIATED SIGNALING EVENTS%PATHWAY INTERACTION DATABASE NCI-NATURE CURATED DATA%IL23-MEDIATED SIGNALING EVENTS	IL23-MEDIATED SIGNALING EVENTS%PATHWAY INTERACTION DATABASE NCI-NATURE CURATED DATA%IL23-MEDIATED SIGNALING EVENTS		26	-0.29043522	-0.74672204	0.8657315	1.0	1.0	3512	tags=27%, list=21%, signal=34%	
NEURON CELLULAR HOMEOSTASIS%GOBP%GO:0070050	NEURON CELLULAR HOMEOSTASIS%GOBP%GO:0070050		19	-0.3013804	-0.7464809	0.8407258	1.0	1.0	1974	tags=16%, list=12%, signal=18%	
ENDODERM DEVELOPMENT%GOBP%GO:0007492	ENDODERM DEVELOPMENT%GOBP%GO:0007492		43	-0.25753868	-0.7464427	0.90340906	1.0	1.0	2141	tags=19%, list=13%, signal=21%	
DIGESTIVE SYSTEM DEVELOPMENT%GOBP%GO:0055123	DIGESTIVE SYSTEM DEVELOPMENT%GOBP%GO:0055123		40	-0.2636851	-0.7464197	0.8940754	1.0	1.0	1089	tags=8%, list=7%, signal=8%	
PID_HIF1_TFPATHWAY%MSIGDB_C2%PID_HIF1_TFPATHWAY	PID_HIF1_TFPATHWAY%MSIGDB_C2%PID_HIF1_TFPATHWAY		40	-0.26365477	-0.74630404	0.8664122	1.0	1.0	3859	tags=30%, list=24%, signal=39%	
BIOCARTA_PITX2_PATHWAY%MSIGDB_C2%BIOCARTA_PITX2_PATHWAY	BIOCARTA_PITX2_PATHWAY%MSIGDB_C2%BIOCARTA_PITX2_PATHWAY		15	-0.32451752	-0.7457066	0.8231827	1.0	1.0	2442	tags=27%, list=15%, signal=31%	
MEMBRANE DEPOLARIZATION DURING ACTION POTENTIAL%GOBP%GO:0086010	MEMBRANE DEPOLARIZATION DURING ACTION POTENTIAL%GOBP%GO:0086010		18	-0.30994466	-0.74566954	0.8305709	1.0	1.0	3814	tags=33%, list=23%, signal=43%	
REGULATION OF HUMORAL IMMUNE RESPONSE%GOBP%GO:0002920	REGULATION OF HUMORAL IMMUNE RESPONSE%GOBP%GO:0002920		22	-0.30402294	-0.74383473	0.85943776	1.0	1.0	137	tags=5%, list=1%, signal=5%	
ORGANIC ACID CATABOLIC PROCESS%GOBP%GO:0016054	ORGANIC ACID CATABOLIC PROCESS%GOBP%GO:0016054		167	-0.21210799	-0.74281484	0.98293513	1.0	1.0	2962	tags=18%, list=18%, signal=22%	
REGULATION OF BLOOD CIRCULATION%GOBP%GO:1903522	REGULATION OF BLOOD CIRCULATION%GOBP%GO:1903522		139	-0.21490133	-0.741835	0.980427	1.0	1.0	2831	tags=17%, list=17%, signal=20%	
ENDOCARDIAL CUSHION DEVELOPMENT%GOBP%GO:0003197	ENDOCARDIAL CUSHION DEVELOPMENT%GOBP%GO:0003197		31	-0.279038	-0.74164927	0.8697318	1.0	1.0	2061	tags=13%, list=13%, signal=15%	
CARDIAC CHAMBER MORPHOGENESIS%GOBP%GO:0003206	CARDIAC CHAMBER MORPHOGENESIS%GOBP%GO:0003206		62	-0.2437838	-0.7409553	0.95027626	1.0	1.0	4930	tags=35%, list=30%, signal=51%	
MEIOTIC CELL CYCLE%GOBP%GO:0051321	MEIOTIC CELL CYCLE%GOBP%GO:0051321		132	-0.21858497	-0.7409405	0.98039216	1.0	1.0	4072	tags=27%, list=25%, signal=35%	
UNBLOCKING OF NMDA RECEPTORS, GLUTAMATE BINDING AND ACTIVATION%REACTOME DATABASE ID RELEASE 93%438066	UNBLOCKING OF NMDA RECEPTORS, GLUTAMATE BINDING AND ACTIVATION%REACTOME DATABASE ID RELEASE 93%438066		19	-0.3074649	-0.7402167	0.8466135	1.0	1.0	1046	tags=11%, list=6%, signal=11%	
FOXA2 AND FOXA3 TRANSCRIPTION FACTOR NETWORKS%PATHWAY INTERACTION DATABASE NCI-NATURE CURATED DATA%FOXA2 AND FOXA3 TRANSCRIPTION FACTOR NETWORKS	FOXA2 AND FOXA3 TRANSCRIPTION FACTOR NETWORKS%PATHWAY INTERACTION DATABASE NCI-NATURE CURATED DATA%FOXA2 AND FOXA3 TRANSCRIPTION FACTOR NETWORKS		23	-0.29460067	-0.7396713	0.8576923	1.0	1.0	2498	tags=22%, list=15%, signal=26%	
BIOCARTA_RAC1_PATHWAY%MSIGDB_C2%BIOCARTA_RAC1_PATHWAY	BIOCARTA_RAC1_PATHWAY%MSIGDB_C2%BIOCARTA_RAC1_PATHWAY		17	-0.3156263	-0.7392002	0.8470363	1.0	1.0	3208	tags=35%, list=20%, signal=44%	
HOMOLOGOUS CHROMOSOME SEGREGATION%GOBP%GO:0045143	HOMOLOGOUS CHROMOSOME SEGREGATION%GOBP%GO:0045143		30	-0.27189395	-0.73828596	0.8880734	1.0	1.0	4038	tags=33%, list=25%, signal=44%	
REGULATION OF PROTEIN DEPOLYMERIZATION%GOBP%GO:1901879	REGULATION OF PROTEIN DEPOLYMERIZATION%GOBP%GO:1901879		54	-0.24696805	-0.7382275	0.9250457	1.0	1.0	4941	tags=52%, list=30%, signal=74%	
POSITIVE REGULATION OF PATTERN RECOGNITION RECEPTOR SIGNALING PATHWAY%GOBP%GO:0062208	POSITIVE REGULATION OF PATTERN RECOGNITION RECEPTOR SIGNALING PATHWAY%GOBP%GO:0062208		62	-0.24343577	-0.73803335	0.95047617	1.0	1.0	3228	tags=26%, list=20%, signal=32%	
PRC2 METHYLATES HISTONES AND DNA%REACTOME DATABASE ID RELEASE 93%212300	PRC2 METHYLATES HISTONES AND DNA%REACTOME DATABASE ID RELEASE 93%212300		25	-0.287516	-0.73795325	0.87096775	1.0	1.0	810	tags=8%, list=5%, signal=8%	
NEGATIVE REGULATION OF INSULIN RECEPTOR SIGNALING PATHWAY%GOBP%GO:0046627	NEGATIVE REGULATION OF INSULIN RECEPTOR SIGNALING PATHWAY%GOBP%GO:0046627		31	-0.27662858	-0.7378652	0.8852773	1.0	1.0	2177	tags=23%, list=13%, signal=26%	
DIGESTIVE TRACT DEVELOPMENT%GOBP%GO:0048565	DIGESTIVE TRACT DEVELOPMENT%GOBP%GO:0048565		38	-0.265181	-0.73656535	0.9007937	1.0	1.0	1089	tags=8%, list=7%, signal=8%	
CELLULAR RESPONSE TO FIBROBLAST GROWTH FACTOR STIMULUS%GOBP%GO:0044344	CELLULAR RESPONSE TO FIBROBLAST GROWTH FACTOR STIMULUS%GOBP%GO:0044344		39	-0.2579558	-0.736015	0.9151291	1.0	1.0	3880	tags=31%, list=24%, signal=40%	
MEIOSIS I%GOBP%GO:0007127	MEIOSIS I%GOBP%GO:0007127		71	-0.23747759	-0.73575175	0.9485294	1.0	1.0	4173	tags=34%, list=25%, signal=45%	
MITOTIC G2 DNA DAMAGE CHECKPOINT SIGNALING%GOBP%GO:0007095	MITOTIC G2 DNA DAMAGE CHECKPOINT SIGNALING%GOBP%GO:0007095		28	-0.27902976	-0.7356391	0.86742425	1.0	1.0	2528	tags=25%, list=15%, signal=30%	
NEGATIVE REGULATION OF MYELOID LEUKOCYTE DIFFERENTIATION%GOBP%GO:0002762	NEGATIVE REGULATION OF MYELOID LEUKOCYTE DIFFERENTIATION%GOBP%GO:0002762		31	-0.2728462	-0.7352815	0.89807695	1.0	1.0	1723	tags=16%, list=10%, signal=18%	
CELLULAR RESPONSE TO LOW-DENSITY LIPOPROTEIN PARTICLE STIMULUS%GOBP%GO:0071404	CELLULAR RESPONSE TO LOW-DENSITY LIPOPROTEIN PARTICLE STIMULUS%GOBP%GO:0071404		22	-0.29824868	-0.73489755	0.85988486	1.0	1.0	1695	tags=14%, list=10%, signal=15%	
DNA CATABOLIC PROCESS%GOBP%GO:0006308	DNA CATABOLIC PROCESS%GOBP%GO:0006308		17	-0.31457236	-0.73474365	0.8391039	1.0	1.0	1090	tags=18%, list=7%, signal=19%	
REGULATION OF T CELL MEDIATED CYTOTOXICITY%GOBP%GO:0001914	REGULATION OF T CELL MEDIATED CYTOTOXICITY%GOBP%GO:0001914		25	-0.28085768	-0.73438406	0.875	1.0	1.0	890	tags=8%, list=5%, signal=8%	
AQUAPORIN-MEDIATED TRANSPORT%REACTOME%R-HSA-445717.4	AQUAPORIN-MEDIATED TRANSPORT%REACTOME%R-HSA-445717.4		35	-0.27154928	-0.7335637	0.89889705	1.0	1.0	36	tags=3%, list=0%, signal=3%	
REGULATION OF EXPRESSION AND FUNCTION OF TYPE II CLASSICAL CADHERINS%REACTOME%R-HSA-9764260.2	REGULATION OF EXPRESSION AND FUNCTION OF TYPE II CLASSICAL CADHERINS%REACTOME%R-HSA-9764260.2		27	-0.28318885	-0.73324203	0.8815261	1.0	1.0	3125	tags=26%, list=19%, signal=32%	
ALPHA-BETA T CELL ACTIVATION INVOLVED IN IMMUNE RESPONSE%GOBP%GO:0002287	ALPHA-BETA T CELL ACTIVATION INVOLVED IN IMMUNE RESPONSE%GOBP%GO:0002287		27	-0.2779577	-0.7330208	0.8888889	1.0	1.0	3484	tags=26%, list=21%, signal=33%	
NEGATIVE REGULATION OF CAMP/PKA SIGNAL TRANSDUCTION%GOBP%GO:0141162	NEGATIVE REGULATION OF CAMP/PKA SIGNAL TRANSDUCTION%GOBP%GO:0141162		24	-0.28882933	-0.7316325	0.8596154	1.0	1.0	3729	tags=29%, list=23%, signal=38%	
LEUKOCYTE MEDIATED IMMUNITY%GOBP%GO:0002443	LEUKOCYTE MEDIATED IMMUNITY%GOBP%GO:0002443		102	-0.22286145	-0.7312648	0.9778535	1.0	1.0	2189	tags=13%, list=13%, signal=15%	
INNER EAR DEVELOPMENT%GOBP%GO:0048839	INNER EAR DEVELOPMENT%GOBP%GO:0048839		45	-0.25125033	-0.7305625	0.90595007	1.0	1.0	3116	tags=20%, list=19%, signal=25%	
SECONDARY METABOLIC PROCESS%GOBP%GO:0019748	SECONDARY METABOLIC PROCESS%GOBP%GO:0019748		21	-0.295492	-0.73030454	0.87855786	1.0	1.0	1911	tags=10%, list=12%, signal=11%	
FOXM1 TRANSCRIPTION FACTOR NETWORK%PATHWAY INTERACTION DATABASE NCI-NATURE CURATED DATA%FOXM1 TRANSCRIPTION FACTOR NETWORK	FOXM1 TRANSCRIPTION FACTOR NETWORK%PATHWAY INTERACTION DATABASE NCI-NATURE CURATED DATA%FOXM1 TRANSCRIPTION FACTOR NETWORK		37	-0.26162747	-0.7302833	0.9138241	1.0	1.0	2792	tags=24%, list=17%, signal=29%	
PID_HIV_NEF_PATHWAY%MSIGDB_C2%PID_HIV_NEF_PATHWAY	PID_HIV_NEF_PATHWAY%MSIGDB_C2%PID_HIV_NEF_PATHWAY		28	-0.28104553	-0.72987735	0.8766859	1.0	1.0	975	tags=11%, list=6%, signal=11%	
ALPHA-BETA T CELL DIFFERENTIATION INVOLVED IN IMMUNE RESPONSE%GOBP%GO:0002293	ALPHA-BETA T CELL DIFFERENTIATION INVOLVED IN IMMUNE RESPONSE%GOBP%GO:0002293		27	-0.2779577	-0.72984385	0.89215684	1.0	1.0	3484	tags=26%, list=21%, signal=33%	
HALLMARK_ANDROGEN_RESPONSE%MSIGDBHALLMARK%HALLMARK_ANDROGEN_RESPONSE	HALLMARK_ANDROGEN_RESPONSE%MSIGDBHALLMARK%HALLMARK_ANDROGEN_RESPONSE		69	-0.23470242	-0.72914255	0.9565972	1.0	1.0	2998	tags=17%, list=18%, signal=21%	
EPHA FORWARD SIGNALING%PATHWAY INTERACTION DATABASE NCI-NATURE CURATED DATA%EPHA FORWARD SIGNALING	EPHA FORWARD SIGNALING%PATHWAY INTERACTION DATABASE NCI-NATURE CURATED DATA%EPHA FORWARD SIGNALING		31	-0.26983196	-0.72867495	0.9126394	1.0	1.0	1684	tags=13%, list=10%, signal=14%	
NEGATIVE REGULATION OF LEUKOCYTE DIFFERENTIATION%GOBP%GO:1902106	NEGATIVE REGULATION OF LEUKOCYTE DIFFERENTIATION%GOBP%GO:1902106		63	-0.23625572	-0.7275357	0.9528302	1.0	1.0	1723	tags=13%, list=10%, signal=14%	
REGULATION OF HIPPO SIGNALING%GOBP%GO:0035330	REGULATION OF HIPPO SIGNALING%GOBP%GO:0035330		39	-0.25765026	-0.72712165	0.91256833	1.0	1.0	1763	tags=15%, list=11%, signal=17%	
SYNTHESIS OF PA%REACTOME%R-HSA-1483166.8	SYNTHESIS OF PA%REACTOME%R-HSA-1483166.8		32	-0.2704863	-0.726114	0.8693182	1.0	1.0	2991	tags=22%, list=18%, signal=27%	
ADENINE NUCLEOTIDE TRANSPORT%GOBP%GO:0051503	ADENINE NUCLEOTIDE TRANSPORT%GOBP%GO:0051503		23	-0.2824261	-0.7260986	0.8835878	1.0	1.0	2322	tags=22%, list=14%, signal=25%	
NUCLEOTIDE-BINDING DOMAIN, LEUCINE RICH REPEAT CONTAINING RECEPTOR SIGNALING PATHWAY%GOBP%GO:0035872	NUCLEOTIDE-BINDING DOMAIN, LEUCINE RICH REPEAT CONTAINING RECEPTOR SIGNALING PATHWAY%GOBP%GO:0035872		15	-0.3140457	-0.72590715	0.84705883	1.0	1.0	1681	tags=13%, list=10%, signal=15%	
G ALPHA (12 13) SIGNALLING EVENTS%REACTOME%R-HSA-416482.7	G ALPHA (12 13) SIGNALLING EVENTS%REACTOME%R-HSA-416482.7		72	-0.23222898	-0.7256045	0.95652175	1.0	1.0	1684	tags=13%, list=10%, signal=14%	
NATURAL KILLER CELL MEDIATED CYTOTOXICITY%GOBP%GO:0042267	NATURAL KILLER CELL MEDIATED CYTOTOXICITY%GOBP%GO:0042267		20	-0.29805756	-0.72542036	0.88461536	1.0	1.0	2189	tags=20%, list=13%, signal=23%	
CALCIUM ION HOMEOSTASIS%GOBP%GO:0055074	CALCIUM ION HOMEOSTASIS%GOBP%GO:0055074		135	-0.21050745	-0.72520626	0.9826087	1.0	1.0	1543	tags=10%, list=9%, signal=11%	
CELLULAR COMPONENT MAINTENANCE%GOBP%GO:0043954	CELLULAR COMPONENT MAINTENANCE%GOBP%GO:0043954		31	-0.26894253	-0.72465605	0.88867563	1.0	1.0	825	tags=6%, list=5%, signal=7%	
RETINAL METABOLIC PROCESS%GOBP%GO:0042574	RETINAL METABOLIC PROCESS%GOBP%GO:0042574		15	-0.31476092	-0.7238923	0.836	1.0	1.0	5275	tags=33%, list=32%, signal=49%	
POSITIVE REGULATION OF LYMPHOCYTE MIGRATION%GOBP%GO:2000403	POSITIVE REGULATION OF LYMPHOCYTE MIGRATION%GOBP%GO:2000403		30	-0.2737294	-0.72375673	0.8867925	1.0	1.0	2187	tags=13%, list=13%, signal=15%	
NEGATIVE REGULATION OF CELLULAR RESPONSE TO INSULIN STIMULUS%GOBP%GO:1900077	NEGATIVE REGULATION OF CELLULAR RESPONSE TO INSULIN STIMULUS%GOBP%GO:1900077		32	-0.26720145	-0.7234894	0.889313	1.0	1.0	2177	tags=22%, list=13%, signal=25%	
CD4-POSITIVE, ALPHA-BETA T CELL DIFFERENTIATION%GOBP%GO:0043367	CD4-POSITIVE, ALPHA-BETA T CELL DIFFERENTIATION%GOBP%GO:0043367		29	-0.27292663	-0.7231047	0.8930582	1.0	1.0	3484	tags=28%, list=21%, signal=35%	
GLYPICAN 1 NETWORK%PATHWAY INTERACTION DATABASE NCI-NATURE CURATED DATA%GLYPICAN 1 NETWORK	GLYPICAN 1 NETWORK%PATHWAY INTERACTION DATABASE NCI-NATURE CURATED DATA%GLYPICAN 1 NETWORK		24	-0.28501195	-0.7228371	0.88030887	1.0	1.0	722	tags=8%, list=4%, signal=9%	
HEART CONTRACTION%GOBP%GO:0060047	HEART CONTRACTION%GOBP%GO:0060047		59	-0.2388928	-0.7226708	0.96407187	1.0	1.0	3814	tags=25%, list=23%, signal=33%	
NEGATIVE REGULATION OF CD4-POSITIVE, ALPHA-BETA T CELL ACTIVATION%GOBP%GO:2000515	NEGATIVE REGULATION OF CD4-POSITIVE, ALPHA-BETA T CELL ACTIVATION%GOBP%GO:2000515		20	-0.2990835	-0.7226047	0.887619	1.0	1.0	3679	tags=30%, list=22%, signal=39%	
DEFECTIVE B3GALTL CAUSES PPS%REACTOME%R-HSA-5083635.4	DEFECTIVE B3GALTL CAUSES PPS%REACTOME%R-HSA-5083635.4		34	-0.2669672	-0.72259486	0.8886719	1.0	1.0	4664	tags=38%, list=28%, signal=53%	
NEUROINFLAMMATION AND GLUTAMATERGIC SIGNALING%WIKIPATHWAYS_20250810%WP5083%HOMO SAPIENS	NEUROINFLAMMATION AND GLUTAMATERGIC SIGNALING%WIKIPATHWAYS_20250810%WP5083%HOMO SAPIENS		84	-0.223475	-0.72214293	0.96594983	1.0	1.0	2922	tags=18%, list=18%, signal=22%	
DEVELOPMENTAL PIGMENTATION%GOBP%GO:0048066	DEVELOPMENTAL PIGMENTATION%GOBP%GO:0048066		21	-0.28884935	-0.7212566	0.89902914	1.0	1.0	3217	tags=29%, list=20%, signal=35%	
NEGATIVE REGULATION OF HEMOPOIESIS%GOBP%GO:1903707	NEGATIVE REGULATION OF HEMOPOIESIS%GOBP%GO:1903707		65	-0.23552503	-0.7208894	0.95929205	1.0	1.0	1723	tags=12%, list=10%, signal=14%	
OVULATION CYCLE%GOBP%GO:0042698	OVULATION CYCLE%GOBP%GO:0042698		17	-0.30236718	-0.7206583	0.8394584	1.0	1.0	2284	tags=12%, list=14%, signal=14%	
CELLULAR RESPONSE TO TRANSFORMING GROWTH FACTOR BETA STIMULUS%GOBP%GO:0071560	CELLULAR RESPONSE TO TRANSFORMING GROWTH FACTOR BETA STIMULUS%GOBP%GO:0071560		81	-0.22407593	-0.72006685	0.96837944	1.0	1.0	3608	tags=21%, list=22%, signal=27%	
REGULATION OF NON-CANONICAL WNT SIGNALING PATHWAY%GOBP%GO:2000050	REGULATION OF NON-CANONICAL WNT SIGNALING PATHWAY%GOBP%GO:2000050		15	-0.3162369	-0.71874434	0.8742747	1.0	1.0	3090	tags=20%, list=19%, signal=25%	
STRIATED MUSCLE CONTRACTION%GOBP%GO:0006941	STRIATED MUSCLE CONTRACTION%GOBP%GO:0006941		69	-0.23121762	-0.7185	0.9669725	1.0	1.0	1412	tags=10%, list=9%, signal=11%	
REGULATION OF NEUROTRANSMITTER SECRETION%GOBP%GO:0046928	REGULATION OF NEUROTRANSMITTER SECRETION%GOBP%GO:0046928		43	-0.25224036	-0.71804816	0.91762453	1.0	1.0	3315	tags=26%, list=20%, signal=32%	
REGULATION OF MICROTUBULE DEPOLYMERIZATION%GOBP%GO:0031114	REGULATION OF MICROTUBULE DEPOLYMERIZATION%GOBP%GO:0031114		24	-0.28097972	-0.7179607	0.9025735	1.0	1.0	4320	tags=46%, list=26%, signal=62%	
TRANSFORMING GROWTH FACTOR BETA RECEPTOR SIGNALING PATHWAY%GOBP%GO:0007179	TRANSFORMING GROWTH FACTOR BETA RECEPTOR SIGNALING PATHWAY%GOBP%GO:0007179		63	-0.23045042	-0.71761113	0.97565216	1.0	1.0	3347	tags=21%, list=20%, signal=26%	
UBIQUITIN-DEPENDENT PROTEIN CATABOLIC PROCESS VIA THE C-END DEGRON RULE PATHWAY%GOBP%GO:0140627	UBIQUITIN-DEPENDENT PROTEIN CATABOLIC PROCESS VIA THE C-END DEGRON RULE PATHWAY%GOBP%GO:0140627		15	-0.30789733	-0.71698177	0.86512524	1.0	1.0	866	tags=13%, list=5%, signal=14%	
HALLMARK_PANCREAS_BETA_CELLS%MSIGDBHALLMARK%HALLMARK_PANCREAS_BETA_CELLS	HALLMARK_PANCREAS_BETA_CELLS%MSIGDBHALLMARK%HALLMARK_PANCREAS_BETA_CELLS		17	-0.30751717	-0.71659404	0.8614458	1.0	1.0	511	tags=6%, list=3%, signal=6%	
MEIOTIC RECOMBINATION%REACTOME%R-HSA-912446.7	MEIOTIC RECOMBINATION%REACTOME%R-HSA-912446.7		37	-0.25832316	-0.713604	0.9239766	1.0	1.0	4420	tags=30%, list=27%, signal=41%	
NEGATIVE REGULATION OF LEUKOCYTE CELL-CELL ADHESION%GOBP%GO:1903038	NEGATIVE REGULATION OF LEUKOCYTE CELL-CELL ADHESION%GOBP%GO:1903038		88	-0.22118981	-0.7133963	0.9963768	1.0	1.0	1847	tags=10%, list=11%, signal=11%	
HEART MORPHOGENESIS%GOBP%GO:0003007	HEART MORPHOGENESIS%GOBP%GO:0003007		123	-0.2097048	-0.712802	0.9897611	1.0	1.0	2888	tags=14%, list=18%, signal=17%	
CARDIAC CONDUCTION SYSTEM DEVELOPMENT%GOBP%GO:0003161	CARDIAC CONDUCTION SYSTEM DEVELOPMENT%GOBP%GO:0003161		25	-0.27618542	-0.7126631	0.88617885	1.0	1.0	2781	tags=16%, list=17%, signal=19%	
PEPTIDYL-CYSTEINE MODIFICATION%GOBP%GO:0018198	PEPTIDYL-CYSTEINE MODIFICATION%GOBP%GO:0018198		18	-0.295052	-0.7123311	0.8767123	1.0	1.0	1353	tags=11%, list=8%, signal=12%	
NOTCH4 INTRACELLULAR DOMAIN REGULATES TRANSCRIPTION%REACTOME DATABASE ID RELEASE 93%9013695	NOTCH4 INTRACELLULAR DOMAIN REGULATES TRANSCRIPTION%REACTOME DATABASE ID RELEASE 93%9013695		19	-0.28817904	-0.7118792	0.8745247	1.0	1.0	3531	tags=32%, list=22%, signal=40%	
PURINE RIBONUCLEOTIDE TRANSPORT%GOBP%GO:0015868	PURINE RIBONUCLEOTIDE TRANSPORT%GOBP%GO:0015868		23	-0.2824261	-0.7113028	0.9044118	1.0	1.0	2322	tags=22%, list=14%, signal=25%	
PID_FOXO_PATHWAY%MSIGDB_C2%PID_FOXO_PATHWAY	PID_FOXO_PATHWAY%MSIGDB_C2%PID_FOXO_PATHWAY		37	-0.25521904	-0.7109695	0.91449815	1.0	1.0	2442	tags=19%, list=15%, signal=22%	
APOPTOSIS MODULATION BY HSP70%WIKIPATHWAYS_20250810%WP384%HOMO SAPIENS	APOPTOSIS MODULATION BY HSP70%WIKIPATHWAYS_20250810%WP384%HOMO SAPIENS		15	-0.31380257	-0.71038914	0.85658914	1.0	1.0	1116	tags=13%, list=7%, signal=14%	
POSITIVE REGULATION OF BIOMINERAL TISSUE DEVELOPMENT%GOBP%GO:0070169	POSITIVE REGULATION OF BIOMINERAL TISSUE DEVELOPMENT%GOBP%GO:0070169		40	-0.25186566	-0.7102882	0.9332061	1.0	1.0	2061	tags=18%, list=13%, signal=20%	
IFN-GAMMA%IOB%IFN-GAMMA	IFN-GAMMA%IOB%IFN-GAMMA		21	-0.29575363	-0.7102196	0.8959108	1.0	1.0	2666	tags=29%, list=16%, signal=34%	
REGULATION OF ANTIGEN RECEPTOR-MEDIATED SIGNALING PATHWAY%GOBP%GO:0050854	REGULATION OF ANTIGEN RECEPTOR-MEDIATED SIGNALING PATHWAY%GOBP%GO:0050854		57	-0.23775552	-0.70820683	0.9554731	1.0	1.0	1613	tags=11%, list=10%, signal=12%	
SOCIAL BEHAVIOR%GOBP%GO:0035176	SOCIAL BEHAVIOR%GOBP%GO:0035176		24	-0.27665138	-0.7076643	0.9158317	1.0	1.0	3573	tags=33%, list=22%, signal=43%	
OLIGODENDROCYTE DIFFERENTIATION%GOBP%GO:0048709	OLIGODENDROCYTE DIFFERENTIATION%GOBP%GO:0048709		26	-0.27363384	-0.7072784	0.9076621	1.0	1.0	644	tags=8%, list=4%, signal=8%	
BIOCARTA_TNFR1_PATHWAY%MSIGDB_C2%BIOCARTA_TNFR1_PATHWAY	BIOCARTA_TNFR1_PATHWAY%MSIGDB_C2%BIOCARTA_TNFR1_PATHWAY		27	-0.27024123	-0.7061417	0.9092742	1.0	1.0	3314	tags=26%, list=20%, signal=32%	
POSITIVE REGULATION OF SMOOTH MUSCLE CELL MIGRATION%GOBP%GO:0014911	POSITIVE REGULATION OF SMOOTH MUSCLE CELL MIGRATION%GOBP%GO:0014911		16	-0.30682763	-0.70595586	0.8574514	1.0	1.0	4597	tags=56%, list=28%, signal=78%	
RAC PROTEIN SIGNAL TRANSDUCTION%GOBP%GO:0016601	RAC PROTEIN SIGNAL TRANSDUCTION%GOBP%GO:0016601		19	-0.29181	-0.7054716	0.9030928	1.0	1.0	2253	tags=32%, list=14%, signal=37%	
SYNAPSE ASSEMBLY%GOBP%GO:0007416	SYNAPSE ASSEMBLY%GOBP%GO:0007416		73	-0.22282775	-0.7054365	0.980531	1.0	1.0	3573	tags=22%, list=22%, signal=28%	
CELLULAR RESPONSE TO LIPOPROTEIN PARTICLE STIMULUS%GOBP%GO:0071402	CELLULAR RESPONSE TO LIPOPROTEIN PARTICLE STIMULUS%GOBP%GO:0071402		25	-0.2747316	-0.7053832	0.925	1.0	1.0	818	tags=8%, list=5%, signal=8%	
MRNA TRANSCRIPTION%GOBP%GO:0009299	MRNA TRANSCRIPTION%GOBP%GO:0009299		40	-0.25350264	-0.70501286	0.915547	1.0	1.0	2968	tags=30%, list=18%, signal=37%	
POSITIVE REGULATION OF FOCAL ADHESION ASSEMBLY%GOBP%GO:0051894	POSITIVE REGULATION OF FOCAL ADHESION ASSEMBLY%GOBP%GO:0051894		17	-0.2941135	-0.704622	0.872549	1.0	1.0	2663	tags=24%, list=16%, signal=28%	
PHASE I - FUNCTIONALIZATION OF COMPOUNDS%REACTOME%R-HSA-211945.8	PHASE I - FUNCTIONALIZATION OF COMPOUNDS%REACTOME%R-HSA-211945.8		56	-0.23610605	-0.70449394	0.973535	1.0	1.0	3523	tags=29%, list=21%, signal=36%	
REGULATION OF MYELOID LEUKOCYTE DIFFERENTIATION%GOBP%GO:0002761	REGULATION OF MYELOID LEUKOCYTE DIFFERENTIATION%GOBP%GO:0002761		74	-0.22635275	-0.7036285	0.9746835	1.0	1.0	1723	tags=11%, list=10%, signal=12%	
CARDIAC ATRIUM DEVELOPMENT%GOBP%GO:0003230	CARDIAC ATRIUM DEVELOPMENT%GOBP%GO:0003230		18	-0.28932554	-0.7035277	0.88412017	1.0	1.0	2716	tags=22%, list=17%, signal=27%	
FAMILIAL PARTIAL LIPODYSTROPHY%WIKIPATHWAYS_20250810%WP5102%HOMO SAPIENS	FAMILIAL PARTIAL LIPODYSTROPHY%WIKIPATHWAYS_20250810%WP5102%HOMO SAPIENS		24	-0.2713239	-0.70267355	0.9160156	1.0	1.0	2367	tags=13%, list=14%, signal=15%	
VITAMIN METABOLIC PROCESS%GOBP%GO:0006766	VITAMIN METABOLIC PROCESS%GOBP%GO:0006766		15	-0.30805102	-0.70219237	0.87374747	1.0	1.0	1007	tags=7%, list=6%, signal=7%	
POSTSYNAPSE ORGANIZATION%GOBP%GO:0099173	POSTSYNAPSE ORGANIZATION%GOBP%GO:0099173		44	-0.24605134	-0.7020888	0.9606004	1.0	1.0	3559	tags=23%, list=22%, signal=29%	
NEGATIVE REGULATION OF FOCAL ADHESION ASSEMBLY%GOBP%GO:0051895	NEGATIVE REGULATION OF FOCAL ADHESION ASSEMBLY%GOBP%GO:0051895		17	-0.28832376	-0.70174146	0.888454	1.0	1.0	2097	tags=18%, list=13%, signal=20%	
MAP3K8 (TPL2)-DEPENDENT MAPK1 3 ACTIVATION%REACTOME DATABASE ID RELEASE 93%5684264	MAP3K8 (TPL2)-DEPENDENT MAPK1 3 ACTIVATION%REACTOME DATABASE ID RELEASE 93%5684264		15	-0.3083937	-0.70103276	0.87525564	1.0	1.0	3314	tags=40%, list=20%, signal=50%	
BIOLOGICAL PROCESS INVOLVED IN INTRASPECIES INTERACTION BETWEEN ORGANISMS%GOBP%GO:0051703	BIOLOGICAL PROCESS INVOLVED IN INTRASPECIES INTERACTION BETWEEN ORGANISMS%GOBP%GO:0051703		24	-0.27665138	-0.7009335	0.9197531	1.0	1.0	3573	tags=33%, list=22%, signal=43%	
PID_IL23_PATHWAY%MSIGDB_C2%PID_IL23_PATHWAY	PID_IL23_PATHWAY%MSIGDB_C2%PID_IL23_PATHWAY		22	-0.2809531	-0.7003813	0.9029126	1.0	1.0	3512	tags=27%, list=21%, signal=35%	
POSITIVE REGULATION OF POTASSIUM ION TRANSPORT%GOBP%GO:0043268	POSITIVE REGULATION OF POTASSIUM ION TRANSPORT%GOBP%GO:0043268		20	-0.2839899	-0.7003398	0.90438247	1.0	1.0	2831	tags=25%, list=17%, signal=30%	
REGULATION OF EPIDERMIS DEVELOPMENT%GOBP%GO:0045682	REGULATION OF EPIDERMIS DEVELOPMENT%GOBP%GO:0045682		37	-0.24976419	-0.6996392	0.93773586	1.0	1.0	1601	tags=11%, list=10%, signal=12%	
LONG-CHAIN FATTY ACID TRANSPORT%GOBP%GO:0015909	LONG-CHAIN FATTY ACID TRANSPORT%GOBP%GO:0015909		25	-0.27216095	-0.6993934	0.9107505	1.0	1.0	753	tags=8%, list=5%, signal=8%	
MATURATION OF LSU-RRNA%GOBP%GO:0000470	MATURATION OF LSU-RRNA%GOBP%GO:0000470		23	-0.27302903	-0.6993242	0.9162011	1.0	1.0	1925	tags=17%, list=12%, signal=20%	
POSITIVE REGULATION OF MYELOID CELL DIFFERENTIATION%GOBP%GO:0045639	POSITIVE REGULATION OF MYELOID CELL DIFFERENTIATION%GOBP%GO:0045639		65	-0.22449093	-0.69810677	0.9789104	1.0	1.0	577	tags=5%, list=4%, signal=5%	
RESPONSE TO PURINE-CONTAINING COMPOUND%GOBP%GO:0014074	RESPONSE TO PURINE-CONTAINING COMPOUND%GOBP%GO:0014074		60	-0.22779839	-0.69785076	0.96068376	1.0	1.0	1008	tags=8%, list=6%, signal=9%	
INHIBITORY SYNAPSE ASSEMBLY%GOBP%GO:1904862	INHIBITORY SYNAPSE ASSEMBLY%GOBP%GO:1904862		15	-0.3061051	-0.69766074	0.86382115	1.0	1.0	4448	tags=40%, list=27%, signal=55%	
HIV-1 NEF: NEGATIVE EFFECTOR OF FAS AND TNF-ALPHA%PATHWAY INTERACTION DATABASE NCI-NATURE CURATED DATA%HIV-1 NEF: NEGATIVE EFFECTOR OF FAS AND TNF-ALPHA	HIV-1 NEF: NEGATIVE EFFECTOR OF FAS AND TNF-ALPHA%PATHWAY INTERACTION DATABASE NCI-NATURE CURATED DATA%HIV-1 NEF: NEGATIVE EFFECTOR OF FAS AND TNF-ALPHA		32	-0.26106358	-0.69764084	0.92678225	1.0	1.0	975	tags=9%, list=6%, signal=10%	
ATR SIGNALING PATHWAY%PATHWAY INTERACTION DATABASE NCI-NATURE CURATED DATA%ATR SIGNALING PATHWAY	ATR SIGNALING PATHWAY%PATHWAY INTERACTION DATABASE NCI-NATURE CURATED DATA%ATR SIGNALING PATHWAY		38	-0.24943529	-0.6959707	0.948244	1.0	1.0	2473	tags=18%, list=15%, signal=22%	
NEGATIVE REGULATION OF CELLULAR RESPONSE TO GROWTH FACTOR STIMULUS%GOBP%GO:0090288	NEGATIVE REGULATION OF CELLULAR RESPONSE TO GROWTH FACTOR STIMULUS%GOBP%GO:0090288		68	-0.22152825	-0.6959435	0.9775281	1.0	1.0	3554	tags=22%, list=22%, signal=28%	
FOXO-MEDIATED TRANSCRIPTION OF CELL CYCLE GENES%REACTOME%R-HSA-9617828.2	FOXO-MEDIATED TRANSCRIPTION OF CELL CYCLE GENES%REACTOME%R-HSA-9617828.2		15	-0.3063651	-0.69556165	0.8832685	1.0	1.0	2154	tags=13%, list=13%, signal=15%	
ENDOCRINE SYSTEM DEVELOPMENT%GOBP%GO:0035270	ENDOCRINE SYSTEM DEVELOPMENT%GOBP%GO:0035270		27	-0.26979655	-0.6954887	0.9183673	1.0	1.0	1324	tags=7%, list=8%, signal=8%	
PURINE NUCLEOTIDE TRANSPORT%GOBP%GO:0015865	PURINE NUCLEOTIDE TRANSPORT%GOBP%GO:0015865		24	-0.27361712	-0.69473904	0.89432484	1.0	1.0	2322	tags=21%, list=14%, signal=24%	
REGULATION OF MYOTUBE DIFFERENTIATION%GOBP%GO:0010830	REGULATION OF MYOTUBE DIFFERENTIATION%GOBP%GO:0010830		18	-0.28732863	-0.69423926	0.9	1.0	1.0	1720	tags=17%, list=10%, signal=19%	
PID_RHOA_REG_PATHWAY%MSIGDB_C2%PID_RHOA_REG_PATHWAY	PID_RHOA_REG_PATHWAY%MSIGDB_C2%PID_RHOA_REG_PATHWAY		32	-0.25795162	-0.6941084	0.92759293	1.0	1.0	1684	tags=13%, list=10%, signal=14%	
NUCLEOSOME DISASSEMBLY%GOBP%GO:0006337	NUCLEOSOME DISASSEMBLY%GOBP%GO:0006337		16	-0.29834938	-0.6930439	0.8774319	1.0	1.0	3188	tags=38%, list=19%, signal=46%	
BIOCARTA_DEATH_PATHWAY%MSIGDB_C2%BIOCARTA_DEATH_PATHWAY	BIOCARTA_DEATH_PATHWAY%MSIGDB_C2%BIOCARTA_DEATH_PATHWAY		25	-0.26921538	-0.6929495	0.91358024	1.0	1.0	1722	tags=12%, list=10%, signal=13%	
AFFECTED PATHWAYS IN DUCHENNE MUSCULAR DYSTROPHY%WIKIPATHWAYS_20250810%WP5356%HOMO SAPIENS	AFFECTED PATHWAYS IN DUCHENNE MUSCULAR DYSTROPHY%WIKIPATHWAYS_20250810%WP5356%HOMO SAPIENS		41	-0.24393837	-0.6925044	0.94507575	1.0	1.0	3667	tags=27%, list=22%, signal=34%	
POSITIVE REGULATION OF ALPHA-BETA T CELL DIFFERENTIATION%GOBP%GO:0046638	POSITIVE REGULATION OF ALPHA-BETA T CELL DIFFERENTIATION%GOBP%GO:0046638		34	-0.25406623	-0.6914938	0.938247	1.0	1.0	3096	tags=24%, list=19%, signal=29%	
MUSCLE SYSTEM PROCESS%GOBP%GO:0003012	MUSCLE SYSTEM PROCESS%GOBP%GO:0003012		142	-0.20025933	-0.69149023	0.9943715	1.0	1.0	1412	tags=8%, list=9%, signal=9%	
ALPHA-BETA T CELL DIFFERENTIATION%GOBP%GO:0046632	ALPHA-BETA T CELL DIFFERENTIATION%GOBP%GO:0046632		34	-0.25281018	-0.68969667	0.92720306	1.0	1.0	3484	tags=24%, list=21%, signal=30%	
ELASTIC FIBRE FORMATION%REACTOME%R-HSA-1566948.4	ELASTIC FIBRE FORMATION%REACTOME%R-HSA-1566948.4		35	-0.25482845	-0.6896439	0.92523366	1.0	1.0	1652	tags=9%, list=10%, signal=10%	
ENDODERM FORMATION%GOBP%GO:0001706	ENDODERM FORMATION%GOBP%GO:0001706		37	-0.24698152	-0.68901813	0.9457505	1.0	1.0	2141	tags=19%, list=13%, signal=22%	
ERYTHROCYTE DIFFERENTIATION%GOBP%GO:0030218	ERYTHROCYTE DIFFERENTIATION%GOBP%GO:0030218		48	-0.2411591	-0.6886651	0.9674952	1.0	1.0	2037	tags=13%, list=12%, signal=14%	
NEGATIVE REGULATION OF TRANSMEMBRANE TRANSPORT%GOBP%GO:0034763	NEGATIVE REGULATION OF TRANSMEMBRANE TRANSPORT%GOBP%GO:0034763		58	-0.22595547	-0.6881041	0.9650735	1.0	1.0	3591	tags=24%, list=22%, signal=31%	
STIMULI-SENSING CHANNELS%REACTOME%R-HSA-2672351.7	STIMULI-SENSING CHANNELS%REACTOME%R-HSA-2672351.7		80	-0.21634032	-0.68808603	0.98537475	1.0	1.0	2436	tags=15%, list=15%, signal=18%	
REGULATION OF HEART RATE BY CARDIAC CONDUCTION%GOBP%GO:0086091	REGULATION OF HEART RATE BY CARDIAC CONDUCTION%GOBP%GO:0086091		34	-0.24971707	-0.6879687	0.95009595	1.0	1.0	1412	tags=9%, list=9%, signal=10%	
POSITIVE REGULATION OF MITOTIC CELL CYCLE%GOBP%GO:0045931	POSITIVE REGULATION OF MITOTIC CELL CYCLE%GOBP%GO:0045931		88	-0.2121759	-0.68741876	0.9926605	1.0	1.0	3206	tags=22%, list=20%, signal=27%	
NF KB SIGNALING AND ARTD FAMILY MEMBERS%WIKIPATHWAYS_20250810%WP5527%HOMO SAPIENS	NF KB SIGNALING AND ARTD FAMILY MEMBERS%WIKIPATHWAYS_20250810%WP5527%HOMO SAPIENS		23	-0.2780356	-0.686329	0.8993711	1.0	1.0	2442	tags=17%, list=15%, signal=20%	
BEHAVIOR%GOBP%GO:0007610	BEHAVIOR%GOBP%GO:0007610		156	-0.19726795	-0.68632835	0.9948186	1.0	1.0	2888	tags=17%, list=18%, signal=21%	
NADP+ METABOLIC PROCESS%GOBP%GO:0006739	NADP+ METABOLIC PROCESS%GOBP%GO:0006739		23	-0.27411014	-0.68573576	0.9087452	1.0	1.0	707	tags=9%, list=4%, signal=9%	
DETECTION OF CHEMICAL STIMULUS%GOBP%GO:0009593	DETECTION OF CHEMICAL STIMULUS%GOBP%GO:0009593		31	-0.25688705	-0.6856883	0.94026977	1.0	1.0	880	tags=6%, list=5%, signal=7%	
THE NLRP3 INFLAMMASOME%REACTOME%R-HSA-844456.10	THE NLRP3 INFLAMMASOME%REACTOME%R-HSA-844456.10		15	-0.2969304	-0.6855728	0.8986083	1.0	1.0	901	tags=13%, list=5%, signal=14%	
PID_HIF2PATHWAY%MSIGDB_C2%PID_HIF2PATHWAY	PID_HIF2PATHWAY%MSIGDB_C2%PID_HIF2PATHWAY		20	-0.27860448	-0.6848893	0.90944123	1.0	1.0	4184	tags=50%, list=25%, signal=67%	
VENTRICULAR CARDIAC MUSCLE TISSUE MORPHOGENESIS%GOBP%GO:0055010	VENTRICULAR CARDIAC MUSCLE TISSUE MORPHOGENESIS%GOBP%GO:0055010		21	-0.27627638	-0.6846576	0.91793895	1.0	1.0	4930	tags=48%, list=30%, signal=68%	
REGULATION OF CARDIAC MUSCLE CONTRACTION%GOBP%GO:0055117	REGULATION OF CARDIAC MUSCLE CONTRACTION%GOBP%GO:0055117		52	-0.22744834	-0.6842928	0.9820144	1.0	1.0	3886	tags=29%, list=24%, signal=38%	
PYRIMIDINE RIBONUCLEOTIDE METABOLIC PROCESS%GOBP%GO:0009218	PYRIMIDINE RIBONUCLEOTIDE METABOLIC PROCESS%GOBP%GO:0009218		19	-0.28453058	-0.68339133	0.90225565	1.0	1.0	3521	tags=32%, list=21%, signal=40%	
NEGATIVE REGULATION OF ENDOTHELIAL CELL MIGRATION%GOBP%GO:0010596	NEGATIVE REGULATION OF ENDOTHELIAL CELL MIGRATION%GOBP%GO:0010596		41	-0.23921472	-0.6832254	0.9672447	1.0	1.0	2440	tags=17%, list=15%, signal=20%	
KILLING OF CELLS OF ANOTHER ORGANISM%GOBP%GO:0031640	KILLING OF CELLS OF ANOTHER ORGANISM%GOBP%GO:0031640		16	-0.29459324	-0.6823659	0.8925926	1.0	1.0	1227	tags=13%, list=7%, signal=13%	
ENDOTHELIUM DEVELOPMENT%GOBP%GO:0003158	ENDOTHELIUM DEVELOPMENT%GOBP%GO:0003158		63	-0.22611625	-0.6816513	0.9771863	1.0	1.0	2368	tags=14%, list=14%, signal=17%	
RESPIRATORY SYSTEM DEVELOPMENT%GOBP%GO:0060541	RESPIRATORY SYSTEM DEVELOPMENT%GOBP%GO:0060541		45	-0.23445415	-0.68056905	0.9645522	1.0	1.0	1641	tags=11%, list=10%, signal=12%	
RNA POLYMERASE II PREINITIATION COMPLEX ASSEMBLY%GOBP%GO:0051123	RNA POLYMERASE II PREINITIATION COMPLEX ASSEMBLY%GOBP%GO:0051123		44	-0.23933865	-0.68026763	0.9610137	1.0	1.0	1732	tags=16%, list=11%, signal=18%	
INTERFERON GAMMA SIGNALING%REACTOME DATABASE ID RELEASE 93%877300	INTERFERON GAMMA SIGNALING%REACTOME DATABASE ID RELEASE 93%877300		80	-0.21354736	-0.68012685	0.9890511	1.0	1.0	2752	tags=16%, list=17%, signal=19%	
LOCOMOTORY BEHAVIOR%GOBP%GO:0007626	LOCOMOTORY BEHAVIOR%GOBP%GO:0007626		24	-0.264262	-0.6785634	0.9364162	1.0	1.0	2786	tags=21%, list=17%, signal=25%	
PROTEIN-DNA COMPLEX DISASSEMBLY%GOBP%GO:0032986	PROTEIN-DNA COMPLEX DISASSEMBLY%GOBP%GO:0032986		18	-0.2859578	-0.6784657	0.9052419	1.0	1.0	3188	tags=33%, list=19%, signal=41%	
HEPATICOBILIARY SYSTEM DEVELOPMENT%GOBP%GO:0061008	HEPATICOBILIARY SYSTEM DEVELOPMENT%GOBP%GO:0061008		26	-0.26091328	-0.6777891	0.94263864	1.0	1.0	1117	tags=8%, list=7%, signal=8%	
PID_E2F_PATHWAY%MSIGDB_C2%PID_E2F_PATHWAY	PID_E2F_PATHWAY%MSIGDB_C2%PID_E2F_PATHWAY		53	-0.2250729	-0.6775258	0.9633911	1.0	1.0	2755	tags=21%, list=17%, signal=25%	
ETHER LIPID METABOLIC PROCESS%GOBP%GO:0046485	ETHER LIPID METABOLIC PROCESS%GOBP%GO:0046485		19	-0.28027168	-0.67509454	0.9163498	1.0	1.0	4124	tags=37%, list=25%, signal=49%	
PID_ARF6_PATHWAY%MSIGDB_C2%PID_ARF6_PATHWAY	PID_ARF6_PATHWAY%MSIGDB_C2%PID_ARF6_PATHWAY		27	-0.2567216	-0.67454493	0.9425926	1.0	1.0	2662	tags=22%, list=16%, signal=26%	
REGULATION OF PROTEIN POLYUBIQUITINATION%GOBP%GO:1902914	REGULATION OF PROTEIN POLYUBIQUITINATION%GOBP%GO:1902914		21	-0.2761963	-0.67339736	0.90636706	1.0	1.0	2828	tags=19%, list=17%, signal=23%	
MAMMARY GLAND DEVELOPMENT PREGNANCY AND LACTATION STAGE 3 OF 4%WIKIPATHWAYS_20250810%WP2817%HOMO SAPIENS	MAMMARY GLAND DEVELOPMENT PREGNANCY AND LACTATION STAGE 3 OF 4%WIKIPATHWAYS_20250810%WP2817%HOMO SAPIENS		33	-0.24555293	-0.6718758	0.945283	1.0	1.0	1538	tags=12%, list=9%, signal=13%	
BIOCARTA_ATRBRCA_PATHWAY%MSIGDB_C2%BIOCARTA_ATRBRCA_PATHWAY	BIOCARTA_ATRBRCA_PATHWAY%MSIGDB_C2%BIOCARTA_ATRBRCA_PATHWAY		18	-0.2831564	-0.67183024	0.91081595	1.0	1.0	4072	tags=33%, list=25%, signal=44%	
FOCAL ADHESION ASSEMBLY%GOBP%GO:0048041	FOCAL ADHESION ASSEMBLY%GOBP%GO:0048041		21	-0.27060214	-0.6715611	0.9210019	1.0	1.0	1787	tags=19%, list=11%, signal=21%	
REGULATION OF MACROPHAGE ACTIVATION%GOBP%GO:0043030	REGULATION OF MACROPHAGE ACTIVATION%GOBP%GO:0043030		32	-0.24825972	-0.6712129	0.95573443	1.0	1.0	1336	tags=9%, list=8%, signal=10%	
DISRUPTION OF CELL IN ANOTHER ORGANISM%GOBP%GO:0141061	DISRUPTION OF CELL IN ANOTHER ORGANISM%GOBP%GO:0141061		16	-0.29459324	-0.6709717	0.93726236	1.0	1.0	1227	tags=13%, list=7%, signal=13%	
MESENCHYME MORPHOGENESIS%GOBP%GO:0072132	MESENCHYME MORPHOGENESIS%GOBP%GO:0072132		29	-0.2568088	-0.67059195	0.9362477	1.0	1.0	2061	tags=14%, list=13%, signal=16%	
SODIUM ION HOMEOSTASIS%GOBP%GO:0055078	SODIUM ION HOMEOSTASIS%GOBP%GO:0055078		19	-0.27413702	-0.6702414	0.92197126	1.0	1.0	3313	tags=21%, list=20%, signal=26%	
REGULATION OF CALCIUM-MEDIATED SIGNALING%GOBP%GO:0050848	REGULATION OF CALCIUM-MEDIATED SIGNALING%GOBP%GO:0050848		58	-0.22537237	-0.6702355	0.979206	1.0	1.0	2842	tags=16%, list=17%, signal=19%	
BIOCARTA_ATM_PATHWAY%MSIGDB_C2%BIOCARTA_ATM_PATHWAY	BIOCARTA_ATM_PATHWAY%MSIGDB_C2%BIOCARTA_ATM_PATHWAY		17	-0.28618246	-0.67002916	0.92816633	1.0	1.0	2473	tags=24%, list=15%, signal=28%	
WHITE FAT CELL DIFFERENTIATION%WIKIPATHWAYS_20250810%WP4149%HOMO SAPIENS	WHITE FAT CELL DIFFERENTIATION%WIKIPATHWAYS_20250810%WP4149%HOMO SAPIENS		26	-0.25948408	-0.6684996	0.9400387	1.0	1.0	854	tags=8%, list=5%, signal=8%	
NEGATIVE REGULATION OF OSTEOCLAST DIFFERENTIATION%GOBP%GO:0045671	NEGATIVE REGULATION OF OSTEOCLAST DIFFERENTIATION%GOBP%GO:0045671		19	-0.27261594	-0.66805965	0.90978885	1.0	1.0	1723	tags=16%, list=10%, signal=18%	
MUSCARINIC ACETYLCHOLINE RECEPTOR 1 AND 3 SIGNALING PATHWAY%PANTHER PATHWAY%P00042	MUSCARINIC ACETYLCHOLINE RECEPTOR 1 AND 3 SIGNALING PATHWAY%PANTHER PATHWAY%P00042		32	-0.24262	-0.6673706	0.94962686	1.0	1.0	864	tags=6%, list=5%, signal=7%	
SKELETAL MUSCLE TISSUE DEVELOPMENT%GOBP%GO:0007519	SKELETAL MUSCLE TISSUE DEVELOPMENT%GOBP%GO:0007519		31	-0.24759819	-0.6673538	0.94817656	1.0	1.0	1474	tags=10%, list=9%, signal=11%	
POSITIVE REGULATION OF AMYLOID PRECURSOR PROTEIN CATABOLIC PROCESS%GOBP%GO:1902993	POSITIVE REGULATION OF AMYLOID PRECURSOR PROTEIN CATABOLIC PROCESS%GOBP%GO:1902993		20	-0.27704778	-0.6670254	0.9233792	1.0	1.0	3578	tags=45%, list=22%, signal=57%	
DISRUPTION OF ANATOMICAL STRUCTURE IN ANOTHER ORGANISM%GOBP%GO:0141060	DISRUPTION OF ANATOMICAL STRUCTURE IN ANOTHER ORGANISM%GOBP%GO:0141060		19	-0.2797085	-0.6646902	0.92706335	1.0	1.0	1227	tags=11%, list=7%, signal=11%	
POSITIVE REGULATION OF AXONOGENESIS%GOBP%GO:0050772	POSITIVE REGULATION OF AXONOGENESIS%GOBP%GO:0050772		34	-0.24703006	-0.6636928	0.95075756	1.0	1.0	2284	tags=15%, list=14%, signal=17%	
POSITIVE REGULATION OF CELL-SUBSTRATE JUNCTION ORGANIZATION%GOBP%GO:0150117	POSITIVE REGULATION OF CELL-SUBSTRATE JUNCTION ORGANIZATION%GOBP%GO:0150117		24	-0.2604263	-0.66366446	0.9472656	1.0	1.0	3025	tags=25%, list=18%, signal=31%	
DEVELOPMENT OF URETERIC DERIVED COLLECTING SYSTEM%WIKIPATHWAYS_20250810%WP5053%HOMO SAPIENS	DEVELOPMENT OF URETERIC DERIVED COLLECTING SYSTEM%WIKIPATHWAYS_20250810%WP5053%HOMO SAPIENS		32	-0.24811405	-0.6616046	0.95801526	1.0	1.0	5621	tags=38%, list=34%, signal=57%	
STRESS-ACTIVATED MAPK CASCADE%GOBP%GO:0051403	STRESS-ACTIVATED MAPK CASCADE%GOBP%GO:0051403		16	-0.28483492	-0.6602628	0.9068441	1.0	1.0	641	tags=13%, list=4%, signal=13%	
INOSITOL PHOSPHATE METABOLIC PROCESS%GOBP%GO:0043647	INOSITOL PHOSPHATE METABOLIC PROCESS%GOBP%GO:0043647		21	-0.26645592	-0.65944326	0.92168677	1.0	1.0	1491	tags=10%, list=9%, signal=10%	
INFLAMMASOMES%REACTOME DATABASE ID RELEASE 93%622312	INFLAMMASOMES%REACTOME DATABASE ID RELEASE 93%622312		20	-0.27102473	-0.65880567	0.92622954	1.0	1.0	1974	tags=15%, list=12%, signal=17%	
RESPONSE TO AMYLOID-BETA%GOBP%GO:1904645	RESPONSE TO AMYLOID-BETA%GOBP%GO:1904645		39	-0.23337777	-0.6584968	0.9657795	1.0	1.0	1300	tags=8%, list=8%, signal=8%	
BIOCARTA_PPARA_PATHWAY%MSIGDB_C2%BIOCARTA_PPARA_PATHWAY	BIOCARTA_PPARA_PATHWAY%MSIGDB_C2%BIOCARTA_PPARA_PATHWAY		36	-0.23854426	-0.658064	0.96380955	1.0	1.0	2706	tags=25%, list=16%, signal=30%	
METABOLISM OF COFACTORS%REACTOME%R-HSA-8978934.6	METABOLISM OF COFACTORS%REACTOME%R-HSA-8978934.6		23	-0.2591248	-0.65793484	0.9400749	1.0	1.0	3563	tags=26%, list=22%, signal=33%	
BIOCARTA_HIVNEF_PATHWAY%MSIGDB_C2%BIOCARTA_HIVNEF_PATHWAY	BIOCARTA_HIVNEF_PATHWAY%MSIGDB_C2%BIOCARTA_HIVNEF_PATHWAY		41	-0.23143902	-0.6567448	0.9767892	1.0	1.0	2933	tags=20%, list=18%, signal=24%	
NITRIC OXIDE METABOLIC PROCESS%GOBP%GO:0046209	NITRIC OXIDE METABOLIC PROCESS%GOBP%GO:0046209		21	-0.2620799	-0.6567049	0.95427436	1.0	1.0	299	tags=5%, list=2%, signal=5%	
NEGATIVE REGULATION OF REACTIVE OXYGEN SPECIES METABOLIC PROCESS%GOBP%GO:2000378	NEGATIVE REGULATION OF REACTIVE OXYGEN SPECIES METABOLIC PROCESS%GOBP%GO:2000378		19	-0.27414316	-0.6551318	0.92121214	1.0	1.0	210	tags=5%, list=1%, signal=5%	
RA BIOSYNTHESIS PATHWAY%REACTOME%R-HSA-5365859.4	RA BIOSYNTHESIS PATHWAY%REACTOME%R-HSA-5365859.4		15	-0.28790095	-0.6543861	0.917505	1.0	1.0	11693	tags=100%, list=71%, signal=347%	
ACYLGLYCEROL HOMEOSTASIS%GOBP%GO:0055090	ACYLGLYCEROL HOMEOSTASIS%GOBP%GO:0055090		22	-0.25994447	-0.6539345	0.93386775	1.0	1.0	3393	tags=27%, list=21%, signal=34%	
ORGAN GROWTH%GOBP%GO:0035265	ORGAN GROWTH%GOBP%GO:0035265		27	-0.25117737	-0.65040034	0.9564356	1.0	1.0	4042	tags=44%, list=25%, signal=59%	
ALLOGRAFT REJECTION%WIKIPATHWAYS_20250810%WP2328%HOMO SAPIENS	ALLOGRAFT REJECTION%WIKIPATHWAYS_20250810%WP2328%HOMO SAPIENS		56	-0.2170346	-0.65029764	0.98865783	1.0	1.0	625	tags=4%, list=4%, signal=4%	
ERYTHROCYTE HOMEOSTASIS%GOBP%GO:0034101	ERYTHROCYTE HOMEOSTASIS%GOBP%GO:0034101		50	-0.21875846	-0.6494164	0.97769517	1.0	1.0	2037	tags=12%, list=12%, signal=14%	
NEGATIVE REGULATION OF PROTEIN SERINE/THREONINE KINASE ACTIVITY%GOBP%GO:0071901	NEGATIVE REGULATION OF PROTEIN SERINE/THREONINE KINASE ACTIVITY%GOBP%GO:0071901		27	-0.24435052	-0.6488644	0.95318353	1.0	1.0	3216	tags=19%, list=20%, signal=23%	
AXON EXTENSION%GOBP%GO:0048675	AXON EXTENSION%GOBP%GO:0048675		23	-0.25485748	-0.6457286	0.9525617	1.0	1.0	3407	tags=35%, list=21%, signal=44%	
EMBRYO IMPLANTATION%GOBP%GO:0007566	EMBRYO IMPLANTATION%GOBP%GO:0007566		16	-0.27780136	-0.64568573	0.928	1.0	1.0	2040	tags=19%, list=12%, signal=21%	
PRESYNAPSE ORGANIZATION%GOBP%GO:0099172	PRESYNAPSE ORGANIZATION%GOBP%GO:0099172		17	-0.2772707	-0.6453762	0.9207317	1.0	1.0	3573	tags=29%, list=22%, signal=38%	
POSITIVE REGULATION OF MITOTIC NUCLEAR DIVISION%GOBP%GO:0045840	POSITIVE REGULATION OF MITOTIC NUCLEAR DIVISION%GOBP%GO:0045840		32	-0.23820119	-0.6441325	0.97020483	1.0	1.0	3074	tags=19%, list=19%, signal=23%	
CELLULAR RESPONSE TO CAMP%GOBP%GO:0071320	CELLULAR RESPONSE TO CAMP%GOBP%GO:0071320		28	-0.24458458	-0.6436715	0.96940726	1.0	1.0	499	tags=7%, list=3%, signal=7%	
REGULATION OF REACTIVE OXYGEN SPECIES BIOSYNTHETIC PROCESS%GOBP%GO:1903426	REGULATION OF REACTIVE OXYGEN SPECIES BIOSYNTHETIC PROCESS%GOBP%GO:1903426		22	-0.25901023	-0.64304614	0.9472693	1.0	1.0	210	tags=5%, list=1%, signal=5%	
LONG-TERM POTENTIATION%REACTOME DATABASE ID RELEASE 93%9620244	LONG-TERM POTENTIATION%REACTOME DATABASE ID RELEASE 93%9620244		20	-0.2635916	-0.6424081	0.94423795	1.0	1.0	1046	tags=10%, list=6%, signal=11%	
TRIGLYCERIDE HOMEOSTASIS%GOBP%GO:0070328	TRIGLYCERIDE HOMEOSTASIS%GOBP%GO:0070328		22	-0.25994447	-0.64202344	0.9664032	1.0	1.0	3393	tags=27%, list=21%, signal=34%	
REACTIVE NITROGEN SPECIES METABOLIC PROCESS%GOBP%GO:2001057	REACTIVE NITROGEN SPECIES METABOLIC PROCESS%GOBP%GO:2001057		22	-0.2608571	-0.6419421	0.956848	1.0	1.0	299	tags=5%, list=2%, signal=5%	
NEGATIVE REGULATION OF NMDA RECEPTOR-MEDIATED NEURONAL TRANSMISSION%REACTOME DATABASE ID RELEASE 93%9617324	NEGATIVE REGULATION OF NMDA RECEPTOR-MEDIATED NEURONAL TRANSMISSION%REACTOME DATABASE ID RELEASE 93%9617324		19	-0.26683903	-0.63888323	0.95573443	1.0	1.0	3305	tags=26%, list=20%, signal=33%	
CELL FATE SPECIFICATION%GOBP%GO:0001708	CELL FATE SPECIFICATION%GOBP%GO:0001708		23	-0.24947673	-0.637287	0.9675456	1.0	1.0	1304	tags=9%, list=8%, signal=9%	
FC-GAMMA RECEPTOR SIGNALING PATHWAY INVOLVED IN PHAGOCYTOSIS%GOBP%GO:0038096	FC-GAMMA RECEPTOR SIGNALING PATHWAY INVOLVED IN PHAGOCYTOSIS%GOBP%GO:0038096		20	-0.2541376	-0.6366276	0.9513619	1.0	1.0	2221	tags=15%, list=14%, signal=17%	
TRANSPOSABLE ELEMENT SILENCING BY HETEROCHROMATIN FORMATION%GOBP%GO:0141005	TRANSPOSABLE ELEMENT SILENCING BY HETEROCHROMATIN FORMATION%GOBP%GO:0141005		18	-0.26805308	-0.6357849	0.938856	1.0	1.0	3678	tags=28%, list=22%, signal=36%	
ENDOTHELIAL CELL DEVELOPMENT%GOBP%GO:0001885	ENDOTHELIAL CELL DEVELOPMENT%GOBP%GO:0001885		31	-0.23094757	-0.63532865	0.9610656	1.0	1.0	3113	tags=16%, list=19%, signal=20%	
ACYL CHAIN REMODELLING OF PE%REACTOME%R-HSA-1482839.4	ACYL CHAIN REMODELLING OF PE%REACTOME%R-HSA-1482839.4		22	-0.25012493	-0.6340863	0.9562624	1.0	1.0	315	tags=5%, list=2%, signal=5%	
BETA5 BETA6 BETA7 AND BETA8 INTEGRIN CELL SURFACE INTERACTIONS%PATHWAY INTERACTION DATABASE NCI-NATURE CURATED DATA%BETA5 BETA6 BETA7 AND BETA8 INTEGRIN CELL SURFACE INTERACTIONS	BETA5 BETA6 BETA7 AND BETA8 INTEGRIN CELL SURFACE INTERACTIONS%PATHWAY INTERACTION DATABASE NCI-NATURE CURATED DATA%BETA5 BETA6 BETA7 AND BETA8 INTEGRIN CELL SURFACE INTERACTIONS		16	-0.2697917	-0.63016176	0.938	1.0	1.0	1652	tags=19%, list=10%, signal=21%	
HIPPO SIGNALING REGULATION%WIKIPATHWAYS_20250810%WP4540%HOMO SAPIENS	HIPPO SIGNALING REGULATION%WIKIPATHWAYS_20250810%WP4540%HOMO SAPIENS		68	-0.20313832	-0.62997216	0.9962756	1.0	1.0	3604	tags=22%, list=22%, signal=28%	
METABOLIC PATHWAYS OF FIBROBLASTS%WIKIPATHWAYS_20250810%WP5312%HOMO SAPIENS	METABOLIC PATHWAYS OF FIBROBLASTS%WIKIPATHWAYS_20250810%WP5312%HOMO SAPIENS		20	-0.25992817	-0.6296469	0.9484536	1.0	1.0	2922	tags=20%, list=18%, signal=24%	
CELLULAR RESPONSE TO ESTRADIOL STIMULUS%GOBP%GO:0071392	CELLULAR RESPONSE TO ESTRADIOL STIMULUS%GOBP%GO:0071392		15	-0.27721453	-0.62855554	0.9491194	1.0	1.0	1558	tags=13%, list=9%, signal=15%	
CARDIAC CONDUCTION%GOBP%GO:0061337	CARDIAC CONDUCTION%GOBP%GO:0061337		53	-0.20888525	-0.62841994	0.9944238	1.0	1.0	4050	tags=23%, list=25%, signal=30%	
IMMUNE RESPONSE-REGULATING CELL SURFACE RECEPTOR SIGNALING PATHWAY INVOLVED IN PHAGOCYTOSIS%GOBP%GO:0002433	IMMUNE RESPONSE-REGULATING CELL SURFACE RECEPTOR SIGNALING PATHWAY INVOLVED IN PHAGOCYTOSIS%GOBP%GO:0002433		20	-0.2541376	-0.62738746	0.9649123	1.0	1.0	2221	tags=15%, list=14%, signal=17%	
NUCLEOTIDE BINDING OLIGOMERIZATION DOMAIN NOD PATHWAY%WIKIPATHWAYS_20250810%WP1433%HOMO SAPIENS	NUCLEOTIDE BINDING OLIGOMERIZATION DOMAIN NOD PATHWAY%WIKIPATHWAYS_20250810%WP1433%HOMO SAPIENS		26	-0.23942742	-0.6257079	0.97053045	1.0	1.0	3556	tags=23%, list=22%, signal=29%	
VENTRICULAR CARDIAC MUSCLE TISSUE DEVELOPMENT%GOBP%GO:0003229	VENTRICULAR CARDIAC MUSCLE TISSUE DEVELOPMENT%GOBP%GO:0003229		27	-0.24251641	-0.6248402	0.9747082	1.0	1.0	4930	tags=41%, list=30%, signal=58%	
POTASSIUM ION TRANSMEMBRANE TRANSPORT%GOBP%GO:0071805	POTASSIUM ION TRANSMEMBRANE TRANSPORT%GOBP%GO:0071805		91	-0.19325642	-0.6238505	1.0	1.0	1.0	4050	tags=21%, list=25%, signal=28%	
LYMPH VESSEL MORPHOGENESIS%GOBP%GO:0036303	LYMPH VESSEL MORPHOGENESIS%GOBP%GO:0036303		15	-0.272639	-0.6234545	0.938856	1.0	1.0	1489	tags=13%, list=9%, signal=15%	
NUCLEAR-TRANSCRIBED MRNA POLY(A) TAIL SHORTENING%GOBP%GO:0000289	NUCLEAR-TRANSCRIBED MRNA POLY(A) TAIL SHORTENING%GOBP%GO:0000289		18	-0.2572356	-0.6230983	0.9519038	1.0	1.0	1076	tags=11%, list=7%, signal=12%	
POSITIVE REGULATION OF NUCLEAR DIVISION%GOBP%GO:0051785	POSITIVE REGULATION OF NUCLEAR DIVISION%GOBP%GO:0051785		37	-0.22760811	-0.6225318	0.9889706	1.0	1.0	3206	tags=22%, list=20%, signal=27%	
SYNAPTIC MEMBRANE ADHESION%GOBP%GO:0099560	SYNAPTIC MEMBRANE ADHESION%GOBP%GO:0099560		15	-0.26936963	-0.6222925	0.94081634	1.0	1.0	5341	tags=53%, list=33%, signal=79%	
SYNAPTIC VESICLE EXOCYTOSIS%GOBP%GO:0016079	SYNAPTIC VESICLE EXOCYTOSIS%GOBP%GO:0016079		37	-0.2247858	-0.6222544	0.98054475	1.0	1.0	1491	tags=8%, list=9%, signal=9%	
NEGATIVE REGULATION OF MONOATOMIC ION TRANSPORT%GOBP%GO:0043271	NEGATIVE REGULATION OF MONOATOMIC ION TRANSPORT%GOBP%GO:0043271		49	-0.21276706	-0.62189835	0.98865783	1.0	1.0	2671	tags=16%, list=16%, signal=19%	
CALCIUM ION IMPORT INTO CYTOSOL%GOBP%GO:1902656	CALCIUM ION IMPORT INTO CYTOSOL%GOBP%GO:1902656		26	-0.23737793	-0.62140346	0.9709302	1.0	1.0	3667	tags=23%, list=22%, signal=30%	
DETECTION OF STIMULUS%GOBP%GO:0051606	DETECTION OF STIMULUS%GOBP%GO:0051606		106	-0.1865137	-0.61758375	1.0	1.0	1.0	2907	tags=14%, list=18%, signal=17%	
BIOCARTA_CELLCYCLE_PATHWAY%MSIGDB_C2%BIOCARTA_CELLCYCLE_PATHWAY	BIOCARTA_CELLCYCLE_PATHWAY%MSIGDB_C2%BIOCARTA_CELLCYCLE_PATHWAY		18	-0.2578814	-0.61696684	0.9666012	1.0	1.0	2542	tags=17%, list=15%, signal=20%	
MATURATION OF 5.8S RRNA FROM TRICISTRONIC RRNA TRANSCRIPT (SSU-RRNA, 5.8S RRNA, LSU-RRNA)%GOBP%GO:0000466	MATURATION OF 5.8S RRNA FROM TRICISTRONIC RRNA TRANSCRIPT (SSU-RRNA, 5.8S RRNA, LSU-RRNA)%GOBP%GO:0000466		18	-0.25887686	-0.6167115	0.94827586	1.0	1.0	2244	tags=17%, list=14%, signal=19%	
GLUTAMATE METABOLIC PROCESS%GOBP%GO:0006536	GLUTAMATE METABOLIC PROCESS%GOBP%GO:0006536		18	-0.25771978	-0.61600846	0.9616123	1.0	1.0	1122	tags=11%, list=7%, signal=12%	
REGULATION OF CARDIOCYTE DIFFERENTIATION%GOBP%GO:1905207	REGULATION OF CARDIOCYTE DIFFERENTIATION%GOBP%GO:1905207		17	-0.25973603	-0.61520886	0.96015936	1.0	1.0	585	tags=6%, list=4%, signal=6%	
GLUTAMATE BINDING, ACTIVATION OF AMPA RECEPTORS AND SYNAPTIC PLASTICITY%REACTOME%R-HSA-399721.5	GLUTAMATE BINDING, ACTIVATION OF AMPA RECEPTORS AND SYNAPTIC PLASTICITY%REACTOME%R-HSA-399721.5		26	-0.23214144	-0.61480916	0.9751908	1.0	1.0	1046	tags=8%, list=6%, signal=8%	
NICOTINATE METABOLISM%REACTOME%R-HSA-196807.7	NICOTINATE METABOLISM%REACTOME%R-HSA-196807.7		26	-0.23992048	-0.61272913	0.980695	1.0	1.0	2759	tags=19%, list=17%, signal=23%	
RESPONSE TO FIBROBLAST GROWTH FACTOR%GOBP%GO:0071774	RESPONSE TO FIBROBLAST GROWTH FACTOR%GOBP%GO:0071774		41	-0.21793064	-0.61235934	0.98062015	1.0	1.0	3880	tags=29%, list=24%, signal=38%	
MYELINATION%GOBP%GO:0042552	MYELINATION%GOBP%GO:0042552		53	-0.20441912	-0.6114823	0.9981516	1.0	1.0	2858	tags=15%, list=17%, signal=18%	
DIMETHYLGLYCINE DEHYDROGENASE DEFICIENCY%SMPDB%SMP0000484	DIMETHYLGLYCINE DEHYDROGENASE DEFICIENCY%SMPDB%SMP0000484		20	-0.24639939	-0.61094457	0.96928984	1.0	1.0	3474	tags=20%, list=21%, signal=25%	
T CELL DIFFERENTIATION INVOLVED IN IMMUNE RESPONSE%GOBP%GO:0002292	T CELL DIFFERENTIATION INVOLVED IN IMMUNE RESPONSE%GOBP%GO:0002292		28	-0.23263545	-0.60952103	0.9824219	1.0	1.0	3484	tags=25%, list=21%, signal=32%	
3-PHOSPHOGLYCERATE DEHYDROGENASE DEFICIENCY%SMPDB%SMP0000721	3-PHOSPHOGLYCERATE DEHYDROGENASE DEFICIENCY%SMPDB%SMP0000721		20	-0.24639939	-0.60939586	0.9585799	1.0	1.0	3474	tags=20%, list=21%, signal=25%	
HYPERGLYCINEMIA, NON-KETOTIC%SMPDB%SMP0000485	HYPERGLYCINEMIA, NON-KETOTIC%SMPDB%SMP0000485		20	-0.24639939	-0.60885423	0.95740366	1.0	1.0	3474	tags=20%, list=21%, signal=25%	
ROLE OF PHOSPHOLIPIDS IN PHAGOCYTOSIS%REACTOME%R-HSA-2029485.3	ROLE OF PHOSPHOLIPIDS IN PHAGOCYTOSIS%REACTOME%R-HSA-2029485.3		27	-0.23319048	-0.60753673	0.98054475	1.0	1.0	2221	tags=15%, list=14%, signal=17%	
TRAFFICKING OF AMPA RECEPTORS%REACTOME DATABASE ID RELEASE 93%399719	TRAFFICKING OF AMPA RECEPTORS%REACTOME DATABASE ID RELEASE 93%399719		26	-0.23214144	-0.60609484	0.9790875	1.0	1.0	1046	tags=8%, list=6%, signal=8%	
13Q12 12 COPY NUMBER VARIATION%WIKIPATHWAYS_20250810%WP5406%HOMO SAPIENS	13Q12 12 COPY NUMBER VARIATION%WIKIPATHWAYS_20250810%WP5406%HOMO SAPIENS		23	-0.24035564	-0.6039698	0.9623016	1.0	1.0	3258	tags=26%, list=20%, signal=33%	
DIHYDROPYRIMIDINE DEHYDROGENASE DEFICIENCY (DHPD)%SMPDB%SMP0000179	DIHYDROPYRIMIDINE DEHYDROGENASE DEFICIENCY (DHPD)%SMPDB%SMP0000179		20	-0.24639939	-0.60361266	0.96247655	1.0	1.0	3474	tags=20%, list=21%, signal=25%	
CD4-POSITIVE, ALPHA-BETA T CELL ACTIVATION%GOBP%GO:0035710	CD4-POSITIVE, ALPHA-BETA T CELL ACTIVATION%GOBP%GO:0035710		33	-0.22130704	-0.6035991	0.98165137	1.0	1.0	3484	tags=24%, list=21%, signal=31%	
SARCOSINEMIA%SMPDB%SMP0000244	SARCOSINEMIA%SMPDB%SMP0000244		20	-0.24639939	-0.60271066	0.9810247	1.0	1.0	3474	tags=20%, list=21%, signal=25%	
FEEDING BEHAVIOR%GOBP%GO:0007631	FEEDING BEHAVIOR%GOBP%GO:0007631		15	-0.26503944	-0.60166824	0.9409449	1.0	1.0	4317	tags=33%, list=26%, signal=45%	
GLYCINE AND SERINE METABOLISM%SMPDB%SMP0000004	GLYCINE AND SERINE METABOLISM%SMPDB%SMP0000004		20	-0.24639939	-0.6013736	0.970696	1.0	1.0	3474	tags=20%, list=21%, signal=25%	
MONONUCLEAR CELL PROLIFERATION%GOBP%GO:0032943	MONONUCLEAR CELL PROLIFERATION%GOBP%GO:0032943		33	-0.22321849	-0.6010438	0.9958678	1.0	1.0	152	tags=3%, list=1%, signal=3%	
AXON ENSHEATHMENT%GOBP%GO:0008366	AXON ENSHEATHMENT%GOBP%GO:0008366		54	-0.19926473	-0.6004539	0.9960396	1.0	1.0	2858	tags=15%, list=17%, signal=18%	
MYELOID CELL HOMEOSTASIS%GOBP%GO:0002262	MYELOID CELL HOMEOSTASIS%GOBP%GO:0002262		56	-0.20271116	-0.60044473	0.9942748	1.0	1.0	2037	tags=11%, list=12%, signal=12%	
REGULATION OF CARTILAGE DEVELOPMENT%GOBP%GO:0061035	REGULATION OF CARTILAGE DEVELOPMENT%GOBP%GO:0061035		32	-0.22186695	-0.60043544	0.9846449	1.0	1.0	4620	tags=38%, list=28%, signal=52%	
GPCRS OTHER%WIKIPATHWAYS_20250810%WP117%HOMO SAPIENS	GPCRS OTHER%WIKIPATHWAYS_20250810%WP117%HOMO SAPIENS		38	-0.21228261	-0.6002393	0.98832685	1.0	1.0	2400	tags=13%, list=15%, signal=15%	
DIMETHYLGLYCINE DEHYDROGENASE DEFICIENCY%SMPDB%SMP0000242	DIMETHYLGLYCINE DEHYDROGENASE DEFICIENCY%SMPDB%SMP0000242		20	-0.24639939	-0.60011864	0.954023	1.0	1.0	3474	tags=20%, list=21%, signal=25%	
CORONARY VASCULATURE DEVELOPMENT%GOBP%GO:0060976	CORONARY VASCULATURE DEVELOPMENT%GOBP%GO:0060976		18	-0.25182685	-0.5977964	0.96456695	1.0	1.0	409	tags=6%, list=2%, signal=6%	
CARDIAC VENTRICLE DEVELOPMENT%GOBP%GO:0003231	CARDIAC VENTRICLE DEVELOPMENT%GOBP%GO:0003231		55	-0.2028942	-0.5975976	0.99626166	1.0	1.0	4930	tags=31%, list=30%, signal=44%	
ENSHEATHMENT OF NEURONS%GOBP%GO:0007272	ENSHEATHMENT OF NEURONS%GOBP%GO:0007272		54	-0.19926473	-0.5973134	1.0	1.0	1.0	2858	tags=15%, list=17%, signal=18%	
LYMPHOCYTE PROLIFERATION%GOBP%GO:0046651	LYMPHOCYTE PROLIFERATION%GOBP%GO:0046651		32	-0.2239605	-0.5971318	0.98504674	1.0	1.0	152	tags=3%, list=1%, signal=3%	
REGULATION OF VASCULAR PERMEABILITY%GOBP%GO:0043114	REGULATION OF VASCULAR PERMEABILITY%GOBP%GO:0043114		30	-0.21996838	-0.5967444	0.98790324	1.0	1.0	3958	tags=27%, list=24%, signal=35%	
ROOF OF MOUTH DEVELOPMENT%GOBP%GO:0060021	ROOF OF MOUTH DEVELOPMENT%GOBP%GO:0060021		30	-0.22940415	-0.5957449	0.988785	1.0	1.0	900	tags=7%, list=5%, signal=7%	
NON-KETOTIC HYPERGLYCINEMIA%PATHWHIZ%PW000209	NON-KETOTIC HYPERGLYCINEMIA%PATHWHIZ%PW000209		20	-0.24639939	-0.59289145	0.9631068	1.0	1.0	3474	tags=20%, list=21%, signal=25%	
AROMATIC AMINO ACID FAMILY CATABOLIC PROCESS%GOBP%GO:0009074	AROMATIC AMINO ACID FAMILY CATABOLIC PROCESS%GOBP%GO:0009074		18	-0.24395387	-0.589438	0.96666664	1.0	1.0	1637	tags=11%, list=10%, signal=12%	
GLIAL CELL MIGRATION%GOBP%GO:0008347	GLIAL CELL MIGRATION%GOBP%GO:0008347		17	-0.24938835	-0.5870053	0.9787234	1.0	1.0	3514	tags=29%, list=21%, signal=37%	
IONOTROPIC GLUTAMATE RECEPTOR PATHWAY%PANTHER PATHWAY%P00037	IONOTROPIC GLUTAMATE RECEPTOR PATHWAY%PANTHER PATHWAY%P00037		30	-0.21905419	-0.5869335	0.98501873	1.0	1.0	5844	tags=53%, list=36%, signal=83%	
NEUROBLAST PROLIFERATION%GOBP%GO:0007405	NEUROBLAST PROLIFERATION%GOBP%GO:0007405		15	-0.25714412	-0.5849127	0.97206706	1.0	1.0	3544	tags=27%, list=22%, signal=34%	
DETECTION OF EXTERNAL BIOTIC STIMULUS%GOBP%GO:0098581	DETECTION OF EXTERNAL BIOTIC STIMULUS%GOBP%GO:0098581		15	-0.25524694	-0.5847184	0.9654471	1.0	1.0	880	tags=7%, list=5%, signal=7%	
RESPONSE TO ATP%GOBP%GO:0033198	RESPONSE TO ATP%GOBP%GO:0033198		17	-0.2475968	-0.5822368	0.97307694	1.0	1.0	4050	tags=35%, list=25%, signal=47%	
POSITIVE REGULATION OF GLYCOLYTIC PROCESS%GOBP%GO:0045821	POSITIVE REGULATION OF GLYCOLYTIC PROCESS%GOBP%GO:0045821		17	-0.24263568	-0.5812259	0.95339805	1.0	1.0	3785	tags=29%, list=23%, signal=38%	
POSITIVE REGULATION OF PURINE NUCLEOTIDE CATABOLIC PROCESS%GOBP%GO:0033123	POSITIVE REGULATION OF PURINE NUCLEOTIDE CATABOLIC PROCESS%GOBP%GO:0033123		17	-0.24263568	-0.5809658	0.9778226	1.0	1.0	3785	tags=29%, list=23%, signal=38%	
O-GLYCOSYLATION OF TSR DOMAIN-CONTAINING PROTEINS%REACTOME%R-HSA-5173214.3	O-GLYCOSYLATION OF TSR DOMAIN-CONTAINING PROTEINS%REACTOME%R-HSA-5173214.3		35	-0.21037972	-0.5761687	0.9905838	1.0	1.0	4664	tags=37%, list=28%, signal=52%	
PHASE 0 - RAPID DEPOLARISATION%REACTOME%R-HSA-5576892.4	PHASE 0 - RAPID DEPOLARISATION%REACTOME%R-HSA-5576892.4		27	-0.21770954	-0.5751077	0.9815498	1.0	1.0	4965	tags=41%, list=30%, signal=58%	
POSITIVE REGULATION OF G2/M TRANSITION OF MITOTIC CELL CYCLE%GOBP%GO:0010971	POSITIVE REGULATION OF G2/M TRANSITION OF MITOTIC CELL CYCLE%GOBP%GO:0010971		20	-0.23651296	-0.5749604	0.97946614	1.0	1.0	2429	tags=15%, list=15%, signal=18%	
GDNF RET SIGNALING AXIS%WIKIPATHWAYS_20250810%WP4830%HOMO SAPIENS	GDNF RET SIGNALING AXIS%WIKIPATHWAYS_20250810%WP4830%HOMO SAPIENS		23	-0.22968818	-0.57432514	0.9834559	1.0	1.0	3839	tags=26%, list=23%, signal=34%	
AXONEMAL DYNEIN COMPLEX ASSEMBLY%GOBP%GO:0070286	AXONEMAL DYNEIN COMPLEX ASSEMBLY%GOBP%GO:0070286		26	-0.2210881	-0.57377285	0.98214287	1.0	1.0	4258	tags=31%, list=26%, signal=41%	
HALLMARK_KRAS_SIGNALING_UP%MSIGDBHALLMARK%HALLMARK_KRAS_SIGNALING_UP	HALLMARK_KRAS_SIGNALING_UP%MSIGDBHALLMARK%HALLMARK_KRAS_SIGNALING_UP		135	-0.16636635	-0.5691897	1.0	1.0	1.0	4398	tags=24%, list=27%, signal=32%	
POSITIVE REGULATION OF NUCLEOTIDE CATABOLIC PROCESS%GOBP%GO:0030813	POSITIVE REGULATION OF NUCLEOTIDE CATABOLIC PROCESS%GOBP%GO:0030813		17	-0.24263568	-0.56601596	0.96564883	1.0	1.0	3785	tags=29%, list=23%, signal=38%	
POSITIVE REGULATION OF TYPE II INTERFERON PRODUCTION%GOBP%GO:0032729	POSITIVE REGULATION OF TYPE II INTERFERON PRODUCTION%GOBP%GO:0032729		46	-0.19336887	-0.55481166	0.9961612	1.0	1.0	152	tags=2%, list=1%, signal=2%	
HAIR FOLLICLE DEVELOPMENT CYTODIFFERENTIATION STAGE 3 OF 3%WIKIPATHWAYS_20250810%WP2840%HOMO SAPIENS	HAIR FOLLICLE DEVELOPMENT CYTODIFFERENTIATION STAGE 3 OF 3%WIKIPATHWAYS_20250810%WP2840%HOMO SAPIENS		55	-0.18404527	-0.5534633	0.9981884	1.0	1.0	3035	tags=16%, list=18%, signal=20%	
LEUKOCYTE PROLIFERATION%GOBP%GO:0070661	LEUKOCYTE PROLIFERATION%GOBP%GO:0070661		39	-0.20011336	-0.552749	1.0	1.0	1.0	152	tags=3%, list=1%, signal=3%	
CALCIUM-DEPENDENT CELL-CELL ADHESION VIA PLASMA MEMBRANE CELL ADHESION MOLECULES%GOBP%GO:0016339	CALCIUM-DEPENDENT CELL-CELL ADHESION VIA PLASMA MEMBRANE CELL ADHESION MOLECULES%GOBP%GO:0016339		31	-0.21029164	-0.55262506	1.0	1.0	1.0	5295	tags=35%, list=32%, signal=52%	
EMBRYONIC SKELETAL SYSTEM MORPHOGENESIS%GOBP%GO:0048704	EMBRYONIC SKELETAL SYSTEM MORPHOGENESIS%GOBP%GO:0048704		28	-0.20546441	-0.5431572	0.98895025	1.0	1.0	3704	tags=18%, list=23%, signal=23%	
OUTER DYNEIN ARM ASSEMBLY%GOBP%GO:0036158	OUTER DYNEIN ARM ASSEMBLY%GOBP%GO:0036158		15	-0.23934442	-0.54287165	0.9835391	1.0	1.0	4805	tags=33%, list=29%, signal=47%	
INTERACTIONS OF NATURAL KILLER CELLS IN PANCREATIC CANCER%WIKIPATHWAYS_20250810%WP5092%HOMO SAPIENS	INTERACTIONS OF NATURAL KILLER CELLS IN PANCREATIC CANCER%WIKIPATHWAYS_20250810%WP5092%HOMO SAPIENS		18	-0.22903602	-0.54271734	0.98203593	1.0	1.0	869	tags=6%, list=5%, signal=6%	
SENSORY PROCESSING OF SOUND BY INNER HAIR CELLS OF THE COCHLEA%REACTOME%R-HSA-9662360.2	SENSORY PROCESSING OF SOUND BY INNER HAIR CELLS OF THE COCHLEA%REACTOME%R-HSA-9662360.2		50	-0.18308608	-0.5404779	0.9981584	1.0	1.0	4923	tags=32%, list=30%, signal=46%	
PKC GAMMA CALCIUM SIGNALING IN ATAXIA%WIKIPATHWAYS_20250810%WP4760%HOMO SAPIENS	PKC GAMMA CALCIUM SIGNALING IN ATAXIA%WIKIPATHWAYS_20250810%WP4760%HOMO SAPIENS		15	-0.23499994	-0.5375816	0.9841584	1.0	1.0	4283	tags=33%, list=26%, signal=45%	
CALCIUM ION IMPORT%GOBP%GO:0070509	CALCIUM ION IMPORT%GOBP%GO:0070509		30	-0.19830976	-0.53319216	1.0	1.0	1.0	5547	tags=37%, list=34%, signal=55%	
NEGATIVE REGULATION OF POTASSIUM ION TRANSPORT%GOBP%GO:0043267	NEGATIVE REGULATION OF POTASSIUM ION TRANSPORT%GOBP%GO:0043267		16	-0.2294932	-0.5307271	0.983871	1.0	1.0	12651	tags=100%, list=77%, signal=436%	
ENDOPLASMIC RETICULUM MEMBRANE ORGANIZATION%GOBP%GO:0090158	ENDOPLASMIC RETICULUM MEMBRANE ORGANIZATION%GOBP%GO:0090158		15	-0.23091474	-0.5246554	0.98396796	1.0	1.0	1845	tags=13%, list=11%, signal=15%	
ANTERIOR/POSTERIOR AXIS SPECIFICATION%GOBP%GO:0009948	ANTERIOR/POSTERIOR AXIS SPECIFICATION%GOBP%GO:0009948		17	-0.22662258	-0.5230551	0.9814433	1.0	1.0	3526	tags=29%, list=21%, signal=37%	
POSITIVE T CELL SELECTION%GOBP%GO:0043368	POSITIVE T CELL SELECTION%GOBP%GO:0043368		18	-0.2209042	-0.52146703	0.9902534	1.0	1.0	3963	tags=28%, list=24%, signal=37%	
CALCIUM ION IMPORT ACROSS PLASMA MEMBRANE%GOBP%GO:0098703	CALCIUM ION IMPORT ACROSS PLASMA MEMBRANE%GOBP%GO:0098703		25	-0.20367716	-0.5205003	0.9962406	1.0	1.0	3667	tags=20%, list=22%, signal=26%	
DITERPENOID METABOLIC PROCESS%GOBP%GO:0016101	DITERPENOID METABOLIC PROCESS%GOBP%GO:0016101		37	-0.18449248	-0.51296604	0.9980315	1.0	1.0	4940	tags=24%, list=30%, signal=35%	
REGULATION OF KIDNEY DEVELOPMENT%GOBP%GO:0090183	REGULATION OF KIDNEY DEVELOPMENT%GOBP%GO:0090183		18	-0.213321	-0.50822705	0.9961759	1.0	1.0	3608	tags=17%, list=22%, signal=21%	
RETINOID METABOLIC PROCESS%GOBP%GO:0001523	RETINOID METABOLIC PROCESS%GOBP%GO:0001523		35	-0.18763088	-0.5080957	0.99613154	1.0	1.0	4940	tags=26%, list=30%, signal=37%	
CASPASE ACTIVATION VIA EXTRINSIC APOPTOTIC SIGNALLING PATHWAY%REACTOME DATABASE ID RELEASE 93%5357769	CASPASE ACTIVATION VIA EXTRINSIC APOPTOTIC SIGNALLING PATHWAY%REACTOME DATABASE ID RELEASE 93%5357769		21	-0.2062275	-0.5052062	0.99233717	1.0	1.0	5472	tags=52%, list=33%, signal=78%	
WNT LIGAND BIOGENESIS AND TRAFFICKING%REACTOME DATABASE ID RELEASE 93%3238698	WNT LIGAND BIOGENESIS AND TRAFFICKING%REACTOME DATABASE ID RELEASE 93%3238698		15	-0.2177163	-0.49862877	0.9919355	1.0	1.0	3060	tags=20%, list=19%, signal=25%	
IMATINIB INHIBITION OF BCR-ABL%SMPDB%SMP0031694	IMATINIB INHIBITION OF BCR-ABL%SMPDB%SMP0031694		20	-0.20429042	-0.49396285	0.9979798	1.0	1.0	4148	tags=30%, list=25%, signal=40%	
BIOGENIC AMINE METABOLIC PROCESS%GOBP%GO:0006576	BIOGENIC AMINE METABOLIC PROCESS%GOBP%GO:0006576		30	-0.18518057	-0.48936853	0.99806577	1.0	1.0	2786	tags=13%, list=17%, signal=16%	
PIRNA PROCESSING%GOBP%GO:0034587	PIRNA PROCESSING%GOBP%GO:0034587		15	-0.20936497	-0.4785363	0.9862205	1.0	1.0	1224	tags=7%, list=7%, signal=7%	
COMPLEMENT SYSTEM%WIKIPATHWAYS_20250810%WP2806%HOMO SAPIENS	COMPLEMENT SYSTEM%WIKIPATHWAYS_20250810%WP2806%HOMO SAPIENS		50	-0.1620291	-0.47811309	1.0	1.0	1.0	2141	tags=8%, list=13%, signal=9%	
T CELL MODULATION AND DESMOPLASIA IN PANCREATIC CANCER%WIKIPATHWAYS_20250810%WP5078%HOMO SAPIENS	T CELL MODULATION AND DESMOPLASIA IN PANCREATIC CANCER%WIKIPATHWAYS_20250810%WP5078%HOMO SAPIENS		29	-0.17737061	-0.47262293	0.9980732	1.0	1.0	3540	tags=17%, list=22%, signal=22%	
SENSORY PROCESSING OF SOUND%REACTOME DATABASE ID RELEASE 93%9659379	SENSORY PROCESSING OF SOUND%REACTOME DATABASE ID RELEASE 93%9659379		56	-0.15723139	-0.47258326	1.0	1.0	1.0	4923	tags=30%, list=30%, signal=43%	
REGULATION OF ATTACHMENT OF SPINDLE MICROTUBULES TO KINETOCHORE%GOBP%GO:0051988	REGULATION OF ATTACHMENT OF SPINDLE MICROTUBULES TO KINETOCHORE%GOBP%GO:0051988		21	-0.19155107	-0.47086415	1.0	1.0	1.0	3139	tags=19%, list=19%, signal=24%	
POSITIVE REGULATION OF SMAD PROTEIN SIGNAL TRANSDUCTION%GOBP%GO:0060391	POSITIVE REGULATION OF SMAD PROTEIN SIGNAL TRANSDUCTION%GOBP%GO:0060391		30	-0.1749795	-0.46307045	1.0	1.0	1.0	4870	tags=30%, list=30%, signal=43%	
ENDOGENOUS_CANNABINOID_SIGNALING%PANTHER PATHWAY%P05730	ENDOGENOUS_CANNABINOID_SIGNALING%PANTHER PATHWAY%P05730		19	-0.19009945	-0.45768565	0.98971194	1.0	1.0	4590	tags=32%, list=28%, signal=44%	
MISCELLANEOUS TRANSPORT AND BINDING EVENTS%REACTOME DATABASE ID RELEASE 93%5223345	MISCELLANEOUS TRANSPORT AND BINDING EVENTS%REACTOME DATABASE ID RELEASE 93%5223345		22	-0.18270077	-0.45604798	0.994382	1.0	1.0	2491	tags=14%, list=15%, signal=16%	
DIFFERENTIATION OF WHITE AND BROWN ADIPOCYTE%WIKIPATHWAYS_20250810%WP2895%HOMO SAPIENS	DIFFERENTIATION OF WHITE AND BROWN ADIPOCYTE%WIKIPATHWAYS_20250810%WP2895%HOMO SAPIENS		18	-0.18042086	-0.42880034	1.0	1.0	1.0	13456	tags=100%, list=82%, signal=554%	
KERATINOCYTE DIFFERENTIATION%GOBP%GO:0030216	KERATINOCYTE DIFFERENTIATION%GOBP%GO:0030216		36	-0.15609013	-0.42553994	1.0	1.0	1.0	2869	tags=14%, list=17%, signal=17%	
TRANSCRIPTIONAL REGULATION OF MEMORY B CELL DIFFERENTIATION%WIKIPATHWAYS_20250810%WP5491%HOMO SAPIENS	TRANSCRIPTIONAL REGULATION OF MEMORY B CELL DIFFERENTIATION%WIKIPATHWAYS_20250810%WP5491%HOMO SAPIENS		32	-0.15727882	-0.42409927	1.0	1.0	1.0	2434	tags=9%, list=15%, signal=11%	
NEGATIVE REGULATION OF EXTRINSIC APOPTOTIC SIGNALING PATHWAY IN ABSENCE OF LIGAND%GOBP%GO:2001240	NEGATIVE REGULATION OF EXTRINSIC APOPTOTIC SIGNALING PATHWAY IN ABSENCE OF LIGAND%GOBP%GO:2001240		16	-0.17216669	-0.3994352	1.0	1.0	1.0	1632	tags=6%, list=10%, signal=7%	
NEGATIVE REGULATION OF SIGNAL TRANSDUCTION IN ABSENCE OF LIGAND%GOBP%GO:1901099	NEGATIVE REGULATION OF SIGNAL TRANSDUCTION IN ABSENCE OF LIGAND%GOBP%GO:1901099		16	-0.17216669	-0.39508978	1.0	1.0	1.0	1632	tags=6%, list=10%, signal=7%	
PEPTIDE GPCRS%WIKIPATHWAYS_20250810%WP24%HOMO SAPIENS	PEPTIDE GPCRS%WIKIPATHWAYS_20250810%WP24%HOMO SAPIENS		31	-0.1487617	-0.39249223	1.0	1.0	1.0	5407	tags=29%, list=33%, signal=43%	
ENDOCARDIAL CUSHION FORMATION%GOBP%GO:0003272	ENDOCARDIAL CUSHION FORMATION%GOBP%GO:0003272		17	-0.15624212	-0.36855984	1.0	0.9999461	1.0	2061	tags=12%, list=13%, signal=13%	
