NAME	GS<br> follow link to MSigDB	GS DETAILS	SIZE	ES	NES	NOM p-val	FDR q-val	FWER p-val	RANK AT MAX	LEADING EDGE	
RESPIRATORY ELECTRON TRANSPORT CHAIN%GOBP%GO:0022904	RESPIRATORY ELECTRON TRANSPORT CHAIN%GOBP%GO:0022904	Details ...	67	0.65344584	2.1232722	0.0	0.003729536	0.003	3986	tags=63%, list=24%, signal=82%	
AEROBIC ELECTRON TRANSPORT CHAIN%GOBP%GO:0019646	AEROBIC ELECTRON TRANSPORT CHAIN%GOBP%GO:0019646	Details ...	61	0.66813207	2.1016922	0.0	0.0025060228	0.004	3986	tags=66%, list=24%, signal=86%	
ELECTRON TRANSPORT CHAIN%GOBP%GO:0022900	ELECTRON TRANSPORT CHAIN%GOBP%GO:0022900	Details ...	74	0.642315	2.0838	0.0	0.0033371008	0.008	2910	tags=49%, list=18%, signal=59%	
MITOCHONDRIAL ATP SYNTHESIS COUPLED ELECTRON TRANSPORT%GOBP%GO:0042775	MITOCHONDRIAL ATP SYNTHESIS COUPLED ELECTRON TRANSPORT%GOBP%GO:0042775	Details ...	62	0.6527418	2.0743086	0.0	0.0031237002	0.01	3986	tags=65%, list=24%, signal=85%	
ATP SYNTHESIS COUPLED ELECTRON TRANSPORT%GOBP%GO:0042773	ATP SYNTHESIS COUPLED ELECTRON TRANSPORT%GOBP%GO:0042773	Details ...	62	0.6527418	2.036394	0.0	0.0060006385	0.024	3986	tags=65%, list=24%, signal=85%	
OXIDATIVE PHOSPHORYLATION%GOBP%GO:0006119	OXIDATIVE PHOSPHORYLATION%GOBP%GO:0006119	Details ...	77	0.599494	1.9512731	0.0	0.027493112	0.126	3776	tags=60%, list=23%, signal=77%	
ELECTRON TRANSPORT CHAIN OXPHOS SYSTEM IN MITOCHONDRIA%WIKIPATHWAYS_20250810%WP111%HOMO SAPIENS	ELECTRON TRANSPORT CHAIN OXPHOS SYSTEM IN MITOCHONDRIA%WIKIPATHWAYS_20250810%WP111%HOMO SAPIENS	Details ...	59	0.6104222	1.9343108	0.0	0.032856263	0.171	4226	tags=64%, list=26%, signal=86%	
MITOCHONDRIAL ELECTRON TRANSPORT, NADH TO UBIQUINONE%GOBP%GO:0006120	MITOCHONDRIAL ELECTRON TRANSPORT, NADH TO UBIQUINONE%GOBP%GO:0006120	Details ...	36	0.67899454	1.9282331	0.0	0.03155095	0.188	2797	tags=56%, list=17%, signal=67%	
AEROBIC RESPIRATION%GOBP%GO:0009060	AEROBIC RESPIRATION%GOBP%GO:0009060	Details ...	135	0.54267585	1.92392	0.0	0.030782817	0.205	3776	tags=51%, list=23%, signal=66%	
CELLULAR RESPIRATION%GOBP%GO:0045333	CELLULAR RESPIRATION%GOBP%GO:0045333	Details ...	145	0.5341707	1.9156572	0.0	0.03254519	0.237	3776	tags=50%, list=23%, signal=65%	
RESPIRATORY ELECTRON TRANSPORT%REACTOME DATABASE ID RELEASE 93%611105	RESPIRATORY ELECTRON TRANSPORT%REACTOME DATABASE ID RELEASE 93%611105	Details ...	130	0.5263946	1.8663431	0.0	0.079155214	0.5	3498	tags=51%, list=21%, signal=64%	
TBC RABGAPS%REACTOME%R-HSA-8854214.2	TBC RABGAPS%REACTOME%R-HSA-8854214.2	Details ...	40	0.62867934	1.8618963	0.0	0.07777136	0.519	1485	tags=30%, list=9%, signal=33%	
DISEASES ASSOCIATED WITH GLYCOSAMINOGLYCAN METABOLISM%REACTOME%R-HSA-3560782.5	DISEASES ASSOCIATED WITH GLYCOSAMINOGLYCAN METABOLISM%REACTOME%R-HSA-3560782.5	Details ...	36	0.63928175	1.8579649	0.0	0.07753581	0.557	1640	tags=28%, list=10%, signal=31%	
PROTON MOTIVE FORCE-DRIVEN ATP SYNTHESIS%GOBP%GO:0015986	PROTON MOTIVE FORCE-DRIVEN ATP SYNTHESIS%GOBP%GO:0015986	Details ...	56	0.589355	1.8540227	0.0	0.076890804	0.581	2809	tags=50%, list=17%, signal=60%	
2Q11 2 COPY NUMBER VARIATION SYNDROME%WIKIPATHWAYS_20250810%WP5221%HOMO SAPIENS	2Q11 2 COPY NUMBER VARIATION SYNDROME%WIKIPATHWAYS_20250810%WP5221%HOMO SAPIENS	Details ...	22	0.7298768	1.8518798	0.002079002	0.07483401	0.596	3245	tags=64%, list=20%, signal=79%	
NUCLEOSIDE TRIPHOSPHATE BIOSYNTHETIC PROCESS%GOBP%GO:0009142	NUCLEOSIDE TRIPHOSPHATE BIOSYNTHETIC PROCESS%GOBP%GO:0009142	Details ...	72	0.57362413	1.8445688	0.0	0.07884434	0.638	2809	tags=46%, list=17%, signal=55%	
ABORTIVE ELONGATION OF HIV-1 TRANSCRIPT IN THE ABSENCE OF TAT%REACTOME%R-HSA-167242.4	ABORTIVE ELONGATION OF HIV-1 TRANSCRIPT IN THE ABSENCE OF TAT%REACTOME%R-HSA-167242.4	Details ...	22	0.70952415	1.8437535	0.0020920502	0.075307555	0.643	1869	tags=45%, list=11%, signal=51%	
PROTON TRANSMEMBRANE TRANSPORT%GOBP%GO:1902600	PROTON TRANSMEMBRANE TRANSPORT%GOBP%GO:1902600	Details ...	42	0.6348604	1.8402532	0.0	0.076525465	0.666	3623	tags=50%, list=22%, signal=64%	
PAUSING AND RECOVERY OF TAT-MEDIATED HIV ELONGATION%REACTOME%R-HSA-167238.4	PAUSING AND RECOVERY OF TAT-MEDIATED HIV ELONGATION%REACTOME%R-HSA-167238.4	Details ...	29	0.66557044	1.8397287	0.004282655	0.07334736	0.67	1869	tags=41%, list=11%, signal=47%	
PURINE RIBONUCLEOSIDE TRIPHOSPHATE BIOSYNTHETIC PROCESS%GOBP%GO:0009206	PURINE RIBONUCLEOSIDE TRIPHOSPHATE BIOSYNTHETIC PROCESS%GOBP%GO:0009206	Details ...	63	0.5723464	1.8383485	0.0	0.07136187	0.678	2809	tags=49%, list=17%, signal=59%	
SRP-DEPENDENT COTRANSLATIONAL PROTEIN TARGETING TO MEMBRANE%REACTOME%R-HSA-1799339.4	SRP-DEPENDENT COTRANSLATIONAL PROTEIN TARGETING TO MEMBRANE%REACTOME%R-HSA-1799339.4		103	0.53887683	1.8350317	0.0	0.071700245	0.698	3909	tags=54%, list=24%, signal=71%	
PURINE NUCLEOTIDE CATABOLIC PROCESS%GOBP%GO:0006195	PURINE NUCLEOTIDE CATABOLIC PROCESS%GOBP%GO:0006195		48	0.6149121	1.8345573	0.0	0.06889222	0.702	5223	tags=63%, list=32%, signal=91%	
OXIDATIVE PHOSPHORYLATION%WIKIPATHWAYS_20250810%WP623%HOMO SAPIENS	OXIDATIVE PHOSPHORYLATION%WIKIPATHWAYS_20250810%WP623%HOMO SAPIENS		30	0.675319	1.8337537	0.0	0.06671452	0.708	2797	tags=50%, list=17%, signal=60%	
RIBONUCLEOSIDE TRIPHOSPHATE BIOSYNTHETIC PROCESS%GOBP%GO:0009201	RIBONUCLEOSIDE TRIPHOSPHATE BIOSYNTHETIC PROCESS%GOBP%GO:0009201		67	0.5723515	1.8307691	0.0	0.06767588	0.724	2809	tags=48%, list=17%, signal=57%	
TAT-MEDIATED HIV ELONGATION ARREST AND RECOVERY%REACTOME DATABASE ID RELEASE 93%167243	TAT-MEDIATED HIV ELONGATION ARREST AND RECOVERY%REACTOME DATABASE ID RELEASE 93%167243		29	0.66557044	1.8152666	0.0	0.08290642	0.806	1869	tags=41%, list=11%, signal=47%	
PURINE NUCLEOSIDE TRIPHOSPHATE BIOSYNTHETIC PROCESS%GOBP%GO:0009145	PURINE NUCLEOSIDE TRIPHOSPHATE BIOSYNTHETIC PROCESS%GOBP%GO:0009145		63	0.5723464	1.8098451	0.0	0.08575684	0.835	2809	tags=49%, list=17%, signal=59%	
PHOTODYNAMIC THERAPY INDUCED HIF 1 SURVIVAL SIGNALING%WIKIPATHWAYS_20250810%WP3614%HOMO SAPIENS	PHOTODYNAMIC THERAPY INDUCED HIF 1 SURVIVAL SIGNALING%WIKIPATHWAYS_20250810%WP3614%HOMO SAPIENS		21	0.72038287	1.807639	0.0	0.08515938	0.841	1624	tags=29%, list=10%, signal=32%	
POSITIVE REGULATION OF LIPID LOCALIZATION%GOBP%GO:1905954	POSITIVE REGULATION OF LIPID LOCALIZATION%GOBP%GO:1905954		58	0.57428885	1.7978984	0.0	0.09566073	0.882	2599	tags=31%, list=16%, signal=37%	
PURINE RIBONUCLEOTIDE CATABOLIC PROCESS%GOBP%GO:0009154	PURINE RIBONUCLEOTIDE CATABOLIC PROCESS%GOBP%GO:0009154		41	0.6198949	1.7932785	0.0	0.09901528	0.9	5223	tags=63%, list=32%, signal=93%	
MITOCHONDRIAL RIBOSOME-ASSOCIATED QUALITY CONTROL%REACTOME%R-HSA-9937383.1	MITOCHONDRIAL RIBOSOME-ASSOCIATED QUALITY CONTROL%REACTOME%R-HSA-9937383.1		80	0.54303944	1.7912701	0.0	0.09812573	0.904	3061	tags=40%, list=19%, signal=49%	
KERATINIZATION%REACTOME%R-HSA-6805567.5	KERATINIZATION%REACTOME%R-HSA-6805567.5		37	0.63190836	1.7891135	0.0	0.09756798	0.91	3364	tags=35%, list=20%, signal=44%	
REGULATION OF CDH1 POSTTRANSLATIONAL PROCESSING AND TRAFFICKING TO PLASMA MEMBRANE%REACTOME DATABASE ID RELEASE 93%9768727	REGULATION OF CDH1 POSTTRANSLATIONAL PROCESSING AND TRAFFICKING TO PLASMA MEMBRANE%REACTOME DATABASE ID RELEASE 93%9768727		30	0.64437777	1.7867342	0.0020242915	0.09794555	0.915	2642	tags=43%, list=16%, signal=52%	
REGULATION OF CELL FATE SPECIFICATION%GOBP%GO:0042659	REGULATION OF CELL FATE SPECIFICATION%GOBP%GO:0042659		17	0.75217	1.7860792	0.0021097045	0.09573264	0.917	2158	tags=35%, list=13%, signal=41%	
PROTON MOTIVE FORCE-DRIVEN MITOCHONDRIAL ATP SYNTHESIS%GOBP%GO:0042776	PROTON MOTIVE FORCE-DRIVEN MITOCHONDRIAL ATP SYNTHESIS%GOBP%GO:0042776		50	0.5757274	1.7752038	0.0	0.10918795	0.945	2809	tags=48%, list=17%, signal=58%	
MITOCHONDRIAL TRANSLATION ELONGATION%REACTOME%R-HSA-5389840.3	MITOCHONDRIAL TRANSLATION ELONGATION%REACTOME%R-HSA-5389840.3		78	0.5404004	1.7708029	0.0	0.11246079	0.96	3061	tags=41%, list=19%, signal=50%	
LYSOSOMAL LUMEN ACIDIFICATION%GOBP%GO:0007042	LYSOSOMAL LUMEN ACIDIFICATION%GOBP%GO:0007042		19	0.7166683	1.7683383	0.0	0.113772705	0.966	3298	tags=53%, list=20%, signal=66%	
1P36 COPY NUMBER VARIATION SYNDROME%WIKIPATHWAYS_20250810%WP5345%HOMO SAPIENS	1P36 COPY NUMBER VARIATION SYNDROME%WIKIPATHWAYS_20250810%WP5345%HOMO SAPIENS		70	0.55184907	1.7671596	0.0	0.1125454	0.966	3010	tags=43%, list=18%, signal=52%	
GLUCOSE METABOLIC PROCESS%GOBP%GO:0006006	GLUCOSE METABOLIC PROCESS%GOBP%GO:0006006		58	0.56536365	1.762694	0.002173913	0.11661115	0.973	2247	tags=28%, list=14%, signal=32%	
TP53 REGULATES TRANSCRIPTION OF CELL DEATH GENES%REACTOME%R-HSA-5633008.4	TP53 REGULATES TRANSCRIPTION OF CELL DEATH GENES%REACTOME%R-HSA-5633008.4		40	0.601092	1.7608503	0.0	0.11666268	0.976	1838	tags=25%, list=11%, signal=28%	
RESPONSE OF EIF2AK4 (GCN2) TO AMINO ACID DEFICIENCY%REACTOME DATABASE ID RELEASE 93%9633012	RESPONSE OF EIF2AK4 (GCN2) TO AMINO ACID DEFICIENCY%REACTOME DATABASE ID RELEASE 93%9633012		91	0.5212394	1.7547923	0.0	0.1245342	0.983	3904	tags=56%, list=24%, signal=73%	
REGULATED NECROSIS%REACTOME%R-HSA-5218859.6	REGULATED NECROSIS%REACTOME%R-HSA-5218859.6		51	0.56307185	1.7519621	0.0022624435	0.12632845	0.985	1771	tags=25%, list=11%, signal=28%	
SYNDECAN-1-MEDIATED SIGNALING EVENTS%PATHWAY INTERACTION DATABASE NCI-NATURE CURATED DATA%SYNDECAN-1-MEDIATED SIGNALING EVENTS	SYNDECAN-1-MEDIATED SIGNALING EVENTS%PATHWAY INTERACTION DATABASE NCI-NATURE CURATED DATA%SYNDECAN-1-MEDIATED SIGNALING EVENTS		34	0.61948645	1.7505631	0.0042283298	0.12572747	0.985	1809	tags=26%, list=11%, signal=30%	
DEFECTIVE B3GAT3 CAUSES JDSSDHD%REACTOME%R-HSA-3560801.4	DEFECTIVE B3GAT3 CAUSES JDSSDHD%REACTOME%R-HSA-3560801.4		19	0.70440495	1.7467289	0.001992032	0.12993053	0.989	1640	tags=37%, list=10%, signal=41%	
NEGATIVE REGULATION OF MAPK PATHWAY%REACTOME DATABASE ID RELEASE 93%5675221	NEGATIVE REGULATION OF MAPK PATHWAY%REACTOME DATABASE ID RELEASE 93%5675221		40	0.5952026	1.7463739	0.0	0.12787864	0.989	2188	tags=30%, list=13%, signal=35%	
PURINE NUCLEOSIDE DIPHOSPHATE METABOLIC PROCESS%GOBP%GO:0009135	PURINE NUCLEOSIDE DIPHOSPHATE METABOLIC PROCESS%GOBP%GO:0009135		32	0.63049763	1.7435092	0.0	0.13054797	0.992	5223	tags=72%, list=32%, signal=105%	
SEMAPHORIN-PLEXIN SIGNALING PATHWAY%GOBP%GO:0071526	SEMAPHORIN-PLEXIN SIGNALING PATHWAY%GOBP%GO:0071526		38	0.6083744	1.7434725	0.0	0.1277376	0.992	1718	tags=32%, list=10%, signal=35%	
KERATAN SULFATE KERATIN METABOLISM%REACTOME%R-HSA-1638074.4	KERATAN SULFATE KERATIN METABOLISM%REACTOME%R-HSA-1638074.4		28	0.64994663	1.7410241	0.006147541	0.1293326	0.994	3227	tags=39%, list=20%, signal=49%	
SIGNALING BY FGFR2 IIIA TM%REACTOME%R-HSA-8851708.2	SIGNALING BY FGFR2 IIIA TM%REACTOME%R-HSA-8851708.2		19	0.70867133	1.7363002	0.002016129	0.13522837	0.996	1625	tags=42%, list=10%, signal=47%	
BETA2 INTEGRIN CELL SURFACE INTERACTIONS%PATHWAY INTERACTION DATABASE NCI-NATURE CURATED DATA%BETA2 INTEGRIN CELL SURFACE INTERACTIONS	BETA2 INTEGRIN CELL SURFACE INTERACTIONS%PATHWAY INTERACTION DATABASE NCI-NATURE CURATED DATA%BETA2 INTEGRIN CELL SURFACE INTERACTIONS		21	0.6893678	1.7354159	0.0	0.1342721	0.997	4155	tags=67%, list=25%, signal=89%	
PROTEIN SYNTHESIS: GLUTAMINE%SMPDB%SMP0111862	PROTEIN SYNTHESIS: GLUTAMINE%SMPDB%SMP0111862		74	0.5330926	1.733531	0.0	0.13442777	0.997	4285	tags=64%, list=26%, signal=86%	
PURINE RIBONUCLEOSIDE DIPHOSPHATE METABOLIC PROCESS%GOBP%GO:0009179	PURINE RIBONUCLEOSIDE DIPHOSPHATE METABOLIC PROCESS%GOBP%GO:0009179		31	0.6240847	1.7298037	0.0021598272	0.13911016	0.997	5223	tags=71%, list=32%, signal=104%	
PLASMA LIPOPROTEIN CLEARANCE%REACTOME%R-HSA-8964043.3	PLASMA LIPOPROTEIN CLEARANCE%REACTOME%R-HSA-8964043.3		28	0.63141865	1.7261074	0.004338395	0.14420524	0.997	3638	tags=54%, list=22%, signal=69%	
ATP BIOSYNTHETIC PROCESS%GOBP%GO:0006754	ATP BIOSYNTHETIC PROCESS%GOBP%GO:0006754		61	0.55618685	1.7219511	0.0	0.14938448	0.998	2809	tags=48%, list=17%, signal=57%	
ADP METABOLIC PROCESS%GOBP%GO:0046031	ADP METABOLIC PROCESS%GOBP%GO:0046031		30	0.6255093	1.7214441	0.0064935065	0.14768153	0.998	5223	tags=73%, list=32%, signal=107%	
NOTCH SIGNALING%WIKIPATHWAYS_20250810%WP268%HOMO SAPIENS	NOTCH SIGNALING%WIKIPATHWAYS_20250810%WP268%HOMO SAPIENS		32	0.61912465	1.7212427	0.006198347	0.14538184	0.998	3878	tags=53%, list=24%, signal=69%	
COMPLEX I BIOGENESIS%REACTOME DATABASE ID RELEASE 93%6799198	COMPLEX I BIOGENESIS%REACTOME DATABASE ID RELEASE 93%6799198		59	0.5425162	1.7209187	0.0	0.14351916	0.998	2529	tags=47%, list=15%, signal=56%	
FGFR2 ALTERNATIVE SPLICING%REACTOME%R-HSA-6803529.3	FGFR2 ALTERNATIVE SPLICING%REACTOME%R-HSA-6803529.3		24	0.6478348	1.718437	0.0040899795	0.14535534	0.998	1625	tags=42%, list=10%, signal=46%	
PROTEIN SYNTHESIS: PHENYLALANINE%PATHWHIZ%PW112934	PROTEIN SYNTHESIS: PHENYLALANINE%PATHWHIZ%PW112934		75	0.52422243	1.7143761	0.0	0.15009159	0.999	4285	tags=63%, list=26%, signal=84%	
ENERGY DERIVATION BY OXIDATION OF ORGANIC COMPOUNDS%GOBP%GO:0015980	ENERGY DERIVATION BY OXIDATION OF ORGANIC COMPOUNDS%GOBP%GO:0015980		184	0.4641149	1.7126514	0.0	0.15027405	0.999	3776	tags=46%, list=23%, signal=59%	
FORMATION OF THE CORNIFIED ENVELOPE%REACTOME DATABASE ID RELEASE 93%6809371	FORMATION OF THE CORNIFIED ENVELOPE%REACTOME DATABASE ID RELEASE 93%6809371		23	0.66313523	1.7125382	0.001996008	0.14793484	0.999	2635	tags=26%, list=16%, signal=31%	
PIWI-INTERACTING RNA (PIRNA) BIOGENESIS%REACTOME%R-HSA-5601884.3	PIWI-INTERACTING RNA (PIRNA) BIOGENESIS%REACTOME%R-HSA-5601884.3		26	0.6498194	1.71116	0.008281574	0.14765665	0.999	1625	tags=31%, list=10%, signal=34%	
PURINE NUCLEOSIDE DIPHOSPHATE CATABOLIC PROCESS%GOBP%GO:0009137	PURINE NUCLEOSIDE DIPHOSPHATE CATABOLIC PROCESS%GOBP%GO:0009137		28	0.6308052	1.7101547	0.0021321962	0.14698021	0.999	5223	tags=71%, list=32%, signal=105%	
ATP METABOLIC PROCESS%GOBP%GO:0046034	ATP METABOLIC PROCESS%GOBP%GO:0046034		108	0.49974692	1.7086229	0.0	0.14739308	0.999	3776	tags=44%, list=23%, signal=57%	
PROTEIN SYNTHESIS: VALINE%PATHWHIZ%PW120528	PROTEIN SYNTHESIS: VALINE%PATHWHIZ%PW120528		74	0.5228365	1.7085197	0.0	0.14532442	0.999	4285	tags=62%, list=26%, signal=84%	
NUCLEOSIDE DIPHOSPHATE CATABOLIC PROCESS%GOBP%GO:0009134	NUCLEOSIDE DIPHOSPHATE CATABOLIC PROCESS%GOBP%GO:0009134		34	0.5989212	1.7073014	0.0021141649	0.14525276	0.999	5223	tags=62%, list=32%, signal=90%	
ACTIVATION OF MATRIX METALLOPROTEINASES%REACTOME DATABASE ID RELEASE 93%1592389	ACTIVATION OF MATRIX METALLOPROTEINASES%REACTOME DATABASE ID RELEASE 93%1592389		21	0.67785156	1.7069383	0.0020618557	0.14358251	0.999	3328	tags=52%, list=20%, signal=66%	
GLYCOLYTIC PROCESS%GOBP%GO:0006096	GLYCOLYTIC PROCESS%GOBP%GO:0006096		27	0.6323493	1.7067744	0.003984064	0.14160788	0.999	5223	tags=74%, list=32%, signal=108%	
MITOCHONDRIAL TRANSLATION TERMINATION%REACTOME%R-HSA-5419276.5	MITOCHONDRIAL TRANSLATION TERMINATION%REACTOME%R-HSA-5419276.5		92	0.5099139	1.7055858	0.0022522523	0.14190853	0.999	2604	tags=39%, list=16%, signal=46%	
EUKARYOTIC TRANSLATION ELONGATION%REACTOME%R-HSA-156842.4	EUKARYOTIC TRANSLATION ELONGATION%REACTOME%R-HSA-156842.4		83	0.51723826	1.704561	0.0	0.14187622	0.999	3778	tags=55%, list=23%, signal=72%	
PROTEIN SYNTHESIS: ALANINE%PATHWHIZ%PW101384	PROTEIN SYNTHESIS: ALANINE%PATHWHIZ%PW101384		74	0.5258336	1.7027209	0.0	0.14364013	1.0	4285	tags=64%, list=26%, signal=86%	
PROTEIN SYNTHESIS: METHIONINE%PATHWHIZ%PW112933	PROTEIN SYNTHESIS: METHIONINE%PATHWHIZ%PW112933		74	0.5234926	1.7021565	0.002074689	0.14272182	1.0	4308	tags=64%, list=26%, signal=86%	
PROTEIN SYNTHESIS: CYSTEINE%PATHWHIZ%PW112918	PROTEIN SYNTHESIS: CYSTEINE%PATHWHIZ%PW112918		74	0.52112883	1.7013838	0.0	0.14248896	1.0	4285	tags=62%, list=26%, signal=84%	
PYRIDINE-CONTAINING COMPOUND CATABOLIC PROCESS%GOBP%GO:0072526	PYRIDINE-CONTAINING COMPOUND CATABOLIC PROCESS%GOBP%GO:0072526		32	0.6160022	1.7011051	0.004115226	0.14096436	1.0	5223	tags=69%, list=32%, signal=101%	
CELLULAR RESPONSE TO STARVATION%REACTOME DATABASE ID RELEASE 93%9711097	CELLULAR RESPONSE TO STARVATION%REACTOME DATABASE ID RELEASE 93%9711097		139	0.48069468	1.7010603	0.0	0.13919458	1.0	3904	tags=50%, list=24%, signal=66%	
INHIBITION OF EXOSOME BIOGENESIS AND SECRETION BY MANUMYCIN A IN CRPC CELLS%WIKIPATHWAYS_20250810%WP4301%HOMO SAPIENS	INHIBITION OF EXOSOME BIOGENESIS AND SECRETION BY MANUMYCIN A IN CRPC CELLS%WIKIPATHWAYS_20250810%WP4301%HOMO SAPIENS		16	0.7212638	1.6983123	0.0020533882	0.142357	1.0	269	tags=38%, list=2%, signal=38%	
NUCLEOSIDE DIPHOSPHATE METABOLIC PROCESS%GOBP%GO:0009132	NUCLEOSIDE DIPHOSPHATE METABOLIC PROCESS%GOBP%GO:0009132		47	0.5648662	1.6965693	0.0043290043	0.1435382	1.0	5223	tags=53%, list=32%, signal=78%	
PURINE RIBONUCLEOSIDE DIPHOSPHATE CATABOLIC PROCESS%GOBP%GO:0009181	PURINE RIBONUCLEOSIDE DIPHOSPHATE CATABOLIC PROCESS%GOBP%GO:0009181		28	0.6308052	1.6952622	0.004237288	0.14395757	1.0	5223	tags=71%, list=32%, signal=105%	
PEPTIDE CHAIN ELONGATION%REACTOME%R-HSA-156902.4	PEPTIDE CHAIN ELONGATION%REACTOME%R-HSA-156902.4		80	0.5082681	1.6937951	0.0021978023	0.14472142	1.0	4285	tags=61%, list=26%, signal=82%	
PROTEIN SYNTHESIS: HISTIDINE%PATHWHIZ%PW112929	PROTEIN SYNTHESIS: HISTIDINE%PATHWHIZ%PW112929		74	0.5233717	1.6925666	0.0	0.14524245	1.0	4285	tags=62%, list=26%, signal=84%	
PROTEIN SYNTHESIS: TRYPTOPHAN%PATHWHIZ%PW120526	PROTEIN SYNTHESIS: TRYPTOPHAN%PATHWHIZ%PW120526		74	0.5207917	1.6916938	0.0020533882	0.14517	1.0	4285	tags=62%, list=26%, signal=84%	
PROTEIN SYNTHESIS: ASPARTIC ACID%SMPDB%SMP0111858	PROTEIN SYNTHESIS: ASPARTIC ACID%SMPDB%SMP0111858		74	0.52155745	1.691689	0.002202643	0.14339305	1.0	4285	tags=62%, list=26%, signal=84%	
PROTEIN DEACYLATION%GOBP%GO:0035601	PROTEIN DEACYLATION%GOBP%GO:0035601		17	0.69811904	1.6887227	0.001980198	0.14671515	1.0	2062	tags=65%, list=13%, signal=74%	
PROTEIN HYDROXYLATION%REACTOME DATABASE ID RELEASE 93%9629569	PROTEIN HYDROXYLATION%REACTOME DATABASE ID RELEASE 93%9629569		18	0.6862401	1.6872435	0.0066225166	0.14769518	1.0	1904	tags=39%, list=12%, signal=44%	
MODIFIED AMINO ACID TRANSPORT%GOBP%GO:0072337	MODIFIED AMINO ACID TRANSPORT%GOBP%GO:0072337		26	0.6251593	1.6872283	0.008163265	0.1459369	1.0	3807	tags=50%, list=23%, signal=65%	
BLADDER CANCER%WIKIPATHWAYS_20250810%WP2828%HOMO SAPIENS	BLADDER CANCER%WIKIPATHWAYS_20250810%WP2828%HOMO SAPIENS		31	0.60538036	1.6869301	0.006451613	0.14489257	1.0	2750	tags=35%, list=17%, signal=43%	
MITOCHONDRIAL TRANSLATION%REACTOME%R-HSA-5368287.5	MITOCHONDRIAL TRANSLATION%REACTOME%R-HSA-5368287.5		103	0.4847004	1.6834422	0.0	0.1492949	1.0	2604	tags=38%, list=16%, signal=45%	
FORMATION OF A POOL OF FREE 40S SUBUNITS%REACTOME%R-HSA-72689.3	FORMATION OF A POOL OF FREE 40S SUBUNITS%REACTOME%R-HSA-72689.3		91	0.5046543	1.682367	0.0	0.14979991	1.0	4285	tags=59%, list=26%, signal=80%	
HEXOSE CATABOLIC PROCESS%GOBP%GO:0019320	HEXOSE CATABOLIC PROCESS%GOBP%GO:0019320		28	0.6091584	1.6819198	0.0040650405	0.14870806	1.0	5223	tags=64%, list=32%, signal=94%	
CYTOPLASMIC RIBOSOMAL PROTEINS%WIKIPATHWAYS_20250810%WP477%HOMO SAPIENS	CYTOPLASMIC RIBOSOMAL PROTEINS%WIKIPATHWAYS_20250810%WP477%HOMO SAPIENS		79	0.50853413	1.6811097	0.0	0.14838131	1.0	4285	tags=62%, list=26%, signal=84%	
PROTEIN SYNTHESIS: THREONINE%PATHWHIZ%PW120525	PROTEIN SYNTHESIS: THREONINE%PATHWHIZ%PW120525		74	0.52152324	1.6805397	0.0	0.14755166	1.0	4285	tags=62%, list=26%, signal=84%	
PURINE-CONTAINING COMPOUND BIOSYNTHETIC PROCESS%GOBP%GO:0072522	PURINE-CONTAINING COMPOUND BIOSYNTHETIC PROCESS%GOBP%GO:0072522		164	0.46106616	1.6798717	0.0	0.14702427	1.0	2809	tags=32%, list=17%, signal=38%	
DEFECTIVE B4GALT7 CAUSES EDS, PROGEROID TYPE%REACTOME%R-HSA-3560783.4	DEFECTIVE B4GALT7 CAUSES EDS, PROGEROID TYPE%REACTOME%R-HSA-3560783.4		19	0.6757606	1.6793056	0.010121457	0.14638714	1.0	1640	tags=37%, list=10%, signal=41%	
PROTEIN SYNTHESIS: LYSINE%SMPDB%SMP0111874	PROTEIN SYNTHESIS: LYSINE%SMPDB%SMP0111874		74	0.5214905	1.6791307	0.0	0.145054	1.0	4285	tags=62%, list=26%, signal=84%	
PROTEIN SYNTHESIS: TYROSINE%PATHWHIZ%PW120527	PROTEIN SYNTHESIS: TYROSINE%PATHWHIZ%PW120527		74	0.5209208	1.6785973	0.0022123894	0.14448021	1.0	4285	tags=62%, list=26%, signal=84%	
PROTEIN SYNTHESIS: GLYCINE%PATHWHIZ%PW112928	PROTEIN SYNTHESIS: GLYCINE%PATHWHIZ%PW112928		74	0.5160933	1.6785768	0.004651163	0.14295937	1.0	4285	tags=62%, list=26%, signal=84%	
EUKARYOTIC TRANSLATION TERMINATION%REACTOME%R-HSA-72764.6	EUKARYOTIC TRANSLATION TERMINATION%REACTOME%R-HSA-72764.6		84	0.50166	1.6785117	0.0	0.14158686	1.0	3778	tags=54%, list=23%, signal=69%	
PYRIDINE NUCLEOTIDE CATABOLIC PROCESS%GOBP%GO:0019364	PYRIDINE NUCLEOTIDE CATABOLIC PROCESS%GOBP%GO:0019364		30	0.6235423	1.6785012	0.0021231424	0.14013986	1.0	5223	tags=70%, list=32%, signal=102%	
LIPOPROTEIN METABOLISM%REACTOME DATABASE ID RELEASE 93%174824	LIPOPROTEIN METABOLISM%REACTOME DATABASE ID RELEASE 93%174824		49	0.552812	1.6776586	0.0042735045	0.14017352	1.0	3638	tags=43%, list=22%, signal=55%	
ADP CATABOLIC PROCESS%GOBP%GO:0046032	ADP CATABOLIC PROCESS%GOBP%GO:0046032		27	0.6323493	1.6770507	0.004201681	0.13972872	1.0	5223	tags=74%, list=32%, signal=108%	
DISEASES OF CARBOHYDRATE METABOLISM%REACTOME DATABASE ID RELEASE 93%5663084	DISEASES OF CARBOHYDRATE METABOLISM%REACTOME DATABASE ID RELEASE 93%5663084		26	0.6300512	1.674449	0.006185567	0.14303184	1.0	3247	tags=62%, list=20%, signal=77%	
PROTEIN SYNTHESIS: SERINE%PATHWHIZ%PW120517	PROTEIN SYNTHESIS: SERINE%PATHWHIZ%PW120517		74	0.51781005	1.6711287	0.0	0.14763592	1.0	4285	tags=62%, list=26%, signal=84%	
MACROMOLECULE DEACYLATION%GOBP%GO:0098732	MACROMOLECULE DEACYLATION%GOBP%GO:0098732		17	0.69811904	1.670698	0.012024048	0.14714243	1.0	2062	tags=65%, list=13%, signal=74%	
MITOCHONDRIAL TRANSLATION INITIATION%REACTOME DATABASE ID RELEASE 93%5368286	MITOCHONDRIAL TRANSLATION INITIATION%REACTOME DATABASE ID RELEASE 93%5368286		78	0.5025668	1.6691606	0.0020920502	0.14827572	1.0	3061	tags=41%, list=19%, signal=50%	
MITOCHONDRIAL ELECTRON TRANSPORT CHAIN%SMPDB%SMP0000355	MITOCHONDRIAL ELECTRON TRANSPORT CHAIN%SMPDB%SMP0000355		18	0.67443115	1.6645659	0.003937008	0.15549262	1.0	1010	tags=28%, list=6%, signal=30%	
TORC1 SIGNALING%GOBP%GO:0038202	TORC1 SIGNALING%GOBP%GO:0038202		18	0.68799996	1.6644483	0.0063965884	0.15422438	1.0	2490	tags=56%, list=15%, signal=65%	
HUMORAL IMMUNE RESPONSE MEDIATED BY CIRCULATING IMMUNOGLOBULIN%GOBP%GO:0002455	HUMORAL IMMUNE RESPONSE MEDIATED BY CIRCULATING IMMUNOGLOBULIN%GOBP%GO:0002455		16	0.70197225	1.6643788	0.013752456	0.1528753	1.0	4157	tags=75%, list=25%, signal=100%	
PROTEIN SYNTHESIS: GLUTAMIC ACID%PATHWHIZ%PW112922	PROTEIN SYNTHESIS: GLUTAMIC ACID%PATHWHIZ%PW112922		74	0.508418	1.6621937	0.0022988506	0.15553778	1.0	4285	tags=62%, list=26%, signal=84%	
AXON GUIDANCE MEDIATED BY SEMAPHORINS%PANTHER PATHWAY%P00007	AXON GUIDANCE MEDIATED BY SEMAPHORINS%PANTHER PATHWAY%P00007		18	0.67883456	1.6599041	0.008080808	0.1582507	1.0	1981	tags=28%, list=12%, signal=32%	
UBIQUITIN–PROTEASOME PATHWAY%SMPDB%SMP0063816	UBIQUITIN–PROTEASOME PATHWAY%SMPDB%SMP0063816		25	0.6282579	1.6589819	0.008639309	0.15854503	1.0	3247	tags=52%, list=20%, signal=65%	
TP53 REGULATES TRANSCRIPTION OF GENES INVOLVED IN CYTOCHROME C RELEASE%REACTOME%R-HSA-6803204.3	TP53 REGULATES TRANSCRIPTION OF GENES INVOLVED IN CYTOCHROME C RELEASE%REACTOME%R-HSA-6803204.3		18	0.6911859	1.6581458	0.003868472	0.1587503	1.0	1838	tags=33%, list=11%, signal=37%	
REGULATION OF GLUCOSE METABOLIC PROCESS%GOBP%GO:0010906	REGULATION OF GLUCOSE METABOLIC PROCESS%GOBP%GO:0010906		55	0.53217864	1.6562182	0.0	0.16101305	1.0	3258	tags=40%, list=20%, signal=50%	
PROTEIN SYNTHESIS: PROLINE%PATHWHIZ%PW113695	PROTEIN SYNTHESIS: PROLINE%PATHWHIZ%PW113695		74	0.508418	1.6558057	0.0	0.16041288	1.0	4285	tags=62%, list=26%, signal=84%	
NAD METABOLISM%WIKIPATHWAYS_20250810%WP3644%HOMO SAPIENS	NAD METABOLISM%WIKIPATHWAYS_20250810%WP3644%HOMO SAPIENS		15	0.7102436	1.6550436	0.006147541	0.16029596	1.0	1893	tags=33%, list=12%, signal=38%	
PROTEIN SYNTHESIS: ISOLEUCINE%SMPDB%SMP0111872	PROTEIN SYNTHESIS: ISOLEUCINE%SMPDB%SMP0111872		74	0.5119314	1.6546392	0.0022075055	0.15959115	1.0	4285	tags=62%, list=26%, signal=84%	
SIGNALING BY MODERATE KINASE ACTIVITY BRAF MUTANTS%REACTOME%R-HSA-6802946.3	SIGNALING BY MODERATE KINASE ACTIVITY BRAF MUTANTS%REACTOME%R-HSA-6802946.3		39	0.57155377	1.6528012	0.0042643924	0.16161603	1.0	701	tags=23%, list=4%, signal=24%	
SIGNALING DOWNSTREAM OF RAS MUTANTS%REACTOME DATABASE ID RELEASE 93%9649948	SIGNALING DOWNSTREAM OF RAS MUTANTS%REACTOME DATABASE ID RELEASE 93%9649948		39	0.57155377	1.6512331	0.0041067763	0.16327901	1.0	701	tags=23%, list=4%, signal=24%	
HIV ELONGATION ARREST AND RECOVERY%REACTOME DATABASE ID RELEASE 93%167287	HIV ELONGATION ARREST AND RECOVERY%REACTOME DATABASE ID RELEASE 93%167287		31	0.58510745	1.6507299	0.0064102565	0.16291699	1.0	1869	tags=39%, list=11%, signal=44%	
RIBONUCLEOSIDE DIPHOSPHATE CATABOLIC PROCESS%GOBP%GO:0009191	RIBONUCLEOSIDE DIPHOSPHATE CATABOLIC PROCESS%GOBP%GO:0009191		32	0.59733605	1.6489309	0.004210526	0.164704	1.0	5223	tags=63%, list=32%, signal=91%	
POSITIVE REGULATION OF NON-CANONICAL NF-KAPPAB SIGNAL TRANSDUCTION%GOBP%GO:1901224	POSITIVE REGULATION OF NON-CANONICAL NF-KAPPAB SIGNAL TRANSDUCTION%GOBP%GO:1901224		40	0.5662356	1.6451843	0.0042643924	0.17064916	1.0	3355	tags=48%, list=20%, signal=60%	
PURINE NUCLEOTIDE BIOSYNTHETIC PROCESS%GOBP%GO:0006164	PURINE NUCLEOTIDE BIOSYNTHETIC PROCESS%GOBP%GO:0006164		115	0.47196186	1.6411233	0.0024570024	0.17693982	1.0	2809	tags=36%, list=17%, signal=43%	
HALLMARK_ESTROGEN_RESPONSE_LATE%MSIGDBHALLMARK%HALLMARK_ESTROGEN_RESPONSE_LATE	HALLMARK_ESTROGEN_RESPONSE_LATE%MSIGDBHALLMARK%HALLMARK_ESTROGEN_RESPONSE_LATE		157	0.45216313	1.6381668	0.0	0.18177557	1.0	4321	tags=31%, list=26%, signal=42%	
HS-GAG DEGRADATION%REACTOME DATABASE ID RELEASE 93%2024096	HS-GAG DEGRADATION%REACTOME DATABASE ID RELEASE 93%2024096		17	0.6942647	1.6370958	0.01039501	0.18239675	1.0	3159	tags=47%, list=19%, signal=58%	
REGULATION OF NON-CANONICAL NF-KAPPAB SIGNAL TRANSDUCTION%GOBP%GO:1901222	REGULATION OF NON-CANONICAL NF-KAPPAB SIGNAL TRANSDUCTION%GOBP%GO:1901222		58	0.5290409	1.6351788	0.0042462847	0.18482234	1.0	3355	tags=48%, list=20%, signal=60%	
PROTEIN SYNTHESIS: ASPARAGINE%SMPDB%SMP0111854	PROTEIN SYNTHESIS: ASPARAGINE%SMPDB%SMP0111854		74	0.49781466	1.6349343	0.0020618557	0.18393566	1.0	4285	tags=62%, list=26%, signal=84%	
PARADOXICAL ACTIVATION OF RAF SIGNALING BY KINASE INACTIVE BRAF%REACTOME DATABASE ID RELEASE 93%6802955	PARADOXICAL ACTIVATION OF RAF SIGNALING BY KINASE INACTIVE BRAF%REACTOME DATABASE ID RELEASE 93%6802955		39	0.57155377	1.6344515	0.012526096	0.18343052	1.0	701	tags=23%, list=4%, signal=24%	
REGULATION OF TP53 ACTIVITY THROUGH ACETYLATION%REACTOME DATABASE ID RELEASE 93%6804758	REGULATION OF TP53 ACTIVITY THROUGH ACETYLATION%REACTOME DATABASE ID RELEASE 93%6804758		30	0.59858954	1.6335409	0.005952381	0.18382487	1.0	1933	tags=37%, list=12%, signal=41%	
RIBONUCLEOTIDE BIOSYNTHETIC PROCESS%GOBP%GO:0009260	RIBONUCLEOTIDE BIOSYNTHETIC PROCESS%GOBP%GO:0009260		104	0.47672683	1.6332611	0.0023041475	0.18296589	1.0	2809	tags=38%, list=17%, signal=46%	
NONALCOHOLIC FATTY LIVER DISEASE%WIKIPATHWAYS_20250810%WP4396%HOMO SAPIENS	NONALCOHOLIC FATTY LIVER DISEASE%WIKIPATHWAYS_20250810%WP4396%HOMO SAPIENS		103	0.48013493	1.6321007	0.0	0.18385158	1.0	2910	tags=38%, list=18%, signal=46%	
POSITIVE REGULATION OF LIPID TRANSPORT%GOBP%GO:0032370	POSITIVE REGULATION OF LIPID TRANSPORT%GOBP%GO:0032370		46	0.54793	1.6313663	0.0	0.18391399	1.0	2599	tags=30%, list=16%, signal=36%	
GLYCOSAMINOGLYCAN-PROTEIN LINKAGE REGION BIOSYNTHESIS%REACTOME%R-HSA-1971475.6	GLYCOSAMINOGLYCAN-PROTEIN LINKAGE REGION BIOSYNTHESIS%REACTOME%R-HSA-1971475.6		27	0.60699934	1.6282374	0.0065645515	0.1886605	1.0	1950	tags=37%, list=12%, signal=42%	
PEPTIDE HORMONE PROCESSING%GOBP%GO:0016486	PEPTIDE HORMONE PROCESSING%GOBP%GO:0016486		24	0.63381875	1.628167	0.006329114	0.1873918	1.0	3159	tags=46%, list=19%, signal=57%	
RIBOSE PHOSPHATE BIOSYNTHETIC PROCESS%GOBP%GO:0046390	RIBOSE PHOSPHATE BIOSYNTHETIC PROCESS%GOBP%GO:0046390		109	0.47606513	1.6280197	0.0	0.18617067	1.0	2809	tags=38%, list=17%, signal=45%	
RIBONUCLEOSIDE DIPHOSPHATE METABOLIC PROCESS%GOBP%GO:0009185	RIBONUCLEOSIDE DIPHOSPHATE METABOLIC PROCESS%GOBP%GO:0009185		42	0.55020386	1.6255364	0.002105263	0.18937302	1.0	5223	tags=52%, list=32%, signal=77%	
PURINE RIBONUCLEOTIDE BIOSYNTHETIC PROCESS%GOBP%GO:0009152	PURINE RIBONUCLEOTIDE BIOSYNTHETIC PROCESS%GOBP%GO:0009152		93	0.48354667	1.6226463	0.0	0.1938222	1.0	2809	tags=41%, list=17%, signal=49%	
NUCLEOTIDE BIOSYNTHETIC PROCESS%GOBP%GO:0009165	NUCLEOTIDE BIOSYNTHETIC PROCESS%GOBP%GO:0009165		141	0.45473686	1.6225915	0.0021505377	0.19248796	1.0	2809	tags=32%, list=17%, signal=38%	
TRANSCRIPTIONAL REGULATION OF BROWN AND BEIGE ADIPOCYTE DIFFERENTIATION BY EBF2%REACTOME%R-HSA-9844594.1	TRANSCRIPTIONAL REGULATION OF BROWN AND BEIGE ADIPOCYTE DIFFERENTIATION BY EBF2%REACTOME%R-HSA-9844594.1		28	0.5954253	1.6218593	0.01443299	0.19240177	1.0	2158	tags=25%, list=13%, signal=29%	
UBIQUITIN-DEPENDENT PROTEIN CATABOLIC PROCESS VIA THE MULTIVESICULAR BODY SORTING PATHWAY%GOBP%GO:0043162	UBIQUITIN-DEPENDENT PROTEIN CATABOLIC PROCESS VIA THE MULTIVESICULAR BODY SORTING PATHWAY%GOBP%GO:0043162		32	0.59298766	1.618017	0.006024096	0.19864304	1.0	1771	tags=38%, list=11%, signal=42%	
SIGNALING BY RAS MUTANTS%REACTOME DATABASE ID RELEASE 93%6802949	SIGNALING BY RAS MUTANTS%REACTOME DATABASE ID RELEASE 93%6802949		39	0.57155377	1.6173787	0.004	0.19854808	1.0	701	tags=23%, list=4%, signal=24%	
LYTIC VACUOLE ORGANIZATION%GOBP%GO:0080171	LYTIC VACUOLE ORGANIZATION%GOBP%GO:0080171		81	0.48750493	1.6142093	0.0022172949	0.20386079	1.0	3908	tags=43%, list=24%, signal=56%	
CELL-CELL RECOGNITION%GOBP%GO:0009988	CELL-CELL RECOGNITION%GOBP%GO:0009988		23	0.6256629	1.6141865	0.022540983	0.20246711	1.0	4808	tags=57%, list=29%, signal=80%	
PPAR SIGNALING%WIKIPATHWAYS_20250810%WP3942%HOMO SAPIENS	PPAR SIGNALING%WIKIPATHWAYS_20250810%WP3942%HOMO SAPIENS		29	0.5771361	1.6133764	0.012448133	0.20244375	1.0	2771	tags=31%, list=17%, signal=37%	
HALLMARK_UV_RESPONSE_UP%MSIGDBHALLMARK%HALLMARK_UV_RESPONSE_UP	HALLMARK_UV_RESPONSE_UP%MSIGDBHALLMARK%HALLMARK_UV_RESPONSE_UP		114	0.46476766	1.6115236	0.002202643	0.20494755	1.0	4333	tags=45%, list=26%, signal=60%	
HALLMARK_MYOGENESIS%MSIGDBHALLMARK%HALLMARK_MYOGENESIS	HALLMARK_MYOGENESIS%MSIGDBHALLMARK%HALLMARK_MYOGENESIS		121	0.4591047	1.609375	0.0	0.20868495	1.0	4206	tags=40%, list=26%, signal=54%	
SIGNALING BY HIGH-KINASE ACTIVITY BRAF MUTANTS%REACTOME DATABASE ID RELEASE 93%6802948	SIGNALING BY HIGH-KINASE ACTIVITY BRAF MUTANTS%REACTOME DATABASE ID RELEASE 93%6802948		29	0.5926144	1.6083454	0.010683761	0.20952249	1.0	701	tags=24%, list=4%, signal=25%	
INTERCONVERSION OF NUCLEOTIDE DI- AND TRIPHOSPHATES%REACTOME DATABASE ID RELEASE 93%499943	INTERCONVERSION OF NUCLEOTIDE DI- AND TRIPHOSPHATES%REACTOME DATABASE ID RELEASE 93%499943		26	0.5998805	1.6071801	0.024444444	0.21057877	1.0	2468	tags=27%, list=15%, signal=32%	
PROTEIN SYNTHESIS: LEUCINE%SMPDB%SMP0111873	PROTEIN SYNTHESIS: LEUCINE%SMPDB%SMP0111873		74	0.4943443	1.6071142	0.002283105	0.20933253	1.0	4285	tags=62%, list=26%, signal=84%	
VIRAL MRNA TRANSLATION%REACTOME DATABASE ID RELEASE 93%192823	VIRAL MRNA TRANSLATION%REACTOME DATABASE ID RELEASE 93%192823		80	0.48419625	1.6069659	0.0022988506	0.20818043	1.0	4285	tags=60%, list=26%, signal=81%	
INSERTION OF TAIL-ANCHORED PROTEINS INTO THE ENDOPLASMIC RETICULUM MEMBRANE%REACTOME DATABASE ID RELEASE 93%9609523	INSERTION OF TAIL-ANCHORED PROTEINS INTO THE ENDOPLASMIC RETICULUM MEMBRANE%REACTOME DATABASE ID RELEASE 93%9609523		15	0.6903388	1.6064855	0.017964073	0.20800194	1.0	2365	tags=40%, list=14%, signal=47%	
MONOSACCHARIDE BIOSYNTHETIC PROCESS%GOBP%GO:0046364	MONOSACCHARIDE BIOSYNTHETIC PROCESS%GOBP%GO:0046364		31	0.581921	1.606226	0.018036073	0.2072098	1.0	4063	tags=48%, list=25%, signal=64%	
PAUSING AND RECOVERY OF HIV ELONGATION%REACTOME%R-HSA-167290.4	PAUSING AND RECOVERY OF HIV ELONGATION%REACTOME%R-HSA-167290.4		31	0.58510745	1.6062057	0.01724138	0.20585345	1.0	1869	tags=39%, list=11%, signal=44%	
MONOSACCHARIDE METABOLIC PROCESS%GOBP%GO:0005996	MONOSACCHARIDE METABOLIC PROCESS%GOBP%GO:0005996		89	0.48170313	1.6048832	0.0	0.20745341	1.0	3621	tags=38%, list=22%, signal=49%	
DEFECTIVE B3GALT6 CAUSES EDSP2 AND SEMDJL1%REACTOME%R-HSA-4420332.4	DEFECTIVE B3GALT6 CAUSES EDSP2 AND SEMDJL1%REACTOME%R-HSA-4420332.4		19	0.6685991	1.6047854	0.012170386	0.20637566	1.0	1640	tags=37%, list=10%, signal=41%	
LATE ENDOSOME TO VACUOLE TRANSPORT%GOBP%GO:0045324	LATE ENDOSOME TO VACUOLE TRANSPORT%GOBP%GO:0045324		31	0.5820507	1.6030893	0.012875536	0.20860317	1.0	1771	tags=35%, list=11%, signal=40%	
NEF-MEDIATES DOWN MODULATION OF CELL SURFACE RECEPTORS BY RECRUITING THEM TO CLATHRIN ADAPTERS%REACTOME%R-HSA-164938.5	NEF-MEDIATES DOWN MODULATION OF CELL SURFACE RECEPTORS BY RECRUITING THEM TO CLATHRIN ADAPTERS%REACTOME%R-HSA-164938.5		21	0.636317	1.6030558	0.010526316	0.20732115	1.0	2987	tags=38%, list=18%, signal=47%	
INITIAL TRIGGERING OF COMPLEMENT%REACTOME%R-HSA-166663.4	INITIAL TRIGGERING OF COMPLEMENT%REACTOME%R-HSA-166663.4		17	0.6723388	1.602747	0.0121951215	0.20664239	1.0	3888	tags=59%, list=24%, signal=77%	
LYSOSOME ORGANIZATION%GOBP%GO:0007040	LYSOSOME ORGANIZATION%GOBP%GO:0007040		81	0.48750493	1.6019206	0.0046296297	0.20717028	1.0	3908	tags=43%, list=24%, signal=56%	
TRANSCRIPTIONAL REGULATION OF BROWN AND BEIGE ADIPOCYTE DIFFERENTIATION%REACTOME%R-HSA-9843743.1	TRANSCRIPTIONAL REGULATION OF BROWN AND BEIGE ADIPOCYTE DIFFERENTIATION%REACTOME%R-HSA-9843743.1		28	0.5954253	1.6003834	0.0125	0.20918229	1.0	2158	tags=25%, list=13%, signal=29%	
BCR SIGNALING PATHWAY%PATHWHIZ%PW070885	BCR SIGNALING PATHWAY%PATHWHIZ%PW070885		31	0.59472454	1.6003505	0.008350731	0.2079296	1.0	957	tags=19%, list=6%, signal=21%	
GTP HYDROLYSIS AND JOINING OF THE 60S RIBOSOMAL SUBUNIT%REACTOME%R-HSA-72706.4	GTP HYDROLYSIS AND JOINING OF THE 60S RIBOSOMAL SUBUNIT%REACTOME%R-HSA-72706.4		101	0.46804672	1.5982801	0.0	0.21149495	1.0	4285	tags=59%, list=26%, signal=80%	
REGULATION OF GLUCONEOGENESIS%GOBP%GO:0006111	REGULATION OF GLUCONEOGENESIS%GOBP%GO:0006111		27	0.5884828	1.596306	0.010683761	0.21412769	1.0	1339	tags=30%, list=8%, signal=32%	
TRANSFERRIN ENDOCYTOSIS AND RECYCLING%REACTOME DATABASE ID RELEASE 93%917977	TRANSFERRIN ENDOCYTOSIS AND RECYCLING%REACTOME DATABASE ID RELEASE 93%917977		28	0.59481746	1.5960207	0.015021459	0.2134017	1.0	3449	tags=29%, list=21%, signal=36%	
HEXOSE METABOLIC PROCESS%GOBP%GO:0019318	HEXOSE METABOLIC PROCESS%GOBP%GO:0019318		79	0.4938635	1.5958059	0.0022271716	0.21253835	1.0	3621	tags=41%, list=22%, signal=52%	
REGULATION OF INSULIN SECRETION INVOLVED IN CELLULAR RESPONSE TO GLUCOSE STIMULUS%GOBP%GO:0061178	REGULATION OF INSULIN SECRETION INVOLVED IN CELLULAR RESPONSE TO GLUCOSE STIMULUS%GOBP%GO:0061178		20	0.64539385	1.5957202	0.01183432	0.2114105	1.0	1213	tags=25%, list=7%, signal=27%	
REGULATION OF TYPE I INTERFERON-MEDIATED SIGNALING PATHWAY%GOBP%GO:0060338	REGULATION OF TYPE I INTERFERON-MEDIATED SIGNALING PATHWAY%GOBP%GO:0060338		34	0.56010056	1.5954334	0.008547009	0.21063866	1.0	948	tags=24%, list=6%, signal=25%	
MONOSACCHARIDE CATABOLIC PROCESS%GOBP%GO:0046365	MONOSACCHARIDE CATABOLIC PROCESS%GOBP%GO:0046365		30	0.5931789	1.5923023	0.008333334	0.21589407	1.0	5223	tags=60%, list=32%, signal=88%	
MAP2K AND MAPK ACTIVATION%REACTOME DATABASE ID RELEASE 93%5674135	MAP2K AND MAPK ACTIVATION%REACTOME DATABASE ID RELEASE 93%5674135		33	0.5670387	1.5901852	0.020876827	0.2192319	1.0	1225	tags=24%, list=7%, signal=26%	
HALLMARK_HYPOXIA%MSIGDBHALLMARK%HALLMARK_HYPOXIA	HALLMARK_HYPOXIA%MSIGDBHALLMARK%HALLMARK_HYPOXIA		128	0.4483504	1.5891742	0.0021598272	0.22038174	1.0	3225	tags=27%, list=20%, signal=34%	
REGULATION OF EXPRESSION OF SLITS AND ROBOS%REACTOME DATABASE ID RELEASE 93%9010553	REGULATION OF EXPRESSION OF SLITS AND ROBOS%REACTOME DATABASE ID RELEASE 93%9010553		140	0.44215316	1.5891175	0.002283105	0.2192043	1.0	4214	tags=54%, list=26%, signal=71%	
PROTEIN SYNTHESIS: ARGININE%SMPDB%SMP0111853	PROTEIN SYNTHESIS: ARGININE%SMPDB%SMP0111853		74	0.48594782	1.587641	0.0021459227	0.22122441	1.0	4285	tags=62%, list=26%, signal=84%	
NUCLEOTIDE METABOLISM%REACTOME%R-HSA-15869.7	NUCLEOTIDE METABOLISM%REACTOME%R-HSA-15869.7		84	0.471823	1.5873251	0.0	0.22063603	1.0	2468	tags=25%, list=15%, signal=29%	
CARBOHYDRATE BIOSYNTHETIC PROCESS%GOBP%GO:0016051	CARBOHYDRATE BIOSYNTHETIC PROCESS%GOBP%GO:0016051		58	0.5081087	1.5868214	0.013071896	0.2204013	1.0	4271	tags=47%, list=26%, signal=63%	
GROWTH HORMONE SIGNALING PATHWAY%PATHWHIZ%PW064811	GROWTH HORMONE SIGNALING PATHWAY%PATHWHIZ%PW064811		18	0.64026684	1.584618	0.025104603	0.2241137	1.0	67	tags=17%, list=0%, signal=17%	
POLYCYSTIC KIDNEY DISEASE PATHWAY%WIKIPATHWAYS_20250810%WP2571%HOMO SAPIENS	POLYCYSTIC KIDNEY DISEASE PATHWAY%WIKIPATHWAYS_20250810%WP2571%HOMO SAPIENS		61	0.50986445	1.5840126	0.00877193	0.2243858	1.0	2750	tags=25%, list=17%, signal=29%	
VLDLR INTERNALISATION AND DEGRADATION%REACTOME%R-HSA-8866427.5	VLDLR INTERNALISATION AND DEGRADATION%REACTOME%R-HSA-8866427.5		15	0.67442256	1.5829405	0.025104603	0.22563098	1.0	3638	tags=67%, list=22%, signal=86%	
REGULATION OF PLASMA LIPOPROTEIN PARTICLE LEVELS%GOBP%GO:0097006	REGULATION OF PLASMA LIPOPROTEIN PARTICLE LEVELS%GOBP%GO:0097006		42	0.53256625	1.5808704	0.008230452	0.22880071	1.0	2599	tags=26%, list=16%, signal=31%	
TAIL-ANCHORED MEMBRANE PROTEIN INSERTION INTO ER MEMBRANE%GOBP%GO:0071816	TAIL-ANCHORED MEMBRANE PROTEIN INSERTION INTO ER MEMBRANE%GOBP%GO:0071816		15	0.67291516	1.5794977	0.022177419	0.23063767	1.0	2366	tags=53%, list=14%, signal=62%	
GLUCONEOGENESIS%GOBP%GO:0006094	GLUCONEOGENESIS%GOBP%GO:0006094		26	0.5919497	1.5787852	0.02096436	0.23080747	1.0	2247	tags=35%, list=14%, signal=40%	
REGULATION OF NUCLEOTIDE METABOLIC PROCESS%GOBP%GO:0006140	REGULATION OF NUCLEOTIDE METABOLIC PROCESS%GOBP%GO:0006140		50	0.51745665	1.5773317	0.008492569	0.23268214	1.0	2281	tags=24%, list=14%, signal=28%	
MITOCHONDRIAL TRANSMEMBRANE TRANSPORT%GOBP%GO:1990542	MITOCHONDRIAL TRANSMEMBRANE TRANSPORT%GOBP%GO:1990542		20	0.62612313	1.5771492	0.01984127	0.23184238	1.0	2771	tags=45%, list=17%, signal=54%	
FGFR2 MUTANT RECEPTOR ACTIVATION%REACTOME%R-HSA-1839126.4	FGFR2 MUTANT RECEPTOR ACTIVATION%REACTOME%R-HSA-1839126.4		23	0.59965086	1.5767583	0.018595042	0.23129572	1.0	1625	tags=35%, list=10%, signal=39%	
EXTRACELLULAR MATRIX DISASSEMBLY%GOBP%GO:0022617	EXTRACELLULAR MATRIX DISASSEMBLY%GOBP%GO:0022617		30	0.5669875	1.5719728	0.022267206	0.2407427	1.0	2677	tags=37%, list=16%, signal=44%	
TP53 REGULATES TRANSCRIPTION OF GENES INVOLVED IN G2 CELL CYCLE ARREST%REACTOME%R-HSA-6804114.3	TP53 REGULATES TRANSCRIPTION OF GENES INVOLVED IN G2 CELL CYCLE ARREST%REACTOME%R-HSA-6804114.3		18	0.64337826	1.5716239	0.027613413	0.24029638	1.0	1944	tags=33%, list=12%, signal=38%	
REGULATION OF ATP METABOLIC PROCESS%GOBP%GO:1903578	REGULATION OF ATP METABOLIC PROCESS%GOBP%GO:1903578		46	0.52443916	1.5713899	0.00591716	0.239564	1.0	1355	tags=20%, list=8%, signal=21%	
REGULATION OF LIPID LOCALIZATION%GOBP%GO:1905952	REGULATION OF LIPID LOCALIZATION%GOBP%GO:1905952		89	0.4704949	1.5704995	0.0022883294	0.24032196	1.0	2599	tags=28%, list=16%, signal=33%	
RIPK1-MEDIATED REGULATED NECROSIS%REACTOME%R-HSA-5213460.6	RIPK1-MEDIATED REGULATED NECROSIS%REACTOME%R-HSA-5213460.6		28	0.5832531	1.5704027	0.011764706	0.2392856	1.0	1509	tags=25%, list=9%, signal=27%	
GLUTATHIONE CONJUGATION%REACTOME%R-HSA-156590.4	GLUTATHIONE CONJUGATION%REACTOME%R-HSA-156590.4		24	0.5893114	1.570286	0.018789144	0.23827937	1.0	4621	tags=58%, list=28%, signal=81%	
SPLICEOSOMAL SNRNP ASSEMBLY%GOBP%GO:0000387	SPLICEOSOMAL SNRNP ASSEMBLY%GOBP%GO:0000387		36	0.55158377	1.5679008	0.008213553	0.24218905	1.0	3503	tags=42%, list=21%, signal=53%	
ENDOSOME TRANSPORT VIA MULTIVESICULAR BODY SORTING PATHWAY%GOBP%GO:0032509	ENDOSOME TRANSPORT VIA MULTIVESICULAR BODY SORTING PATHWAY%GOBP%GO:0032509		38	0.5445081	1.5662338	0.015317286	0.24474156	1.0	1771	tags=32%, list=11%, signal=35%	
REGULATION OF LIPID TRANSPORT%GOBP%GO:0032368	REGULATION OF LIPID TRANSPORT%GOBP%GO:0032368		72	0.48571017	1.5661557	0.009195402	0.24364427	1.0	2599	tags=29%, list=16%, signal=35%	
PROTEIN TARGETING TO ER%GOBP%GO:0045047	PROTEIN TARGETING TO ER%GOBP%GO:0045047		27	0.57985044	1.5657475	0.025145067	0.24337135	1.0	2197	tags=33%, list=13%, signal=38%	
MATRIX METALLOPROTEINASES%WIKIPATHWAYS_20250810%WP129%HOMO SAPIENS	MATRIX METALLOPROTEINASES%WIKIPATHWAYS_20250810%WP129%HOMO SAPIENS		19	0.6361447	1.564416	0.021367522	0.2449324	1.0	4254	tags=53%, list=26%, signal=71%	
REGULATION OF EXOSOMAL SECRETION%GOBP%GO:1903541	REGULATION OF EXOSOMAL SECRETION%GOBP%GO:1903541		16	0.65402323	1.5631512	0.01898734	0.24673733	1.0	2165	tags=50%, list=13%, signal=58%	
REGULATION OF CARBOHYDRATE METABOLIC PROCESS%GOBP%GO:0006109	REGULATION OF CARBOHYDRATE METABOLIC PROCESS%GOBP%GO:0006109		105	0.4536687	1.562418	0.0023584906	0.24714944	1.0	3258	tags=34%, list=20%, signal=43%	
REGULATION OF NECROPTOTIC CELL DEATH%REACTOME%R-HSA-5675482.9	REGULATION OF NECROPTOTIC CELL DEATH%REACTOME%R-HSA-5675482.9		28	0.5832531	1.56173	0.01330377	0.24754553	1.0	1509	tags=25%, list=9%, signal=27%	
RIBONUCLEOTIDE CATABOLIC PROCESS%GOBP%GO:0009261	RIBONUCLEOTIDE CATABOLIC PROCESS%GOBP%GO:0009261		47	0.5194643	1.561114	0.011160715	0.24796295	1.0	5223	tags=55%, list=32%, signal=81%	
NEUTRAL LIPID CATABOLIC PROCESS%GOBP%GO:0046461	NEUTRAL LIPID CATABOLIC PROCESS%GOBP%GO:0046461		19	0.6256852	1.560996	0.029106028	0.2469655	1.0	3485	tags=37%, list=21%, signal=47%	
CARBOHYDRATE METABOLIC PROCESS%GOBP%GO:0005975	CARBOHYDRATE METABOLIC PROCESS%GOBP%GO:0005975		199	0.41844818	1.5604833	0.0	0.24682382	1.0	3641	tags=39%, list=22%, signal=49%	
REGULATION OF PURINE NUCLEOTIDE METABOLIC PROCESS%GOBP%GO:1900542	REGULATION OF PURINE NUCLEOTIDE METABOLIC PROCESS%GOBP%GO:1900542		50	0.51745665	1.559707	0.0043196543	0.24732682	1.0	2281	tags=24%, list=14%, signal=28%	
GLYCOSAMINOGLYCAN METABOLIC PROCESS%GOBP%GO:0030203	GLYCOSAMINOGLYCAN METABOLIC PROCESS%GOBP%GO:0030203		33	0.55329925	1.5588628	0.011976048	0.248188	1.0	1950	tags=21%, list=12%, signal=24%	
LYSOSOME VESICLE BIOGENESIS%REACTOME DATABASE ID RELEASE 93%432720	LYSOSOME VESICLE BIOGENESIS%REACTOME DATABASE ID RELEASE 93%432720		30	0.57611376	1.5588291	0.017167382	0.24705888	1.0	1903	tags=40%, list=12%, signal=45%	
7Q11 23 DISTAL COPY NUMBER VARIATION%WIKIPATHWAYS_20250810%WP5401%HOMO SAPIENS	7Q11 23 DISTAL COPY NUMBER VARIATION%WIKIPATHWAYS_20250810%WP5401%HOMO SAPIENS		16	0.65880525	1.5583667	0.024242423	0.24680983	1.0	2588	tags=38%, list=16%, signal=44%	
COMPLEX III ASSEMBLY%REACTOME%R-HSA-9865881.2	COMPLEX III ASSEMBLY%REACTOME%R-HSA-9865881.2		22	0.60895663	1.5572207	0.014198783	0.24839392	1.0	3724	tags=50%, list=23%, signal=65%	
PROSTAGLANDIN AND LEUKOTRIENE METABOLISM IN SENESCENCE %WIKIPATHWAYS_20250810%WP5122%HOMO SAPIENS	PROSTAGLANDIN AND LEUKOTRIENE METABOLISM IN SENESCENCE %WIKIPATHWAYS_20250810%WP5122%HOMO SAPIENS		22	0.60867816	1.5563465	0.033195022	0.24934949	1.0	1698	tags=27%, list=10%, signal=30%	
EUKARYOTIC TRANSLATION INITIATION%REACTOME%R-HSA-72613.5	EUKARYOTIC TRANSLATION INITIATION%REACTOME%R-HSA-72613.5		108	0.44921848	1.5563374	0.0	0.2481577	1.0	4214	tags=55%, list=26%, signal=73%	
L13A-MEDIATED TRANSLATIONAL SILENCING OF CERULOPLASMIN EXPRESSION%REACTOME%R-HSA-156827.5	L13A-MEDIATED TRANSLATIONAL SILENCING OF CERULOPLASMIN EXPRESSION%REACTOME%R-HSA-156827.5		100	0.45943004	1.5539653	0.0022727272	0.2525465	1.0	4285	tags=59%, list=26%, signal=79%	
POST-CHAPERONIN TUBULIN FOLDING PATHWAY%REACTOME DATABASE ID RELEASE 93%389977	POST-CHAPERONIN TUBULIN FOLDING PATHWAY%REACTOME DATABASE ID RELEASE 93%389977		15	0.6680903	1.5519042	0.036217302	0.25632155	1.0	3209	tags=53%, list=20%, signal=66%	
16P12 2 COPY NUMBER VARIATION SYNDROME 520KB %WIKIPATHWAYS_20250810%WP5510%HOMO SAPIENS	16P12 2 COPY NUMBER VARIATION SYNDROME 520KB %WIKIPATHWAYS_20250810%WP5510%HOMO SAPIENS		42	0.5264258	1.5508069	0.006451613	0.2577113	1.0	3329	tags=45%, list=20%, signal=57%	
GLYCOLYTIC PROCESS THROUGH GLUCOSE-6-PHOSPHATE%GOBP%GO:0061620	GLYCOLYTIC PROCESS THROUGH GLUCOSE-6-PHOSPHATE%GOBP%GO:0061620		15	0.6587626	1.5499452	0.026476579	0.2583107	1.0	5178	tags=73%, list=32%, signal=107%	
EXTRACELLULAR MATRIX ASSEMBLY%GOBP%GO:0085029	EXTRACELLULAR MATRIX ASSEMBLY%GOBP%GO:0085029		16	0.6407175	1.5480132	0.03137255	0.26172438	1.0	4042	tags=50%, list=25%, signal=66%	
VEGF SIGNALING PATHWAY%PANTHER PATHWAY%P00056	VEGF SIGNALING PATHWAY%PANTHER PATHWAY%P00056		57	0.50735044	1.5475856	0.0064102565	0.26167014	1.0	2060	tags=32%, list=13%, signal=36%	
ANTIBACTERIAL HUMORAL RESPONSE%GOBP%GO:0019731	ANTIBACTERIAL HUMORAL RESPONSE%GOBP%GO:0019731		25	0.58761513	1.5464835	0.022267206	0.26329276	1.0	6041	tags=80%, list=37%, signal=126%	
REGULATION OF PTEN GENE TRANSCRIPTION%REACTOME%R-HSA-8943724.2	REGULATION OF PTEN GENE TRANSCRIPTION%REACTOME%R-HSA-8943724.2		58	0.4962049	1.5461957	0.014644352	0.26280302	1.0	2342	tags=33%, list=14%, signal=38%	
ENDOSOMAL SORTING COMPLEX REQUIRED FOR TRANSPORT (ESCRT)%REACTOME%R-HSA-917729.3	ENDOSOMAL SORTING COMPLEX REQUIRED FOR TRANSPORT (ESCRT)%REACTOME%R-HSA-917729.3		29	0.5607568	1.5457475	0.010548524	0.26257738	1.0	1771	tags=38%, list=11%, signal=42%	
REGULATION OF CHOLESTEROL EFFLUX%GOBP%GO:0010874	REGULATION OF CHOLESTEROL EFFLUX%GOBP%GO:0010874		28	0.5732146	1.5451272	0.024896266	0.26280215	1.0	2599	tags=39%, list=16%, signal=47%	
NUCLEOSIDE TRIPHOSPHATE METABOLIC PROCESS%GOBP%GO:0009141	NUCLEOSIDE TRIPHOSPHATE METABOLIC PROCESS%GOBP%GO:0009141		139	0.4367062	1.5447763	0.0024509805	0.26251882	1.0	2534	tags=29%, list=15%, signal=35%	
BIOCARTA_FMLP_PATHWAY%MSIGDB_C2%BIOCARTA_FMLP_PATHWAY	BIOCARTA_FMLP_PATHWAY%MSIGDB_C2%BIOCARTA_FMLP_PATHWAY		28	0.5678293	1.5441682	0.023762377	0.26269323	1.0	957	tags=21%, list=6%, signal=23%	
P73 TRANSCRIPTION FACTOR NETWORK%PATHWAY INTERACTION DATABASE NCI-NATURE CURATED DATA%P73 TRANSCRIPTION FACTOR NETWORK	P73 TRANSCRIPTION FACTOR NETWORK%PATHWAY INTERACTION DATABASE NCI-NATURE CURATED DATA%P73 TRANSCRIPTION FACTOR NETWORK		73	0.47339883	1.5438637	0.006289308	0.26225114	1.0	2649	tags=38%, list=16%, signal=46%	
RELEASE OF CYTOCHROME C FROM MITOCHONDRIA%GOBP%GO:0001836	RELEASE OF CYTOCHROME C FROM MITOCHONDRIA%GOBP%GO:0001836		15	0.6509373	1.5436484	0.024896266	0.26156953	1.0	2126	tags=40%, list=13%, signal=46%	
MEMBRANE BIOGENESIS%GOBP%GO:0044091	MEMBRANE BIOGENESIS%GOBP%GO:0044091		52	0.4917308	1.5429918	0.012448133	0.26209235	1.0	1771	tags=23%, list=11%, signal=26%	
REGULATION OF CELL FATE COMMITMENT%GOBP%GO:0010453	REGULATION OF CELL FATE COMMITMENT%GOBP%GO:0010453		30	0.5665497	1.5422219	0.01091703	0.26266474	1.0	2158	tags=27%, list=13%, signal=31%	
POSITIVE REGULATION OF GLYCOPROTEIN METABOLIC PROCESS%GOBP%GO:1903020	POSITIVE REGULATION OF GLYCOPROTEIN METABOLIC PROCESS%GOBP%GO:1903020		16	0.64341825	1.5410323	0.03984064	0.26428622	1.0	2273	tags=25%, list=14%, signal=29%	
RHO GTPASES ACTIVATE CIT%REACTOME DATABASE ID RELEASE 93%5625900	RHO GTPASES ACTIVATE CIT%REACTOME DATABASE ID RELEASE 93%5625900		19	0.61908716	1.5402315	0.02004008	0.26502126	1.0	1856	tags=47%, list=11%, signal=53%	
CHONDRODYSPLASIA PUNCTATA II, X-LINKED DOMINANT (CDPX2)%SMPDB%SMP0000388	CHONDRODYSPLASIA PUNCTATA II, X-LINKED DOMINANT (CDPX2)%SMPDB%SMP0000388		18	0.6213531	1.5390012	0.020283977	0.26690558	1.0	4550	tags=50%, list=28%, signal=69%	
HEDGEHOG LIGAND BIOGENESIS%REACTOME DATABASE ID RELEASE 93%5358346	HEDGEHOG LIGAND BIOGENESIS%REACTOME DATABASE ID RELEASE 93%5358346		45	0.51581264	1.5389858	0.015086207	0.26574168	1.0	4243	tags=60%, list=26%, signal=81%	
VIRAL LIFE CYCLE%GOBP%GO:0019058	VIRAL LIFE CYCLE%GOBP%GO:0019058		93	0.45798755	1.5385046	0.0023041475	0.26574644	1.0	2716	tags=26%, list=17%, signal=31%	
SELENOCYSTEINE SYNTHESIS%REACTOME DATABASE ID RELEASE 93%2408557	SELENOCYSTEINE SYNTHESIS%REACTOME DATABASE ID RELEASE 93%2408557		84	0.46138152	1.5374925	0.0066225166	0.26704976	1.0	3778	tags=51%, list=23%, signal=66%	
SPLICEOSOMAL TRI-SNRNP COMPLEX ASSEMBLY%GOBP%GO:0000244	SPLICEOSOMAL TRI-SNRNP COMPLEX ASSEMBLY%GOBP%GO:0000244		15	0.6601289	1.5373354	0.038	0.26624683	1.0	1379	tags=40%, list=8%, signal=44%	
CAP-DEPENDENT TRANSLATION INITIATION%REACTOME%R-HSA-72737.4	CAP-DEPENDENT TRANSLATION INITIATION%REACTOME%R-HSA-72737.4		108	0.44921848	1.5365714	0.0022371365	0.26681727	1.0	4214	tags=55%, list=26%, signal=73%	
ACYLGLYCEROL CATABOLIC PROCESS%GOBP%GO:0046464	ACYLGLYCEROL CATABOLIC PROCESS%GOBP%GO:0046464		19	0.6256852	1.534991	0.027139874	0.26928568	1.0	3485	tags=37%, list=21%, signal=47%	
ACTIVATION OF RRNA EXPRESSION BY ERCC6 (CSB) AND EHMT2 (G9A)%REACTOME DATABASE ID RELEASE 93%427389	ACTIVATION OF RRNA EXPRESSION BY ERCC6 (CSB) AND EHMT2 (G9A)%REACTOME DATABASE ID RELEASE 93%427389		28	0.56222427	1.53491	0.016460905	0.26828837	1.0	2379	tags=29%, list=14%, signal=33%	
GLYCOLYTIC PROCESS THROUGH FRUCTOSE-6-PHOSPHATE%GOBP%GO:0061615	GLYCOLYTIC PROCESS THROUGH FRUCTOSE-6-PHOSPHATE%GOBP%GO:0061615		15	0.6587626	1.5348514	0.029166667	0.2672295	1.0	5178	tags=73%, list=32%, signal=107%	
REGULATION OF RELEASE OF CYTOCHROME C FROM MITOCHONDRIA%GOBP%GO:0090199	REGULATION OF RELEASE OF CYTOCHROME C FROM MITOCHONDRIA%GOBP%GO:0090199		37	0.5290611	1.5345678	0.0084566595	0.26680917	1.0	2295	tags=38%, list=14%, signal=44%	
ATTACHMENT AND ENTRY%REACTOME DATABASE ID RELEASE 93%9694614	ATTACHMENT AND ENTRY%REACTOME DATABASE ID RELEASE 93%9694614		17	0.6297661	1.5345078	0.034764826	0.26580817	1.0	3244	tags=47%, list=20%, signal=59%	
LOVASTATIN ACTION PATHWAY%SMPDB%SMP0000099	LOVASTATIN ACTION PATHWAY%SMPDB%SMP0000099		18	0.6213531	1.5325934	0.03218884	0.2693794	1.0	4550	tags=50%, list=28%, signal=69%	
CHOLESTERYL ESTER STORAGE DISEASE%SMPDB%SMP0000508	CHOLESTERYL ESTER STORAGE DISEASE%SMPDB%SMP0000508		18	0.6213531	1.5324206	0.029069768	0.26863167	1.0	4550	tags=50%, list=28%, signal=69%	
S1P1 PATHWAY%PATHWAY INTERACTION DATABASE NCI-NATURE CURATED DATA%S1P1 PATHWAY	S1P1 PATHWAY%PATHWAY INTERACTION DATABASE NCI-NATURE CURATED DATA%S1P1 PATHWAY		19	0.61861765	1.5306516	0.03164557	0.27194437	1.0	1397	tags=32%, list=9%, signal=34%	
EXTRINSIC APOPTOTIC SIGNALING PATHWAY VIA DEATH DOMAIN RECEPTORS%GOBP%GO:0008625	EXTRINSIC APOPTOTIC SIGNALING PATHWAY VIA DEATH DOMAIN RECEPTORS%GOBP%GO:0008625		28	0.5569352	1.5304549	0.023060797	0.2712864	1.0	3355	tags=39%, list=20%, signal=49%	
NUCLEAR MEMBRANE REASSEMBLY%GOBP%GO:0031468	NUCLEAR MEMBRANE REASSEMBLY%GOBP%GO:0031468		22	0.6073815	1.5301603	0.025	0.27095702	1.0	1771	tags=32%, list=11%, signal=36%	
HALLMARK_DNA_REPAIR%MSIGDBHALLMARK%HALLMARK_DNA_REPAIR	HALLMARK_DNA_REPAIR%MSIGDBHALLMARK%HALLMARK_DNA_REPAIR		112	0.44120395	1.5296205	0.0021978023	0.27102762	1.0	2517	tags=33%, list=15%, signal=39%	
HEXOSE BIOSYNTHETIC PROCESS%GOBP%GO:0019319	HEXOSE BIOSYNTHETIC PROCESS%GOBP%GO:0019319		29	0.56890106	1.5292947	0.016701462	0.2706664	1.0	4063	tags=48%, list=25%, signal=64%	
POSITIVE REGULATION OF STEROL TRANSPORT%GOBP%GO:0032373	POSITIVE REGULATION OF STEROL TRANSPORT%GOBP%GO:0032373		28	0.5618247	1.5272688	0.022088353	0.2743219	1.0	2599	tags=36%, list=16%, signal=42%	
TRANSCYTOSIS%GOBP%GO:0045056	TRANSCYTOSIS%GOBP%GO:0045056		19	0.6141282	1.5266927	0.023346303	0.27473873	1.0	4007	tags=58%, list=24%, signal=77%	
SARS-COV-1 TARGETS HOST INTRACELLULAR SIGNALLING AND REGULATORY PATHWAYS%REACTOME DATABASE ID RELEASE 93%9735871	SARS-COV-1 TARGETS HOST INTRACELLULAR SIGNALLING AND REGULATORY PATHWAYS%REACTOME DATABASE ID RELEASE 93%9735871		15	0.6613295	1.525479	0.024439918	0.27691558	1.0	1247	tags=27%, list=8%, signal=29%	
RNA POLYMERASE I TRANSCRIPTION%REACTOME DATABASE ID RELEASE 93%73864	RNA POLYMERASE I TRANSCRIPTION%REACTOME DATABASE ID RELEASE 93%73864		62	0.47862816	1.5250092	0.0045351475	0.27684262	1.0	2379	tags=26%, list=14%, signal=30%	
CERIVASTATIN ACTION PATHWAY%PATHWHIZ%PW000271	CERIVASTATIN ACTION PATHWAY%PATHWHIZ%PW000271		18	0.6213531	1.5237759	0.024640657	0.27854535	1.0	4550	tags=50%, list=28%, signal=69%	
RISEDRONATE ACTION PATHWAY%PATHWHIZ%PW000272	RISEDRONATE ACTION PATHWAY%PATHWHIZ%PW000272		18	0.6213531	1.5236647	0.025157232	0.27764115	1.0	4550	tags=50%, list=28%, signal=69%	
MULTIVESICULAR BODY ASSEMBLY%GOBP%GO:0036258	MULTIVESICULAR BODY ASSEMBLY%GOBP%GO:0036258		28	0.56618434	1.5235121	0.030237582	0.27692053	1.0	1805	tags=39%, list=11%, signal=44%	
HALLMARK_OXIDATIVE_PHOSPHORYLATION%MSIGDBHALLMARK%HALLMARK_OXIDATIVE_PHOSPHORYLATION	HALLMARK_OXIDATIVE_PHOSPHORYLATION%MSIGDBHALLMARK%HALLMARK_OXIDATIVE_PHOSPHORYLATION		140	0.4246724	1.5220683	0.0	0.27937093	1.0	3986	tags=45%, list=24%, signal=59%	
ALENDRONATE ACTION PATHWAY%PATHWHIZ%PW000137	ALENDRONATE ACTION PATHWAY%PATHWHIZ%PW000137		18	0.6213531	1.5216128	0.039175257	0.27946496	1.0	4550	tags=50%, list=28%, signal=69%	
ROS AND RNS PRODUCTION IN PHAGOCYTES%REACTOME%R-HSA-1222556.11	ROS AND RNS PRODUCTION IN PHAGOCYTES%REACTOME%R-HSA-1222556.11		28	0.56760883	1.5212426	0.02096436	0.27938417	1.0	3449	tags=32%, list=21%, signal=41%	
PRAVASTATIN ACTION PATHWAY%SMPDB%SMP0000089	PRAVASTATIN ACTION PATHWAY%SMPDB%SMP0000089		18	0.6213531	1.5210435	0.037549406	0.27873835	1.0	4550	tags=50%, list=28%, signal=69%	
POSITIVE REGULATION OF ACTIN FILAMENT BUNDLE ASSEMBLY%GOBP%GO:0032233	POSITIVE REGULATION OF ACTIN FILAMENT BUNDLE ASSEMBLY%GOBP%GO:0032233		46	0.50181925	1.5201919	0.017167382	0.27969342	1.0	1814	tags=24%, list=11%, signal=27%	
PROTEIN INSERTION INTO MEMBRANE%GOBP%GO:0051205	PROTEIN INSERTION INTO MEMBRANE%GOBP%GO:0051205		57	0.49637565	1.5196987	0.022633744	0.2799359	1.0	3720	tags=53%, list=23%, signal=68%	
LYSOSOMAL ACID LIPASE DEFICIENCY (WOLMAN DISEASE)%PATHWHIZ%PW000099	LYSOSOMAL ACID LIPASE DEFICIENCY (WOLMAN DISEASE)%PATHWHIZ%PW000099		18	0.6213531	1.5196167	0.03966597	0.27903998	1.0	4550	tags=50%, list=28%, signal=69%	
ARF1 PATHWAY%PATHWAY INTERACTION DATABASE NCI-NATURE CURATED DATA%ARF1 PATHWAY	ARF1 PATHWAY%PATHWAY INTERACTION DATABASE NCI-NATURE CURATED DATA%ARF1 PATHWAY		18	0.62269646	1.519122	0.03941909	0.27917087	1.0	3038	tags=44%, list=19%, signal=54%	
SIGNALING RECEPTOR LIGAND PRECURSOR PROCESSING%GOBP%GO:0140448	SIGNALING RECEPTOR LIGAND PRECURSOR PROCESSING%GOBP%GO:0140448		27	0.58386624	1.5189282	0.02258727	0.2785716	1.0	3159	tags=41%, list=19%, signal=50%	
RAB REGULATION OF TRAFFICKING%REACTOME%R-HSA-9007101.4	RAB REGULATION OF TRAFFICKING%REACTOME%R-HSA-9007101.4		111	0.44024986	1.5185277	0.0022988506	0.27848488	1.0	1485	tags=22%, list=9%, signal=24%	
MULTIVESICULAR BODY ORGANIZATION%GOBP%GO:0036257	MULTIVESICULAR BODY ORGANIZATION%GOBP%GO:0036257		29	0.5576731	1.5184221	0.025531914	0.27766138	1.0	1805	tags=38%, list=11%, signal=43%	
PAMIDRONATE ACTION PATHWAY%PATHWHIZ%PW000273	PAMIDRONATE ACTION PATHWAY%PATHWHIZ%PW000273		18	0.6213531	1.5184216	0.046255507	0.2765893	1.0	4550	tags=50%, list=28%, signal=69%	
DESMOSTEROLOSIS%PATHWHIZ%PW000097	DESMOSTEROLOSIS%PATHWHIZ%PW000097		18	0.6213531	1.5177627	0.05019305	0.27726477	1.0	4550	tags=50%, list=28%, signal=69%	
SMITH-LEMLI-OPITZ SYNDROME (SLOS)%PATHWHIZ%PW000095	SMITH-LEMLI-OPITZ SYNDROME (SLOS)%PATHWHIZ%PW000095		18	0.6213531	1.516264	0.03411514	0.27971977	1.0	4550	tags=50%, list=28%, signal=69%	
CARBOHYDRATE TRANSMEMBRANE TRANSPORT%GOBP%GO:0034219	CARBOHYDRATE TRANSMEMBRANE TRANSPORT%GOBP%GO:0034219		27	0.5569277	1.5159215	0.024948025	0.27942175	1.0	5271	tags=52%, list=32%, signal=76%	
HYPER-IGD SYNDROME%SMPDB%SMP0000509	HYPER-IGD SYNDROME%SMPDB%SMP0000509		18	0.6213531	1.5158036	0.03883495	0.27864814	1.0	4550	tags=50%, list=28%, signal=69%	
POSITIVE REGULATION OF RELEASE OF CYTOCHROME C FROM MITOCHONDRIA%GOBP%GO:0090200	POSITIVE REGULATION OF RELEASE OF CYTOCHROME C FROM MITOCHONDRIA%GOBP%GO:0090200		22	0.5971957	1.5147415	0.026748972	0.28026488	1.0	3452	tags=45%, list=21%, signal=57%	
DRUG ADME%REACTOME%R-HSA-9748784.5	DRUG ADME%REACTOME%R-HSA-9748784.5		54	0.49892023	1.5144621	0.011037528	0.27980885	1.0	2850	tags=30%, list=17%, signal=36%	
MEVALONIC ACIDURIA%SMPDB%SMP0000510	MEVALONIC ACIDURIA%SMPDB%SMP0000510		18	0.6213531	1.5139571	0.041753653	0.28004345	1.0	4550	tags=50%, list=28%, signal=69%	
REGULATION OF GLYCOPROTEIN METABOLIC PROCESS%GOBP%GO:1903018	REGULATION OF GLYCOPROTEIN METABOLIC PROCESS%GOBP%GO:1903018		33	0.5409314	1.5135556	0.027083334	0.27979827	1.0	2273	tags=21%, list=14%, signal=25%	
INSULIN RECEPTOR RECYCLING%REACTOME DATABASE ID RELEASE 93%77387	INSULIN RECEPTOR RECYCLING%REACTOME DATABASE ID RELEASE 93%77387		25	0.5691654	1.5132589	0.023012552	0.27944088	1.0	3449	tags=32%, list=21%, signal=40%	
WOLMAN DISEASE%PATHWHIZ%PW000487	WOLMAN DISEASE%PATHWHIZ%PW000487		18	0.6213531	1.5119671	0.040084388	0.2815645	1.0	4550	tags=50%, list=28%, signal=69%	
HYPERCHOLESTEROLEMIA%PATHWHIZ%PW000221	HYPERCHOLESTEROLEMIA%PATHWHIZ%PW000221		18	0.6213531	1.5115232	0.02771855	0.28163815	1.0	4550	tags=50%, list=28%, signal=69%	
MITOCHONDRIAL RESPIRATORY CHAIN COMPLEX ASSEMBLY%GOBP%GO:0033108	MITOCHONDRIAL RESPIRATORY CHAIN COMPLEX ASSEMBLY%GOBP%GO:0033108		77	0.46316978	1.5109997	0.0062240665	0.2817803	1.0	2431	tags=36%, list=15%, signal=42%	
PROTEASOME ASSEMBLY%REACTOME DATABASE ID RELEASE 93%9907900	PROTEASOME ASSEMBLY%REACTOME DATABASE ID RELEASE 93%9907900		47	0.509332	1.5105873	0.01268499	0.2817746	1.0	3087	tags=43%, list=19%, signal=52%	
PID_MTOR_4PATHWAY%MSIGDB_C2%PID_MTOR_4PATHWAY	PID_MTOR_4PATHWAY%MSIGDB_C2%PID_MTOR_4PATHWAY		55	0.47719494	1.510012	0.01369863	0.28201938	1.0	988	tags=20%, list=6%, signal=21%	
HH MUTANTS ARE DEGRADED BY ERAD%REACTOME DATABASE ID RELEASE 93%5362768	HH MUTANTS ARE DEGRADED BY ERAD%REACTOME DATABASE ID RELEASE 93%5362768		40	0.50851154	1.5098716	0.017094018	0.28130335	1.0	4243	tags=63%, list=26%, signal=84%	
DEFENSE RESPONSE TO GRAM-NEGATIVE BACTERIUM%GOBP%GO:0050829	DEFENSE RESPONSE TO GRAM-NEGATIVE BACTERIUM%GOBP%GO:0050829		28	0.5510014	1.5092528	0.0385439	0.28185412	1.0	4194	tags=43%, list=26%, signal=57%	
COMMON PATHWAYS UNDERLYING DRUG ADDICTION%WIKIPATHWAYS_20250810%WP2636%HOMO SAPIENS	COMMON PATHWAYS UNDERLYING DRUG ADDICTION%WIKIPATHWAYS_20250810%WP2636%HOMO SAPIENS		23	0.593705	1.5090749	0.02834008	0.28126177	1.0	65	tags=13%, list=0%, signal=13%	
ROSUVASTATIN ACTION PATHWAY%SMPDB%SMP0000092	ROSUVASTATIN ACTION PATHWAY%SMPDB%SMP0000092		18	0.6213531	1.5082163	0.039215688	0.28234708	1.0	4550	tags=50%, list=28%, signal=69%	
MULTIVESICULAR BODY SORTING PATHWAY%GOBP%GO:0071985	MULTIVESICULAR BODY SORTING PATHWAY%GOBP%GO:0071985		44	0.5052821	1.5080848	0.011363637	0.28165376	1.0	1771	tags=27%, list=11%, signal=30%	
STEROID BIOSYNTHESIS%PATHWHIZ%PW000050	STEROID BIOSYNTHESIS%PATHWHIZ%PW000050		18	0.6213531	1.5079372	0.031128405	0.28102311	1.0	4550	tags=50%, list=28%, signal=69%	
SIGNALING BY ROBO RECEPTORS%REACTOME DATABASE ID RELEASE 93%376176	SIGNALING BY ROBO RECEPTORS%REACTOME DATABASE ID RELEASE 93%376176		184	0.41173732	1.5069422	0.0024813896	0.28251907	1.0	4119	tags=45%, list=25%, signal=59%	
NICOTINE PHARMACODYNAMICS PATHWAY%PANTHER PATHWAY%P06587	NICOTINE PHARMACODYNAMICS PATHWAY%PANTHER PATHWAY%P06587		19	0.61290395	1.5060412	0.028571429	0.2835842	1.0	914	tags=16%, list=6%, signal=17%	
PROTEIN HETEROOLIGOMERIZATION%GOBP%GO:0051291	PROTEIN HETEROOLIGOMERIZATION%GOBP%GO:0051291		18	0.61346763	1.5059578	0.038986355	0.28272393	1.0	3478	tags=44%, list=21%, signal=56%	
FLUVASTATIN ACTION PATHWAY%PATHWHIZ%PW000274	FLUVASTATIN ACTION PATHWAY%PATHWHIZ%PW000274		18	0.6213531	1.5051931	0.027027028	0.28350204	1.0	4550	tags=50%, list=28%, signal=69%	
GLUCOSE CATABOLIC PROCESS%GOBP%GO:0006007	GLUCOSE CATABOLIC PROCESS%GOBP%GO:0006007		15	0.6435073	1.5025876	0.03515625	0.28882974	1.0	5178	tags=67%, list=32%, signal=97%	
PID_HDAC_CLASSIII_PATHWAY%MSIGDB_C2%PID_HDAC_CLASSIII_PATHWAY	PID_HDAC_CLASSIII_PATHWAY%MSIGDB_C2%PID_HDAC_CLASSIII_PATHWAY		18	0.60854477	1.5022683	0.045081966	0.28856912	1.0	3209	tags=44%, list=20%, signal=55%	
GLYCEROLIPIDS AND GLYCEROPHOSPHOLIPIDS%WIKIPATHWAYS_20250810%WP4722%HOMO SAPIENS	GLYCEROLIPIDS AND GLYCEROPHOSPHOLIPIDS%WIKIPATHWAYS_20250810%WP4722%HOMO SAPIENS		17	0.62369597	1.5013218	0.043933053	0.28994474	1.0	2002	tags=29%, list=12%, signal=33%	
REGULATION OF TRIGLYCERIDE METABOLIC PROCESS%GOBP%GO:0090207	REGULATION OF TRIGLYCERIDE METABOLIC PROCESS%GOBP%GO:0090207		24	0.5836216	1.5011804	0.032397408	0.28930825	1.0	3952	tags=50%, list=24%, signal=66%	
POSITIVE REGULATION OF INSULIN SECRETION%GOBP%GO:0032024	POSITIVE REGULATION OF INSULIN SECRETION%GOBP%GO:0032024		35	0.5296545	1.500153	0.020576132	0.29080352	1.0	2177	tags=20%, list=13%, signal=23%	
SIMVASTATIN ACTION PATHWAY%PATHWHIZ%PW000127	SIMVASTATIN ACTION PATHWAY%PATHWHIZ%PW000127		18	0.6213531	1.4996064	0.028629856	0.2911457	1.0	4550	tags=50%, list=28%, signal=69%	
NUCLEOTIDE SALVAGE%REACTOME DATABASE ID RELEASE 93%8956321	NUCLEOTIDE SALVAGE%REACTOME DATABASE ID RELEASE 93%8956321		22	0.59211177	1.4977474	0.033402923	0.29472503	1.0	2441	tags=32%, list=15%, signal=37%	
POSITIVE REGULATION OF CHOLESTEROL TRANSPORT%GOBP%GO:0032376	POSITIVE REGULATION OF CHOLESTEROL TRANSPORT%GOBP%GO:0032376		28	0.5618247	1.4968332	0.04192872	0.29592732	1.0	2599	tags=36%, list=16%, signal=42%	
PCP CE PATHWAY%REACTOME%R-HSA-4086400.4	PCP CE PATHWAY%REACTOME%R-HSA-4086400.4		74	0.46297798	1.4961574	0.013245033	0.2965426	1.0	4103	tags=46%, list=25%, signal=61%	
PRE-NOTCH PROCESSING IN GOLGI%REACTOME DATABASE ID RELEASE 93%1912420	PRE-NOTCH PROCESSING IN GOLGI%REACTOME DATABASE ID RELEASE 93%1912420		16	0.6391821	1.4960097	0.032608695	0.29590905	1.0	3165	tags=56%, list=19%, signal=70%	
ATORVASTATIN ACTION PATHWAY%SMPDB%SMP0000131	ATORVASTATIN ACTION PATHWAY%SMPDB%SMP0000131		18	0.6213531	1.4956737	0.04255319	0.29580325	1.0	4550	tags=50%, list=28%, signal=69%	
PLASMA LIPOPROTEIN PARTICLE ORGANIZATION%GOBP%GO:0071827	PLASMA LIPOPROTEIN PARTICLE ORGANIZATION%GOBP%GO:0071827		31	0.542404	1.4945962	0.032128513	0.29730707	1.0	2599	tags=29%, list=16%, signal=34%	
GAMMA CARBOXYLATION, HYPUSINYLATION, HYDROXYLATION, AND ARYLSULFATASE ACTIVATION%REACTOME DATABASE ID RELEASE 93%163841	GAMMA CARBOXYLATION, HYPUSINYLATION, HYDROXYLATION, AND ARYLSULFATASE ACTIVATION%REACTOME DATABASE ID RELEASE 93%163841		50	0.48885918	1.4945362	0.010940919	0.2964589	1.0	2545	tags=30%, list=16%, signal=35%	
NUTRIENT STORAGE%GOBP%GO:0170062	NUTRIENT STORAGE%GOBP%GO:0170062		31	0.5477359	1.492479	0.017278617	0.30035058	1.0	2496	tags=23%, list=15%, signal=27%	
ZOLEDRONATE ACTION PATHWAY%PATHWHIZ%PW000270	ZOLEDRONATE ACTION PATHWAY%PATHWHIZ%PW000270		18	0.6213531	1.4914846	0.040899795	0.30160844	1.0	4550	tags=50%, list=28%, signal=69%	
TP53 REGULATES METABOLIC GENES%REACTOME%R-HSA-5628897.6	TP53 REGULATES METABOLIC GENES%REACTOME%R-HSA-5628897.6		68	0.4669111	1.4912963	0.009029346	0.3011199	1.0	2982	tags=38%, list=18%, signal=47%	
SPERM-EGG RECOGNITION%GOBP%GO:0035036	SPERM-EGG RECOGNITION%GOBP%GO:0035036		16	0.6295014	1.4899791	0.047817048	0.30322853	1.0	4392	tags=50%, list=27%, signal=68%	
GLUTATHIONE METABOLIC PROCESS%GOBP%GO:0006749	GLUTATHIONE METABOLIC PROCESS%GOBP%GO:0006749		27	0.5568883	1.4889442	0.03671706	0.3047634	1.0	4025	tags=48%, list=25%, signal=64%	
NONSENSE MEDIATED DECAY (NMD) INDEPENDENT OF THE EXON JUNCTION COMPLEX (EJC)%REACTOME DATABASE ID RELEASE 93%975956	NONSENSE MEDIATED DECAY (NMD) INDEPENDENT OF THE EXON JUNCTION COMPLEX (EJC)%REACTOME DATABASE ID RELEASE 93%975956		86	0.44740778	1.4889287	0.0043763677	0.30378315	1.0	3778	tags=50%, list=23%, signal=65%	
TGF-BETA RECEPTOR SIGNALING IN EMT (EPITHELIAL TO MESENCHYMAL TRANSITION)%REACTOME%R-HSA-2173791.3	TGF-BETA RECEPTOR SIGNALING IN EMT (EPITHELIAL TO MESENCHYMAL TRANSITION)%REACTOME%R-HSA-2173791.3		15	0.63747376	1.4878577	0.04742268	0.30549175	1.0	3638	tags=67%, list=22%, signal=86%	
PURINE RIBONUCLEOSIDE TRIPHOSPHATE METABOLIC PROCESS%GOBP%GO:0009205	PURINE RIBONUCLEOSIDE TRIPHOSPHATE METABOLIC PROCESS%GOBP%GO:0009205		122	0.42780095	1.4876088	0.0093240095	0.30518338	1.0	2534	tags=30%, list=15%, signal=36%	
NON SMALL CELL LUNG CANCER%WIKIPATHWAYS_20250810%WP4255%HOMO SAPIENS	NON SMALL CELL LUNG CANCER%WIKIPATHWAYS_20250810%WP4255%HOMO SAPIENS		59	0.4799381	1.4874562	0.0064935065	0.30461618	1.0	1655	tags=22%, list=10%, signal=24%	
RNA POLYMERASE I PROMOTER CLEARANCE%REACTOME DATABASE ID RELEASE 93%73854	RNA POLYMERASE I PROMOTER CLEARANCE%REACTOME DATABASE ID RELEASE 93%73854		61	0.47135505	1.4858781	0.019438446	0.3076608	1.0	2379	tags=25%, list=14%, signal=29%	
REGULATION OF BROWN FAT CELL DIFFERENTIATION%GOBP%GO:0090335	REGULATION OF BROWN FAT CELL DIFFERENTIATION%GOBP%GO:0090335		18	0.6130969	1.4855646	0.05172414	0.30739316	1.0	1466	tags=33%, list=9%, signal=37%	
IBANDRONATE ACTION PATHWAY%SMPDB%SMP0000079	IBANDRONATE ACTION PATHWAY%SMPDB%SMP0000079		18	0.6213531	1.4853771	0.04831933	0.30683318	1.0	4550	tags=50%, list=28%, signal=69%	
PROTEIN TARGETING TO MITOCHONDRION%GOBP%GO:0006626	PROTEIN TARGETING TO MITOCHONDRION%GOBP%GO:0006626		29	0.54544604	1.4849278	0.047210302	0.30702817	1.0	2851	tags=45%, list=17%, signal=54%	
SULFUR COMPOUND TRANSPORT%GOBP%GO:0072348	SULFUR COMPOUND TRANSPORT%GOBP%GO:0072348		43	0.5105404	1.4848003	0.03167421	0.30628657	1.0	3777	tags=37%, list=23%, signal=48%	
DEFENSE RESPONSE TO BACTERIUM%GOBP%GO:0042742	DEFENSE RESPONSE TO BACTERIUM%GOBP%GO:0042742		114	0.4251216	1.4845607	0.011185682	0.3059989	1.0	3608	tags=33%, list=22%, signal=42%	
RAB GERANYLGERANYLATION%REACTOME DATABASE ID RELEASE 93%8873719	RAB GERANYLGERANYLATION%REACTOME DATABASE ID RELEASE 93%8873719		55	0.485452	1.4833853	0.008510638	0.30792192	1.0	2243	tags=25%, list=14%, signal=29%	
REGULATION OF EXPRESSION AND FUNCTION OF TYPE I CLASSICAL CADHERINS%REACTOME DATABASE ID RELEASE 93%9764274	REGULATION OF EXPRESSION AND FUNCTION OF TYPE I CLASSICAL CADHERINS%REACTOME DATABASE ID RELEASE 93%9764274		142	0.41229814	1.4833287	0.008810572	0.30711323	1.0	2844	tags=32%, list=17%, signal=38%	
NEGATIVE REGULATION OF DNA-TEMPLATED TRANSCRIPTION, ELONGATION%GOBP%GO:0032785	NEGATIVE REGULATION OF DNA-TEMPLATED TRANSCRIPTION, ELONGATION%GOBP%GO:0032785		20	0.59774494	1.4830465	0.06339468	0.3067976	1.0	3822	tags=40%, list=23%, signal=52%	
ERAD PATHWAY%GOBP%GO:0036503	ERAD PATHWAY%GOBP%GO:0036503		87	0.44851932	1.482418	0.015765766	0.30745372	1.0	2688	tags=28%, list=16%, signal=33%	
AMYOTROPHIC LATERAL SCLEROSIS ALS %WIKIPATHWAYS_20250810%WP2447%HOMO SAPIENS	AMYOTROPHIC LATERAL SCLEROSIS ALS %WIKIPATHWAYS_20250810%WP2447%HOMO SAPIENS		23	0.57322955	1.481994	0.036072146	0.30745113	1.0	2133	tags=30%, list=13%, signal=35%	
REGULATION OF ENDOCYTIC RECYCLING%GOBP%GO:2001135	REGULATION OF ENDOCYTIC RECYCLING%GOBP%GO:2001135		16	0.63195693	1.4817319	0.050813008	0.30717736	1.0	3397	tags=50%, list=21%, signal=63%	
THE ROLE OF NEF IN HIV-1 REPLICATION AND DISEASE PATHOGENESIS%REACTOME DATABASE ID RELEASE 93%164952	THE ROLE OF NEF IN HIV-1 REPLICATION AND DISEASE PATHOGENESIS%REACTOME DATABASE ID RELEASE 93%164952		27	0.55204225	1.4816055	0.025695931	0.30652142	1.0	2987	tags=33%, list=18%, signal=41%	
BIOLOGICAL PROCESS INVOLVED IN INTERACTION WITH HOST%GOBP%GO:0051701	BIOLOGICAL PROCESS INVOLVED IN INTERACTION WITH HOST%GOBP%GO:0051701		64	0.4652136	1.481285	0.011261261	0.3063683	1.0	4187	tags=38%, list=26%, signal=50%	
EPO SIGNALING PATHWAY%PATHWHIZ%PW070692	EPO SIGNALING PATHWAY%PATHWHIZ%PW070692		15	0.6436727	1.4810666	0.055776894	0.30598962	1.0	67	tags=20%, list=0%, signal=20%	
PURINE NUCLEOSIDE TRIPHOSPHATE METABOLIC PROCESS%GOBP%GO:0009144	PURINE NUCLEOSIDE TRIPHOSPHATE METABOLIC PROCESS%GOBP%GO:0009144		125	0.42176968	1.4804008	0.0067114094	0.30670545	1.0	2534	tags=30%, list=15%, signal=35%	
SIGNALING BY NON-RECEPTOR TYROSINE KINASES%REACTOME DATABASE ID RELEASE 93%9006927	SIGNALING BY NON-RECEPTOR TYROSINE KINASES%REACTOME DATABASE ID RELEASE 93%9006927		50	0.47913718	1.4803934	0.017316017	0.30578765	1.0	2750	tags=34%, list=17%, signal=41%	
HALLMARK_P53_PATHWAY%MSIGDBHALLMARK%HALLMARK_P53_PATHWAY	HALLMARK_P53_PATHWAY%MSIGDBHALLMARK%HALLMARK_P53_PATHWAY		160	0.4070649	1.4801775	0.0	0.3053803	1.0	3875	tags=43%, list=24%, signal=55%	
ID%NETPATH%ID	ID%NETPATH%ID		19	0.6020346	1.4794742	0.041257367	0.30604252	1.0	3556	tags=37%, list=22%, signal=47%	
POSITIVE REGULATION OF NEURON APOPTOTIC PROCESS%GOBP%GO:0043525	POSITIVE REGULATION OF NEURON APOPTOTIC PROCESS%GOBP%GO:0043525		33	0.5290003	1.4790976	0.03368421	0.30603257	1.0	895	tags=21%, list=5%, signal=22%	
ER-PHAGOSOME PATHWAY%REACTOME%R-HSA-1236974.8	ER-PHAGOSOME PATHWAY%REACTOME%R-HSA-1236974.8		70	0.45736825	1.4784645	0.009049774	0.30667216	1.0	4605	tags=53%, list=28%, signal=73%	
CARBOHYDRATE CATABOLIC PROCESS%GOBP%GO:0016052	CARBOHYDRATE CATABOLIC PROCESS%GOBP%GO:0016052		72	0.45156503	1.4783298	0.017621145	0.30609226	1.0	3427	tags=40%, list=21%, signal=51%	
REGULATION OF PROTEIN LOCALIZATION TO CELL SURFACE%GOBP%GO:2000008	REGULATION OF PROTEIN LOCALIZATION TO CELL SURFACE%GOBP%GO:2000008		31	0.53772545	1.4780998	0.030973451	0.30577865	1.0	3349	tags=32%, list=20%, signal=40%	
NEGATIVE REGULATION OF CELL GROWTH%GOBP%GO:0030308	NEGATIVE REGULATION OF CELL GROWTH%GOBP%GO:0030308		104	0.43147692	1.4771528	0.0065645515	0.30732775	1.0	2834	tags=27%, list=17%, signal=32%	
ENDOSOME TO LYSOSOME TRANSPORT VIA MULTIVESICULAR BODY SORTING PATHWAY%GOBP%GO:0032510	ENDOSOME TO LYSOSOME TRANSPORT VIA MULTIVESICULAR BODY SORTING PATHWAY%GOBP%GO:0032510		17	0.6186101	1.4771284	0.037037037	0.30644178	1.0	714	tags=29%, list=4%, signal=31%	
REGULATION OF DNA BINDING%GOBP%GO:0051101	REGULATION OF DNA BINDING%GOBP%GO:0051101		38	0.5141607	1.4771197	0.025423728	0.3055349	1.0	3678	tags=34%, list=22%, signal=44%	
MEMBRANE RAFT ORGANIZATION%GOBP%GO:0031579	MEMBRANE RAFT ORGANIZATION%GOBP%GO:0031579		20	0.5953207	1.4767929	0.021868788	0.30542117	1.0	2125	tags=30%, list=13%, signal=34%	
NUCLEOTIDE CATABOLIC PROCESS%GOBP%GO:0009166	NUCLEOTIDE CATABOLIC PROCESS%GOBP%GO:0009166		69	0.463077	1.4763886	0.01843318	0.30557463	1.0	4262	tags=46%, list=26%, signal=62%	
MEMBRANE ASSEMBLY%GOBP%GO:0071709	MEMBRANE ASSEMBLY%GOBP%GO:0071709		49	0.48801893	1.4760284	0.028138528	0.30556628	1.0	1771	tags=22%, list=11%, signal=25%	
AMYLOID-BETA CLEARANCE%GOBP%GO:0097242	AMYLOID-BETA CLEARANCE%GOBP%GO:0097242		26	0.55926275	1.4753449	0.03862661	0.30635542	1.0	4187	tags=50%, list=26%, signal=67%	
LDL CLEARANCE%REACTOME%R-HSA-8964038.5	LDL CLEARANCE%REACTOME%R-HSA-8964038.5		15	0.63676196	1.4747454	0.04761905	0.30690688	1.0	3022	tags=47%, list=18%, signal=57%	
P53 PATHWAY BY GLUCOSE DEPRIVATION%PANTHER PATHWAY%P04397	P53 PATHWAY BY GLUCOSE DEPRIVATION%PANTHER PATHWAY%P04397		18	0.60753524	1.4746542	0.035363458	0.30622825	1.0	2490	tags=44%, list=15%, signal=52%	
HH MUTANTS ABROGATE LIGAND SECRETION%REACTOME DATABASE ID RELEASE 93%5387390	HH MUTANTS ABROGATE LIGAND SECRETION%REACTOME DATABASE ID RELEASE 93%5387390		41	0.5077047	1.4742256	0.036247335	0.30641252	1.0	4243	tags=61%, list=26%, signal=82%	
BIOCARTA_CDMAC_PATHWAY%MSIGDB_C2%BIOCARTA_CDMAC_PATHWAY	BIOCARTA_CDMAC_PATHWAY%MSIGDB_C2%BIOCARTA_CDMAC_PATHWAY		15	0.62474227	1.4735441	0.03629032	0.30708608	1.0	791	tags=20%, list=5%, signal=21%	
THE ROLE OF GTSE1 IN G2 M PROGRESSION AFTER G2 CHECKPOINT%REACTOME DATABASE ID RELEASE 93%8852276	THE ROLE OF GTSE1 IN G2 M PROGRESSION AFTER G2 CHECKPOINT%REACTOME DATABASE ID RELEASE 93%8852276		45	0.49752077	1.4734484	0.008438818	0.3063813	1.0	4103	tags=56%, list=25%, signal=74%	
KERATAN SULFATE BIOSYNTHESIS%REACTOME DATABASE ID RELEASE 93%2022854	KERATAN SULFATE BIOSYNTHESIS%REACTOME DATABASE ID RELEASE 93%2022854		23	0.5861286	1.4726428	0.06029106	0.3074265	1.0	3227	tags=30%, list=20%, signal=38%	
RAF ACTIVATION%REACTOME DATABASE ID RELEASE 93%5673000	RAF ACTIVATION%REACTOME DATABASE ID RELEASE 93%5673000		32	0.531925	1.4721259	0.035123967	0.30767924	1.0	968	tags=22%, list=6%, signal=23%	
SEALING OF THE NUCLEAR ENVELOPE (NE) BY ESCRT-III%REACTOME DATABASE ID RELEASE 93%9668328	SEALING OF THE NUCLEAR ENVELOPE (NE) BY ESCRT-III%REACTOME DATABASE ID RELEASE 93%9668328		23	0.56828815	1.4721072	0.033864543	0.30680755	1.0	3209	tags=43%, list=20%, signal=54%	
FATTY ACID BIOSYNTHETIC PROCESS%GOBP%GO:0006633	FATTY ACID BIOSYNTHETIC PROCESS%GOBP%GO:0006633		69	0.45375973	1.4719899	0.016427105	0.3061945	1.0	3263	tags=29%, list=20%, signal=36%	
GANGLIOSIDE METABOLIC PROCESS%GOBP%GO:0001573	GANGLIOSIDE METABOLIC PROCESS%GOBP%GO:0001573		20	0.587951	1.4714072	0.052313883	0.30674413	1.0	3109	tags=35%, list=19%, signal=43%	
REGULATION OF IGF ACTIVITY BY IGFBP%REACTOME%R-HSA-381426.4	REGULATION OF IGF ACTIVITY BY IGFBP%REACTOME%R-HSA-381426.4		77	0.45126304	1.4712791	0.011210762	0.3061677	1.0	2485	tags=34%, list=15%, signal=40%	
THE PHOTOTRANSDUCTION CASCADE%REACTOME DATABASE ID RELEASE 93%2514856	THE PHOTOTRANSDUCTION CASCADE%REACTOME DATABASE ID RELEASE 93%2514856		20	0.5817276	1.4708892	0.056862745	0.30625817	1.0	3007	tags=25%, list=18%, signal=31%	
CHILD SYNDROME%PATHWHIZ%PW000096	CHILD SYNDROME%PATHWHIZ%PW000096		18	0.6213531	1.470673	0.042596348	0.30591425	1.0	4550	tags=50%, list=28%, signal=69%	
SCF(SKP2)-MEDIATED DEGRADATION OF P27 P21%REACTOME%R-HSA-187577.5	SCF(SKP2)-MEDIATED DEGRADATION OF P27 P21%REACTOME%R-HSA-187577.5		47	0.4914754	1.46872	0.020179372	0.30961734	1.0	4103	tags=53%, list=25%, signal=71%	
REGULATION OF TNFR1 SIGNALING%REACTOME DATABASE ID RELEASE 93%5357905	REGULATION OF TNFR1 SIGNALING%REACTOME DATABASE ID RELEASE 93%5357905		43	0.49681112	1.4686084	0.040860213	0.3089998	1.0	705	tags=21%, list=4%, signal=22%	
PYRUVATE METABOLIC PROCESS%GOBP%GO:0006090	PYRUVATE METABOLIC PROCESS%GOBP%GO:0006090		40	0.50464916	1.4685508	0.033970278	0.30828294	1.0	3681	tags=38%, list=22%, signal=48%	
IRON UPTAKE AND TRANSPORT%REACTOME DATABASE ID RELEASE 93%917937	IRON UPTAKE AND TRANSPORT%REACTOME DATABASE ID RELEASE 93%917937		51	0.47656512	1.4685459	0.024691358	0.3074213	1.0	3875	tags=33%, list=24%, signal=43%	
PLATELET DEGRANULATION%REACTOME%R-HSA-114608.5	PLATELET DEGRANULATION%REACTOME%R-HSA-114608.5		99	0.43447235	1.4684354	0.006756757	0.30681148	1.0	2636	tags=27%, list=16%, signal=32%	
REGULATION OF ENDOGENOUS RETROELEMENTS BY PIWI-INTERACTING RNAS (PIRNAS)%REACTOME%R-HSA-9845323.1	REGULATION OF ENDOGENOUS RETROELEMENTS BY PIWI-INTERACTING RNAS (PIRNAS)%REACTOME%R-HSA-9845323.1		46	0.4888718	1.4673933	0.03448276	0.30829394	1.0	2716	tags=26%, list=17%, signal=31%	
GROWTH HORMONE RECEPTOR SIGNALING%REACTOME DATABASE ID RELEASE 93%982772	GROWTH HORMONE RECEPTOR SIGNALING%REACTOME DATABASE ID RELEASE 93%982772		19	0.598555	1.4672908	0.051923078	0.3076915	1.0	38	tags=11%, list=0%, signal=11%	
REGULATION OF PURINE NUCLEOTIDE CATABOLIC PROCESS%GOBP%GO:0033121	REGULATION OF PURINE NUCLEOTIDE CATABOLIC PROCESS%GOBP%GO:0033121		32	0.5173023	1.4658114	0.049309663	0.31033415	1.0	675	tags=16%, list=4%, signal=16%	
PROTEIN INSERTION INTO ER MEMBRANE%GOBP%GO:0045048	PROTEIN INSERTION INTO ER MEMBRANE%GOBP%GO:0045048		28	0.5406995	1.4640061	0.042944785	0.31392923	1.0	2378	tags=39%, list=14%, signal=46%	
INORGANIC ANION TRANSPORT%GOBP%GO:0015698	INORGANIC ANION TRANSPORT%GOBP%GO:0015698		84	0.4398857	1.4634551	0.00973236	0.31441292	1.0	3012	tags=29%, list=18%, signal=35%	
NEGATIVE REGULATION OF TRANSCRIPTION ELONGATION BY RNA POLYMERASE II%GOBP%GO:0034244	NEGATIVE REGULATION OF TRANSCRIPTION ELONGATION BY RNA POLYMERASE II%GOBP%GO:0034244		17	0.6225309	1.4623535	0.043010753	0.3163309	1.0	2296	tags=29%, list=14%, signal=34%	
GLYCOSAMINOGLYCAN METABOLISM%REACTOME DATABASE ID RELEASE 93%1630316	GLYCOSAMINOGLYCAN METABOLISM%REACTOME DATABASE ID RELEASE 93%1630316		112	0.42366147	1.4619089	0.0048076925	0.31655124	1.0	3243	tags=29%, list=20%, signal=36%	
CARBOHYDRATE DERIVATIVE CATABOLIC PROCESS%GOBP%GO:1901136	CARBOHYDRATE DERIVATIVE CATABOLIC PROCESS%GOBP%GO:1901136		135	0.41243508	1.4616687	0.00896861	0.31629318	1.0	4063	tags=43%, list=25%, signal=57%	
SIGNALING EVENTS MEDIATED BY HDAC CLASS I%PATHWAY INTERACTION DATABASE NCI-NATURE CURATED DATA%SIGNALING EVENTS MEDIATED BY HDAC CLASS I	SIGNALING EVENTS MEDIATED BY HDAC CLASS I%PATHWAY INTERACTION DATABASE NCI-NATURE CURATED DATA%SIGNALING EVENTS MEDIATED BY HDAC CLASS I		61	0.46658194	1.4614594	0.011415525	0.31592178	1.0	2554	tags=34%, list=16%, signal=41%	
INACTIVATION, RECOVERY AND REGULATION OF THE PHOTOTRANSDUCTION CASCADE%REACTOME DATABASE ID RELEASE 93%2514859	INACTIVATION, RECOVERY AND REGULATION OF THE PHOTOTRANSDUCTION CASCADE%REACTOME DATABASE ID RELEASE 93%2514859		19	0.600155	1.4611654	0.048117153	0.31576115	1.0	3007	tags=26%, list=18%, signal=32%	
INHIBITION OF DNA RECOMBINATION AT TELOMERE%REACTOME DATABASE ID RELEASE 93%9670095	INHIBITION OF DNA RECOMBINATION AT TELOMERE%REACTOME DATABASE ID RELEASE 93%9670095		32	0.5240005	1.4610705	0.046092186	0.31511304	1.0	2379	tags=41%, list=14%, signal=47%	
BIOCARTA_AT1R_PATHWAY%MSIGDB_C2%BIOCARTA_AT1R_PATHWAY	BIOCARTA_AT1R_PATHWAY%MSIGDB_C2%BIOCARTA_AT1R_PATHWAY		21	0.57550824	1.4604883	0.05073996	0.3156223	1.0	957	tags=19%, list=6%, signal=20%	
ANATOMICAL STRUCTURE MATURATION%GOBP%GO:0071695	ANATOMICAL STRUCTURE MATURATION%GOBP%GO:0071695		80	0.44410324	1.4601039	0.009195402	0.31578425	1.0	2173	tags=24%, list=13%, signal=27%	
CHOLESTEROL METABOLISM%WIKIPATHWAYS_20250810%WP5304%HOMO SAPIENS	CHOLESTEROL METABOLISM%WIKIPATHWAYS_20250810%WP5304%HOMO SAPIENS		45	0.4929015	1.4592739	0.02991453	0.31694314	1.0	4051	tags=42%, list=25%, signal=56%	
EICOSANOID METABOLISM VIA CYCLOOXYGENASES COX %WIKIPATHWAYS_20250810%WP4719%HOMO SAPIENS	EICOSANOID METABOLISM VIA CYCLOOXYGENASES COX %WIKIPATHWAYS_20250810%WP4719%HOMO SAPIENS		19	0.59953445	1.4592134	0.066390045	0.31625104	1.0	473	tags=16%, list=3%, signal=16%	
BIOCARTA_GPCR_PATHWAY%MSIGDB_C2%BIOCARTA_GPCR_PATHWAY	BIOCARTA_GPCR_PATHWAY%MSIGDB_C2%BIOCARTA_GPCR_PATHWAY		21	0.57917696	1.4591169	0.04761905	0.315647	1.0	203	tags=14%, list=1%, signal=14%	
VACUOLAR LOCALIZATION%GOBP%GO:1990849	VACUOLAR LOCALIZATION%GOBP%GO:1990849		35	0.50695485	1.4590161	0.033039648	0.3150669	1.0	2769	tags=34%, list=17%, signal=41%	
GLUCONEOGENESIS%REACTOME%R-HSA-70263.7	GLUCONEOGENESIS%REACTOME%R-HSA-70263.7		16	0.6166385	1.458646	0.0498008	0.31503078	1.0	5525	tags=69%, list=34%, signal=104%	
VIRAL BUDDING VIA HOST ESCRT COMPLEX%GOBP%GO:0039702	VIRAL BUDDING VIA HOST ESCRT COMPLEX%GOBP%GO:0039702		18	0.5953244	1.4585313	0.06275304	0.31446874	1.0	1771	tags=39%, list=11%, signal=44%	
REGULATION OF HOMOTYPIC CELL-CELL ADHESION%REACTOME DATABASE ID RELEASE 93%9759476	REGULATION OF HOMOTYPIC CELL-CELL ADHESION%REACTOME DATABASE ID RELEASE 93%9759476		154	0.40202776	1.4584181	0.007142857	0.31393337	1.0	2844	tags=30%, list=17%, signal=36%	
MICRORNA (MIRNA) BIOGENESIS%REACTOME DATABASE ID RELEASE 93%203927	MICRORNA (MIRNA) BIOGENESIS%REACTOME DATABASE ID RELEASE 93%203927		24	0.5757486	1.4580605	0.055214725	0.31386006	1.0	1625	tags=42%, list=10%, signal=46%	
TAT-MEDIATED ELONGATION OF THE HIV-1 TRANSCRIPT%REACTOME%R-HSA-167246.4	TAT-MEDIATED ELONGATION OF THE HIV-1 TRANSCRIPT%REACTOME%R-HSA-167246.4		40	0.49569643	1.4562486	0.037117902	0.3174395	1.0	1869	tags=30%, list=11%, signal=34%	
REGULATION OF CDH1 EXPRESSION AND FUNCTION%REACTOME%R-HSA-9764265.1	REGULATION OF CDH1 EXPRESSION AND FUNCTION%REACTOME%R-HSA-9764265.1		142	0.41229814	1.4562162	0.011600928	0.31668496	1.0	2844	tags=32%, list=17%, signal=38%	
TUBE CLOSURE%GOBP%GO:0060606	TUBE CLOSURE%GOBP%GO:0060606		30	0.52918494	1.4557592	0.044025157	0.31697625	1.0	2914	tags=33%, list=18%, signal=40%	
VACUOLE ORGANIZATION%GOBP%GO:0007033	VACUOLE ORGANIZATION%GOBP%GO:0007033		151	0.39813554	1.455678	0.0022988506	0.31633866	1.0	3345	tags=33%, list=20%, signal=41%	
NEUTRAL LIPID METABOLIC PROCESS%GOBP%GO:0006638	NEUTRAL LIPID METABOLIC PROCESS%GOBP%GO:0006638		58	0.46250328	1.4554708	0.021231422	0.3161128	1.0	3960	tags=33%, list=24%, signal=43%	
POSITIVE REGULATION OF ERK1 AND ERK2 CASCADE%GOBP%GO:0070374	POSITIVE REGULATION OF ERK1 AND ERK2 CASCADE%GOBP%GO:0070374		122	0.41561487	1.455085	0.0023148148	0.31630883	1.0	3165	tags=25%, list=19%, signal=31%	
PLASMA MEMBRANE REPAIR%GOBP%GO:0001778	PLASMA MEMBRANE REPAIR%GOBP%GO:0001778		20	0.5717821	1.4548422	0.055009823	0.31604135	1.0	5139	tags=65%, list=31%, signal=95%	
ANGIOPOIETIN LIKE PROTEIN 8 REGULATORY PATHWAY%WIKIPATHWAYS_20250810%WP3915%HOMO SAPIENS	ANGIOPOIETIN LIKE PROTEIN 8 REGULATORY PATHWAY%WIKIPATHWAYS_20250810%WP3915%HOMO SAPIENS		97	0.43144646	1.4547704	0.008658009	0.31540012	1.0	2613	tags=32%, list=16%, signal=38%	
FORMATION OF HIV-1 ELONGATION COMPLEX CONTAINING HIV-1 TAT%REACTOME%R-HSA-167200.5	FORMATION OF HIV-1 ELONGATION COMPLEX CONTAINING HIV-1 TAT%REACTOME%R-HSA-167200.5		40	0.49569643	1.4544371	0.030237582	0.31548488	1.0	1869	tags=30%, list=11%, signal=34%	
GABA RECEPTOR SIGNALING%WIKIPATHWAYS_20250810%WP4159%HOMO SAPIENS	GABA RECEPTOR SIGNALING%WIKIPATHWAYS_20250810%WP4159%HOMO SAPIENS		21	0.5614285	1.4535763	0.049603175	0.31671882	1.0	2837	tags=24%, list=17%, signal=29%	
POSITIVE REGULATION OF VASCULATURE DEVELOPMENT%GOBP%GO:1904018	POSITIVE REGULATION OF VASCULATURE DEVELOPMENT%GOBP%GO:1904018		110	0.4198415	1.4530177	0.006880734	0.31732	1.0	3081	tags=28%, list=19%, signal=34%	
PID_ALPHA_SYNUCLEIN_PATHWAY%MSIGDB_C2%PID_ALPHA_SYNUCLEIN_PATHWAY	PID_ALPHA_SYNUCLEIN_PATHWAY%MSIGDB_C2%PID_ALPHA_SYNUCLEIN_PATHWAY		19	0.5944186	1.4522678	0.06122449	0.3185433	1.0	968	tags=21%, list=6%, signal=22%	
22Q11 2 COPY NUMBER VARIATION SYNDROME%WIKIPATHWAYS_20250810%WP4657%HOMO SAPIENS	22Q11 2 COPY NUMBER VARIATION SYNDROME%WIKIPATHWAYS_20250810%WP4657%HOMO SAPIENS		65	0.45716283	1.4503603	0.025287356	0.3224763	1.0	3984	tags=46%, list=24%, signal=61%	
OLIGOSACCHARIDE METABOLIC PROCESS%GOBP%GO:0009311	OLIGOSACCHARIDE METABOLIC PROCESS%GOBP%GO:0009311		36	0.51322764	1.4495392	0.038709678	0.32361877	1.0	3202	tags=42%, list=20%, signal=52%	
NEPHRON TUBULE MORPHOGENESIS%GOBP%GO:0072078	NEPHRON TUBULE MORPHOGENESIS%GOBP%GO:0072078		17	0.5905468	1.4492803	0.055343512	0.3234494	1.0	6	tags=6%, list=0%, signal=6%	
REGULATION OF CARBOHYDRATE BIOSYNTHETIC PROCESS%GOBP%GO:0043255	REGULATION OF CARBOHYDRATE BIOSYNTHETIC PROCESS%GOBP%GO:0043255		59	0.46054226	1.4483417	0.026530612	0.32491794	1.0	3258	tags=37%, list=20%, signal=46%	
INTRINSIC PATHWAY FOR APOPTOSIS%REACTOME DATABASE ID RELEASE 93%109606	INTRINSIC PATHWAY FOR APOPTOSIS%REACTOME DATABASE ID RELEASE 93%109606		51	0.47827327	1.4482372	0.017204301	0.3243843	1.0	1933	tags=24%, list=12%, signal=27%	
PID_P73PATHWAY%MSIGDB_C2%PID_P73PATHWAY	PID_P73PATHWAY%MSIGDB_C2%PID_P73PATHWAY		59	0.46243885	1.4477876	0.015118791	0.32464862	1.0	2649	tags=39%, list=16%, signal=46%	
COLLAGEN CATABOLIC PROCESS%GOBP%GO:0030574	COLLAGEN CATABOLIC PROCESS%GOBP%GO:0030574		23	0.55317414	1.4473962	0.039138943	0.32481617	1.0	4254	tags=52%, list=26%, signal=70%	
POSITIVE REGULATION OF STRESS FIBER ASSEMBLY%GOBP%GO:0051496	POSITIVE REGULATION OF STRESS FIBER ASSEMBLY%GOBP%GO:0051496		39	0.5023995	1.4462911	0.04	0.32675257	1.0	1814	tags=26%, list=11%, signal=29%	
VACUOLAR ACIDIFICATION%GOBP%GO:0007035	VACUOLAR ACIDIFICATION%GOBP%GO:0007035		29	0.5255321	1.4458182	0.039045554	0.32710662	1.0	3449	tags=45%, list=21%, signal=57%	
7Q11 23 COPY NUMBER VARIATION SYNDROME%WIKIPATHWAYS_20250810%WP4932%HOMO SAPIENS	7Q11 23 COPY NUMBER VARIATION SYNDROME%WIKIPATHWAYS_20250810%WP4932%HOMO SAPIENS		80	0.44030324	1.4457059	0.0155902	0.32654527	1.0	3624	tags=40%, list=22%, signal=51%	
HEXOSE TRANSMEMBRANE TRANSPORT%GOBP%GO:0008645	HEXOSE TRANSMEMBRANE TRANSPORT%GOBP%GO:0008645		19	0.5763346	1.4439895	0.059196617	0.3297692	1.0	3669	tags=42%, list=22%, signal=54%	
4 HYDROXYTAMOXIFEN DEXAMETHASONE AND RETINOIC ACIDS REGULATION OF P27 EXPRESSION%WIKIPATHWAYS_20250810%WP3879%HOMO SAPIENS	4 HYDROXYTAMOXIFEN DEXAMETHASONE AND RETINOIC ACIDS REGULATION OF P27 EXPRESSION%WIKIPATHWAYS_20250810%WP3879%HOMO SAPIENS		19	0.5851879	1.4431653	0.060085837	0.3310097	1.0	1897	tags=32%, list=12%, signal=36%	
POSITIVE REGULATION OF ANGIOGENESIS%GOBP%GO:0045766	POSITIVE REGULATION OF ANGIOGENESIS%GOBP%GO:0045766		106	0.4199472	1.4431347	0.013422819	0.33026117	1.0	3081	tags=28%, list=19%, signal=35%	
GLYCEROLIPID CATABOLIC PROCESS%GOBP%GO:0046503	GLYCEROLIPID CATABOLIC PROCESS%GOBP%GO:0046503		38	0.49416652	1.44255	0.040511727	0.33090377	1.0	1555	tags=21%, list=9%, signal=23%	
ACYLGLYCEROL METABOLIC PROCESS%GOBP%GO:0006639	ACYLGLYCEROL METABOLIC PROCESS%GOBP%GO:0006639		58	0.46250328	1.4416056	0.033039648	0.3323289	1.0	3960	tags=33%, list=24%, signal=43%	
TRANSPORT OF VITAMINS, NUCLEOSIDES, AND RELATED MOLECULES%REACTOME%R-HSA-425397.5	TRANSPORT OF VITAMINS, NUCLEOSIDES, AND RELATED MOLECULES%REACTOME%R-HSA-425397.5		30	0.5281159	1.4408294	0.03550296	0.33347335	1.0	3669	tags=40%, list=22%, signal=51%	
POSITIVE REGULATION OF CHOLESTEROL EFFLUX%GOBP%GO:0010875	POSITIVE REGULATION OF CHOLESTEROL EFFLUX%GOBP%GO:0010875		21	0.5788334	1.4405156	0.04821803	0.3335729	1.0	2599	tags=38%, list=16%, signal=45%	
CARDIOGENESIS%REACTOME%R-HSA-9733709.1	CARDIOGENESIS%REACTOME%R-HSA-9733709.1		22	0.5634507	1.4404663	0.05042017	0.33289486	1.0	2216	tags=27%, list=14%, signal=31%	
U12 DEPENDENT SPLICING%REACTOME%R-HSA-72165.3	U12 DEPENDENT SPLICING%REACTOME%R-HSA-72165.3		47	0.48314458	1.4402884	0.022222223	0.33253142	1.0	3488	tags=47%, list=21%, signal=59%	
SIGNALING BY RAF1 MUTANTS%REACTOME%R-HSA-9656223.2	SIGNALING BY RAF1 MUTANTS%REACTOME%R-HSA-9656223.2		34	0.5110975	1.4402882	0.03292181	0.33171237	1.0	544	tags=18%, list=3%, signal=18%	
NEGATIVE REGULATION OF GROWTH%GOBP%GO:0045926	NEGATIVE REGULATION OF GROWTH%GOBP%GO:0045926		124	0.40719044	1.4402505	0.006651885	0.33100465	1.0	2834	tags=27%, list=17%, signal=33%	
NEGATIVE REGULATION OF LIPID TRANSPORT%GOBP%GO:0032369	NEGATIVE REGULATION OF LIPID TRANSPORT%GOBP%GO:0032369		15	0.61965424	1.4402127	0.08137045	0.33030897	1.0	1933	tags=33%, list=12%, signal=38%	
PYRIDINE-CONTAINING COMPOUND METABOLIC PROCESS%GOBP%GO:0072524	PYRIDINE-CONTAINING COMPOUND METABOLIC PROCESS%GOBP%GO:0072524		88	0.4311078	1.4396915	0.017699115	0.33080247	1.0	3447	tags=34%, list=21%, signal=43%	
PRIMARY NEURAL TUBE FORMATION%GOBP%GO:0014020	PRIMARY NEURAL TUBE FORMATION%GOBP%GO:0014020		32	0.510305	1.4384228	0.04592902	0.33332407	1.0	2914	tags=31%, list=18%, signal=38%	
REGULATION OF INTERLEUKIN-1 PRODUCTION%GOBP%GO:0032652	REGULATION OF INTERLEUKIN-1 PRODUCTION%GOBP%GO:0032652		73	0.44697675	1.4378784	0.02096436	0.33385593	1.0	3771	tags=30%, list=23%, signal=39%	
PYROPTOSIS%REACTOME%R-HSA-5620971.5	PYROPTOSIS%REACTOME%R-HSA-5620971.5		23	0.5560881	1.4369941	0.067510545	0.33527842	1.0	1771	tags=26%, list=11%, signal=29%	
CHONDROITIN SULFATE PROTEOGLYCAN BIOSYNTHETIC PROCESS%GOBP%GO:0050650	CHONDROITIN SULFATE PROTEOGLYCAN BIOSYNTHETIC PROCESS%GOBP%GO:0050650		22	0.5625889	1.4368286	0.042918455	0.33481094	1.0	1950	tags=32%, list=12%, signal=36%	
ACTIVATION OF NMDA RECEPTORS AND POSTSYNAPTIC EVENTS%REACTOME DATABASE ID RELEASE 93%442755	ACTIVATION OF NMDA RECEPTORS AND POSTSYNAPTIC EVENTS%REACTOME DATABASE ID RELEASE 93%442755		64	0.4516737	1.4367809	0.0088495575	0.33411688	1.0	2412	tags=23%, list=15%, signal=27%	
NICOTINAMIDE NUCLEOTIDE METABOLIC PROCESS%GOBP%GO:0046496	NICOTINAMIDE NUCLEOTIDE METABOLIC PROCESS%GOBP%GO:0046496		76	0.44174436	1.4367054	0.008928572	0.3334952	1.0	3427	tags=36%, list=21%, signal=45%	
HIV TRANSCRIPTION ELONGATION%REACTOME%R-HSA-167169.4	HIV TRANSCRIPTION ELONGATION%REACTOME%R-HSA-167169.4		40	0.49569643	1.4362478	0.029350106	0.33370033	1.0	1869	tags=30%, list=11%, signal=34%	
PNAT%PANTHER PATHWAY%P05912	PNAT%PANTHER PATHWAY%P05912		35	0.51008993	1.4360292	0.04752066	0.33348888	1.0	3320	tags=31%, list=20%, signal=39%	
GENE AND PROTEIN EXPRESSION BY JAK-STAT SIGNALING AFTER INTERLEUKIN-12 STIMULATION%REACTOME DATABASE ID RELEASE 93%8950505	GENE AND PROTEIN EXPRESSION BY JAK-STAT SIGNALING AFTER INTERLEUKIN-12 STIMULATION%REACTOME DATABASE ID RELEASE 93%8950505		28	0.53762245	1.4356762	0.03586498	0.33350453	1.0	4658	tags=64%, list=28%, signal=90%	
REGULATION OF PROTEIN LOCALIZATION TO PLASMA MEMBRANE%GOBP%GO:1903076	REGULATION OF PROTEIN LOCALIZATION TO PLASMA MEMBRANE%GOBP%GO:1903076		96	0.42252165	1.4355322	0.011520738	0.33306852	1.0	2354	tags=26%, list=14%, signal=30%	
PARKIN UBIQUITIN PROTEASOMAL SYSTEM PATHWAY%WIKIPATHWAYS_20250810%WP2359%HOMO SAPIENS	PARKIN UBIQUITIN PROTEASOMAL SYSTEM PATHWAY%WIKIPATHWAYS_20250810%WP2359%HOMO SAPIENS		44	0.48731905	1.4349543	0.030927835	0.33376482	1.0	3209	tags=41%, list=20%, signal=51%	
NADH DEHYDROGENASE COMPLEX ASSEMBLY%GOBP%GO:0010257	NADH DEHYDROGENASE COMPLEX ASSEMBLY%GOBP%GO:0010257		36	0.50372833	1.434925	0.05263158	0.3330459	1.0	1848	tags=42%, list=11%, signal=47%	
SIGNALING BY PTK6%REACTOME DATABASE ID RELEASE 93%8848021	SIGNALING BY PTK6%REACTOME DATABASE ID RELEASE 93%8848021		50	0.47913718	1.4340496	0.027334852	0.3344655	1.0	2750	tags=34%, list=17%, signal=41%	
CYTOPLASMIC TRANSLATION%GOBP%GO:0002181	CYTOPLASMIC TRANSLATION%GOBP%GO:0002181		121	0.40421128	1.43391	0.0043668123	0.334061	1.0	4214	tags=51%, list=26%, signal=68%	
CHONDROITIN SULFATE PROTEOGLYCAN METABOLIC PROCESS%GOBP%GO:0050654	CHONDROITIN SULFATE PROTEOGLYCAN METABOLIC PROCESS%GOBP%GO:0050654		27	0.5313375	1.4332051	0.049212597	0.33488482	1.0	1950	tags=30%, list=12%, signal=34%	
NEPHRON MORPHOGENESIS%GOBP%GO:0072028	NEPHRON MORPHOGENESIS%GOBP%GO:0072028		18	0.58618176	1.4331145	0.05353319	0.33432278	1.0	6	tags=6%, list=0%, signal=6%	
PROTEASOME DEGRADATION%WIKIPATHWAYS_20250810%WP183%HOMO SAPIENS	PROTEASOME DEGRADATION%WIKIPATHWAYS_20250810%WP183%HOMO SAPIENS		37	0.5067388	1.4321476	0.039906103	0.33598945	1.0	4203	tags=57%, list=26%, signal=76%	
NEURAL TUBE FORMATION%GOBP%GO:0001841	NEURAL TUBE FORMATION%GOBP%GO:0001841		33	0.5082654	1.4319295	0.044680852	0.33575478	1.0	2914	tags=30%, list=18%, signal=37%	
REGULATION OF PROTEIN LOCALIZATION TO CELL PERIPHERY%GOBP%GO:1904375	REGULATION OF PROTEIN LOCALIZATION TO CELL PERIPHERY%GOBP%GO:1904375		114	0.4132785	1.4310926	0.0064935065	0.3369795	1.0	2354	tags=25%, list=14%, signal=29%	
HALLMARK_ESTROGEN_RESPONSE_EARLY%MSIGDBHALLMARK%HALLMARK_ESTROGEN_RESPONSE_EARLY	HALLMARK_ESTROGEN_RESPONSE_EARLY%MSIGDBHALLMARK%HALLMARK_ESTROGEN_RESPONSE_EARLY		167	0.4020319	1.4301717	0.0	0.3386374	1.0	3586	tags=26%, list=22%, signal=33%	
UNSATURATED FATTY ACID BIOSYNTHETIC PROCESS%GOBP%GO:0006636	UNSATURATED FATTY ACID BIOSYNTHETIC PROCESS%GOBP%GO:0006636		23	0.5555445	1.4300854	0.06378601	0.3380613	1.0	3263	tags=43%, list=20%, signal=54%	
VIRION ASSEMBLY%GOBP%GO:0019068	VIRION ASSEMBLY%GOBP%GO:0019068		30	0.5202938	1.4295433	0.030837005	0.33860165	1.0	1771	tags=27%, list=11%, signal=30%	
ORGANOPHOSPHATE CATABOLIC PROCESS%GOBP%GO:0046434	ORGANOPHOSPHATE CATABOLIC PROCESS%GOBP%GO:0046434		122	0.40730378	1.4291863	0.0069444445	0.33867538	1.0	4175	tags=40%, list=25%, signal=53%	
DETOXIFICATION OF REACTIVE OXYGEN SPECIES%REACTOME%R-HSA-3299685.7	DETOXIFICATION OF REACTIVE OXYGEN SPECIES%REACTOME%R-HSA-3299685.7		25	0.54900056	1.4289323	0.043032788	0.33855206	1.0	4209	tags=56%, list=26%, signal=75%	
REGULATION OF GLYCOLYTIC PROCESS%GOBP%GO:0006110	REGULATION OF GLYCOLYTIC PROCESS%GOBP%GO:0006110		32	0.5173023	1.428836	0.0520362	0.33793858	1.0	675	tags=16%, list=4%, signal=16%	
LYSOSOME LOCALIZATION%GOBP%GO:0032418	LYSOSOME LOCALIZATION%GOBP%GO:0032418		34	0.5118749	1.427639	0.03305785	0.34016082	1.0	2769	tags=35%, list=17%, signal=42%	
DEFECTIVE CFTR CAUSES CYSTIC FIBROSIS%REACTOME DATABASE ID RELEASE 93%5678895	DEFECTIVE CFTR CAUSES CYSTIC FIBROSIS%REACTOME DATABASE ID RELEASE 93%5678895		46	0.48740417	1.4268638	0.04017857	0.3412611	1.0	4554	tags=61%, list=28%, signal=84%	
POSITIVE REGULATION OF HORMONE SECRETION%GOBP%GO:0046887	POSITIVE REGULATION OF HORMONE SECRETION%GOBP%GO:0046887		59	0.45364213	1.4266253	0.030905077	0.341145	1.0	1596	tags=15%, list=10%, signal=17%	
POSITIVE REGULATION OF PHAGOCYTOSIS%GOBP%GO:0050766	POSITIVE REGULATION OF PHAGOCYTOSIS%GOBP%GO:0050766		48	0.4757132	1.4265449	0.043290045	0.34054568	1.0	3089	tags=23%, list=19%, signal=28%	
POST-TRANSLATIONAL PROTEIN PHOSPHORYLATION%REACTOME%R-HSA-8957275.2	POST-TRANSLATIONAL PROTEIN PHOSPHORYLATION%REACTOME%R-HSA-8957275.2		71	0.436938	1.4260206	0.020618556	0.3410411	1.0	2485	tags=32%, list=15%, signal=38%	
MITOCHONDRIAL TRANSLATION%GOBP%GO:0032543	MITOCHONDRIAL TRANSLATION%GOBP%GO:0032543		98	0.41883478	1.4253728	0.013452915	0.34197685	1.0	2604	tags=32%, list=16%, signal=37%	
P53-DEPENDENT G1 DNA DAMAGE RESPONSE%REACTOME%R-HSA-69563.6	P53-DEPENDENT G1 DNA DAMAGE RESPONSE%REACTOME%R-HSA-69563.6		50	0.46369356	1.425217	0.026639344	0.3416087	1.0	4103	tags=54%, list=25%, signal=72%	
HEPARAN SULFATE PROTEOGLYCAN METABOLIC PROCESS%GOBP%GO:0030201	HEPARAN SULFATE PROTEOGLYCAN METABOLIC PROCESS%GOBP%GO:0030201		33	0.49824548	1.4251837	0.05263158	0.3408923	1.0	2754	tags=27%, list=17%, signal=33%	
GAP JUNCTION TRAFFICKING AND REGULATION%REACTOME DATABASE ID RELEASE 93%157858	GAP JUNCTION TRAFFICKING AND REGULATION%REACTOME DATABASE ID RELEASE 93%157858		15	0.61317414	1.4249305	0.051896207	0.34076783	1.0	3339	tags=47%, list=20%, signal=59%	
PID_HDAC_CLASSI_PATHWAY%MSIGDB_C2%PID_HDAC_CLASSI_PATHWAY	PID_HDAC_CLASSI_PATHWAY%MSIGDB_C2%PID_HDAC_CLASSI_PATHWAY		53	0.4673278	1.424216	0.033613447	0.3417952	1.0	2372	tags=34%, list=14%, signal=40%	
RNA POLYMERASE I PROMOTER OPENING%REACTOME%R-HSA-73728.4	RNA POLYMERASE I PROMOTER OPENING%REACTOME%R-HSA-73728.4		15	0.6021059	1.4240843	0.09034908	0.34133807	1.0	2379	tags=20%, list=14%, signal=23%	
POST NMDA RECEPTOR ACTIVATION EVENTS%REACTOME DATABASE ID RELEASE 93%438064	POST NMDA RECEPTOR ACTIVATION EVENTS%REACTOME DATABASE ID RELEASE 93%438064		52	0.46688962	1.4237261	0.050314464	0.3414647	1.0	2412	tags=25%, list=15%, signal=29%	
REGULATION OF NUCLEOTIDE CATABOLIC PROCESS%GOBP%GO:0030811	REGULATION OF NUCLEOTIDE CATABOLIC PROCESS%GOBP%GO:0030811		32	0.5173023	1.423719	0.06170213	0.34072873	1.0	675	tags=16%, list=4%, signal=16%	
TP53 REGULATES TRANSCRIPTION OF CELL CYCLE GENES%REACTOME%R-HSA-6791312.6	TP53 REGULATES TRANSCRIPTION OF CELL CYCLE GENES%REACTOME%R-HSA-6791312.6		48	0.4689415	1.4227315	0.026373627	0.34246942	1.0	3868	tags=40%, list=24%, signal=52%	
POSITIVE REGULATION OF PEPTIDE SECRETION%GOBP%GO:0002793	POSITIVE REGULATION OF PEPTIDE SECRETION%GOBP%GO:0002793		44	0.46678537	1.422573	0.05263158	0.342125	1.0	3580	tags=25%, list=22%, signal=32%	
REGULATION OF B CELL RECEPTOR SIGNALING PATHWAY%GOBP%GO:0050855	REGULATION OF B CELL RECEPTOR SIGNALING PATHWAY%GOBP%GO:0050855		15	0.61650854	1.4220778	0.06355932	0.3425966	1.0	2591	tags=20%, list=16%, signal=24%	
SIGNALING BY FGFR2%REACTOME%R-HSA-5654738.4	SIGNALING BY FGFR2%REACTOME%R-HSA-5654738.4		53	0.45468014	1.4211043	0.033264033	0.3442805	1.0	1625	tags=28%, list=10%, signal=31%	
INTERLEUKIN-12 FAMILY SIGNALING%REACTOME%R-HSA-447115.7	INTERLEUKIN-12 FAMILY SIGNALING%REACTOME%R-HSA-447115.7		42	0.48261118	1.4209348	0.04	0.3439465	1.0	4658	tags=52%, list=28%, signal=73%	
VITAMIN TRANSPORT%GOBP%GO:0051180	VITAMIN TRANSPORT%GOBP%GO:0051180		37	0.49600685	1.4206431	0.047227927	0.3438835	1.0	3807	tags=46%, list=23%, signal=60%	
RESPONSE TO ELEVATED PLATELET CYTOSOLIC CA2+%REACTOME%R-HSA-76005.4	RESPONSE TO ELEVATED PLATELET CYTOSOLIC CA2+%REACTOME%R-HSA-76005.4		103	0.41070852	1.42054	0.012605042	0.34333733	1.0	2636	tags=27%, list=16%, signal=32%	
P53-DEPENDENT G1 S DNA DAMAGE CHECKPOINT%REACTOME DATABASE ID RELEASE 93%69580	P53-DEPENDENT G1 S DNA DAMAGE CHECKPOINT%REACTOME DATABASE ID RELEASE 93%69580		50	0.46369356	1.4196144	0.031120332	0.34470934	1.0	4103	tags=54%, list=25%, signal=72%	
CXCR4-MEDIATED SIGNALING EVENTS%PATHWAY INTERACTION DATABASE NCI-NATURE CURATED DATA%CXCR4-MEDIATED SIGNALING EVENTS	CXCR4-MEDIATED SIGNALING EVENTS%PATHWAY INTERACTION DATABASE NCI-NATURE CURATED DATA%CXCR4-MEDIATED SIGNALING EVENTS		83	0.42552778	1.418018	0.021008404	0.34800157	1.0	2497	tags=28%, list=15%, signal=33%	
AMP ACTIVATED PROTEIN KINASE SIGNALING%WIKIPATHWAYS_20250810%WP1403%HOMO SAPIENS	AMP ACTIVATED PROTEIN KINASE SIGNALING%WIKIPATHWAYS_20250810%WP1403%HOMO SAPIENS		45	0.4797541	1.417983	0.042918455	0.34732455	1.0	2712	tags=36%, list=17%, signal=42%	
NEPHRON EPITHELIUM MORPHOGENESIS%GOBP%GO:0072088	NEPHRON EPITHELIUM MORPHOGENESIS%GOBP%GO:0072088		18	0.58618176	1.4171468	0.06916996	0.34858918	1.0	6	tags=6%, list=0%, signal=6%	
POSITIVE REGULATION OF INTERLEUKIN-1 PRODUCTION%GOBP%GO:0032732	POSITIVE REGULATION OF INTERLEUKIN-1 PRODUCTION%GOBP%GO:0032732		50	0.4705713	1.41599	0.016949153	0.35091546	1.0	3455	tags=32%, list=21%, signal=40%	
POSITIVE REGULATION OF ENDOTHELIAL CELL MIGRATION%GOBP%GO:0010595	POSITIVE REGULATION OF ENDOTHELIAL CELL MIGRATION%GOBP%GO:0010595		92	0.42540237	1.4159715	0.016055046	0.3502096	1.0	2965	tags=26%, list=18%, signal=32%	
REGULATION OF INTERLEUKIN-1 BETA PRODUCTION%GOBP%GO:0032651	REGULATION OF INTERLEUKIN-1 BETA PRODUCTION%GOBP%GO:0032651		63	0.45409527	1.4157863	0.029748283	0.34995773	1.0	3771	tags=30%, list=23%, signal=39%	
POSITIVE REGULATION OF MACROPHAGE MIGRATION%GOBP%GO:1905523	POSITIVE REGULATION OF MACROPHAGE MIGRATION%GOBP%GO:1905523		19	0.5674415	1.4156904	0.05870021	0.34944084	1.0	2590	tags=32%, list=16%, signal=37%	
EXECUTION PHASE OF APOPTOSIS%GOBP%GO:0097194	EXECUTION PHASE OF APOPTOSIS%GOBP%GO:0097194		36	0.5001419	1.4154308	0.052173913	0.3493862	1.0	3367	tags=28%, list=21%, signal=35%	
NEGATIVE REGULATION OF TYPE II INTERFERON PRODUCTION%GOBP%GO:0032689	NEGATIVE REGULATION OF TYPE II INTERFERON PRODUCTION%GOBP%GO:0032689		22	0.55473536	1.4146398	0.07539683	0.3507757	1.0	5449	tags=50%, list=33%, signal=75%	
ANTIGEN PROCESSING: UB, ATP-INDEPENDENT PROTEASOMAL DEGRADATION%REACTOME%R-HSA-9912633.1	ANTIGEN PROCESSING: UB, ATP-INDEPENDENT PROTEASOMAL DEGRADATION%REACTOME%R-HSA-9912633.1		16	0.60228884	1.4139911	0.08447937	0.3516311	1.0	5076	tags=69%, list=31%, signal=99%	
NEURAL TUBE CLOSURE%GOBP%GO:0001843	NEURAL TUBE CLOSURE%GOBP%GO:0001843		30	0.52918494	1.4121499	0.06567796	0.3556025	1.0	2914	tags=33%, list=18%, signal=40%	
POSITIVE REGULATION OF NITRIC OXIDE METABOLIC PROCESS%GOBP%GO:1904407	POSITIVE REGULATION OF NITRIC OXIDE METABOLIC PROCESS%GOBP%GO:1904407		26	0.53344136	1.412038	0.05458515	0.35513684	1.0	4187	tags=35%, list=26%, signal=46%	
REGULATION OF INTERLEUKIN-8 PRODUCTION%GOBP%GO:0032677	REGULATION OF INTERLEUKIN-8 PRODUCTION%GOBP%GO:0032677		62	0.45326313	1.4118451	0.03164557	0.3548757	1.0	3206	tags=26%, list=20%, signal=32%	
BASE EXCISION REPAIR%WIKIPATHWAYS_20250810%WP4752%HOMO SAPIENS	BASE EXCISION REPAIR%WIKIPATHWAYS_20250810%WP4752%HOMO SAPIENS		24	0.5416744	1.4115449	0.062084258	0.35492232	1.0	3043	tags=50%, list=19%, signal=61%	
POSITIVE REGULATION OF EPIDERMAL CELL DIFFERENTIATION%GOBP%GO:0045606	POSITIVE REGULATION OF EPIDERMAL CELL DIFFERENTIATION%GOBP%GO:0045606		19	0.56746703	1.4113786	0.073267326	0.35460788	1.0	3643	tags=37%, list=22%, signal=47%	
MONOSACCHARIDE TRANSMEMBRANE TRANSPORT%GOBP%GO:0015749	MONOSACCHARIDE TRANSMEMBRANE TRANSPORT%GOBP%GO:0015749		20	0.5599873	1.4111598	0.076481834	0.35436386	1.0	3669	tags=40%, list=22%, signal=51%	
SLC-MEDIATED TRANSMEMBRANE TRANSPORT%REACTOME DATABASE ID RELEASE 93%425407	SLC-MEDIATED TRANSMEMBRANE TRANSPORT%REACTOME DATABASE ID RELEASE 93%425407		170	0.38280314	1.411045	0.0023419203	0.35392514	1.0	3529	tags=26%, list=22%, signal=33%	
REGULATION OF PROTEIN LOCALIZATION TO MEMBRANE%GOBP%GO:1905475	REGULATION OF PROTEIN LOCALIZATION TO MEMBRANE%GOBP%GO:1905475		119	0.40383524	1.410785	0.007142857	0.35391116	1.0	2677	tags=27%, list=16%, signal=32%	
TRANSPORT OF INORGANIC CATIONS ANIONS AND AMINO ACIDS OLIGOPEPTIDES%REACTOME DATABASE ID RELEASE 93%425393	TRANSPORT OF INORGANIC CATIONS ANIONS AND AMINO ACIDS OLIGOPEPTIDES%REACTOME DATABASE ID RELEASE 93%425393		78	0.43298882	1.4104047	0.019138755	0.35413855	1.0	2398	tags=19%, list=15%, signal=22%	
TNFR2 NON-CANONICAL NF-KB PATHWAY%REACTOME DATABASE ID RELEASE 93%5668541	TNFR2 NON-CANONICAL NF-KB PATHWAY%REACTOME DATABASE ID RELEASE 93%5668541		77	0.4321332	1.4101293	0.023706896	0.35403302	1.0	4140	tags=45%, list=25%, signal=61%	
DEGRADATION OF THE EXTRACELLULAR MATRIX%REACTOME%R-HSA-1474228.6	DEGRADATION OF THE EXTRACELLULAR MATRIX%REACTOME%R-HSA-1474228.6		88	0.426242	1.4091866	0.016129032	0.35572574	1.0	3159	tags=28%, list=19%, signal=35%	
LIPID STORAGE%GOBP%GO:0019915	LIPID STORAGE%GOBP%GO:0019915		29	0.5208177	1.4088405	0.055309735	0.35578445	1.0	2496	tags=21%, list=15%, signal=24%	
REGULATION OF CHOLESTEROL TRANSPORT%GOBP%GO:0032374	REGULATION OF CHOLESTEROL TRANSPORT%GOBP%GO:0032374		41	0.47830755	1.4079767	0.0385439	0.3570346	1.0	2599	tags=32%, list=16%, signal=38%	
MITOCHONDRIAL RESPIRATORY CHAIN COMPLEX I ASSEMBLY%GOBP%GO:0032981	MITOCHONDRIAL RESPIRATORY CHAIN COMPLEX I ASSEMBLY%GOBP%GO:0032981		36	0.50372833	1.4076787	0.045161292	0.35713196	1.0	1848	tags=42%, list=11%, signal=47%	
EGF SIGNALLING PATHWAY%SMPDB%SMP0063810	EGF SIGNALLING PATHWAY%SMPDB%SMP0063810		25	0.5328973	1.4070941	0.051502146	0.35773817	1.0	615	tags=20%, list=4%, signal=21%	
VIRAL BUDDING%GOBP%GO:0046755	VIRAL BUDDING%GOBP%GO:0046755		21	0.55373776	1.4061434	0.05894309	0.35935637	1.0	1771	tags=33%, list=11%, signal=37%	
LISSENCEPHALY GENE (LIS1) IN NEURONAL MIGRATION AND DEVELOPMENT%PATHWAY INTERACTION DATABASE NCI-NATURE CURATED DATA%LISSENCEPHALY GENE (LIS1) IN NEURONAL MIGRATION AND DEVELOPMENT	LISSENCEPHALY GENE (LIS1) IN NEURONAL MIGRATION AND DEVELOPMENT%PATHWAY INTERACTION DATABASE NCI-NATURE CURATED DATA%LISSENCEPHALY GENE (LIS1) IN NEURONAL MIGRATION AND DEVELOPMENT		28	0.5264506	1.40598	0.037037037	0.35906374	1.0	2537	tags=29%, list=15%, signal=34%	
NONSENSE-MEDIATED DECAY (NMD)%REACTOME%R-HSA-927802.4	NONSENSE-MEDIATED DECAY (NMD)%REACTOME%R-HSA-927802.4		104	0.40435725	1.4045802	0.017977528	0.36201763	1.0	4285	tags=54%, list=26%, signal=72%	
DEVELOPMENTAL MATURATION%GOBP%GO:0021700	DEVELOPMENTAL MATURATION%GOBP%GO:0021700		102	0.41279614	1.4040425	0.012987013	0.3626699	1.0	2173	tags=23%, list=13%, signal=26%	
NEGATIVE REGULATION OF NOTCH4 SIGNALING%REACTOME DATABASE ID RELEASE 93%9604323	NEGATIVE REGULATION OF NOTCH4 SIGNALING%REACTOME DATABASE ID RELEASE 93%9604323		41	0.4833845	1.4028732	0.031914894	0.3650135	1.0	4103	tags=54%, list=25%, signal=71%	
GROWTH HORMONE RECEPTOR SIGNALING PATHWAY%GOBP%GO:0060396	GROWTH HORMONE RECEPTOR SIGNALING PATHWAY%GOBP%GO:0060396		16	0.5935177	1.4025319	0.08230453	0.36518958	1.0	708	tags=19%, list=4%, signal=20%	
CELLULAR RESPONSE TO GROWTH HORMONE STIMULUS%GOBP%GO:0071378	CELLULAR RESPONSE TO GROWTH HORMONE STIMULUS%GOBP%GO:0071378		16	0.5935177	1.4020964	0.07723577	0.3654964	1.0	708	tags=19%, list=4%, signal=20%	
CERAMIDE SIGNALING PATHWAY%PATHWAY INTERACTION DATABASE NCI-NATURE CURATED DATA%CERAMIDE SIGNALING PATHWAY	CERAMIDE SIGNALING PATHWAY%PATHWAY INTERACTION DATABASE NCI-NATURE CURATED DATA%CERAMIDE SIGNALING PATHWAY		47	0.46714574	1.401442	0.02991453	0.36641464	1.0	2133	tags=23%, list=13%, signal=27%	
FORMATION OF THE EARLY ELONGATION COMPLEX%REACTOME%R-HSA-113418.5	FORMATION OF THE EARLY ELONGATION COMPLEX%REACTOME%R-HSA-113418.5		31	0.50579524	1.401181	0.051759835	0.3663711	1.0	1869	tags=32%, list=11%, signal=36%	
INTERLEUKIN-12 SIGNALING%REACTOME%R-HSA-9020591.3	INTERLEUKIN-12 SIGNALING%REACTOME%R-HSA-9020591.3		34	0.5036384	1.4008627	0.052966103	0.3665369	1.0	4658	tags=59%, list=28%, signal=82%	
ANTIMICROBIAL HUMORAL RESPONSE%GOBP%GO:0019730	ANTIMICROBIAL HUMORAL RESPONSE%GOBP%GO:0019730		54	0.4560093	1.3985986	0.056399133	0.37152687	1.0	5258	tags=56%, list=32%, signal=81%	
REGULATION OF NITRIC OXIDE METABOLIC PROCESS%GOBP%GO:0080164	REGULATION OF NITRIC OXIDE METABOLIC PROCESS%GOBP%GO:0080164		42	0.4796745	1.3984286	0.041753653	0.37117252	1.0	4187	tags=36%, list=26%, signal=48%	
EMBRYONIC EPITHELIAL TUBE FORMATION%GOBP%GO:0001838	EMBRYONIC EPITHELIAL TUBE FORMATION%GOBP%GO:0001838		37	0.48446298	1.398179	0.052083332	0.37106806	1.0	2914	tags=27%, list=18%, signal=33%	
MUCOSAL IMMUNE RESPONSE%GOBP%GO:0002385	MUCOSAL IMMUNE RESPONSE%GOBP%GO:0002385		16	0.5883752	1.3974782	0.08805031	0.37213185	1.0	4546	tags=56%, list=28%, signal=78%	
HALLMARK_APICAL_JUNCTION%MSIGDBHALLMARK%HALLMARK_APICAL_JUNCTION	HALLMARK_APICAL_JUNCTION%MSIGDBHALLMARK%HALLMARK_APICAL_JUNCTION		135	0.39572993	1.397411	0.020501139	0.37158117	1.0	3141	tags=31%, list=19%, signal=38%	
REGULATION OF STEROL TRANSPORT%GOBP%GO:0032371	REGULATION OF STEROL TRANSPORT%GOBP%GO:0032371		41	0.47830755	1.3964707	0.06423983	0.3733112	1.0	2599	tags=32%, list=16%, signal=38%	
MAPK SIGNALING AND ARTD FAMILY MEMBERS%WIKIPATHWAYS_20250810%WP5530%HOMO SAPIENS	MAPK SIGNALING AND ARTD FAMILY MEMBERS%WIKIPATHWAYS_20250810%WP5530%HOMO SAPIENS		29	0.51808506	1.3952987	0.07644628	0.37570497	1.0	2233	tags=31%, list=14%, signal=36%	
NEGATIVE REGULATION OF RESPONSE TO BIOTIC STIMULUS%GOBP%GO:0002832	NEGATIVE REGULATION OF RESPONSE TO BIOTIC STIMULUS%GOBP%GO:0002832		96	0.41472933	1.3943322	0.017777778	0.37745306	1.0	3154	tags=27%, list=19%, signal=33%	
POSITIVE REGULATION OF RESPONSE TO ENDOPLASMIC RETICULUM STRESS%GOBP%GO:1905898	POSITIVE REGULATION OF RESPONSE TO ENDOPLASMIC RETICULUM STRESS%GOBP%GO:1905898		33	0.506218	1.3941144	0.063043475	0.37734884	1.0	1405	tags=30%, list=9%, signal=33%	
INTRINSIC APOPTOTIC SIGNALING PATHWAY IN RESPONSE TO ENDOPLASMIC RETICULUM STRESS%GOBP%GO:0070059	INTRINSIC APOPTOTIC SIGNALING PATHWAY IN RESPONSE TO ENDOPLASMIC RETICULUM STRESS%GOBP%GO:0070059		24	0.53896344	1.3934859	0.072649576	0.3782681	1.0	2958	tags=38%, list=18%, signal=46%	
POSITIVE REGULATION OF ENDOCYTOSIS%GOBP%GO:0045807	POSITIVE REGULATION OF ENDOCYTOSIS%GOBP%GO:0045807		108	0.4047866	1.3932077	0.0065789474	0.37826008	1.0	3089	tags=24%, list=19%, signal=29%	
REGULATION OF VIRAL ENTRY INTO HOST CELL%GOBP%GO:0046596	REGULATION OF VIRAL ENTRY INTO HOST CELL%GOBP%GO:0046596		16	0.5757604	1.3926405	0.100616015	0.37909752	1.0	2938	tags=44%, list=18%, signal=53%	
HALLMARK_COAGULATION%MSIGDBHALLMARK%HALLMARK_COAGULATION	HALLMARK_COAGULATION%MSIGDBHALLMARK%HALLMARK_COAGULATION		72	0.4298469	1.391884	0.02173913	0.38054684	1.0	4737	tags=36%, list=29%, signal=51%	
PID_CASPASE_PATHWAY%MSIGDB_C2%PID_CASPASE_PATHWAY	PID_CASPASE_PATHWAY%MSIGDB_C2%PID_CASPASE_PATHWAY		36	0.48948085	1.3914028	0.05284553	0.38097364	1.0	4240	tags=33%, list=26%, signal=45%	
POSITIVE REGULATION OF PEPTIDE HORMONE SECRETION%GOBP%GO:0090277	POSITIVE REGULATION OF PEPTIDE HORMONE SECRETION%GOBP%GO:0090277		44	0.46678537	1.3909053	0.05742574	0.38162193	1.0	3580	tags=25%, list=22%, signal=32%	
POSITIVE REGULATION OF GLUCOSE METABOLIC PROCESS%GOBP%GO:0010907	POSITIVE REGULATION OF GLUCOSE METABOLIC PROCESS%GOBP%GO:0010907		26	0.53299147	1.3908277	0.06866953	0.38108465	1.0	2261	tags=35%, list=14%, signal=40%	
DEGRADATION OF GLI1 BY THE PROTEASOME%REACTOME%R-HSA-5610780.2	DEGRADATION OF GLI1 BY THE PROTEASOME%REACTOME%R-HSA-5610780.2		44	0.47071165	1.3902978	0.05676856	0.38180447	1.0	4103	tags=52%, list=25%, signal=70%	
ODONTOGENESIS OF DENTIN-CONTAINING TOOTH%GOBP%GO:0042475	ODONTOGENESIS OF DENTIN-CONTAINING TOOTH%GOBP%GO:0042475		19	0.57429135	1.3899051	0.08902691	0.3821447	1.0	3081	tags=32%, list=19%, signal=39%	
ANTIGEN PROCESSING-CROSS PRESENTATION%REACTOME DATABASE ID RELEASE 93%1236975	ANTIGEN PROCESSING-CROSS PRESENTATION%REACTOME DATABASE ID RELEASE 93%1236975		81	0.4282122	1.3879683	0.03803132	0.38626716	1.0	4605	tags=52%, list=28%, signal=72%	
NEURAL TUBE DEVELOPMENT%GOBP%GO:0021915	NEURAL TUBE DEVELOPMENT%GOBP%GO:0021915		48	0.45745867	1.3872805	0.044025157	0.38745347	1.0	1809	tags=23%, list=11%, signal=26%	
EXTRINSIC APOPTOTIC SIGNALING PATHWAY%GOBP%GO:0097191	EXTRINSIC APOPTOTIC SIGNALING PATHWAY%GOBP%GO:0097191		63	0.4428889	1.3865298	0.04710921	0.38862672	1.0	3355	tags=33%, list=20%, signal=42%	
PURINE RIBONUCLEOTIDE METABOLIC PROCESS%GOBP%GO:0009150	PURINE RIBONUCLEOTIDE METABOLIC PROCESS%GOBP%GO:0009150		173	0.38044846	1.3862977	0.002352941	0.3884764	1.0	4111	tags=40%, list=25%, signal=53%	
PROTEIN-LIPID COMPLEX ASSEMBLY%GOBP%GO:0065005	PROTEIN-LIPID COMPLEX ASSEMBLY%GOBP%GO:0065005		16	0.5859145	1.3859471	0.0945674	0.38857272	1.0	630	tags=25%, list=4%, signal=26%	
REGULATION OF TP53 EXPRESSION AND DEGRADATION%REACTOME DATABASE ID RELEASE 93%6806003	REGULATION OF TP53 EXPRESSION AND DEGRADATION%REACTOME DATABASE ID RELEASE 93%6806003		34	0.48911574	1.3850154	0.06140351	0.39031583	1.0	1933	tags=29%, list=12%, signal=33%	
RESPIRATORY SYNCYTIAL VIRUS (RSV) ATTACHMENT AND ENTRY%REACTOME%R-HSA-9820960.2	RESPIRATORY SYNCYTIAL VIRUS (RSV) ATTACHMENT AND ENTRY%REACTOME%R-HSA-9820960.2		21	0.5470757	1.3848823	0.08576998	0.38989744	1.0	2316	tags=33%, list=14%, signal=39%	
LATE ENDOSOME TO VACUOLE TRANSPORT VIA MULTIVESICULAR BODY SORTING PATHWAY%GOBP%GO:0032511	LATE ENDOSOME TO VACUOLE TRANSPORT VIA MULTIVESICULAR BODY SORTING PATHWAY%GOBP%GO:0032511		23	0.53206325	1.3844728	0.08125	0.39023548	1.0	1611	tags=30%, list=10%, signal=34%	
CELLULAR ROLES OF ANTHRAX TOXIN%PATHWAY INTERACTION DATABASE NCI-NATURE CURATED DATA%CELLULAR ROLES OF ANTHRAX TOXIN	CELLULAR ROLES OF ANTHRAX TOXIN%PATHWAY INTERACTION DATABASE NCI-NATURE CURATED DATA%CELLULAR ROLES OF ANTHRAX TOXIN		18	0.5709816	1.3843739	0.09756097	0.389767	1.0	759	tags=17%, list=5%, signal=17%	
RAC 1 CELL MOTILITY SIGNALING PATHWAY%SMPDB%SMP0063795	RAC 1 CELL MOTILITY SIGNALING PATHWAY%SMPDB%SMP0063795		21	0.543847	1.3843185	0.08523908	0.38915372	1.0	2490	tags=38%, list=15%, signal=45%	
REGULATION OF RESPONSE TO ENDOPLASMIC RETICULUM STRESS%GOBP%GO:1905897	REGULATION OF RESPONSE TO ENDOPLASMIC RETICULUM STRESS%GOBP%GO:1905897		77	0.4160529	1.3809421	0.031982943	0.3978537	1.0	1933	tags=26%, list=12%, signal=29%	
MAPK CASCADE%WIKIPATHWAYS_20250810%WP422%HOMO SAPIENS	MAPK CASCADE%WIKIPATHWAYS_20250810%WP422%HOMO SAPIENS		30	0.51366097	1.3805383	0.08979592	0.39823914	1.0	2233	tags=30%, list=14%, signal=35%	
GLYCOLYSIS AND GLUCONEOGENESIS%WIKIPATHWAYS_20250810%WP534%HOMO SAPIENS	GLYCOLYSIS AND GLUCONEOGENESIS%WIKIPATHWAYS_20250810%WP534%HOMO SAPIENS		21	0.55237925	1.380442	0.096114516	0.39773563	1.0	4797	tags=57%, list=29%, signal=81%	
VIRAL RELEASE FROM HOST CELL%GOBP%GO:0019076	VIRAL RELEASE FROM HOST CELL%GOBP%GO:0019076		24	0.5246206	1.3802903	0.085192695	0.39738348	1.0	2905	tags=33%, list=18%, signal=40%	
MODULATION BY SYMBIONT OF ENTRY INTO HOST%GOBP%GO:0052372	MODULATION BY SYMBIONT OF ENTRY INTO HOST%GOBP%GO:0052372		21	0.5506267	1.3801682	0.08225108	0.39696643	1.0	2938	tags=43%, list=18%, signal=52%	
PID_ANTHRAX_PATHWAY%MSIGDB_C2%PID_ANTHRAX_PATHWAY	PID_ANTHRAX_PATHWAY%MSIGDB_C2%PID_ANTHRAX_PATHWAY		15	0.5996441	1.3795867	0.10493827	0.39786345	1.0	38	tags=13%, list=0%, signal=13%	
EXIT FROM HOST CELL%GOBP%GO:0035891	EXIT FROM HOST CELL%GOBP%GO:0035891		24	0.5246206	1.3795633	0.07535642	0.39717475	1.0	2905	tags=33%, list=18%, signal=40%	
MITOCHONDRIAL PROTEIN IMPORT%REACTOME DATABASE ID RELEASE 93%1268020	MITOCHONDRIAL PROTEIN IMPORT%REACTOME DATABASE ID RELEASE 93%1268020		53	0.45454267	1.3792828	0.050526317	0.39720798	1.0	3483	tags=49%, list=21%, signal=62%	
SYMBIONT ENTRY INTO HOST CELL%GOBP%GO:0046718	SYMBIONT ENTRY INTO HOST CELL%GOBP%GO:0046718		33	0.48979476	1.3789364	0.057142857	0.39741465	1.0	4187	tags=42%, list=26%, signal=57%	
UNSATURATED FATTY ACID METABOLIC PROCESS%GOBP%GO:0033559	UNSATURATED FATTY ACID METABOLIC PROCESS%GOBP%GO:0033559		58	0.44299284	1.3774529	0.04842105	0.4007592	1.0	3365	tags=31%, list=21%, signal=39%	
DECTIN-1 MEDIATED NONCANONICAL NF-KB SIGNALING%REACTOME DATABASE ID RELEASE 93%5607761	DECTIN-1 MEDIATED NONCANONICAL NF-KB SIGNALING%REACTOME DATABASE ID RELEASE 93%5607761		45	0.46513754	1.3773172	0.047325104	0.40039027	1.0	2844	tags=42%, list=17%, signal=51%	
PROTEIN EXIT FROM ENDOPLASMIC RETICULUM%GOBP%GO:0032527	PROTEIN EXIT FROM ENDOPLASMIC RETICULUM%GOBP%GO:0032527		24	0.5171617	1.3771174	0.07676349	0.40018466	1.0	3269	tags=46%, list=20%, signal=57%	
POSITIVE REGULATION OF MORPHOGENESIS OF AN EPITHELIUM%GOBP%GO:1905332	POSITIVE REGULATION OF MORPHOGENESIS OF AN EPITHELIUM%GOBP%GO:1905332		20	0.5395073	1.3770827	0.08230453	0.39952013	1.0	2516	tags=15%, list=15%, signal=18%	
SEMA4D IN SEMAPHORIN SIGNALING%REACTOME DATABASE ID RELEASE 93%400685	SEMA4D IN SEMAPHORIN SIGNALING%REACTOME DATABASE ID RELEASE 93%400685		24	0.53424877	1.3770278	0.073275864	0.3989067	1.0	1856	tags=46%, list=11%, signal=52%	
SYMBIONT ENTRY INTO HOST%GOBP%GO:0044409	SYMBIONT ENTRY INTO HOST%GOBP%GO:0044409		33	0.48979476	1.3769544	0.06517312	0.39831018	1.0	4187	tags=42%, list=26%, signal=57%	
INFLAMMATORY RESPONSE PATHWAY%WIKIPATHWAYS_20250810%WP453%HOMO SAPIENS	INFLAMMATORY RESPONSE PATHWAY%WIKIPATHWAYS_20250810%WP453%HOMO SAPIENS		18	0.564728	1.3769337	0.0996016	0.39760867	1.0	3125	tags=33%, list=19%, signal=41%	
PROTEIN-LIPID COMPLEX ORGANIZATION%GOBP%GO:0071825	PROTEIN-LIPID COMPLEX ORGANIZATION%GOBP%GO:0071825		33	0.4956896	1.3766897	0.05894309	0.3975595	1.0	2599	tags=27%, list=16%, signal=32%	
MITOCHONDRIAL MEMBRANE ORGANIZATION%GOBP%GO:0007006	MITOCHONDRIAL MEMBRANE ORGANIZATION%GOBP%GO:0007006		77	0.4201724	1.3765405	0.027972028	0.3971942	1.0	3177	tags=36%, list=19%, signal=45%	
ASYMMETRIC LOCALIZATION OF PCP PROTEINS%REACTOME%R-HSA-4608870.3	ASYMMETRIC LOCALIZATION OF PCP PROTEINS%REACTOME%R-HSA-4608870.3		49	0.45702186	1.3761919	0.047311828	0.39733425	1.0	4103	tags=47%, list=25%, signal=62%	
DISEASES OF GLYCOSYLATION%REACTOME%R-HSA-3781865.4	DISEASES OF GLYCOSYLATION%REACTOME%R-HSA-3781865.4		125	0.39528865	1.3761514	0.013793103	0.3967022	1.0	3243	tags=29%, list=20%, signal=36%	
BIOCARTA_GH_PATHWAY%MSIGDB_C2%BIOCARTA_GH_PATHWAY	BIOCARTA_GH_PATHWAY%MSIGDB_C2%BIOCARTA_GH_PATHWAY		19	0.54885125	1.3758012	0.09311741	0.39691147	1.0	67	tags=16%, list=0%, signal=16%	
INORGANIC ANION TRANSMEMBRANE TRANSPORT%GOBP%GO:0098661	INORGANIC ANION TRANSMEMBRANE TRANSPORT%GOBP%GO:0098661		64	0.43393123	1.3755642	0.041666668	0.39674616	1.0	3012	tags=28%, list=18%, signal=34%	
AMINOGLYCAN METABOLIC PROCESS%GOBP%GO:0006022	AMINOGLYCAN METABOLIC PROCESS%GOBP%GO:0006022		40	0.46981624	1.3744776	0.05206074	0.3989581	1.0	1950	tags=18%, list=12%, signal=20%	
POSITIVE REGULATION OF SECRETION BY CELL%GOBP%GO:1903532	POSITIVE REGULATION OF SECRETION BY CELL%GOBP%GO:1903532		155	0.37943098	1.3741894	0.008510638	0.39901108	1.0	2505	tags=22%, list=15%, signal=26%	
REGULATION OF ERAD PATHWAY%GOBP%GO:1904292	REGULATION OF ERAD PATHWAY%GOBP%GO:1904292		22	0.53029406	1.3740495	0.10453649	0.39867634	1.0	1246	tags=27%, list=8%, signal=29%	
VIF-MEDIATED DEGRADATION OF APOBEC3G%REACTOME DATABASE ID RELEASE 93%180585	VIF-MEDIATED DEGRADATION OF APOBEC3G%REACTOME DATABASE ID RELEASE 93%180585		38	0.47240728	1.3738636	0.05263158	0.39841965	1.0	2844	tags=42%, list=17%, signal=51%	
POSITIVE REGULATION OF ERAD PATHWAY%GOBP%GO:1904294	POSITIVE REGULATION OF ERAD PATHWAY%GOBP%GO:1904294		15	0.5892975	1.3722225	0.09330629	0.40200698	1.0	1246	tags=33%, list=8%, signal=36%	
TNFR1-INDUCED PROAPOPTOTIC SIGNALING%REACTOME DATABASE ID RELEASE 93%5357786	TNFR1-INDUCED PROAPOPTOTIC SIGNALING%REACTOME DATABASE ID RELEASE 93%5357786		23	0.532164	1.3719301	0.1	0.40207717	1.0	2766	tags=26%, list=17%, signal=31%	
OSTEOCLAST DIFFERENTIATION%GOBP%GO:0030316	OSTEOCLAST DIFFERENTIATION%GOBP%GO:0030316		23	0.5383618	1.3716022	0.07017544	0.40223724	1.0	2281	tags=30%, list=14%, signal=35%	
NONSENSE MEDIATED DECAY (NMD) ENHANCED BY THE EXON JUNCTION COMPLEX (EJC)%REACTOME%R-HSA-975957.3	NONSENSE MEDIATED DECAY (NMD) ENHANCED BY THE EXON JUNCTION COMPLEX (EJC)%REACTOME%R-HSA-975957.3		104	0.40435725	1.3699794	0.025229357	0.40591562	1.0	4285	tags=54%, list=26%, signal=72%	
NUCLEOTIDE CATABOLISM%REACTOME DATABASE ID RELEASE 93%8956319	NUCLEOTIDE CATABOLISM%REACTOME DATABASE ID RELEASE 93%8956319		27	0.4980321	1.3699492	0.06950673	0.40528047	1.0	4262	tags=30%, list=26%, signal=40%	
FORMATION OF THE HIV-1 EARLY ELONGATION COMPLEX%REACTOME%R-HSA-167158.4	FORMATION OF THE HIV-1 EARLY ELONGATION COMPLEX%REACTOME%R-HSA-167158.4		31	0.50579524	1.3695209	0.09583333	0.40569243	1.0	1869	tags=32%, list=11%, signal=36%	
IL8- AND CXCR1-MEDIATED SIGNALING EVENTS%PATHWAY INTERACTION DATABASE NCI-NATURE CURATED DATA%IL8- AND CXCR1-MEDIATED SIGNALING EVENTS	IL8- AND CXCR1-MEDIATED SIGNALING EVENTS%PATHWAY INTERACTION DATABASE NCI-NATURE CURATED DATA%IL8- AND CXCR1-MEDIATED SIGNALING EVENTS		25	0.51728207	1.3692757	0.0746888	0.4056576	1.0	3510	tags=40%, list=21%, signal=51%	
KISSPEPTIN KISSPEPTIN RECEPTOR SYSTEM IN THE OVARY%WIKIPATHWAYS_20250810%WP4871%HOMO SAPIENS	KISSPEPTIN KISSPEPTIN RECEPTOR SYSTEM IN THE OVARY%WIKIPATHWAYS_20250810%WP4871%HOMO SAPIENS		25	0.51613635	1.3673925	0.0911017	0.41004872	1.0	67	tags=12%, list=0%, signal=12%	
OMEGA 6 FATTY ACIDS IN SENESCENCE%WIKIPATHWAYS_20250810%WP5424%HOMO SAPIENS	OMEGA 6 FATTY ACIDS IN SENESCENCE%WIKIPATHWAYS_20250810%WP5424%HOMO SAPIENS		24	0.52078336	1.367066	0.11342155	0.41019732	1.0	2478	tags=29%, list=15%, signal=34%	
FBXL7 DOWN-REGULATES AURKA DURING MITOTIC ENTRY AND IN EARLY MITOSIS%REACTOME DATABASE ID RELEASE 93%8854050	FBXL7 DOWN-REGULATES AURKA DURING MITOTIC ENTRY AND IN EARLY MITOSIS%REACTOME DATABASE ID RELEASE 93%8854050		40	0.47064063	1.3660318	0.057815846	0.4123176	1.0	4103	tags=55%, list=25%, signal=73%	
REGULATION OF ENDOGENOUS RETROELEMENTS BY KRAB-ZFP PROTEINS%REACTOME%R-HSA-9843940.1	REGULATION OF ENDOGENOUS RETROELEMENTS BY KRAB-ZFP PROTEINS%REACTOME%R-HSA-9843940.1		57	0.43245316	1.3659691	0.052173913	0.4117474	1.0	2379	tags=23%, list=14%, signal=27%	
GLYCOSPHINGOLIPID METABOLISM%REACTOME DATABASE ID RELEASE 93%1660662	GLYCOSPHINGOLIPID METABOLISM%REACTOME DATABASE ID RELEASE 93%1660662		44	0.46397135	1.3656223	0.05645161	0.4120016	1.0	3640	tags=45%, list=22%, signal=58%	
CELL-CELL JUNCTION ORGANIZATION%REACTOME DATABASE ID RELEASE 93%421270	CELL-CELL JUNCTION ORGANIZATION%REACTOME DATABASE ID RELEASE 93%421270		195	0.3660497	1.365268	0.0023094688	0.41222954	1.0	3247	tags=29%, list=20%, signal=36%	
GLYCOSAMINOGLYCAN BIOSYNTHETIC PROCESS%GOBP%GO:0006024	GLYCOSAMINOGLYCAN BIOSYNTHETIC PROCESS%GOBP%GO:0006024		19	0.5585993	1.3637165	0.0882353	0.41584963	1.0	1950	tags=21%, list=12%, signal=24%	
SYNDECAN-2-MEDIATED SIGNALING EVENTS%PATHWAY INTERACTION DATABASE NCI-NATURE CURATED DATA%SYNDECAN-2-MEDIATED SIGNALING EVENTS	SYNDECAN-2-MEDIATED SIGNALING EVENTS%PATHWAY INTERACTION DATABASE NCI-NATURE CURATED DATA%SYNDECAN-2-MEDIATED SIGNALING EVENTS		30	0.4957537	1.3634923	0.06860707	0.41576296	1.0	1882	tags=37%, list=11%, signal=41%	
NEGATIVE REGULATION OF MRNA PROCESSING%GOBP%GO:0050686	NEGATIVE REGULATION OF MRNA PROCESSING%GOBP%GO:0050686		15	0.5910802	1.3634729	0.112	0.41508502	1.0	3281	tags=47%, list=20%, signal=58%	
RIBOSE PHOSPHATE METABOLIC PROCESS%GOBP%GO:0019693	RIBOSE PHOSPHATE METABOLIC PROCESS%GOBP%GO:0019693		194	0.36932963	1.3626696	0.0069444445	0.41662768	1.0	4111	tags=38%, list=25%, signal=50%	
VPU MEDIATED DEGRADATION OF CD4%REACTOME%R-HSA-180534.3	VPU MEDIATED DEGRADATION OF CD4%REACTOME%R-HSA-180534.3		37	0.47562048	1.3622587	0.092156865	0.41706768	1.0	4103	tags=57%, list=25%, signal=76%	
REGULATION OF TP53 DEGRADATION%REACTOME DATABASE ID RELEASE 93%6804757	REGULATION OF TP53 DEGRADATION%REACTOME DATABASE ID RELEASE 93%6804757		33	0.48949683	1.3622528	0.07377049	0.41634235	1.0	1933	tags=30%, list=12%, signal=34%	
PYRIMIDINE METABOLISM%WIKIPATHWAYS_20250810%WP4022%HOMO SAPIENS	PYRIMIDINE METABOLISM%WIKIPATHWAYS_20250810%WP4022%HOMO SAPIENS		66	0.42369244	1.3614591	0.045751635	0.4179046	1.0	1674	tags=26%, list=10%, signal=29%	
APC C:CDH1 MEDIATED DEGRADATION OF CDC20 AND OTHER APC C:CDH1 TARGETED PROTEINS IN LATE MITOSIS EARLY G1%REACTOME DATABASE ID RELEASE 93%174178	APC C:CDH1 MEDIATED DEGRADATION OF CDC20 AND OTHER APC C:CDH1 TARGETED PROTEINS IN LATE MITOSIS EARLY G1%REACTOME DATABASE ID RELEASE 93%174178		57	0.4372472	1.3603323	0.051282052	0.420334	1.0	2844	tags=40%, list=17%, signal=49%	
REGULATION OF PH%GOBP%GO:0006885	REGULATION OF PH%GOBP%GO:0006885		73	0.42126536	1.3597767	0.041484717	0.4211846	1.0	3449	tags=33%, list=21%, signal=41%	
AMINOGLYCAN BIOSYNTHETIC PROCESS%GOBP%GO:0006023	AMINOGLYCAN BIOSYNTHETIC PROCESS%GOBP%GO:0006023		22	0.5312367	1.359463	0.084745765	0.42136052	1.0	1950	tags=18%, list=12%, signal=21%	
BUDDING AND MATURATION OF HIV VIRION%REACTOME%R-HSA-162588.4	BUDDING AND MATURATION OF HIV VIRION%REACTOME%R-HSA-162588.4		26	0.5079258	1.3579757	0.083333336	0.42471942	1.0	1771	tags=31%, list=11%, signal=34%	
PROTEIN LOCALIZATION%REACTOME%R-HSA-9609507.4	PROTEIN LOCALIZATION%REACTOME%R-HSA-9609507.4		132	0.3828822	1.3575529	0.01594533	0.42518544	1.0	3402	tags=36%, list=21%, signal=45%	
PID_CERAMIDE_PATHWAY%MSIGDB_C2%PID_CERAMIDE_PATHWAY	PID_CERAMIDE_PATHWAY%MSIGDB_C2%PID_CERAMIDE_PATHWAY		37	0.47405145	1.3567806	0.07786885	0.4265874	1.0	2133	tags=22%, list=13%, signal=25%	
ENTEROCYTE CHOLESTEROL METABOLISM%WIKIPATHWAYS_20250810%WP5333%HOMO SAPIENS	ENTEROCYTE CHOLESTEROL METABOLISM%WIKIPATHWAYS_20250810%WP5333%HOMO SAPIENS		25	0.50899994	1.3567088	0.08280255	0.42609343	1.0	4550	tags=56%, list=28%, signal=77%	
ORGAN OR TISSUE SPECIFIC IMMUNE RESPONSE%GOBP%GO:0002251	ORGAN OR TISSUE SPECIFIC IMMUNE RESPONSE%GOBP%GO:0002251		18	0.5410995	1.3563312	0.10065646	0.42643058	1.0	5380	tags=61%, list=33%, signal=91%	
ADHERENS JUNCTIONS INTERACTIONS%REACTOME DATABASE ID RELEASE 93%418990	ADHERENS JUNCTIONS INTERACTIONS%REACTOME DATABASE ID RELEASE 93%418990		174	0.37262884	1.356195	0.013761468	0.42607766	1.0	2844	tags=26%, list=17%, signal=32%	
RNA POLYMERASE I TRANSCRIPTION INITIATION%REACTOME DATABASE ID RELEASE 93%73762	RNA POLYMERASE I TRANSCRIPTION INITIATION%REACTOME DATABASE ID RELEASE 93%73762		46	0.4563598	1.3558375	0.06167401	0.4263008	1.0	2158	tags=26%, list=13%, signal=30%	
CHONDROITIN SULFATE DERMATAN SULFATE METABOLISM%REACTOME DATABASE ID RELEASE 93%1793185	CHONDROITIN SULFATE DERMATAN SULFATE METABOLISM%REACTOME DATABASE ID RELEASE 93%1793185		28	0.50288856	1.355515	0.07883818	0.42644754	1.0	1276	tags=29%, list=8%, signal=31%	
RRNA TRANSCRIPTION%GOBP%GO:0009303	RRNA TRANSCRIPTION%GOBP%GO:0009303		20	0.5411959	1.3553458	0.098393574	0.42608476	1.0	2277	tags=30%, list=14%, signal=35%	
REGULATION OF INTEGRIN-MEDIATED SIGNALING PATHWAY%GOBP%GO:2001044	REGULATION OF INTEGRIN-MEDIATED SIGNALING PATHWAY%GOBP%GO:2001044		20	0.5346638	1.355185	0.104803495	0.425794	1.0	1029	tags=30%, list=6%, signal=32%	
RIBONUCLEOTIDE METABOLIC PROCESS%GOBP%GO:0009259	RIBONUCLEOTIDE METABOLIC PROCESS%GOBP%GO:0009259		189	0.36487904	1.3549974	0.0024570024	0.4256434	1.0	4111	tags=38%, list=25%, signal=50%	
BIOCARTA_CCR3_PATHWAY%MSIGDB_C2%BIOCARTA_CCR3_PATHWAY	BIOCARTA_CCR3_PATHWAY%MSIGDB_C2%BIOCARTA_CCR3_PATHWAY		15	0.5755244	1.3547901	0.11201629	0.42546076	1.0	1307	tags=20%, list=8%, signal=22%	
RENAL TUBULE MORPHOGENESIS%GOBP%GO:0061333	RENAL TUBULE MORPHOGENESIS%GOBP%GO:0061333		20	0.5498048	1.354784	0.102725364	0.42475095	1.0	6	tags=5%, list=0%, signal=5%	
EXTRA-NUCLEAR ESTROGEN SIGNALING%REACTOME DATABASE ID RELEASE 93%9009391	EXTRA-NUCLEAR ESTROGEN SIGNALING%REACTOME DATABASE ID RELEASE 93%9009391		61	0.42961746	1.3541107	0.055900622	0.42577305	1.0	1933	tags=20%, list=12%, signal=22%	
2Q37 COPY NUMBER VARIATION SYNDROME%WIKIPATHWAYS_20250810%WP5224%HOMO SAPIENS	2Q37 COPY NUMBER VARIATION SYNDROME%WIKIPATHWAYS_20250810%WP5224%HOMO SAPIENS		74	0.4182282	1.3528252	0.03267974	0.42864448	1.0	4477	tags=39%, list=27%, signal=54%	
MHC CLASS II ANTIGEN PRESENTATION%REACTOME DATABASE ID RELEASE 93%2132295	MHC CLASS II ANTIGEN PRESENTATION%REACTOME DATABASE ID RELEASE 93%2132295		98	0.39692155	1.3520712	0.017621145	0.4300442	1.0	3159	tags=30%, list=19%, signal=36%	
DISEASES ASSOCIATED WITH N-GLYCOSYLATION OF PROTEINS%REACTOME%R-HSA-3781860.5	DISEASES ASSOCIATED WITH N-GLYCOSYLATION OF PROTEINS%REACTOME%R-HSA-3781860.5		20	0.5333922	1.3518486	0.08282828	0.42996088	1.0	3566	tags=60%, list=22%, signal=77%	
GAP-FILLING DNA REPAIR SYNTHESIS AND LIGATION IN TC-NER%REACTOME%R-HSA-6782210.3	GAP-FILLING DNA REPAIR SYNTHESIS AND LIGATION IN TC-NER%REACTOME%R-HSA-6782210.3		59	0.42995822	1.3514024	0.049217	0.43044487	1.0	1692	tags=31%, list=10%, signal=34%	
VISUAL PHOTOTRANSDUCTION%REACTOME%R-HSA-2187338.3	VISUAL PHOTOTRANSDUCTION%REACTOME%R-HSA-2187338.3		59	0.43203565	1.3502271	0.055309735	0.43305868	1.0	4027	tags=27%, list=25%, signal=36%	
ABC TRANSPORTER DISORDERS%REACTOME DATABASE ID RELEASE 93%5619084	ABC TRANSPORTER DISORDERS%REACTOME DATABASE ID RELEASE 93%5619084		59	0.43149167	1.3498672	0.06278027	0.4333741	1.0	4554	tags=53%, list=28%, signal=72%	
PYRIMIDINE-CONTAINING COMPOUND METABOLIC PROCESS%GOBP%GO:0072527	PYRIMIDINE-CONTAINING COMPOUND METABOLIC PROCESS%GOBP%GO:0072527		56	0.44109708	1.3494607	0.060737528	0.43380234	1.0	2427	tags=21%, list=15%, signal=25%	
DEGRADATION OF CDH1%REACTOME DATABASE ID RELEASE 93%9766229	DEGRADATION OF CDH1%REACTOME DATABASE ID RELEASE 93%9766229		50	0.45001444	1.3494012	0.06828194	0.4332439	1.0	4103	tags=56%, list=25%, signal=74%	
PROTEIN INSERTION INTO MITOCHONDRIAL MEMBRANE%GOBP%GO:0051204	PROTEIN INSERTION INTO MITOCHONDRIAL MEMBRANE%GOBP%GO:0051204		25	0.51849824	1.3493506	0.11513859	0.43262807	1.0	3720	tags=68%, list=23%, signal=88%	
HALLMARK_GLYCOLYSIS%MSIGDBHALLMARK%HALLMARK_GLYCOLYSIS	HALLMARK_GLYCOLYSIS%MSIGDBHALLMARK%HALLMARK_GLYCOLYSIS		137	0.37840164	1.3493137	0.017582418	0.43201622	1.0	3044	tags=28%, list=19%, signal=35%	
METABOLIC EPILEPTIC DISORDERS%WIKIPATHWAYS_20250810%WP5355%HOMO SAPIENS	METABOLIC EPILEPTIC DISORDERS%WIKIPATHWAYS_20250810%WP5355%HOMO SAPIENS		55	0.43233547	1.3492453	0.058441557	0.43148196	1.0	3441	tags=29%, list=21%, signal=37%	
ESTABLISHMENT OF PROTEIN LOCALIZATION TO MITOCHONDRIAL MEMBRANE%GOBP%GO:0090151	ESTABLISHMENT OF PROTEIN LOCALIZATION TO MITOCHONDRIAL MEMBRANE%GOBP%GO:0090151		25	0.51849824	1.3491678	0.094412334	0.43096444	1.0	3720	tags=68%, list=23%, signal=88%	
HALLMARK_XENOBIOTIC_METABOLISM%MSIGDBHALLMARK%HALLMARK_XENOBIOTIC_METABOLISM	HALLMARK_XENOBIOTIC_METABOLISM%MSIGDBHALLMARK%HALLMARK_XENOBIOTIC_METABOLISM		109	0.39110613	1.3489883	0.021226415	0.43077597	1.0	4326	tags=32%, list=26%, signal=43%	
S1P RECEPTOR SIGNAL TRANSDUCTION%WIKIPATHWAYS_20250810%WP26%HOMO SAPIENS	S1P RECEPTOR SIGNAL TRANSDUCTION%WIKIPATHWAYS_20250810%WP26%HOMO SAPIENS		17	0.57073194	1.3486089	0.0970297	0.43113407	1.0	3265	tags=41%, list=20%, signal=51%	
HALLMARK_ADIPOGENESIS%MSIGDBHALLMARK%HALLMARK_ADIPOGENESIS	HALLMARK_ADIPOGENESIS%MSIGDBHALLMARK%HALLMARK_ADIPOGENESIS		152	0.37253127	1.3480368	0.014527845	0.43196496	1.0	3652	tags=36%, list=22%, signal=46%	
GLYCOGENOSIS, TYPE IB%SMPDB%SMP0000573	GLYCOGENOSIS, TYPE IB%SMPDB%SMP0000573		18	0.5444445	1.3476931	0.103658535	0.4322758	1.0	5223	tags=61%, list=32%, signal=90%	
NIK-->NONCANONICAL NF-KB SIGNALING%REACTOME DATABASE ID RELEASE 93%5676590	NIK-->NONCANONICAL NF-KB SIGNALING%REACTOME DATABASE ID RELEASE 93%5676590		44	0.44955686	1.347268	0.056485355	0.43273264	1.0	2844	tags=41%, list=17%, signal=49%	
REGULATION OF NEURON APOPTOTIC PROCESS%GOBP%GO:0043523	REGULATION OF NEURON APOPTOTIC PROCESS%GOBP%GO:0043523		110	0.38820472	1.3471543	0.01891253	0.43229508	1.0	3455	tags=26%, list=21%, signal=33%	
REGULATION OF KETONE BIOSYNTHETIC PROCESS%GOBP%GO:0010566	REGULATION OF KETONE BIOSYNTHETIC PROCESS%GOBP%GO:0010566		15	0.56718874	1.3464917	0.08559499	0.43337253	1.0	923	tags=20%, list=6%, signal=21%	
EPO RECEPTOR SIGNALING%WIKIPATHWAYS_20250810%WP581%HOMO SAPIENS	EPO RECEPTOR SIGNALING%WIKIPATHWAYS_20250810%WP581%HOMO SAPIENS		17	0.5640236	1.3460591	0.09714286	0.43388537	1.0	38	tags=12%, list=0%, signal=12%	
REGULATION OF LYSOSOMAL LUMEN PH%GOBP%GO:0035751	REGULATION OF LYSOSOMAL LUMEN PH%GOBP%GO:0035751		26	0.50953126	1.3456419	0.09766454	0.4343234	1.0	3623	tags=46%, list=22%, signal=59%	
SIGNALLING TO ERKS%REACTOME DATABASE ID RELEASE 93%187687	SIGNALLING TO ERKS%REACTOME DATABASE ID RELEASE 93%187687		30	0.48110846	1.3449242	0.079166666	0.43558857	1.0	2060	tags=30%, list=13%, signal=34%	
BETA-UREIDOPROPIONASE DEFICIENCY%PATHWHIZ%PW000187	BETA-UREIDOPROPIONASE DEFICIENCY%PATHWHIZ%PW000187		23	0.5137101	1.3435292	0.10691824	0.43865627	1.0	2309	tags=22%, list=14%, signal=25%	
REGULATION OF CDH1 FUNCTION%REACTOME DATABASE ID RELEASE 93%9764561	REGULATION OF CDH1 FUNCTION%REACTOME DATABASE ID RELEASE 93%9764561		51	0.449062	1.3428718	0.06724512	0.43976846	1.0	4103	tags=55%, list=25%, signal=73%	
CELL MATURATION%GOBP%GO:0048469	CELL MATURATION%GOBP%GO:0048469		59	0.43585142	1.3425204	0.06081081	0.44013295	1.0	2173	tags=24%, list=13%, signal=27%	
RHO GTPASES ACTIVATE PAKS%REACTOME%R-HSA-5627123.4	RHO GTPASES ACTIVATE PAKS%REACTOME%R-HSA-5627123.4		21	0.5324518	1.3421773	0.101052634	0.44035056	1.0	1856	tags=38%, list=11%, signal=43%	
GLYCOGENOSIS, TYPE IA. VON GIERKE DISEASE%SMPDB%SMP0000581	GLYCOGENOSIS, TYPE IA. VON GIERKE DISEASE%SMPDB%SMP0000581		18	0.5444445	1.3414294	0.10344828	0.441785	1.0	5223	tags=61%, list=32%, signal=90%	
AMYLOID-BETA METABOLIC PROCESS%GOBP%GO:0050435	AMYLOID-BETA METABOLIC PROCESS%GOBP%GO:0050435		17	0.556872	1.3408079	0.124197	0.44287843	1.0	2281	tags=24%, list=14%, signal=27%	
SIGNALING BY FGFR%REACTOME%R-HSA-190236.4	SIGNALING BY FGFR%REACTOME%R-HSA-190236.4		63	0.42827404	1.3407038	0.04255319	0.4424491	1.0	1625	tags=25%, list=10%, signal=28%	
AUTODEGRADATION OF CDH1 BY CDH1:APC C%REACTOME DATABASE ID RELEASE 93%174084	AUTODEGRADATION OF CDH1 BY CDH1:APC C%REACTOME DATABASE ID RELEASE 93%174084		50	0.4422952	1.3398389	0.068085104	0.4441767	1.0	2844	tags=42%, list=17%, signal=51%	
RAB GEFS EXCHANGE GTP FOR GDP ON RABS%REACTOME DATABASE ID RELEASE 93%8876198	RAB GEFS EXCHANGE GTP FOR GDP ON RABS%REACTOME DATABASE ID RELEASE 93%8876198		82	0.40972403	1.3398361	0.04367816	0.44345695	1.0	2397	tags=27%, list=15%, signal=31%	
NEPHRON TUBULE DEVELOPMENT%GOBP%GO:0072080	NEPHRON TUBULE DEVELOPMENT%GOBP%GO:0072080		22	0.5197301	1.3394076	0.083333336	0.44395795	1.0	6	tags=5%, list=0%, signal=5%	
BIOLOGICAL PROCESS INVOLVED IN SYMBIOTIC INTERACTION%GOBP%GO:0044403	BIOLOGICAL PROCESS INVOLVED IN SYMBIOTIC INTERACTION%GOBP%GO:0044403		73	0.4121387	1.3390967	0.052083332	0.44413453	1.0	4205	tags=37%, list=26%, signal=50%	
PROTEIN IMPORT INTO MITOCHONDRIAL MATRIX%GOBP%GO:0030150	PROTEIN IMPORT INTO MITOCHONDRIAL MATRIX%GOBP%GO:0030150		21	0.5181667	1.3384107	0.0804829	0.445395	1.0	2942	tags=48%, list=18%, signal=58%	
RENAL TUBULE DEVELOPMENT%GOBP%GO:0061326	RENAL TUBULE DEVELOPMENT%GOBP%GO:0061326		24	0.51031846	1.3381797	0.08714597	0.4452867	1.0	6	tags=4%, list=0%, signal=4%	
SMOOTH MUSCLE CONTRACTION%REACTOME DATABASE ID RELEASE 93%445355	SMOOTH MUSCLE CONTRACTION%REACTOME DATABASE ID RELEASE 93%445355		38	0.47381407	1.3378649	0.08350731	0.44542396	1.0	2107	tags=32%, list=13%, signal=36%	
NEGATIVE REGULATION OF INTERLEUKIN-1 BETA PRODUCTION%GOBP%GO:0032691	NEGATIVE REGULATION OF INTERLEUKIN-1 BETA PRODUCTION%GOBP%GO:0032691		17	0.5610919	1.3376275	0.11612903	0.44535103	1.0	1445	tags=18%, list=9%, signal=19%	
STABILIZATION OF P53%REACTOME DATABASE ID RELEASE 93%69541	STABILIZATION OF P53%REACTOME DATABASE ID RELEASE 93%69541		42	0.45110035	1.336478	0.0770878	0.44786477	1.0	2844	tags=43%, list=17%, signal=52%	
MULTICELLULAR ORGANISMAL-LEVEL WATER HOMEOSTASIS%GOBP%GO:0050891	MULTICELLULAR ORGANISMAL-LEVEL WATER HOMEOSTASIS%GOBP%GO:0050891		27	0.49835104	1.3353074	0.10621242	0.45042437	1.0	5046	tags=56%, list=31%, signal=80%	
POSITIVE REGULATION OF SMOOTHENED SIGNALING PATHWAY%GOBP%GO:0045880	POSITIVE REGULATION OF SMOOTHENED SIGNALING PATHWAY%GOBP%GO:0045880		20	0.5360058	1.3348838	0.117154814	0.4509501	1.0	1821	tags=30%, list=11%, signal=34%	
CDK-MEDIATED PHOSPHORYLATION AND REMOVAL OF CDC6%REACTOME%R-HSA-69017.4	CDK-MEDIATED PHOSPHORYLATION AND REMOVAL OF CDC6%REACTOME%R-HSA-69017.4		55	0.4300105	1.3348831	0.06318083	0.45022509	1.0	2844	tags=38%, list=17%, signal=46%	
BIOCARTA_BIOPEPTIDES_PATHWAY%MSIGDB_C2%BIOCARTA_BIOPEPTIDES_PATHWAY	BIOCARTA_BIOPEPTIDES_PATHWAY%MSIGDB_C2%BIOCARTA_BIOPEPTIDES_PATHWAY		20	0.5319077	1.3348134	0.11804009	0.4497001	1.0	67	tags=15%, list=0%, signal=15%	
MNGIE (MITOCHONDRIAL NEUROGASTROINTESTINAL ENCEPHALOPATHY)%PATHWHIZ%PW000190	MNGIE (MITOCHONDRIAL NEUROGASTROINTESTINAL ENCEPHALOPATHY)%PATHWHIZ%PW000190		23	0.5137101	1.3345522	0.11064718	0.4496629	1.0	2309	tags=22%, list=14%, signal=25%	
SPHINGOLIPID METABOLISM%REACTOME DATABASE ID RELEASE 93%428157	SPHINGOLIPID METABOLISM%REACTOME DATABASE ID RELEASE 93%428157		89	0.3933871	1.3344008	0.039119806	0.4493876	1.0	3279	tags=31%, list=20%, signal=39%	
POSITIVE REGULATION OF MUSCLE CONTRACTION%GOBP%GO:0045933	POSITIVE REGULATION OF MUSCLE CONTRACTION%GOBP%GO:0045933		19	0.54873943	1.3343618	0.10144927	0.4487574	1.0	2180	tags=21%, list=13%, signal=24%	
NEGATIVE REGULATION OF INTERLEUKIN-2 PRODUCTION%GOBP%GO:0032703	NEGATIVE REGULATION OF INTERLEUKIN-2 PRODUCTION%GOBP%GO:0032703		20	0.52515304	1.3340466	0.09756097	0.44904032	1.0	1007	tags=15%, list=6%, signal=16%	
T CELL RECEPTOR SIGNALING PATHWAY%SMPDB%SMP0066977	T CELL RECEPTOR SIGNALING PATHWAY%SMPDB%SMP0066977		44	0.44802538	1.3339235	0.061601643	0.44867805	1.0	957	tags=16%, list=6%, signal=17%	
HALLMARK_APOPTOSIS%MSIGDBHALLMARK%HALLMARK_APOPTOSIS	HALLMARK_APOPTOSIS%MSIGDBHALLMARK%HALLMARK_APOPTOSIS		113	0.38775536	1.3333001	0.030634573	0.4497953	1.0	2478	tags=22%, list=15%, signal=26%	
TRIOSEPHOSPHATE ISOMERASE DEFICIENCY%PATHWHIZ%PW000539	TRIOSEPHOSPHATE ISOMERASE DEFICIENCY%PATHWHIZ%PW000539		18	0.5444445	1.3313221	0.11290322	0.4546359	1.0	5223	tags=61%, list=32%, signal=90%	
FORMATION OF TC-NER PRE-INCISION COMPLEX%REACTOME%R-HSA-6781823.4	FORMATION OF TC-NER PRE-INCISION COMPLEX%REACTOME%R-HSA-6781823.4		49	0.43568432	1.330426	0.069473684	0.45649037	1.0	1625	tags=29%, list=10%, signal=32%	
PHOSPHOENOLPYRUVATE CARBOXYKINASE DEFICIENCY 1 (PEPCK1)%SMPDB%SMP0000560	PHOSPHOENOLPYRUVATE CARBOXYKINASE DEFICIENCY 1 (PEPCK1)%SMPDB%SMP0000560		18	0.5444445	1.3300747	0.1290944	0.4567799	1.0	5223	tags=61%, list=32%, signal=90%	
BIOCARTA_PYK2_PATHWAY%MSIGDB_C2%BIOCARTA_PYK2_PATHWAY	BIOCARTA_PYK2_PATHWAY%MSIGDB_C2%BIOCARTA_PYK2_PATHWAY		22	0.52705735	1.3291821	0.114583336	0.45860833	1.0	957	tags=18%, list=6%, signal=19%	
OTHER INTERLEUKIN SIGNALING%REACTOME%R-HSA-449836.12	OTHER INTERLEUKIN SIGNALING%REACTOME%R-HSA-449836.12		20	0.536756	1.3291572	0.104700856	0.45794788	1.0	2521	tags=25%, list=15%, signal=30%	
NEGATIVE REGULATION OF RESPONSE TO WOUNDING%GOBP%GO:1903035	NEGATIVE REGULATION OF RESPONSE TO WOUNDING%GOBP%GO:1903035		53	0.43306285	1.328453	0.078475334	0.4591736	1.0	3470	tags=28%, list=21%, signal=36%	
T CELL ACTIVATION SARS COV 2%WIKIPATHWAYS_20250810%WP5098%HOMO SAPIENS	T CELL ACTIVATION SARS COV 2%WIKIPATHWAYS_20250810%WP5098%HOMO SAPIENS		64	0.41528443	1.3280026	0.059907835	0.45978042	1.0	791	tags=14%, list=5%, signal=15%	
REGULATION OF LIPOPOLYSACCHARIDE-MEDIATED SIGNALING PATHWAY%GOBP%GO:0031664	REGULATION OF LIPOPOLYSACCHARIDE-MEDIATED SIGNALING PATHWAY%GOBP%GO:0031664		22	0.52185845	1.3278539	0.10978044	0.45951256	1.0	140	tags=14%, list=1%, signal=14%	
PTEN REGULATION%REACTOME DATABASE ID RELEASE 93%6807070	PTEN REGULATION%REACTOME DATABASE ID RELEASE 93%6807070		121	0.3800992	1.3276986	0.039647575	0.45926595	1.0	2844	tags=31%, list=17%, signal=38%	
PURINE-CONTAINING COMPOUND CATABOLIC PROCESS%GOBP%GO:0072523	PURINE-CONTAINING COMPOUND CATABOLIC PROCESS%GOBP%GO:0072523		64	0.41909418	1.327607	0.06924643	0.45884132	1.0	4998	tags=52%, list=30%, signal=74%	
DNA MODIFICATION%GOBP%GO:0006304	DNA MODIFICATION%GOBP%GO:0006304		21	0.5267241	1.3273522	0.1130064	0.4588624	1.0	3043	tags=43%, list=19%, signal=53%	
REGULATION OF PROTEIN TARGETING TO MEMBRANE%GOBP%GO:0090313	REGULATION OF PROTEIN TARGETING TO MEMBRANE%GOBP%GO:0090313		24	0.5066185	1.3270794	0.10557769	0.45892468	1.0	2750	tags=29%, list=17%, signal=35%	
REGULATION OF RIG-I SIGNALING PATHWAY%GOBP%GO:0039535	REGULATION OF RIG-I SIGNALING PATHWAY%GOBP%GO:0039535		16	0.56803936	1.3266784	0.12301587	0.45937723	1.0	1277	tags=25%, list=8%, signal=27%	
POSITIVE REGULATION OF SECRETION%GOBP%GO:0051047	POSITIVE REGULATION OF SECRETION%GOBP%GO:0051047		162	0.36766887	1.3259151	0.029545454	0.46089727	1.0	2505	tags=21%, list=15%, signal=25%	
PHOSPHOLIPID CATABOLIC PROCESS%GOBP%GO:0009395	PHOSPHOLIPID CATABOLIC PROCESS%GOBP%GO:0009395		30	0.48455068	1.3258624	0.08921162	0.460315	1.0	2596	tags=30%, list=16%, signal=36%	
PID_ENDOTHELIN_PATHWAY%MSIGDB_C2%PID_ENDOTHELIN_PATHWAY	PID_ENDOTHELIN_PATHWAY%MSIGDB_C2%PID_ENDOTHELIN_PATHWAY		44	0.4431193	1.3254131	0.07743363	0.46091956	1.0	2412	tags=20%, list=15%, signal=24%	
PID_FRA_PATHWAY%MSIGDB_C2%PID_FRA_PATHWAY	PID_FRA_PATHWAY%MSIGDB_C2%PID_FRA_PATHWAY		28	0.49232885	1.3250701	0.10337972	0.4612193	1.0	3875	tags=32%, list=24%, signal=42%	
NEGATIVE REGULATION OF CYTOKINE PRODUCTION%GOBP%GO:0001818	NEGATIVE REGULATION OF CYTOKINE PRODUCTION%GOBP%GO:0001818		194	0.35649684	1.3249807	0.01459854	0.46077043	1.0	2370	tags=17%, list=14%, signal=20%	
REGULATION OF LIPID CATABOLIC PROCESS%GOBP%GO:0050994	REGULATION OF LIPID CATABOLIC PROCESS%GOBP%GO:0050994		36	0.46658435	1.3244829	0.09148936	0.46153858	1.0	2068	tags=17%, list=13%, signal=19%	
SIGNALING EVENTS MEDIATED BY HDAC CLASS II%PATHWAY INTERACTION DATABASE NCI-NATURE CURATED DATA%SIGNALING EVENTS MEDIATED BY HDAC CLASS II	SIGNALING EVENTS MEDIATED BY HDAC CLASS II%PATHWAY INTERACTION DATABASE NCI-NATURE CURATED DATA%SIGNALING EVENTS MEDIATED BY HDAC CLASS II		32	0.46032688	1.3244082	0.09513742	0.46101984	1.0	4071	tags=50%, list=25%, signal=66%	
AMINO ACIDS REGULATE MTORC1%REACTOME DATABASE ID RELEASE 93%9639288	AMINO ACIDS REGULATE MTORC1%REACTOME DATABASE ID RELEASE 93%9639288		48	0.4398683	1.3244073	0.06185567	0.46031058	1.0	2342	tags=31%, list=14%, signal=36%	
REGULATION OF ENDOCYTOSIS%GOBP%GO:0030100	REGULATION OF ENDOCYTOSIS%GOBP%GO:0030100		196	0.3574935	1.3242445	0.012106538	0.46011755	1.0	3089	tags=24%, list=19%, signal=30%	
HOST PATHOGEN INTERACTION OF HUMAN CORONAVIRUSES MAPK SIGNALING%WIKIPATHWAYS_20250810%WP4877%HOMO SAPIENS	HOST PATHOGEN INTERACTION OF HUMAN CORONAVIRUSES MAPK SIGNALING%WIKIPATHWAYS_20250810%WP4877%HOMO SAPIENS		31	0.48491713	1.3233681	0.08971553	0.46193203	1.0	3139	tags=39%, list=19%, signal=48%	
POSITIVE REGULATION OF INFLAMMATORY RESPONSE%GOBP%GO:0050729	POSITIVE REGULATION OF INFLAMMATORY RESPONSE%GOBP%GO:0050729		106	0.3842018	1.3228018	0.04185022	0.46286848	1.0	2701	tags=24%, list=16%, signal=28%	
REGULATION OF VASCULAR ENDOTHELIAL GROWTH FACTOR RECEPTOR SIGNALING PATHWAY%GOBP%GO:0030947	REGULATION OF VASCULAR ENDOTHELIAL GROWTH FACTOR RECEPTOR SIGNALING PATHWAY%GOBP%GO:0030947		22	0.52341557	1.3226792	0.11899791	0.462523	1.0	4441	tags=45%, list=27%, signal=62%	
ENVELOPE PROTEINS AND THEIR POTENTIAL ROLES IN EDMD PHYSIOPATHOLOGY%WIKIPATHWAYS_20250810%WP4535%HOMO SAPIENS	ENVELOPE PROTEINS AND THEIR POTENTIAL ROLES IN EDMD PHYSIOPATHOLOGY%WIKIPATHWAYS_20250810%WP4535%HOMO SAPIENS		31	0.47870922	1.3223708	0.10229645	0.46270704	1.0	2365	tags=35%, list=14%, signal=41%	
ADIPOGENESIS%WIKIPATHWAYS_20250810%WP236%HOMO SAPIENS	ADIPOGENESIS%WIKIPATHWAYS_20250810%WP236%HOMO SAPIENS		88	0.3961246	1.321665	0.036170214	0.46406063	1.0	2965	tags=23%, list=18%, signal=28%	
DIHYDROPYRIMIDINASE DEFICIENCY%SMPDB%SMP0000178	DIHYDROPYRIMIDINASE DEFICIENCY%SMPDB%SMP0000178		23	0.5137101	1.321036	0.10537634	0.4651097	1.0	2309	tags=22%, list=14%, signal=25%	
GLUCONEOGENESIS%PATHWHIZ%PW000152	GLUCONEOGENESIS%PATHWHIZ%PW000152		18	0.5444445	1.3208255	0.11554622	0.4649714	1.0	5223	tags=61%, list=32%, signal=90%	
GLYCOGEN STORAGE DISEASE TYPE 1A (GSD1A) OR VON GIERKE DISEASE%SMPDB%SMP0000374	GLYCOGEN STORAGE DISEASE TYPE 1A (GSD1A) OR VON GIERKE DISEASE%SMPDB%SMP0000374		18	0.5444445	1.3207356	0.11561866	0.46450204	1.0	5223	tags=61%, list=32%, signal=90%	
HUMORAL IMMUNE RESPONSE%GOBP%GO:0006959	HUMORAL IMMUNE RESPONSE%GOBP%GO:0006959		97	0.38806832	1.3201649	0.05790646	0.46541864	1.0	4961	tags=42%, list=30%, signal=60%	
NEGATIVE REGULATION OF INTRACELLULAR STEROID HORMONE RECEPTOR SIGNALING PATHWAY%GOBP%GO:0033144	NEGATIVE REGULATION OF INTRACELLULAR STEROID HORMONE RECEPTOR SIGNALING PATHWAY%GOBP%GO:0033144		29	0.49143744	1.3200411	0.08260869	0.4650536	1.0	2173	tags=34%, list=13%, signal=40%	
U2-TYPE PRESPLICEOSOME ASSEMBLY%GOBP%GO:1903241	U2-TYPE PRESPLICEOSOME ASSEMBLY%GOBP%GO:1903241		24	0.515335	1.319954	0.11764706	0.46459958	1.0	2585	tags=33%, list=16%, signal=40%	
GLYCOSPHINGOLIPID CATABOLISM%REACTOME DATABASE ID RELEASE 93%9840310	GLYCOSPHINGOLIPID CATABOLISM%REACTOME DATABASE ID RELEASE 93%9840310		29	0.4894957	1.3199129	0.083333336	0.46401733	1.0	3107	tags=48%, list=19%, signal=59%	
2'-DEOXYRIBONUCLEOTIDE METABOLIC PROCESS%GOBP%GO:0009394	2'-DEOXYRIBONUCLEOTIDE METABOLIC PROCESS%GOBP%GO:0009394		32	0.4713228	1.3197216	0.09594883	0.4638837	1.0	3772	tags=34%, list=23%, signal=45%	
FRUCTOSE-1,6-DIPHOSPHATASE DEFICIENCY%SMPDB%SMP0000562	FRUCTOSE-1,6-DIPHOSPHATASE DEFICIENCY%SMPDB%SMP0000562		18	0.5444445	1.3196573	0.09730849	0.46336412	1.0	5223	tags=61%, list=32%, signal=90%	
REGULATION OF BONE RESORPTION%GOBP%GO:0045124	REGULATION OF BONE RESORPTION%GOBP%GO:0045124		24	0.504218	1.3184323	0.116033755	0.46625936	1.0	1158	tags=13%, list=7%, signal=13%	
ESTABLISHMENT OF PROTEIN LOCALIZATION TO ENDOPLASMIC RETICULUM%GOBP%GO:0072599	ESTABLISHMENT OF PROTEIN LOCALIZATION TO ENDOPLASMIC RETICULUM%GOBP%GO:0072599		31	0.48453975	1.318401	0.08939709	0.46566895	1.0	2197	tags=29%, list=13%, signal=33%	
KETONE METABOLIC PROCESS%GOBP%GO:0042180	KETONE METABOLIC PROCESS%GOBP%GO:0042180		53	0.4350272	1.3183821	0.08368201	0.46502224	1.0	4351	tags=34%, list=27%, signal=46%	
REGULATION OF TORC1 SIGNALING%GOBP%GO:1903432	REGULATION OF TORC1 SIGNALING%GOBP%GO:1903432		92	0.391317	1.3180337	0.031460673	0.46530607	1.0	2777	tags=35%, list=17%, signal=42%	
CYCLIN A:CDK2-ASSOCIATED EVENTS AT S PHASE ENTRY%REACTOME%R-HSA-69656.6	CYCLIN A:CDK2-ASSOCIATED EVENTS AT S PHASE ENTRY%REACTOME%R-HSA-69656.6		71	0.4062571	1.3175696	0.055679288	0.4658959	1.0	3354	tags=37%, list=20%, signal=46%	
POSITIVE REGULATION OF PROTEIN SECRETION%GOBP%GO:0050714	POSITIVE REGULATION OF PROTEIN SECRETION%GOBP%GO:0050714		69	0.40555272	1.3168788	0.07311828	0.4672242	1.0	2375	tags=20%, list=14%, signal=24%	
MESONEPHRIC TUBULE DEVELOPMENT%GOBP%GO:0072164	MESONEPHRIC TUBULE DEVELOPMENT%GOBP%GO:0072164		19	0.5228871	1.3168372	0.13293651	0.46663466	1.0	6	tags=5%, list=0%, signal=5%	
REGULATION OF PLASMINOGEN ACTIVATION%GOBP%GO:0010755	REGULATION OF PLASMINOGEN ACTIVATION%GOBP%GO:0010755		17	0.55225384	1.3155421	0.1307847	0.46980977	1.0	3601	tags=53%, list=22%, signal=68%	
GLYCOGENOSIS, TYPE IC%SMPDB%SMP0000574	GLYCOGENOSIS, TYPE IC%SMPDB%SMP0000574		18	0.5444445	1.3141407	0.12323232	0.47304124	1.0	5223	tags=61%, list=32%, signal=90%	
RESPONSE TO ARSENIC-CONTAINING SUBSTANCE%GOBP%GO:0046685	RESPONSE TO ARSENIC-CONTAINING SUBSTANCE%GOBP%GO:0046685		17	0.55475634	1.3140625	0.13034624	0.4725785	1.0	3355	tags=47%, list=20%, signal=59%	
NEGATIVE REGULATION OF RECEPTOR-MEDIATED ENDOCYTOSIS%GOBP%GO:0048261	NEGATIVE REGULATION OF RECEPTOR-MEDIATED ENDOCYTOSIS%GOBP%GO:0048261		19	0.5230663	1.3133332	0.13135593	0.47395787	1.0	2699	tags=37%, list=16%, signal=44%	
POSITIVE REGULATION OF BLOOD VESSEL ENDOTHELIAL CELL MIGRATION%GOBP%GO:0043536	POSITIVE REGULATION OF BLOOD VESSEL ENDOTHELIAL CELL MIGRATION%GOBP%GO:0043536		49	0.43352973	1.3124365	0.073319755	0.47590992	1.0	2965	tags=33%, list=18%, signal=40%	
NEGATIVE REGULATION OF HORMONE SECRETION%GOBP%GO:0046888	NEGATIVE REGULATION OF HORMONE SECRETION%GOBP%GO:0046888		25	0.5000588	1.3122029	0.11111111	0.4758865	1.0	3573	tags=36%, list=22%, signal=46%	
DEFECTIVE INTRINSIC PATHWAY FOR APOPTOSIS%REACTOME%R-HSA-9734009.2	DEFECTIVE INTRINSIC PATHWAY FOR APOPTOSIS%REACTOME%R-HSA-9734009.2		20	0.527566	1.3115847	0.12627292	0.47708815	1.0	1981	tags=30%, list=12%, signal=34%	
PYRIMIDINE METABOLISM%PATHWHIZ%PW000160	PYRIMIDINE METABOLISM%PATHWHIZ%PW000160		23	0.5137101	1.3114429	0.15879828	0.4767748	1.0	2309	tags=22%, list=14%, signal=25%	
ESTABLISHMENT OF MITOCHONDRION LOCALIZATION%GOBP%GO:0051654	ESTABLISHMENT OF MITOCHONDRION LOCALIZATION%GOBP%GO:0051654		18	0.54190636	1.3110121	0.11134904	0.477296	1.0	2434	tags=33%, list=15%, signal=39%	
GLUCONEOGENESIS%PATHWHIZ%PW088242	GLUCONEOGENESIS%PATHWHIZ%PW088242		16	0.5549534	1.3107203	0.11752577	0.47750756	1.0	5223	tags=56%, list=32%, signal=82%	
CARBOHYDRATE TRANSPORT%GOBP%GO:0008643	CARBOHYDRATE TRANSPORT%GOBP%GO:0008643		29	0.4779331	1.3106686	0.095032394	0.47695413	1.0	5271	tags=48%, list=32%, signal=71%	
REGULATION OF CELLULAR PH%GOBP%GO:0030641	REGULATION OF CELLULAR PH%GOBP%GO:0030641		70	0.40560284	1.3106593	0.07025761	0.47629154	1.0	3623	tags=34%, list=22%, signal=44%	
UPTAKE AND ACTIONS OF BACTERIAL TOXINS%REACTOME DATABASE ID RELEASE 93%5339562	UPTAKE AND ACTIONS OF BACTERIAL TOXINS%REACTOME DATABASE ID RELEASE 93%5339562		21	0.51975936	1.3106403	0.11924686	0.4756512	1.0	3998	tags=38%, list=24%, signal=50%	
SEMA3A PAK DEPENDENT AXON REPULSION%REACTOME%R-HSA-399954.4	SEMA3A PAK DEPENDENT AXON REPULSION%REACTOME%R-HSA-399954.4		16	0.5502261	1.3102393	0.11353712	0.47612107	1.0	2433	tags=31%, list=15%, signal=37%	
CROSS-PRESENTATION OF SOLUBLE EXOGENOUS ANTIGENS (ENDOSOMES)%REACTOME%R-HSA-1236978.5	CROSS-PRESENTATION OF SOLUBLE EXOGENOUS ANTIGENS (ENDOSOMES)%REACTOME%R-HSA-1236978.5		36	0.4641978	1.3098056	0.11581292	0.4766089	1.0	3048	tags=42%, list=19%, signal=51%	
SCF-BETA-TRCP MEDIATED DEGRADATION OF EMI1%REACTOME DATABASE ID RELEASE 93%174113	SCF-BETA-TRCP MEDIATED DEGRADATION OF EMI1%REACTOME DATABASE ID RELEASE 93%174113		40	0.45199808	1.3097862	0.083333336	0.4759629	1.0	4103	tags=55%, list=25%, signal=73%	
CXCR3-MEDIATED SIGNALING EVENTS%PATHWAY INTERACTION DATABASE NCI-NATURE CURATED DATA%CXCR3-MEDIATED SIGNALING EVENTS	CXCR3-MEDIATED SIGNALING EVENTS%PATHWAY INTERACTION DATABASE NCI-NATURE CURATED DATA%CXCR3-MEDIATED SIGNALING EVENTS		37	0.452948	1.3092093	0.10438413	0.47700834	1.0	2497	tags=32%, list=15%, signal=38%	
NEGATIVE REGULATION OF BLOOD COAGULATION%GOBP%GO:0030195	NEGATIVE REGULATION OF BLOOD COAGULATION%GOBP%GO:0030195		24	0.49152723	1.3091695	0.13006397	0.47644854	1.0	4451	tags=42%, list=27%, signal=57%	
INTRACELLULAR PH REDUCTION%GOBP%GO:0051452	INTRACELLULAR PH REDUCTION%GOBP%GO:0051452		38	0.45840874	1.3089777	0.10208817	0.4763008	1.0	3449	tags=42%, list=21%, signal=53%	
MRNA DECAY BY 3' TO 5' EXORIBONUCLEASE%REACTOME%R-HSA-429958.5	MRNA DECAY BY 3' TO 5' EXORIBONUCLEASE%REACTOME%R-HSA-429958.5		15	0.5652689	1.3071381	0.13518886	0.4809577	1.0	2014	tags=33%, list=12%, signal=38%	
REGULATION OF CYTOKINE-MEDIATED SIGNALING PATHWAY%GOBP%GO:0001959	REGULATION OF CYTOKINE-MEDIATED SIGNALING PATHWAY%GOBP%GO:0001959		121	0.37726408	1.306939	0.038961038	0.48089305	1.0	1192	tags=15%, list=7%, signal=16%	
VITAMIN B5 (PANTOTHENATE) METABOLISM%REACTOME%R-HSA-199220.5	VITAMIN B5 (PANTOTHENATE) METABOLISM%REACTOME%R-HSA-199220.5		18	0.53407294	1.3064187	0.14193548	0.48169103	1.0	2028	tags=28%, list=12%, signal=32%	
CERAMIDE METABOLIC PROCESS%GOBP%GO:0006672	CERAMIDE METABOLIC PROCESS%GOBP%GO:0006672		70	0.39970002	1.3063809	0.060344826	0.48112148	1.0	4440	tags=37%, list=27%, signal=51%	
AZATHIOPRINE ADME%REACTOME%R-HSA-9748787.3	AZATHIOPRINE ADME%REACTOME%R-HSA-9748787.3		17	0.54708517	1.3059807	0.14046122	0.48159915	1.0	2441	tags=41%, list=15%, signal=48%	
MESONEPHRIC EPITHELIUM DEVELOPMENT%GOBP%GO:0072163	MESONEPHRIC EPITHELIUM DEVELOPMENT%GOBP%GO:0072163		19	0.5228871	1.3056445	0.12555066	0.4819161	1.0	6	tags=5%, list=0%, signal=5%	
EVASION BY RSV OF HOST INTERFERON RESPONSES%REACTOME%R-HSA-9833109.1	EVASION BY RSV OF HOST INTERFERON RESPONSES%REACTOME%R-HSA-9833109.1		19	0.5286492	1.3053771	0.14628822	0.48203075	1.0	948	tags=32%, list=6%, signal=33%	
FATTY ACYL-COA BIOSYNTHESIS%REACTOME%R-HSA-75105.12	FATTY ACYL-COA BIOSYNTHESIS%REACTOME%R-HSA-75105.12		30	0.47727895	1.3052825	0.103296705	0.4816392	1.0	2928	tags=27%, list=18%, signal=32%	
REGULATION OF MEGAKARYOCYTE DIFFERENTIATION%GOBP%GO:0045652	REGULATION OF MEGAKARYOCYTE DIFFERENTIATION%GOBP%GO:0045652		16	0.5479119	1.304752	0.13480885	0.48253885	1.0	974	tags=19%, list=6%, signal=20%	
PID_SYNDECAN_1_PATHWAY%MSIGDB_C2%PID_SYNDECAN_1_PATHWAY	PID_SYNDECAN_1_PATHWAY%MSIGDB_C2%PID_SYNDECAN_1_PATHWAY		36	0.45792544	1.3046854	0.09018036	0.4820482	1.0	3175	tags=22%, list=19%, signal=27%	
SOMITOGENESIS%REACTOME%R-HSA-9824272.2	SOMITOGENESIS%REACTOME%R-HSA-9824272.2		38	0.44900525	1.3043122	0.09643606	0.4824971	1.0	3165	tags=42%, list=19%, signal=52%	
REGULATION OF B CELL DIFFERENTIATION%GOBP%GO:0045577	REGULATION OF B CELL DIFFERENTIATION%GOBP%GO:0045577		21	0.52634174	1.3039732	0.13087934	0.48275027	1.0	5374	tags=62%, list=33%, signal=92%	
ANGIOGENESIS%PANTHER PATHWAY%P00005	ANGIOGENESIS%PANTHER PATHWAY%P00005		133	0.36834523	1.303648	0.045766592	0.48301578	1.0	2463	tags=24%, list=15%, signal=28%	
SIGNALING BY NOTCH%REACTOME DATABASE ID RELEASE 93%157118	SIGNALING BY NOTCH%REACTOME DATABASE ID RELEASE 93%157118		161	0.35569328	1.3036356	0.022277229	0.48237482	1.0	4103	tags=40%, list=25%, signal=52%	
GOLGI TO VACUOLE TRANSPORT%GOBP%GO:0006896	GOLGI TO VACUOLE TRANSPORT%GOBP%GO:0006896		17	0.5420807	1.3035964	0.13402061	0.48177788	1.0	1385	tags=41%, list=8%, signal=45%	
REGULATION OF ERK1 AND ERK2 CASCADE%GOBP%GO:0070372	REGULATION OF ERK1 AND ERK2 CASCADE%GOBP%GO:0070372		180	0.35640505	1.3034477	0.022058824	0.48160234	1.0	3165	tags=26%, list=19%, signal=31%	
ENDOTHELINS%PATHWAY INTERACTION DATABASE NCI-NATURE CURATED DATA%ENDOTHELINS	ENDOTHELINS%PATHWAY INTERACTION DATABASE NCI-NATURE CURATED DATA%ENDOTHELINS		60	0.4101903	1.3033681	0.073839664	0.48115113	1.0	1996	tags=20%, list=12%, signal=23%	
TNF SIGNALING%REACTOME%R-HSA-75893.10	TNF SIGNALING%REACTOME%R-HSA-75893.10		52	0.4286197	1.3030392	0.07494646	0.4814318	1.0	705	tags=17%, list=4%, signal=18%	
SIALIC ACID METABOLISM%REACTOME DATABASE ID RELEASE 93%4085001	SIALIC ACID METABOLISM%REACTOME DATABASE ID RELEASE 93%4085001		28	0.48532087	1.3029782	0.114718616	0.48093987	1.0	3943	tags=32%, list=24%, signal=42%	
CS-GAG BIOSYNTHESIS%REACTOME DATABASE ID RELEASE 93%2022870	CS-GAG BIOSYNTHESIS%REACTOME DATABASE ID RELEASE 93%2022870		18	0.5380138	1.302881	0.14028056	0.48058602	1.0	1178	tags=28%, list=7%, signal=30%	
UMP SYNTHASE DEFICIENCY (OROTIC ACIDURIA)%SMPDB%SMP0000219	UMP SYNTHASE DEFICIENCY (OROTIC ACIDURIA)%SMPDB%SMP0000219		23	0.5137101	1.3013133	0.11691023	0.48446447	1.0	2309	tags=22%, list=14%, signal=25%	
PROTEIN PROCESSING%GOBP%GO:0016485	PROTEIN PROCESSING%GOBP%GO:0016485		112	0.37131253	1.301287	0.036764707	0.48387766	1.0	3014	tags=28%, list=18%, signal=34%	
NEGATIVE REGULATION OF NOTCH SIGNALING PATHWAY%GOBP%GO:0045746	NEGATIVE REGULATION OF NOTCH SIGNALING PATHWAY%GOBP%GO:0045746		23	0.5145105	1.3011856	0.12877263	0.4834988	1.0	3062	tags=48%, list=19%, signal=59%	
SPHINGOLIPID CATABOLIC PROCESS%GOBP%GO:0030149	SPHINGOLIPID CATABOLIC PROCESS%GOBP%GO:0030149		31	0.47298265	1.3009951	0.124197	0.4833806	1.0	3107	tags=35%, list=19%, signal=44%	
BIOCARTA_ERK_PATHWAY%MSIGDB_C2%BIOCARTA_ERK_PATHWAY	BIOCARTA_ERK_PATHWAY%MSIGDB_C2%BIOCARTA_ERK_PATHWAY		20	0.5259639	1.3004949	0.14519428	0.48410684	1.0	67	tags=15%, list=0%, signal=15%	
S1P3 PATHWAY%PATHWAY INTERACTION DATABASE NCI-NATURE CURATED DATA%S1P3 PATHWAY	S1P3 PATHWAY%PATHWAY INTERACTION DATABASE NCI-NATURE CURATED DATA%S1P3 PATHWAY		25	0.4866174	1.3003978	0.104166664	0.48369813	1.0	2412	tags=32%, list=15%, signal=37%	
DEGRADATION OF DVL%REACTOME DATABASE ID RELEASE 93%4641258	DEGRADATION OF DVL%REACTOME DATABASE ID RELEASE 93%4641258		42	0.44880015	1.3000894	0.100603625	0.48398554	1.0	2844	tags=40%, list=17%, signal=49%	
PID_RAS_PATHWAY%MSIGDB_C2%PID_RAS_PATHWAY	PID_RAS_PATHWAY%MSIGDB_C2%PID_RAS_PATHWAY		21	0.51428324	1.299793	0.12757201	0.48420215	1.0	254	tags=14%, list=2%, signal=14%	
EPITHELIAL STRUCTURE MAINTENANCE%GOBP%GO:0010669	EPITHELIAL STRUCTURE MAINTENANCE%GOBP%GO:0010669		18	0.5269229	1.2995067	0.14028056	0.484399	1.0	1522	tags=17%, list=9%, signal=18%	
DOWNSTREAM SIGNALING IN NAIVE CD8+ T CELLS%PATHWAY INTERACTION DATABASE NCI-NATURE CURATED DATA%DOWNSTREAM SIGNALING IN NAIVE CD8+ T CELLS	DOWNSTREAM SIGNALING IN NAIVE CD8+ T CELLS%PATHWAY INTERACTION DATABASE NCI-NATURE CURATED DATA%DOWNSTREAM SIGNALING IN NAIVE CD8+ T CELLS		43	0.4446009	1.2978063	0.098434	0.4886854	1.0	1775	tags=14%, list=11%, signal=16%	
NEURODEGENERATION WITH BRAIN IRON ACCUMULATION NBIA SUBTYPES PATHWAY%WIKIPATHWAYS_20250810%WP4577%HOMO SAPIENS	NEURODEGENERATION WITH BRAIN IRON ACCUMULATION NBIA SUBTYPES PATHWAY%WIKIPATHWAYS_20250810%WP4577%HOMO SAPIENS		34	0.45945686	1.2977649	0.10222222	0.4881446	1.0	1983	tags=29%, list=12%, signal=33%	
REGULATION OF ORNITHINE DECARBOXYLASE (ODC)%REACTOME%R-HSA-350562.5	REGULATION OF ORNITHINE DECARBOXYLASE (ODC)%REACTOME%R-HSA-350562.5		35	0.45896474	1.2972362	0.105788425	0.48909768	1.0	4103	tags=54%, list=25%, signal=72%	
NUCLEOTIDE EXCISION REPAIR%REACTOME%R-HSA-5696398.4	NUCLEOTIDE EXCISION REPAIR%REACTOME%R-HSA-5696398.4		101	0.37905416	1.2968255	0.04816514	0.4895896	1.0	1692	tags=26%, list=10%, signal=29%	
INTERLEUKIN SIGNALING PATHWAY%PANTHER PATHWAY%P00036	INTERLEUKIN SIGNALING PATHWAY%PANTHER PATHWAY%P00036		65	0.41440517	1.296614	0.074074075	0.4895284	1.0	2547	tags=25%, list=16%, signal=29%	
TARGETED AGENTS IN TRIPLE NEGATIVE BREAST CANCER%WIKIPATHWAYS_20250810%WP5215%HOMO SAPIENS	TARGETED AGENTS IN TRIPLE NEGATIVE BREAST CANCER%WIKIPATHWAYS_20250810%WP5215%HOMO SAPIENS		31	0.474184	1.2962871	0.112068966	0.4897706	1.0	787	tags=19%, list=5%, signal=20%	
PID_S1P_META_PATHWAY%MSIGDB_C2%PID_S1P_META_PATHWAY	PID_S1P_META_PATHWAY%MSIGDB_C2%PID_S1P_META_PATHWAY		15	0.55108076	1.2958283	0.15830116	0.49045554	1.0	1440	tags=27%, list=9%, signal=29%	
PID_AJDISS_2PATHWAY%MSIGDB_C2%PID_AJDISS_2PATHWAY	PID_AJDISS_2PATHWAY%MSIGDB_C2%PID_AJDISS_2PATHWAY		36	0.45407283	1.295669	0.10204082	0.49022168	1.0	2722	tags=25%, list=17%, signal=30%	
REGULATION OF INTRACELLULAR PH%GOBP%GO:0051453	REGULATION OF INTRACELLULAR PH%GOBP%GO:0051453		69	0.405656	1.295533	0.0809628	0.48992875	1.0	3623	tags=35%, list=22%, signal=44%	
FORMATION OF THE TERNARY COMPLEX, AND SUBSEQUENTLY, THE 43S COMPLEX%REACTOME%R-HSA-72695.4	FORMATION OF THE TERNARY COMPLEX, AND SUBSEQUENTLY, THE 43S COMPLEX%REACTOME%R-HSA-72695.4		47	0.4356968	1.2946713	0.07505071	0.49174958	1.0	4030	tags=53%, list=25%, signal=70%	
REGULATION OF NITRIC OXIDE BIOSYNTHETIC PROCESS%GOBP%GO:0045428	REGULATION OF NITRIC OXIDE BIOSYNTHETIC PROCESS%GOBP%GO:0045428		39	0.4542137	1.2940623	0.10229645	0.4928002	1.0	4187	tags=36%, list=26%, signal=48%	
OXYGEN-DEPENDENT PROLINE HYDROXYLATION OF HYPOXIA-INDUCIBLE FACTOR ALPHA%REACTOME DATABASE ID RELEASE 93%1234176	OXYGEN-DEPENDENT PROLINE HYDROXYLATION OF HYPOXIA-INDUCIBLE FACTOR ALPHA%REACTOME DATABASE ID RELEASE 93%1234176		48	0.4247744	1.2938207	0.08371041	0.49283627	1.0	2844	tags=35%, list=17%, signal=43%	
TOR SIGNALING%GOBP%GO:0031929	TOR SIGNALING%GOBP%GO:0031929		35	0.45260713	1.2925638	0.109311745	0.49575165	1.0	2490	tags=37%, list=15%, signal=44%	
PID_S1P_S1P1_PATHWAY%MSIGDB_C2%PID_S1P_S1P1_PATHWAY	PID_S1P_S1P1_PATHWAY%MSIGDB_C2%PID_S1P_S1P1_PATHWAY		16	0.54938596	1.2923418	0.13987474	0.49578598	1.0	1199	tags=25%, list=7%, signal=27%	
RENAL WATER HOMEOSTASIS%GOBP%GO:0003091	RENAL WATER HOMEOSTASIS%GOBP%GO:0003091		22	0.50727	1.292247	0.13562752	0.4953913	1.0	5046	tags=59%, list=31%, signal=85%	
ACTIVATION OF HOX GENES DURING DIFFERENTIATION%REACTOME DATABASE ID RELEASE 93%5619507	ACTIVATION OF HOX GENES DURING DIFFERENTIATION%REACTOME DATABASE ID RELEASE 93%5619507		65	0.40214232	1.291904	0.08085106	0.49571246	1.0	2067	tags=23%, list=13%, signal=26%	
ENDOPLASMIC RETICULUM STRESS RESPONSE IN CORONAVIRUS INFECTION%WIKIPATHWAYS_20250810%WP4861%HOMO SAPIENS	ENDOPLASMIC RETICULUM STRESS RESPONSE IN CORONAVIRUS INFECTION%WIKIPATHWAYS_20250810%WP4861%HOMO SAPIENS		39	0.45159703	1.2916421	0.105058365	0.49584502	1.0	2794	tags=26%, list=17%, signal=31%	
SARS-COV-2 MODULATES HOST TRANSLATION MACHINERY%REACTOME%R-HSA-9754678.3	SARS-COV-2 MODULATES HOST TRANSLATION MACHINERY%REACTOME%R-HSA-9754678.3		44	0.43386102	1.2912881	0.09896907	0.49632904	1.0	3733	tags=50%, list=23%, signal=65%	
SENSORY PERCEPTION OF TASTE%GOBP%GO:0050909	SENSORY PERCEPTION OF TASTE%GOBP%GO:0050909		15	0.550584	1.2905886	0.15618221	0.49772993	1.0	5209	tags=53%, list=32%, signal=78%	
REGULATION OF CARBOHYDRATE CATABOLIC PROCESS%GOBP%GO:0043470	REGULATION OF CARBOHYDRATE CATABOLIC PROCESS%GOBP%GO:0043470		37	0.45704752	1.290048	0.11333334	0.49864054	1.0	2613	tags=24%, list=16%, signal=29%	
METABOLISM OF POLYAMINES%REACTOME%R-HSA-351202.5	METABOLISM OF POLYAMINES%REACTOME%R-HSA-351202.5		41	0.45107034	1.2895561	0.1047836	0.49935952	1.0	4103	tags=51%, list=25%, signal=68%	
FGFR3 SIGNALING IN CHONDROCYTE PROLIFERATION AND TERMINAL DIFFERENTIATION%WIKIPATHWAYS_20250810%WP4767%HOMO SAPIENS	FGFR3 SIGNALING IN CHONDROCYTE PROLIFERATION AND TERMINAL DIFFERENTIATION%WIKIPATHWAYS_20250810%WP4767%HOMO SAPIENS		24	0.48967564	1.2890235	0.14346895	0.5002472	1.0	3571	tags=46%, list=22%, signal=58%	
ALZHEIMER 39 S DISEASE AND MIRNA EFFECTS%WIKIPATHWAYS_20250810%WP2059%HOMO SAPIENS	ALZHEIMER 39 S DISEASE AND MIRNA EFFECTS%WIKIPATHWAYS_20250810%WP2059%HOMO SAPIENS		156	0.35600364	1.2890189	0.028301887	0.49958387	1.0	2772	tags=24%, list=17%, signal=28%	
POSITIVE REGULATION OF INTERLEUKIN-1 BETA PRODUCTION%GOBP%GO:0032731	POSITIVE REGULATION OF INTERLEUKIN-1 BETA PRODUCTION%GOBP%GO:0032731		44	0.43897286	1.2889338	0.097165994	0.4991817	1.0	3732	tags=32%, list=23%, signal=41%	
METABOLIC COMPOUND SALVAGE%GOBP%GO:0043094	METABOLIC COMPOUND SALVAGE%GOBP%GO:0043094		25	0.48289138	1.288701	0.13043478	0.49923128	1.0	2441	tags=28%, list=15%, signal=33%	
REGULATION OF ACTIVATED PAK-2P34 BY PROTEASOME MEDIATED DEGRADATION%REACTOME%R-HSA-211733.3	REGULATION OF ACTIVATED PAK-2P34 BY PROTEASOME MEDIATED DEGRADATION%REACTOME%R-HSA-211733.3		35	0.45949003	1.2874292	0.118712276	0.50239855	1.0	2844	tags=43%, list=17%, signal=52%	
POSITIVE REGULATION OF INTRINSIC APOPTOTIC SIGNALING PATHWAY%GOBP%GO:2001244	POSITIVE REGULATION OF INTRINSIC APOPTOTIC SIGNALING PATHWAY%GOBP%GO:2001244		40	0.44653755	1.2862102	0.10677618	0.50536215	1.0	2450	tags=35%, list=15%, signal=41%	
ALZHEIMER 39 S DISEASE%WIKIPATHWAYS_20250810%WP5124%HOMO SAPIENS	ALZHEIMER 39 S DISEASE%WIKIPATHWAYS_20250810%WP5124%HOMO SAPIENS		156	0.35600364	1.2856408	0.030805686	0.5064052	1.0	2772	tags=24%, list=17%, signal=28%	
POSITIVE REGULATION OF PROTEIN CATABOLIC PROCESS%GOBP%GO:0045732	POSITIVE REGULATION OF PROTEIN CATABOLIC PROCESS%GOBP%GO:0045732		153	0.35670847	1.2854857	0.029478459	0.5062061	1.0	2316	tags=25%, list=14%, signal=29%	
NUCLEAR RECEPTORS%WIKIPATHWAYS_20250810%WP170%HOMO SAPIENS	NUCLEAR RECEPTORS%WIKIPATHWAYS_20250810%WP170%HOMO SAPIENS		21	0.5084609	1.2854066	0.12345679	0.5057521	1.0	1864	tags=24%, list=11%, signal=27%	
POSITIVE REGULATION OF NEUTROPHIL MIGRATION%GOBP%GO:1902624	POSITIVE REGULATION OF NEUTROPHIL MIGRATION%GOBP%GO:1902624		20	0.5158178	1.2850068	0.14693877	0.50622475	1.0	3153	tags=35%, list=19%, signal=43%	
MEMBRANE LIPID CATABOLIC PROCESS%GOBP%GO:0046466	MEMBRANE LIPID CATABOLIC PROCESS%GOBP%GO:0046466		36	0.44803986	1.2847091	0.13263159	0.5064716	1.0	3107	tags=33%, list=19%, signal=41%	
MAPK CASCADE%GOBP%GO:0000165	MAPK CASCADE%GOBP%GO:0000165		105	0.37355578	1.284046	0.05529954	0.50786376	1.0	3147	tags=28%, list=19%, signal=34%	
BIOCARTA_BCR_PATHWAY%MSIGDB_C2%BIOCARTA_BCR_PATHWAY	BIOCARTA_BCR_PATHWAY%MSIGDB_C2%BIOCARTA_BCR_PATHWAY		27	0.48800576	1.2834009	0.13682093	0.509111	1.0	957	tags=15%, list=6%, signal=16%	
IRE1ALPHA ACTIVATES CHAPERONES%REACTOME%R-HSA-381070.3	IRE1ALPHA ACTIVATES CHAPERONES%REACTOME%R-HSA-381070.3		43	0.4399768	1.2826473	0.12215321	0.51057523	1.0	1671	tags=28%, list=10%, signal=31%	
APOPTOTIC SIGNALING PATHWAY%GOBP%GO:0097190	APOPTOTIC SIGNALING PATHWAY%GOBP%GO:0097190		198	0.3508637	1.2825545	0.03301887	0.5102117	1.0	3367	tags=30%, list=21%, signal=38%	
REGULATION OF FATTY ACID TRANSPORT%GOBP%GO:2000191	REGULATION OF FATTY ACID TRANSPORT%GOBP%GO:2000191		16	0.54738426	1.2825296	0.16869919	0.5096085	1.0	2403	tags=25%, list=15%, signal=29%	
PROSTAGLANDIN SYNTHESIS AND REGULATION%WIKIPATHWAYS_20250810%WP98%HOMO SAPIENS	PROSTAGLANDIN SYNTHESIS AND REGULATION%WIKIPATHWAYS_20250810%WP98%HOMO SAPIENS		33	0.46346048	1.2824752	0.12526998	0.5090959	1.0	2506	tags=18%, list=15%, signal=21%	
REGULATION OF CHOLESTEROL METABOLIC PROCESS%GOBP%GO:0090181	REGULATION OF CHOLESTEROL METABOLIC PROCESS%GOBP%GO:0090181		34	0.45708752	1.2821876	0.13978495	0.50923693	1.0	2859	tags=24%, list=17%, signal=28%	
DARPP-32 EVENTS%REACTOME%R-HSA-180024.6	DARPP-32 EVENTS%REACTOME%R-HSA-180024.6		19	0.5205656	1.2817997	0.16052061	0.5097222	1.0	1981	tags=26%, list=12%, signal=30%	
SIGNALING BY FGFR2 IN DISEASE%REACTOME%R-HSA-5655253.3	SIGNALING BY FGFR2 IN DISEASE%REACTOME%R-HSA-5655253.3		31	0.4587815	1.2815102	0.11789474	0.5098718	1.0	1625	tags=29%, list=10%, signal=32%	
BICARBONATE TRANSPORT%GOBP%GO:0015701	BICARBONATE TRANSPORT%GOBP%GO:0015701		15	0.5588799	1.2814845	0.174	0.50928783	1.0	1371	tags=27%, list=8%, signal=29%	
ESTABLISHMENT OF PROTEIN LOCALIZATION TO MITOCHONDRION%GOBP%GO:0072655	ESTABLISHMENT OF PROTEIN LOCALIZATION TO MITOCHONDRION%GOBP%GO:0072655		64	0.40218693	1.2813833	0.08685969	0.5089402	1.0	3720	tags=50%, list=23%, signal=64%	
UNTITLED%PANTHER PATHWAY%P00019	UNTITLED%PANTHER PATHWAY%P00019		57	0.41009367	1.2812674	0.097826086	0.50861615	1.0	1933	tags=18%, list=12%, signal=20%	
POSTTRANSLATIONAL REGULATION OF ADHERENS JUNCTION STABILITY AND DISSASSEMBLY%PATHWAY INTERACTION DATABASE NCI-NATURE CURATED DATA%POSTTRANSLATIONAL REGULATION OF ADHERENS JUNCTION STABILITY AND DISSASSEMBLY	POSTTRANSLATIONAL REGULATION OF ADHERENS JUNCTION STABILITY AND DISSASSEMBLY%PATHWAY INTERACTION DATABASE NCI-NATURE CURATED DATA%POSTTRANSLATIONAL REGULATION OF ADHERENS JUNCTION STABILITY AND DISSASSEMBLY		44	0.4322542	1.2809833	0.104575165	0.50881606	1.0	2722	tags=23%, list=17%, signal=27%	
REGULATION OF RESPONSE TO CYTOKINE STIMULUS%GOBP%GO:0060759	REGULATION OF RESPONSE TO CYTOKINE STIMULUS%GOBP%GO:0060759		127	0.36519942	1.2797414	0.050574712	0.511928	1.0	948	tags=14%, list=6%, signal=15%	
ADORA2B MEDIATED ANTI-INFLAMMATORY CYTOKINES PRODUCTION%REACTOME%R-HSA-9660821.4	ADORA2B MEDIATED ANTI-INFLAMMATORY CYTOKINES PRODUCTION%REACTOME%R-HSA-9660821.4		33	0.45106393	1.2795252	0.12958963	0.5119723	1.0	4788	tags=42%, list=29%, signal=60%	
REGULATION OF RAS FAMILY ACTIVATION%PATHWAY INTERACTION DATABASE NCI-NATURE CURATED DATA%REGULATION OF RAS FAMILY ACTIVATION	REGULATION OF RAS FAMILY ACTIVATION%PATHWAY INTERACTION DATABASE NCI-NATURE CURATED DATA%REGULATION OF RAS FAMILY ACTIVATION		29	0.46568853	1.2790045	0.11691023	0.5128968	1.0	1780	tags=24%, list=11%, signal=27%	
PID_CXCR3_PATHWAY%MSIGDB_C2%PID_CXCR3_PATHWAY	PID_CXCR3_PATHWAY%MSIGDB_C2%PID_CXCR3_PATHWAY		34	0.44976255	1.2789894	0.12684989	0.5122719	1.0	1897	tags=26%, list=12%, signal=30%	
EGFR TYROSINE KINASE INHIBITOR RESISTANCE%WIKIPATHWAYS_20250810%WP4806%HOMO SAPIENS	EGFR TYROSINE KINASE INHIBITOR RESISTANCE%WIKIPATHWAYS_20250810%WP4806%HOMO SAPIENS		69	0.39730513	1.2788292	0.09534368	0.51209235	1.0	2750	tags=23%, list=17%, signal=28%	
D-GLUCOSE TRANSMEMBRANE TRANSPORT%GOBP%GO:1904659	D-GLUCOSE TRANSMEMBRANE TRANSPORT%GOBP%GO:1904659		17	0.52466476	1.2788253	0.17118998	0.51143134	1.0	5271	tags=53%, list=32%, signal=78%	
SENESCENCE-ASSOCIATED SECRETORY PHENOTYPE (SASP)%REACTOME%R-HSA-2559582.4	SENESCENCE-ASSOCIATED SECRETORY PHENOTYPE (SASP)%REACTOME%R-HSA-2559582.4		56	0.41630194	1.278533	0.09803922	0.51159346	1.0	3329	tags=36%, list=20%, signal=45%	
INFLUENZA VIRAL RNA TRANSCRIPTION AND REPLICATION%REACTOME DATABASE ID RELEASE 93%168273	INFLUENZA VIRAL RNA TRANSCRIPTION AND REPLICATION%REACTOME DATABASE ID RELEASE 93%168273		123	0.36548626	1.278376	0.055155877	0.5113733	1.0	3778	tags=46%, list=23%, signal=59%	
MATURATION OF SPIKE PROTEIN%REACTOME%R-HSA-9694548.5	MATURATION OF SPIKE PROTEIN%REACTOME%R-HSA-9694548.5		40	0.43367967	1.2777108	0.12269939	0.5126519	1.0	2642	tags=35%, list=16%, signal=42%	
REGULATION OF CELL-CELL ADHESION MEDIATED BY CADHERIN%GOBP%GO:2000047	REGULATION OF CELL-CELL ADHESION MEDIATED BY CADHERIN%GOBP%GO:2000047		19	0.5198973	1.2774712	0.15042374	0.51268166	1.0	3165	tags=32%, list=19%, signal=39%	
INSULIN SIGNALING%WIKIPATHWAYS_20250810%WP481%HOMO SAPIENS	INSULIN SIGNALING%WIKIPATHWAYS_20250810%WP481%HOMO SAPIENS		119	0.3646369	1.2771505	0.074157305	0.5129928	1.0	2553	tags=24%, list=16%, signal=29%	
XBP1(S) ACTIVATES CHAPERONE GENES%REACTOME%R-HSA-381038.5	XBP1(S) ACTIVATES CHAPERONE GENES%REACTOME%R-HSA-381038.5		41	0.43260735	1.2771171	0.10612245	0.5124318	1.0	1143	tags=24%, list=7%, signal=26%	
FORMATION OF HIV ELONGATION COMPLEX IN THE ABSENCE OF HIV TAT%REACTOME%R-HSA-167152.5	FORMATION OF HIV ELONGATION COMPLEX IN THE ABSENCE OF HIV TAT%REACTOME%R-HSA-167152.5		42	0.44534993	1.2768537	0.103896104	0.51254934	1.0	1869	tags=29%, list=11%, signal=32%	
SELENOAMINO ACID METABOLISM%REACTOME DATABASE ID RELEASE 93%2408522	SELENOAMINO ACID METABOLISM%REACTOME DATABASE ID RELEASE 93%2408522		102	0.37756145	1.2766681	0.04988662	0.51247305	1.0	3778	tags=44%, list=23%, signal=57%	
PRE-NOTCH EXPRESSION AND PROCESSING%REACTOME DATABASE ID RELEASE 93%1912422	PRE-NOTCH EXPRESSION AND PROCESSING%REACTOME DATABASE ID RELEASE 93%1912422		59	0.40468013	1.276514	0.07462686	0.5122795	1.0	3354	tags=31%, list=20%, signal=38%	
ESTROGEN-DEPENDENT NUCLEAR EVENTS DOWNSTREAM OF ESR-MEMBRANE SIGNALING%REACTOME DATABASE ID RELEASE 93%9634638	ESTROGEN-DEPENDENT NUCLEAR EVENTS DOWNSTREAM OF ESR-MEMBRANE SIGNALING%REACTOME DATABASE ID RELEASE 93%9634638		21	0.50400454	1.2764406	0.13894325	0.51181805	1.0	1933	tags=19%, list=12%, signal=22%	
P38 SIGNALING MEDIATED BY MAPKAP KINASES%PATHWAY INTERACTION DATABASE NCI-NATURE CURATED DATA%P38 SIGNALING MEDIATED BY MAPKAP KINASES	P38 SIGNALING MEDIATED BY MAPKAP KINASES%PATHWAY INTERACTION DATABASE NCI-NATURE CURATED DATA%P38 SIGNALING MEDIATED BY MAPKAP KINASES		20	0.51311976	1.2748696	0.1487069	0.51582086	1.0	2824	tags=50%, list=17%, signal=60%	
COMPLEMENT ACTIVATION%GOBP%GO:0006956	COMPLEMENT ACTIVATION%GOBP%GO:0006956		26	0.4713495	1.2740333	0.13916501	0.51766735	1.0	3888	tags=38%, list=24%, signal=50%	
MTOR SIGNALING PATHWAY%PATHWAY INTERACTION DATABASE NCI-NATURE CURATED DATA%MTOR SIGNALING PATHWAY	MTOR SIGNALING PATHWAY%PATHWAY INTERACTION DATABASE NCI-NATURE CURATED DATA%MTOR SIGNALING PATHWAY		64	0.40159786	1.2739502	0.093418255	0.5172326	1.0	988	tags=14%, list=6%, signal=15%	
ANGIOTENSIN_II-STIMULATED_SIGNALING_THROUGH_G_PROTEINS_AND_BETA-ARRESTIN%PANTHER PATHWAY%P05911	ANGIOTENSIN_II-STIMULATED_SIGNALING_THROUGH_G_PROTEINS_AND_BETA-ARRESTIN%PANTHER PATHWAY%P05911		29	0.4704815	1.2737331	0.13147411	0.51720786	1.0	90	tags=10%, list=1%, signal=10%	
LONG-TERM SYNAPTIC POTENTIATION%GOBP%GO:0060291	LONG-TERM SYNAPTIC POTENTIATION%GOBP%GO:0060291		25	0.49178115	1.2736079	0.14285715	0.5169255	1.0	1966	tags=20%, list=12%, signal=23%	
PROTEIN LOCALIZATION TO MITOCHONDRION%GOBP%GO:0070585	PROTEIN LOCALIZATION TO MITOCHONDRION%GOBP%GO:0070585		56	0.41139898	1.2734238	0.08863636	0.516825	1.0	3498	tags=50%, list=21%, signal=63%	
ACTIVATION OF BH3-ONLY PROTEINS%REACTOME%R-HSA-114452.5	ACTIVATION OF BH3-ONLY PROTEINS%REACTOME%R-HSA-114452.5		28	0.4817652	1.273255	0.14078675	0.51665336	1.0	4417	tags=50%, list=27%, signal=68%	
POSITIVE REGULATION OF SODIUM ION TRANSPORT%GOBP%GO:0010765	POSITIVE REGULATION OF SODIUM ION TRANSPORT%GOBP%GO:0010765		20	0.5101031	1.2730347	0.14519428	0.5166792	1.0	2273	tags=30%, list=14%, signal=35%	
POSITIVE REGULATION OF FAT CELL DIFFERENTIATION%GOBP%GO:0045600	POSITIVE REGULATION OF FAT CELL DIFFERENTIATION%GOBP%GO:0045600		46	0.42139006	1.2723769	0.11666667	0.51800406	1.0	2068	tags=22%, list=13%, signal=25%	
NEGATIVE REGULATION OF LEUKOCYTE APOPTOTIC PROCESS%GOBP%GO:2000107	NEGATIVE REGULATION OF LEUKOCYTE APOPTOTIC PROCESS%GOBP%GO:2000107		26	0.47933972	1.2722142	0.14976959	0.5178682	1.0	2425	tags=27%, list=15%, signal=32%	
RECYCLING PATHWAY OF L1%REACTOME%R-HSA-437239.3	RECYCLING PATHWAY OF L1%REACTOME%R-HSA-437239.3		25	0.48929527	1.2721647	0.1390593	0.51734775	1.0	2617	tags=32%, list=16%, signal=38%	
REGULATION OF SUBSTRATE ADHESION-DEPENDENT CELL SPREADING%GOBP%GO:1900024	REGULATION OF SUBSTRATE ADHESION-DEPENDENT CELL SPREADING%GOBP%GO:1900024		46	0.42559856	1.2715322	0.106	0.5184798	1.0	2422	tags=28%, list=15%, signal=33%	
REGULATION OF REGULATORY T CELL DIFFERENTIATION%GOBP%GO:0045589	REGULATION OF REGULATORY T CELL DIFFERENTIATION%GOBP%GO:0045589		23	0.49806648	1.2713336	0.15138593	0.51844174	1.0	4002	tags=35%, list=24%, signal=46%	
POSITIVE REGULATION OF NITRIC OXIDE BIOSYNTHETIC PROCESS%GOBP%GO:0045429	POSITIVE REGULATION OF NITRIC OXIDE BIOSYNTHETIC PROCESS%GOBP%GO:0045429		24	0.48148784	1.2708626	0.15592515	0.51915044	1.0	4187	tags=33%, list=26%, signal=45%	
MICROAUTOPHAGY%GOBP%GO:0016237	MICROAUTOPHAGY%GOBP%GO:0016237		20	0.49981263	1.2702872	0.1670061	0.520212	1.0	1054	tags=30%, list=6%, signal=32%	
TRANSCRIPTIONAL REGULATION BY RUNX2%REACTOME%R-HSA-8878166.4	TRANSCRIPTIONAL REGULATION BY RUNX2%REACTOME%R-HSA-8878166.4		94	0.37862077	1.2696201	0.075723834	0.5215037	1.0	2844	tags=29%, list=17%, signal=35%	
NEGATIVE REGULATION OF MIRNA TRANSCRIPTION%GOBP%GO:1902894	NEGATIVE REGULATION OF MIRNA TRANSCRIPTION%GOBP%GO:1902894		25	0.48548156	1.2692862	0.12723215	0.52181584	1.0	1809	tags=20%, list=11%, signal=22%	
IL2 SIGNALING%WIKIPATHWAYS_20250810%WP49%HOMO SAPIENS	IL2 SIGNALING%WIKIPATHWAYS_20250810%WP49%HOMO SAPIENS		30	0.46560252	1.2688802	0.15044248	0.52240825	1.0	323	tags=13%, list=2%, signal=14%	
MICROGLIA PATHOGEN PHAGOCYTOSIS PATHWAY%WIKIPATHWAYS_20250810%WP3937%HOMO SAPIENS	MICROGLIA PATHOGEN PHAGOCYTOSIS PATHWAY%WIKIPATHWAYS_20250810%WP3937%HOMO SAPIENS		26	0.47643077	1.2675891	0.16666667	0.52579355	1.0	3888	tags=54%, list=24%, signal=70%	
PID_TAP63_PATHWAY%MSIGDB_C2%PID_TAP63_PATHWAY	PID_TAP63_PATHWAY%MSIGDB_C2%PID_TAP63_PATHWAY		41	0.4351754	1.2674356	0.109014675	0.52561635	1.0	2478	tags=34%, list=15%, signal=40%	
POSITIVE REGULATION OF SMOOTH MUSCLE CELL PROLIFERATION%GOBP%GO:0048661	POSITIVE REGULATION OF SMOOTH MUSCLE CELL PROLIFERATION%GOBP%GO:0048661		42	0.4349146	1.2672421	0.12997903	0.5255828	1.0	5748	tags=55%, list=35%, signal=84%	
POSITIVE REGULATION OF LIPID METABOLIC PROCESS%GOBP%GO:0045834	POSITIVE REGULATION OF LIPID METABOLIC PROCESS%GOBP%GO:0045834		85	0.37831149	1.2670075	0.07621247	0.5256854	1.0	3153	tags=25%, list=19%, signal=30%	
APC C:CDC20 MEDIATED DEGRADATION OF SECURIN%REACTOME DATABASE ID RELEASE 93%174154	APC C:CDC20 MEDIATED DEGRADATION OF SECURIN%REACTOME DATABASE ID RELEASE 93%174154		51	0.4163437	1.2668394	0.08888889	0.5255701	1.0	2844	tags=39%, list=17%, signal=47%	
CELLULAR RESPONSE TO CHEMICAL STRESS%REACTOME%R-HSA-9711123.5	CELLULAR RESPONSE TO CHEMICAL STRESS%REACTOME%R-HSA-9711123.5		168	0.3489213	1.2666589	0.03846154	0.5254908	1.0	4138	tags=46%, list=25%, signal=61%	
2Q13 COPY NUMBER VARIATION SYNDROME%WIKIPATHWAYS_20250810%WP5222%HOMO SAPIENS	2Q13 COPY NUMBER VARIATION SYNDROME%WIKIPATHWAYS_20250810%WP5222%HOMO SAPIENS		35	0.4549065	1.2661382	0.12826087	0.5263951	1.0	2313	tags=23%, list=14%, signal=27%	
SENESCENCE ASSOCIATED SECRETORY PHENOTYPE SASP %WIKIPATHWAYS_20250810%WP3391%HOMO SAPIENS	SENESCENCE ASSOCIATED SECRETORY PHENOTYPE SASP %WIKIPATHWAYS_20250810%WP3391%HOMO SAPIENS		49	0.4197117	1.265992	0.122621566	0.5262214	1.0	3329	tags=35%, list=20%, signal=43%	
ENDOMETRIAL CANCER%WIKIPATHWAYS_20250810%WP4155%HOMO SAPIENS	ENDOMETRIAL CANCER%WIKIPATHWAYS_20250810%WP4155%HOMO SAPIENS		51	0.41720328	1.2658572	0.10492505	0.5259803	1.0	1655	tags=24%, list=10%, signal=26%	
NEGATIVE REGULATION OF CYTOPLASMIC PATTERN RECOGNITION RECEPTOR SIGNALING PATHWAY%GOBP%GO:0039532	NEGATIVE REGULATION OF CYTOPLASMIC PATTERN RECOGNITION RECEPTOR SIGNALING PATHWAY%GOBP%GO:0039532		52	0.41210783	1.265686	0.1	0.52582586	1.0	3211	tags=40%, list=20%, signal=50%	
DEACTIVATION OF THE BETA-CATENIN TRANSACTIVATING COMPLEX%REACTOME%R-HSA-3769402.5	DEACTIVATION OF THE BETA-CATENIN TRANSACTIVATING COMPLEX%REACTOME%R-HSA-3769402.5		39	0.43605605	1.2656709	0.10381356	0.5252198	1.0	3638	tags=41%, list=22%, signal=53%	
CHRONIC HYPERGLYCEMIA IMPAIRMENT OF NEURON FUNCTION%WIKIPATHWAYS_20250810%WP5283%HOMO SAPIENS	CHRONIC HYPERGLYCEMIA IMPAIRMENT OF NEURON FUNCTION%WIKIPATHWAYS_20250810%WP5283%HOMO SAPIENS		30	0.46114758	1.2654675	0.13414635	0.5251726	1.0	3328	tags=33%, list=20%, signal=42%	
REGULATION OF PROTEIN TARGETING%GOBP%GO:1903533	REGULATION OF PROTEIN TARGETING%GOBP%GO:1903533		57	0.40676975	1.265324	0.1	0.52494824	1.0	2942	tags=32%, list=18%, signal=38%	
STATIN INHIBITION OF CHOLESTEROL PRODUCTION%WIKIPATHWAYS_20250810%WP430%HOMO SAPIENS	STATIN INHIBITION OF CHOLESTEROL PRODUCTION%WIKIPATHWAYS_20250810%WP430%HOMO SAPIENS		15	0.5340882	1.2645323	0.16901408	0.5266248	1.0	3616	tags=40%, list=22%, signal=51%	
CXCR4 SIGNALING PATHWAY%SMPDB%SMP0064625	CXCR4 SIGNALING PATHWAY%SMPDB%SMP0064625		20	0.49969184	1.2643636	0.13026053	0.52651167	1.0	708	tags=15%, list=4%, signal=16%	
CHEMOKINE RECEPTORS BIND CHEMOKINES%REACTOME%R-HSA-380108.6	CHEMOKINE RECEPTORS BIND CHEMOKINES%REACTOME%R-HSA-380108.6		35	0.44866657	1.2641631	0.12426036	0.5264197	1.0	6372	tags=63%, list=39%, signal=103%	
VALIDATED TRANSCRIPTIONAL TARGETS OF TAP63 ISOFORMS%PATHWAY INTERACTION DATABASE NCI-NATURE CURATED DATA%VALIDATED TRANSCRIPTIONAL TARGETS OF TAP63 ISOFORMS	VALIDATED TRANSCRIPTIONAL TARGETS OF TAP63 ISOFORMS%PATHWAY INTERACTION DATABASE NCI-NATURE CURATED DATA%VALIDATED TRANSCRIPTIONAL TARGETS OF TAP63 ISOFORMS		51	0.4141811	1.2639402	0.105960265	0.5264644	1.0	2478	tags=29%, list=15%, signal=35%	
BIOCARTA_CARDIACEGF_PATHWAY%MSIGDB_C2%BIOCARTA_CARDIACEGF_PATHWAY	BIOCARTA_CARDIACEGF_PATHWAY%MSIGDB_C2%BIOCARTA_CARDIACEGF_PATHWAY		15	0.5451985	1.2639182	0.19381443	0.5258763	1.0	791	tags=13%, list=5%, signal=14%	
REGULATION OF RUNX3 EXPRESSION AND ACTIVITY%REACTOME%R-HSA-8941858.3	REGULATION OF RUNX3 EXPRESSION AND ACTIVITY%REACTOME%R-HSA-8941858.3		43	0.42847344	1.2637311	0.11804009	0.5257898	1.0	4103	tags=53%, list=25%, signal=71%	
NEGATIVE REGULATION OF ENDOCYTOSIS%GOBP%GO:0045806	NEGATIVE REGULATION OF ENDOCYTOSIS%GOBP%GO:0045806		49	0.41733626	1.2633295	0.12678936	0.5263425	1.0	2699	tags=29%, list=16%, signal=34%	
ASSEMBLY OF THE HIV VIRION%REACTOME DATABASE ID RELEASE 93%175474	ASSEMBLY OF THE HIV VIRION%REACTOME DATABASE ID RELEASE 93%175474		15	0.55420905	1.2632537	0.18934911	0.5259268	1.0	2375	tags=47%, list=14%, signal=55%	
ENDOCRINE PROCESS%GOBP%GO:0050886	ENDOCRINE PROCESS%GOBP%GO:0050886		20	0.50100976	1.2630078	0.18907563	0.52605146	1.0	2658	tags=30%, list=16%, signal=36%	
INSULIN IGF PATHWAY-MITOGEN ACTIVATED PROTEIN KINASE KINASE MAP KINASE CASCADE%PANTHER PATHWAY%P00032	INSULIN IGF PATHWAY-MITOGEN ACTIVATED PROTEIN KINASE KINASE MAP KINASE CASCADE%PANTHER PATHWAY%P00032		25	0.4816747	1.2628725	0.15062761	0.52581066	1.0	417	tags=16%, list=3%, signal=16%	
REGULATION OF STEROID METABOLIC PROCESS%GOBP%GO:0019218	REGULATION OF STEROID METABOLIC PROCESS%GOBP%GO:0019218		61	0.39950943	1.2616546	0.09243698	0.5288584	1.0	3115	tags=23%, list=19%, signal=28%	
PURINE NUCLEOSIDE METABOLIC PROCESS%GOBP%GO:0042278	PURINE NUCLEOSIDE METABOLIC PROCESS%GOBP%GO:0042278		15	0.53784186	1.2616377	0.18623482	0.5282754	1.0	2441	tags=27%, list=15%, signal=31%	
LAMIVUDINE METABOLISM PATHWAY%PATHWHIZ%PW000625	LAMIVUDINE METABOLISM PATHWAY%PATHWHIZ%PW000625		16	0.54170966	1.2615	0.14845361	0.5280437	1.0	2850	tags=31%, list=17%, signal=38%	
PLASMA LIPOPROTEIN PARTICLE CLEARANCE%GOBP%GO:0034381	PLASMA LIPOPROTEIN PARTICLE CLEARANCE%GOBP%GO:0034381		17	0.52011275	1.2614573	0.18067227	0.5275067	1.0	3875	tags=29%, list=24%, signal=38%	
AUTOPHAGY%REACTOME%R-HSA-9612973.4	AUTOPHAGY%REACTOME%R-HSA-9612973.4		124	0.35941082	1.2611853	0.062084258	0.52765137	1.0	1810	tags=21%, list=11%, signal=23%	
LIPID CATABOLIC PROCESS%GOBP%GO:0016042	LIPID CATABOLIC PROCESS%GOBP%GO:0016042		173	0.35071906	1.2611464	0.04255319	0.5271137	1.0	3180	tags=24%, list=19%, signal=30%	
ENDOPLASMIC RETICULUM TO CYTOSOL TRANSPORT%GOBP%GO:1903513	ENDOPLASMIC RETICULUM TO CYTOSOL TRANSPORT%GOBP%GO:1903513		19	0.5014107	1.2609576	0.16221766	0.52709585	1.0	3269	tags=47%, list=20%, signal=59%	
STRESS FIBER ASSEMBLY%GOBP%GO:0043149	STRESS FIBER ASSEMBLY%GOBP%GO:0043149		16	0.5327554	1.2609162	0.18623482	0.5266153	1.0	3497	tags=50%, list=21%, signal=63%	
ACUTE MYELOID LEUKEMIA%WIKIPATHWAYS_20250810%WP5293%HOMO SAPIENS	ACUTE MYELOID LEUKEMIA%WIKIPATHWAYS_20250810%WP5293%HOMO SAPIENS		52	0.41191903	1.2597151	0.1039823	0.5296121	1.0	791	tags=12%, list=5%, signal=12%	
GLYCOPROTEIN CATABOLIC PROCESS%GOBP%GO:0006516	GLYCOPROTEIN CATABOLIC PROCESS%GOBP%GO:0006516		26	0.47722206	1.2594637	0.17270789	0.5297515	1.0	1139	tags=27%, list=7%, signal=29%	
REGULATION OF PROTEIN MATURATION%GOBP%GO:1903317	REGULATION OF PROTEIN MATURATION%GOBP%GO:1903317		34	0.44344267	1.2594426	0.14807302	0.5291828	1.0	2723	tags=32%, list=17%, signal=39%	
RHO GTPASES ACTIVATE PKNS%REACTOME DATABASE ID RELEASE 93%5625740	RHO GTPASES ACTIVATE PKNS%REACTOME DATABASE ID RELEASE 93%5625740		44	0.42138612	1.2586486	0.1097561	0.5308432	1.0	1961	tags=30%, list=12%, signal=33%	
PID_A6B1_A6B4_INTEGRIN_PATHWAY%MSIGDB_C2%PID_A6B1_A6B4_INTEGRIN_PATHWAY	PID_A6B1_A6B4_INTEGRIN_PATHWAY%MSIGDB_C2%PID_A6B1_A6B4_INTEGRIN_PATHWAY		34	0.4488486	1.2586056	0.14529915	0.53034526	1.0	1229	tags=21%, list=7%, signal=22%	
CHOLESTEROL BIOSYNTHESIS%REACTOME DATABASE ID RELEASE 93%191273	CHOLESTEROL BIOSYNTHESIS%REACTOME DATABASE ID RELEASE 93%191273		22	0.49310505	1.2585039	0.17094018	0.5299911	1.0	4647	tags=55%, list=28%, signal=76%	
ODONTOGENESIS%GOBP%GO:0042476	ODONTOGENESIS%GOBP%GO:0042476		37	0.43318936	1.2581327	0.12210526	0.53049934	1.0	4509	tags=41%, list=27%, signal=56%	
CARBOHYDRATE DERIVATIVE TRANSPORT%GOBP%GO:1901264	CARBOHYDRATE DERIVATIVE TRANSPORT%GOBP%GO:1901264		58	0.40443867	1.2578685	0.11088296	0.5306704	1.0	3691	tags=33%, list=22%, signal=42%	
VITAMIN TRANSMEMBRANE TRANSPORT%GOBP%GO:0035461	VITAMIN TRANSMEMBRANE TRANSPORT%GOBP%GO:0035461		15	0.54668355	1.2571082	0.19502075	0.53234726	1.0	3450	tags=40%, list=21%, signal=51%	
INFLAMMATION MEDIATED BY CHEMOKINE AND CYTOKINE SIGNALING PATHWAY%PANTHER PATHWAY%P00031	INFLAMMATION MEDIATED BY CHEMOKINE AND CYTOKINE SIGNALING PATHWAY%PANTHER PATHWAY%P00031		141	0.35585517	1.2570529	0.06550218	0.5319008	1.0	1933	tags=18%, list=12%, signal=21%	
AUTONOMIC NERVOUS SYSTEM DEVELOPMENT%GOBP%GO:0048483	AUTONOMIC NERVOUS SYSTEM DEVELOPMENT%GOBP%GO:0048483		24	0.47699422	1.2567854	0.15271966	0.5320686	1.0	2216	tags=21%, list=14%, signal=24%	
NEGATIVE REGULATION OF COAGULATION%GOBP%GO:0050819	NEGATIVE REGULATION OF COAGULATION%GOBP%GO:0050819		26	0.46997008	1.2558682	0.15537849	0.5341815	1.0	3952	tags=35%, list=24%, signal=46%	
ACTIVATION OF ANTERIOR HOX GENES IN HINDBRAIN DEVELOPMENT DURING EARLY EMBRYOGENESIS%REACTOME DATABASE ID RELEASE 93%5617472	ACTIVATION OF ANTERIOR HOX GENES IN HINDBRAIN DEVELOPMENT DURING EARLY EMBRYOGENESIS%REACTOME DATABASE ID RELEASE 93%5617472		65	0.40214232	1.2552489	0.10300429	0.53546345	1.0	2067	tags=23%, list=13%, signal=26%	
NUCLEAR EVENTS STIMULATED BY ALK SIGNALING IN CANCER%REACTOME DATABASE ID RELEASE 93%9725371	NUCLEAR EVENTS STIMULATED BY ALK SIGNALING IN CANCER%REACTOME DATABASE ID RELEASE 93%9725371		31	0.44946903	1.2550403	0.14285715	0.53539413	1.0	3218	tags=26%, list=20%, signal=32%	
POSITIVE REGULATION OF VIRAL LIFE CYCLE%GOBP%GO:1903902	POSITIVE REGULATION OF VIRAL LIFE CYCLE%GOBP%GO:1903902		18	0.5197145	1.2547599	0.16699411	0.53556764	1.0	2938	tags=50%, list=18%, signal=61%	
SUMOYLATION OF DNA METHYLATION PROTEINS%REACTOME%R-HSA-4655427.5	SUMOYLATION OF DNA METHYLATION PROTEINS%REACTOME%R-HSA-4655427.5		15	0.5313347	1.2547354	0.16973415	0.53501415	1.0	1466	tags=27%, list=9%, signal=29%	
REGULATION OF AEROBIC RESPIRATION%GOBP%GO:1903715	REGULATION OF AEROBIC RESPIRATION%GOBP%GO:1903715		20	0.49838138	1.2547156	0.14403293	0.53442824	1.0	3515	tags=40%, list=21%, signal=51%	
APOPTOTIC FACTOR-MEDIATED RESPONSE%REACTOME DATABASE ID RELEASE 93%111471	APOPTOTIC FACTOR-MEDIATED RESPONSE%REACTOME DATABASE ID RELEASE 93%111471		18	0.5248515	1.2543926	0.17004049	0.5347508	1.0	919	tags=22%, list=6%, signal=24%	
ARACHIDONATE METABOLISM%REACTOME DATABASE ID RELEASE 93%2142753	ARACHIDONATE METABOLISM%REACTOME DATABASE ID RELEASE 93%2142753		38	0.42870057	1.2543479	0.121145375	0.53426653	1.0	3458	tags=34%, list=21%, signal=43%	
FATTY ACID METABOLISM%REACTOME%R-HSA-8978868.7	FATTY ACID METABOLISM%REACTOME%R-HSA-8978868.7		137	0.35146964	1.2542436	0.04783599	0.5339603	1.0	2928	tags=24%, list=18%, signal=29%	
P53-INDEPENDENT G1 S DNA DAMAGE CHECKPOINT%REACTOME DATABASE ID RELEASE 93%69613	P53-INDEPENDENT G1 S DNA DAMAGE CHECKPOINT%REACTOME DATABASE ID RELEASE 93%69613		42	0.4263159	1.2541375	0.12815127	0.533665	1.0	4103	tags=52%, list=25%, signal=70%	
ENDOPLASMIC RETICULUM ORGANIZATION%GOBP%GO:0007029	ENDOPLASMIC RETICULUM ORGANIZATION%GOBP%GO:0007029		76	0.3828714	1.254112	0.0955414	0.5331149	1.0	2448	tags=25%, list=15%, signal=29%	
PRIMARY ALCOHOL METABOLIC PROCESS%GOBP%GO:0034308	PRIMARY ALCOHOL METABOLIC PROCESS%GOBP%GO:0034308		36	0.4437846	1.2540151	0.13771187	0.53279936	1.0	3964	tags=31%, list=24%, signal=40%	
RESPONSE TO HEXOSE%GOBP%GO:0009746	RESPONSE TO HEXOSE%GOBP%GO:0009746		49	0.40809992	1.2532587	0.10273973	0.53433967	1.0	3590	tags=29%, list=22%, signal=36%	
GROWTH FACTORS AND HORMONES IN BETA CELL PROLIFERATION%WIKIPATHWAYS_20250810%WP5385%HOMO SAPIENS	GROWTH FACTORS AND HORMONES IN BETA CELL PROLIFERATION%WIKIPATHWAYS_20250810%WP5385%HOMO SAPIENS		18	0.5064926	1.2528421	0.15505618	0.53506356	1.0	91	tags=11%, list=1%, signal=11%	
PROTEOGLYCAN METABOLIC PROCESS%GOBP%GO:0006029	PROTEOGLYCAN METABOLIC PROCESS%GOBP%GO:0006029		77	0.3819507	1.2525187	0.09339408	0.53545666	1.0	3851	tags=32%, list=23%, signal=42%	
POSITIVE REGULATION OF DNA BINDING%GOBP%GO:0043388	POSITIVE REGULATION OF DNA BINDING%GOBP%GO:0043388		18	0.5047317	1.251619	0.16981132	0.5375294	1.0	3678	tags=33%, list=22%, signal=43%	
NEGATIVE REGULATION OF PLATELET ACTIVATION%GOBP%GO:0010544	NEGATIVE REGULATION OF PLATELET ACTIVATION%GOBP%GO:0010544		15	0.5341135	1.2510774	0.19157895	0.5385443	1.0	4451	tags=40%, list=27%, signal=55%	
NEGATIVE REGULATION OF HEMOSTASIS%GOBP%GO:1900047	NEGATIVE REGULATION OF HEMOSTASIS%GOBP%GO:1900047		24	0.49152723	1.2510734	0.16129032	0.537942	1.0	4451	tags=42%, list=27%, signal=57%	
REGULATION OF STRESS-ACTIVATED PROTEIN KINASE SIGNALING CASCADE%GOBP%GO:0070302	REGULATION OF STRESS-ACTIVATED PROTEIN KINASE SIGNALING CASCADE%GOBP%GO:0070302		28	0.46453366	1.2510356	0.16949153	0.53743225	1.0	2467	tags=32%, list=15%, signal=38%	
DUAL INCISION IN TC-NER%REACTOME%R-HSA-6782135.4	DUAL INCISION IN TC-NER%REACTOME%R-HSA-6782135.4		59	0.39835736	1.2497137	0.11930586	0.54077333	1.0	1692	tags=29%, list=10%, signal=32%	
REGULATION OF GENERATION OF PRECURSOR METABOLITES AND ENERGY%GOBP%GO:0043467	REGULATION OF GENERATION OF PRECURSOR METABOLITES AND ENERGY%GOBP%GO:0043467		85	0.37503332	1.2496839	0.08993576	0.5402326	1.0	3627	tags=31%, list=22%, signal=39%	
PROSTANOID BIOSYNTHETIC PROCESS%GOBP%GO:0046457	PROSTANOID BIOSYNTHETIC PROCESS%GOBP%GO:0046457		15	0.54077786	1.2490222	0.19348268	0.5416433	1.0	1959	tags=33%, list=12%, signal=38%	
REGULATION OF ALPHA-BETA T CELL PROLIFERATION%GOBP%GO:0046640	REGULATION OF ALPHA-BETA T CELL PROLIFERATION%GOBP%GO:0046640		21	0.49685726	1.2486526	0.14168377	0.54208547	1.0	2938	tags=29%, list=18%, signal=35%	
SYNTHESIS OF SUBSTRATES IN N-GLYCAN BIOSYTHESIS%REACTOME DATABASE ID RELEASE 93%446219	SYNTHESIS OF SUBSTRATES IN N-GLYCAN BIOSYTHESIS%REACTOME DATABASE ID RELEASE 93%446219		56	0.40678394	1.2484989	0.10835215	0.5419318	1.0	3714	tags=38%, list=23%, signal=48%	
COLLAGEN DEGRADATION%REACTOME DATABASE ID RELEASE 93%1442490	COLLAGEN DEGRADATION%REACTOME DATABASE ID RELEASE 93%1442490		31	0.45087987	1.2483785	0.16396761	0.54166305	1.0	3869	tags=42%, list=24%, signal=55%	
CARGO RECOGNITION FOR CLATHRIN-MEDIATED ENDOCYTOSIS%REACTOME%R-HSA-8856825.5	CARGO RECOGNITION FOR CLATHRIN-MEDIATED ENDOCYTOSIS%REACTOME%R-HSA-8856825.5		91	0.37138653	1.2476462	0.08390023	0.5433661	1.0	1241	tags=14%, list=8%, signal=15%	
ACETYLCHOLINE RECEPTOR SIGNALING PATHWAY%GOBP%GO:0095500	ACETYLCHOLINE RECEPTOR SIGNALING PATHWAY%GOBP%GO:0095500		22	0.4914185	1.2468331	0.17510548	0.54517287	1.0	2291	tags=23%, list=14%, signal=26%	
CHLORIDE TRANSPORT%GOBP%GO:0006821	CHLORIDE TRANSPORT%GOBP%GO:0006821		65	0.38921392	1.2460285	0.0995671	0.54699594	1.0	2898	tags=25%, list=18%, signal=30%	
POSITIVE REGULATION OF CARBOHYDRATE METABOLIC PROCESS%GOBP%GO:0045913	POSITIVE REGULATION OF CARBOHYDRATE METABOLIC PROCESS%GOBP%GO:0045913		49	0.40854162	1.2454003	0.12053572	0.5483087	1.0	2613	tags=27%, list=16%, signal=31%	
NEGATIVE REGULATION OF RELEASE OF CYTOCHROME C FROM MITOCHONDRIA%GOBP%GO:0090201	NEGATIVE REGULATION OF RELEASE OF CYTOCHROME C FROM MITOCHONDRIA%GOBP%GO:0090201		16	0.52602106	1.2453912	0.19958848	0.5477123	1.0	1933	tags=44%, list=12%, signal=50%	
SIGNALING BY ACTIVIN%REACTOME DATABASE ID RELEASE 93%1502540	SIGNALING BY ACTIVIN%REACTOME DATABASE ID RELEASE 93%1502540		16	0.5318619	1.2450203	0.18128654	0.54823536	1.0	558	tags=25%, list=3%, signal=26%	
G1 S DNA DAMAGE CHECKPOINTS%REACTOME DATABASE ID RELEASE 93%69615	G1 S DNA DAMAGE CHECKPOINTS%REACTOME DATABASE ID RELEASE 93%69615		57	0.40704563	1.2449788	0.13203463	0.5477388	1.0	4103	tags=49%, list=25%, signal=65%	
ACTIVATION OF APC C AND APC C:CDC20 MEDIATED DEGRADATION OF MITOTIC PROTEINS%REACTOME DATABASE ID RELEASE 93%176814	ACTIVATION OF APC C AND APC C:CDC20 MEDIATED DEGRADATION OF MITOTIC PROTEINS%REACTOME DATABASE ID RELEASE 93%176814		59	0.3952214	1.244924	0.13179916	0.5473043	1.0	2844	tags=36%, list=17%, signal=43%	
UCH PROTEINASES%REACTOME%R-HSA-5689603.4	UCH PROTEINASES%REACTOME%R-HSA-5689603.4		68	0.39156872	1.2444794	0.106290676	0.5480699	1.0	2844	tags=35%, list=17%, signal=43%	
IL-7%NETPATH%IL-7	IL-7%NETPATH%IL-7		16	0.51952565	1.2442198	0.16969697	0.54818684	1.0	38	tags=13%, list=0%, signal=13%	
CONTRACTILE ACTIN FILAMENT BUNDLE ASSEMBLY%GOBP%GO:0030038	CONTRACTILE ACTIN FILAMENT BUNDLE ASSEMBLY%GOBP%GO:0030038		16	0.5327554	1.2437905	0.19709544	0.5488745	1.0	3497	tags=50%, list=21%, signal=63%	
PYRIMIDINE DEOXYRIBONUCLEOTIDE METABOLIC PROCESS%GOBP%GO:0009219	PYRIMIDINE DEOXYRIBONUCLEOTIDE METABOLIC PROCESS%GOBP%GO:0009219		21	0.4948504	1.2437804	0.15151516	0.54827356	1.0	3772	tags=43%, list=23%, signal=56%	
ENDOCHONDRAL BONE MORPHOGENESIS%GOBP%GO:0060350	ENDOCHONDRAL BONE MORPHOGENESIS%GOBP%GO:0060350		15	0.5264755	1.2431341	0.1812977	0.54960465	1.0	4630	tags=47%, list=28%, signal=65%	
NEGATIVE REGULATION OF CARBOHYDRATE METABOLIC PROCESS%GOBP%GO:0045912	NEGATIVE REGULATION OF CARBOHYDRATE METABOLIC PROCESS%GOBP%GO:0045912		29	0.45780197	1.2430531	0.14446953	0.5492198	1.0	2617	tags=31%, list=16%, signal=37%	
7 OXO C AND 7 BETA HC PATHWAYS%WIKIPATHWAYS_20250810%WP5064%HOMO SAPIENS	7 OXO C AND 7 BETA HC PATHWAYS%WIKIPATHWAYS_20250810%WP5064%HOMO SAPIENS		17	0.5232791	1.2425933	0.1610338	0.5500363	1.0	5804	tags=65%, list=35%, signal=100%	
UBIQUITIN-MEDIATED DEGRADATION OF PHOSPHORYLATED CDC25A%REACTOME DATABASE ID RELEASE 93%69601	UBIQUITIN-MEDIATED DEGRADATION OF PHOSPHORYLATED CDC25A%REACTOME DATABASE ID RELEASE 93%69601		42	0.4263159	1.2417493	0.11752137	0.5518943	1.0	4103	tags=52%, list=25%, signal=70%	
CELLULAR RESPONSE TO HYPOXIA%REACTOME DATABASE ID RELEASE 93%1234174	CELLULAR RESPONSE TO HYPOXIA%REACTOME DATABASE ID RELEASE 93%1234174		54	0.40642083	1.2414519	0.10947368	0.55221105	1.0	2844	tags=33%, list=17%, signal=40%	
REGULATION OF STRESS-ACTIVATED MAPK CASCADE%GOBP%GO:0032872	REGULATION OF STRESS-ACTIVATED MAPK CASCADE%GOBP%GO:0032872		28	0.46453366	1.2412312	0.14435147	0.5522474	1.0	2467	tags=32%, list=15%, signal=38%	
NEGATIVE REGULATION OF PHOSPHATIDYLINOSITOL 3-KINASE/PROTEIN KINASE B SIGNAL TRANSDUCTION%GOBP%GO:0051898	NEGATIVE REGULATION OF PHOSPHATIDYLINOSITOL 3-KINASE/PROTEIN KINASE B SIGNAL TRANSDUCTION%GOBP%GO:0051898		40	0.43339399	1.2412233	0.15265487	0.55164856	1.0	1815	tags=28%, list=11%, signal=31%	
16P11 2 DISTAL DELETION SYNDROME%WIKIPATHWAYS_20250810%WP4950%HOMO SAPIENS	16P11 2 DISTAL DELETION SYNDROME%WIKIPATHWAYS_20250810%WP4950%HOMO SAPIENS		17	0.5171746	1.24073	0.2081712	0.5525171	1.0	4494	tags=59%, list=27%, signal=81%	
AUTODEGRADATION OF THE E3 UBIQUITIN LIGASE COP1%REACTOME%R-HSA-349425.4	AUTODEGRADATION OF THE E3 UBIQUITIN LIGASE COP1%REACTOME%R-HSA-349425.4		37	0.43989548	1.2406751	0.16135882	0.5520763	1.0	2844	tags=43%, list=17%, signal=52%	
REGULATION OF CELLULAR RESPIRATION%GOBP%GO:0043457	REGULATION OF CELLULAR RESPIRATION%GOBP%GO:0043457		27	0.45650885	1.2402576	0.17697228	0.5527233	1.0	3515	tags=41%, list=21%, signal=52%	
HEPATITIS B INFECTION%WIKIPATHWAYS_20250810%WP4666%HOMO SAPIENS	HEPATITIS B INFECTION%WIKIPATHWAYS_20250810%WP4666%HOMO SAPIENS		107	0.3563183	1.2402322	0.072210066	0.55217576	1.0	1992	tags=21%, list=12%, signal=23%	
DEGRADATION OF BETA-CATENIN BY THE DESTRUCTION COMPLEX%REACTOME%R-HSA-195253.4	DEGRADATION OF BETA-CATENIN BY THE DESTRUCTION COMPLEX%REACTOME%R-HSA-195253.4		67	0.39005685	1.240084	0.11188811	0.5520272	1.0	2844	tags=34%, list=17%, signal=41%	
REGULATION OF MYELOID LEUKOCYTE MEDIATED IMMUNITY%GOBP%GO:0002886	REGULATION OF MYELOID LEUKOCYTE MEDIATED IMMUNITY%GOBP%GO:0002886		30	0.4524287	1.2397238	0.17708333	0.5525302	1.0	4122	tags=43%, list=25%, signal=58%	
CELL RECOGNITION%GOBP%GO:0008037	CELL RECOGNITION%GOBP%GO:0008037		69	0.3875852	1.2392331	0.11453745	0.5533684	1.0	4813	tags=33%, list=29%, signal=47%	
CDC20:PHOSPHO-APC C MEDIATED DEGRADATION OF CYCLIN A%REACTOME DATABASE ID RELEASE 93%174184	CDC20:PHOSPHO-APC C MEDIATED DEGRADATION OF CYCLIN A%REACTOME DATABASE ID RELEASE 93%174184		55	0.3999507	1.2383965	0.105726875	0.55537117	1.0	2844	tags=36%, list=17%, signal=44%	
POSITIVE EPIGENETIC REGULATION OF RRNA EXPRESSION%REACTOME DATABASE ID RELEASE 93%5250913	POSITIVE EPIGENETIC REGULATION OF RRNA EXPRESSION%REACTOME DATABASE ID RELEASE 93%5250913		57	0.40198362	1.238339	0.124726474	0.5549213	1.0	2379	tags=28%, list=14%, signal=33%	
IL8- AND CXCR2-MEDIATED SIGNALING EVENTS%PATHWAY INTERACTION DATABASE NCI-NATURE CURATED DATA%IL8- AND CXCR2-MEDIATED SIGNALING EVENTS	IL8- AND CXCR2-MEDIATED SIGNALING EVENTS%PATHWAY INTERACTION DATABASE NCI-NATURE CURATED DATA%IL8- AND CXCR2-MEDIATED SIGNALING EVENTS		30	0.44943988	1.237829	0.15904139	0.55577695	1.0	4060	tags=43%, list=25%, signal=57%	
EPH-EPHRIN SIGNALING%REACTOME DATABASE ID RELEASE 93%2682334	EPH-EPHRIN SIGNALING%REACTOME DATABASE ID RELEASE 93%2682334		83	0.36983103	1.2376401	0.098434	0.5557552	1.0	2617	tags=30%, list=16%, signal=36%	
POSITIVE REGULATION OF PROTEASOMAL PROTEIN CATABOLIC PROCESS%GOBP%GO:1901800	POSITIVE REGULATION OF PROTEASOMAL PROTEIN CATABOLIC PROCESS%GOBP%GO:1901800		89	0.36670253	1.236933	0.088435374	0.5572579	1.0	2300	tags=29%, list=14%, signal=34%	
ALPHA 6 BETA 4 SIGNALING%WIKIPATHWAYS_20250810%WP244%HOMO SAPIENS	ALPHA 6 BETA 4 SIGNALING%WIKIPATHWAYS_20250810%WP244%HOMO SAPIENS		24	0.46960118	1.2368767	0.1764706	0.556823	1.0	957	tags=21%, list=6%, signal=22%	
RESPONSE TO MONOSACCHARIDE%GOBP%GO:0034284	RESPONSE TO MONOSACCHARIDE%GOBP%GO:0034284		49	0.40809992	1.2368059	0.12337662	0.556419	1.0	3590	tags=29%, list=22%, signal=36%	
SUCCINIC SEMIALDEHYDE DEHYDROGENASE DEFICIENCY%SMPDB%SMP0000567	SUCCINIC SEMIALDEHYDE DEHYDROGENASE DEFICIENCY%SMPDB%SMP0000567		20	0.49112773	1.2359672	0.1746988	0.5584068	1.0	2675	tags=40%, list=16%, signal=48%	
MORPHOGENESIS OF EMBRYONIC EPITHELIUM%GOBP%GO:0016331	MORPHOGENESIS OF EMBRYONIC EPITHELIUM%GOBP%GO:0016331		45	0.41773513	1.2357587	0.14224137	0.55845577	1.0	4256	tags=33%, list=26%, signal=45%	
REGULATION OF SMOOTH MUSCLE CELL PROLIFERATION%GOBP%GO:0048660	REGULATION OF SMOOTH MUSCLE CELL PROLIFERATION%GOBP%GO:0048660		73	0.38053998	1.2354195	0.10964912	0.55887896	1.0	2569	tags=22%, list=16%, signal=26%	
POSITIVE REGULATION OF REACTIVE OXYGEN SPECIES METABOLIC PROCESS%GOBP%GO:2000379	POSITIVE REGULATION OF REACTIVE OXYGEN SPECIES METABOLIC PROCESS%GOBP%GO:2000379		43	0.41818982	1.2353632	0.1513158	0.55842435	1.0	4126	tags=37%, list=25%, signal=50%	
ALPHA-SYNUCLEIN SIGNALING%PATHWAY INTERACTION DATABASE NCI-NATURE CURATED DATA%ALPHA-SYNUCLEIN SIGNALING	ALPHA-SYNUCLEIN SIGNALING%PATHWAY INTERACTION DATABASE NCI-NATURE CURATED DATA%ALPHA-SYNUCLEIN SIGNALING		27	0.45755923	1.2350647	0.16666667	0.5586704	1.0	1025	tags=15%, list=6%, signal=16%	
LYMPHOCYTE COSTIMULATION%GOBP%GO:0031294	LYMPHOCYTE COSTIMULATION%GOBP%GO:0031294		33	0.44143358	1.2345176	0.14065935	0.5596592	1.0	2412	tags=27%, list=15%, signal=32%	
COMPLEX IV ASSEMBLY%REACTOME%R-HSA-9864848.2	COMPLEX IV ASSEMBLY%REACTOME%R-HSA-9864848.2		35	0.43842763	1.2342961	0.16460906	0.5596895	1.0	4171	tags=60%, list=25%, signal=80%	
5Q35 COPY NUMBER VARIATION%WIKIPATHWAYS_20250810%WP5380%HOMO SAPIENS	5Q35 COPY NUMBER VARIATION%WIKIPATHWAYS_20250810%WP5380%HOMO SAPIENS		70	0.38496026	1.2340045	0.11738149	0.55997086	1.0	4139	tags=44%, list=25%, signal=59%	
ADHERENS JUNCTION ORGANIZATION%GOBP%GO:0034332	ADHERENS JUNCTION ORGANIZATION%GOBP%GO:0034332		39	0.43625283	1.2338403	0.15717539	0.5598226	1.0	939	tags=10%, list=6%, signal=11%	
HOMOCARNOSINOSIS%SMPDB%SMP0000385	HOMOCARNOSINOSIS%SMPDB%SMP0000385		20	0.49112773	1.2333204	0.1812227	0.56077796	1.0	2675	tags=40%, list=16%, signal=48%	
RETROGRADE PROTEIN TRANSPORT, ER TO CYTOSOL%GOBP%GO:0030970	RETROGRADE PROTEIN TRANSPORT, ER TO CYTOSOL%GOBP%GO:0030970		19	0.5014107	1.2331557	0.20245399	0.5607181	1.0	3269	tags=47%, list=20%, signal=59%	
EPO%IOB%EPO	EPO%IOB%EPO		23	0.4720947	1.2330215	0.16962525	0.56052655	1.0	38	tags=9%, list=0%, signal=9%	
NEGATIVE REGULATION OF PHOSPHORUS METABOLIC PROCESS%GOBP%GO:0010563	NEGATIVE REGULATION OF PHOSPHORUS METABOLIC PROCESS%GOBP%GO:0010563		125	0.3502342	1.2328869	0.089655176	0.56032014	1.0	1670	tags=17%, list=10%, signal=19%	
VEGFR2 MEDIATED CELL PROLIFERATION%REACTOME DATABASE ID RELEASE 93%5218921	VEGFR2 MEDIATED CELL PROLIFERATION%REACTOME DATABASE ID RELEASE 93%5218921		16	0.5200275	1.23284	0.19721116	0.55986583	1.0	1780	tags=31%, list=11%, signal=35%	
PROTEIN INSERTION INTO MITOCHONDRIAL INNER MEMBRANE%GOBP%GO:0045039	PROTEIN INSERTION INTO MITOCHONDRIAL INNER MEMBRANE%GOBP%GO:0045039		16	0.52068895	1.2327876	0.1969112	0.5594249	1.0	3498	tags=63%, list=21%, signal=79%	
DEREGULATED CDK5 TRIGGERS MULTIPLE NEURODEGENERATIVE PATHWAYS IN ALZHEIMER'S DISEASE MODELS%REACTOME DATABASE ID RELEASE 93%8862803	DEREGULATED CDK5 TRIGGERS MULTIPLE NEURODEGENERATIVE PATHWAYS IN ALZHEIMER'S DISEASE MODELS%REACTOME DATABASE ID RELEASE 93%8862803		17	0.5143282	1.232637	0.18787879	0.55923265	1.0	1981	tags=29%, list=12%, signal=33%	
REGULATION OF VASCULAR ENDOTHELIAL CELL PROLIFERATION%GOBP%GO:1905562	REGULATION OF VASCULAR ENDOTHELIAL CELL PROLIFERATION%GOBP%GO:1905562		18	0.49618906	1.2315857	0.1977528	0.561861	1.0	693	tags=11%, list=4%, signal=12%	
POSITIVE REGULATION OF TORC1 SIGNALING%GOBP%GO:1904263	POSITIVE REGULATION OF TORC1 SIGNALING%GOBP%GO:1904263		50	0.40606642	1.2315782	0.13347022	0.56126606	1.0	2490	tags=34%, list=15%, signal=40%	
ESTABLISHMENT OF EPITHELIAL CELL POLARITY%GOBP%GO:0090162	ESTABLISHMENT OF EPITHELIAL CELL POLARITY%GOBP%GO:0090162		16	0.52228683	1.2315376	0.19916143	0.5608029	1.0	1575	tags=25%, list=10%, signal=28%	
GLUTAMATE METABOLISM%PATHWHIZ%PW000003	GLUTAMATE METABOLISM%PATHWHIZ%PW000003		20	0.49112773	1.2315292	0.17573221	0.56022507	1.0	2675	tags=40%, list=16%, signal=48%	
TRIGLYCERIDE METABOLIC PROCESS%GOBP%GO:0006641	TRIGLYCERIDE METABOLIC PROCESS%GOBP%GO:0006641		37	0.43355042	1.2310479	0.12025317	0.56114775	1.0	4243	tags=30%, list=26%, signal=40%	
NUCLEOSIDE PHOSPHATE CATABOLIC PROCESS%GOBP%GO:1901292	NUCLEOSIDE PHOSPHATE CATABOLIC PROCESS%GOBP%GO:1901292		87	0.37252975	1.2309825	0.10660981	0.56073046	1.0	4262	tags=39%, list=26%, signal=53%	
NEGATIVE REGULATION OF PHOSPHATE METABOLIC PROCESS%GOBP%GO:0045936	NEGATIVE REGULATION OF PHOSPHATE METABOLIC PROCESS%GOBP%GO:0045936		125	0.3502342	1.2309692	0.077951	0.5601628	1.0	1670	tags=17%, list=10%, signal=19%	
RRNA MODIFICATION%GOBP%GO:0000154	RRNA MODIFICATION%GOBP%GO:0000154		27	0.4605513	1.2308939	0.1814346	0.559771	1.0	3428	tags=52%, list=21%, signal=65%	
TRANSCRIPTION BY RNA POLYMERASE I%GOBP%GO:0006360	TRANSCRIPTION BY RNA POLYMERASE I%GOBP%GO:0006360		21	0.49165437	1.230299	0.174	0.5610048	1.0	645	tags=19%, list=4%, signal=20%	
2-HYDROXYGLUTRIC ACIDURIA (D AND L FORM)%SMPDB%SMP0000136	2-HYDROXYGLUTRIC ACIDURIA (D AND L FORM)%SMPDB%SMP0000136		20	0.49112773	1.229753	0.20675944	0.5620776	1.0	2675	tags=40%, list=16%, signal=48%	
MELANOSOME ORGANIZATION%GOBP%GO:0032438	MELANOSOME ORGANIZATION%GOBP%GO:0032438		32	0.4424959	1.2296062	0.16566867	0.56191456	1.0	2543	tags=38%, list=15%, signal=44%	
PROTEIN FOLDING%REACTOME DATABASE ID RELEASE 93%391251	PROTEIN FOLDING%REACTOME DATABASE ID RELEASE 93%391251		80	0.37562394	1.229217	0.10930233	0.56247294	1.0	2996	tags=28%, list=18%, signal=33%	
RNA POLYMERASE III CHAIN ELONGATION%REACTOME DATABASE ID RELEASE 93%73780	RNA POLYMERASE III CHAIN ELONGATION%REACTOME DATABASE ID RELEASE 93%73780		18	0.51301163	1.2287635	0.1923077	0.5631897	1.0	4850	tags=67%, list=30%, signal=95%	
REGULATION OF RECEPTOR RECYCLING%GOBP%GO:0001919	REGULATION OF RECEPTOR RECYCLING%GOBP%GO:0001919		17	0.503561	1.2280084	0.18736842	0.5648947	1.0	2342	tags=24%, list=14%, signal=27%	
BIOCARTA_MAPK_PATHWAY%MSIGDB_C2%BIOCARTA_MAPK_PATHWAY	BIOCARTA_MAPK_PATHWAY%MSIGDB_C2%BIOCARTA_MAPK_PATHWAY		66	0.38356218	1.2275982	0.12061404	0.5654986	1.0	2490	tags=26%, list=15%, signal=30%	
FATTY ACID AND LIPOPROTEIN TRANSPORT IN HEPATOCYTES%WIKIPATHWAYS_20250810%WP5323%HOMO SAPIENS	FATTY ACID AND LIPOPROTEIN TRANSPORT IN HEPATOCYTES%WIKIPATHWAYS_20250810%WP5323%HOMO SAPIENS		21	0.48148683	1.2275696	0.18257262	0.56498367	1.0	4020	tags=38%, list=24%, signal=50%	
MITOCHONDRIAL TRANSPORT%GOBP%GO:0006839	MITOCHONDRIAL TRANSPORT%GOBP%GO:0006839		59	0.3935203	1.2274965	0.1388889	0.5645659	1.0	2771	tags=29%, list=17%, signal=35%	
SECONDARY ALCOHOL BIOSYNTHETIC PROCESS%GOBP%GO:1902653	SECONDARY ALCOHOL BIOSYNTHETIC PROCESS%GOBP%GO:1902653		25	0.46053818	1.2274052	0.19246861	0.5641959	1.0	4647	tags=52%, list=28%, signal=72%	
TRANSCRIPTION-COUPLED NUCLEOTIDE EXCISION REPAIR (TC-NER)%REACTOME%R-HSA-6781827.3	TRANSCRIPTION-COUPLED NUCLEOTIDE EXCISION REPAIR (TC-NER)%REACTOME%R-HSA-6781827.3		72	0.37938768	1.2270906	0.121276595	0.5645312	1.0	1692	tags=28%, list=10%, signal=31%	
POSITIVE REGULATION OF VASCULAR ENDOTHELIAL GROWTH FACTOR PRODUCTION%GOBP%GO:0010575	POSITIVE REGULATION OF VASCULAR ENDOTHELIAL GROWTH FACTOR PRODUCTION%GOBP%GO:0010575		22	0.47549206	1.2264985	0.21784233	0.56572855	1.0	1809	tags=18%, list=11%, signal=20%	
MITOTIC CYTOKINETIC PROCESS%GOBP%GO:1902410	MITOTIC CYTOKINETIC PROCESS%GOBP%GO:1902410		28	0.45991158	1.2262563	0.16352202	0.56584513	1.0	2922	tags=43%, list=18%, signal=52%	
REGULATION OF EARLY ENDOSOME TO LATE ENDOSOME TRANSPORT%GOBP%GO:2000641	REGULATION OF EARLY ENDOSOME TO LATE ENDOSOME TRANSPORT%GOBP%GO:2000641		19	0.49208647	1.2251935	0.17316018	0.56849474	1.0	2412	tags=42%, list=15%, signal=49%	
HYPERINSULINISM-HYPERAMMONEMIA SYNDROME%PATHWHIZ%PW000072	HYPERINSULINISM-HYPERAMMONEMIA SYNDROME%PATHWHIZ%PW000072		20	0.49112773	1.2248161	0.19123507	0.5690641	1.0	2675	tags=40%, list=16%, signal=48%	
REGULATION OF GRANULOCYTE CHEMOTAXIS%GOBP%GO:0071622	REGULATION OF GRANULOCYTE CHEMOTAXIS%GOBP%GO:0071622		39	0.42363408	1.2246345	0.15778251	0.5689668	1.0	3153	tags=21%, list=19%, signal=25%	
POSITIVE REGULATION OF EXOCYTOSIS%GOBP%GO:0045921	POSITIVE REGULATION OF EXOCYTOSIS%GOBP%GO:0045921		59	0.38884625	1.2241393	0.12790698	0.56995386	1.0	2228	tags=25%, list=14%, signal=29%	
REGULATION OF TOLL-LIKE RECEPTOR SIGNALING PATHWAY%GOBP%GO:0034121	REGULATION OF TOLL-LIKE RECEPTOR SIGNALING PATHWAY%GOBP%GO:0034121		26	0.46296206	1.2241384	0.20594479	0.56934816	1.0	744	tags=15%, list=5%, signal=16%	
REGULATION OF TOR SIGNALING%GOBP%GO:0032006	REGULATION OF TOR SIGNALING%GOBP%GO:0032006		134	0.34413993	1.2239732	0.072769955	0.5692581	1.0	2777	tags=31%, list=17%, signal=37%	
4-HYDROXYBUTYRIC ACIDURIA SUCCINIC SEMIALDEHYDE DEHYDROGENASE DEFICIENCY%SMPDB%SMP0000243	4-HYDROXYBUTYRIC ACIDURIA SUCCINIC SEMIALDEHYDE DEHYDROGENASE DEFICIENCY%SMPDB%SMP0000243		20	0.49112773	1.2237942	0.19077568	0.5692571	1.0	2675	tags=40%, list=16%, signal=48%	
SIGNALING BY NOTCH4%REACTOME DATABASE ID RELEASE 93%9013694	SIGNALING BY NOTCH4%REACTOME DATABASE ID RELEASE 93%9013694		66	0.38403696	1.2235962	0.10835215	0.5692213	1.0	4103	tags=45%, list=25%, signal=60%	
REGULATION OF MUSCLE CONTRACTION%GOBP%GO:0006937	REGULATION OF MUSCLE CONTRACTION%GOBP%GO:0006937		92	0.36346984	1.2230932	0.097949885	0.5702201	1.0	884	tags=14%, list=5%, signal=15%	
B CELL ACTIVATION%PANTHER PATHWAY%P00010	B CELL ACTIVATION%PANTHER PATHWAY%P00010		52	0.39636087	1.2229987	0.14096916	0.5698871	1.0	1639	tags=17%, list=10%, signal=19%	
UBIQUITIN-DEPENDENT DEGRADATION OF CYCLIN D%REACTOME DATABASE ID RELEASE 93%75815	UBIQUITIN-DEPENDENT DEGRADATION OF CYCLIN D%REACTOME DATABASE ID RELEASE 93%75815		37	0.43099856	1.2227212	0.1487069	0.5701984	1.0	2844	tags=43%, list=17%, signal=52%	
REGULATION OF CENTROSOME CYCLE%GOBP%GO:0046605	REGULATION OF CENTROSOME CYCLE%GOBP%GO:0046605		44	0.41279924	1.2221259	0.16403162	0.57142985	1.0	1771	tags=25%, list=11%, signal=28%	
REGULATION OF LEUKOCYTE APOPTOTIC PROCESS%GOBP%GO:2000106	REGULATION OF LEUKOCYTE APOPTOTIC PROCESS%GOBP%GO:2000106		46	0.40918043	1.2220976	0.1619256	0.5709027	1.0	2425	tags=26%, list=15%, signal=31%	
DIACYLGLYCEROL METABOLIC PROCESS%GOBP%GO:0046339	DIACYLGLYCEROL METABOLIC PROCESS%GOBP%GO:0046339		20	0.48299763	1.2217742	0.20860215	0.5712695	1.0	4762	tags=50%, list=29%, signal=70%	
REGULATION OF STEM CELL DIFFERENTIATION%GOBP%GO:2000736	REGULATION OF STEM CELL DIFFERENTIATION%GOBP%GO:2000736		57	0.3916838	1.2217304	0.14915967	0.570817	1.0	2158	tags=18%, list=13%, signal=20%	
CYTOSOLIC SENSORS OF PATHOGEN-ASSOCIATED DNA%REACTOME%R-HSA-1834949.6	CYTOSOLIC SENSORS OF PATHOGEN-ASSOCIATED DNA%REACTOME%R-HSA-1834949.6		60	0.38831434	1.2212607	0.15711252	0.5716421	1.0	3247	tags=40%, list=20%, signal=50%	
HALLMARK_WNT_BETA_CATENIN_SIGNALING%MSIGDBHALLMARK%HALLMARK_WNT_BETA_CATENIN_SIGNALING	HALLMARK_WNT_BETA_CATENIN_SIGNALING%MSIGDBHALLMARK%HALLMARK_WNT_BETA_CATENIN_SIGNALING		27	0.4618646	1.2208735	0.16411379	0.5721862	1.0	3878	tags=33%, list=24%, signal=44%	
ONCOGENIC MAPK SIGNALING%REACTOME DATABASE ID RELEASE 93%6802957	ONCOGENIC MAPK SIGNALING%REACTOME DATABASE ID RELEASE 93%6802957		73	0.37040886	1.2206197	0.13513513	0.5723499	1.0	845	tags=15%, list=5%, signal=16%	
NEURODEGENERATIVE DISEASES%REACTOME DATABASE ID RELEASE 93%8863678	NEURODEGENERATIVE DISEASES%REACTOME DATABASE ID RELEASE 93%8863678		17	0.5143282	1.2202634	0.19284295	0.57285386	1.0	1981	tags=29%, list=12%, signal=33%	
HALLMARK_INTERFERON_GAMMA_RESPONSE%MSIGDBHALLMARK%HALLMARK_INTERFERON_GAMMA_RESPONSE	HALLMARK_INTERFERON_GAMMA_RESPONSE%MSIGDBHALLMARK%HALLMARK_INTERFERON_GAMMA_RESPONSE		155	0.3365051	1.2199268	0.07192575	0.57326	1.0	3206	tags=22%, list=20%, signal=27%	
RAF-INDEPENDENT MAPK1 3 ACTIVATION%REACTOME DATABASE ID RELEASE 93%112409	RAF-INDEPENDENT MAPK1 3 ACTIVATION%REACTOME DATABASE ID RELEASE 93%112409		20	0.49031273	1.2199018	0.18012422	0.57275045	1.0	2729	tags=35%, list=17%, signal=42%	
MIR TARGETED GENES IN LEUKOCYTES%WIKIPATHWAYS_20250810%WP2003%HOMO SAPIENS	MIR TARGETED GENES IN LEUKOCYTES%WIKIPATHWAYS_20250810%WP2003%HOMO SAPIENS		98	0.36012498	1.2197556	0.111856826	0.57261753	1.0	3500	tags=34%, list=21%, signal=43%	
VIRAL PROCESS%GOBP%GO:0016032	VIRAL PROCESS%GOBP%GO:0016032		149	0.34065056	1.2197459	0.0883721	0.5720423	1.0	2426	tags=25%, list=15%, signal=29%	
MONOCARBOXYLIC ACID BIOSYNTHETIC PROCESS%GOBP%GO:0072330	MONOCARBOXYLIC ACID BIOSYNTHETIC PROCESS%GOBP%GO:0072330		100	0.36325726	1.2194673	0.096491225	0.5722604	1.0	2128	tags=18%, list=13%, signal=21%	
CYCLIC NUCLEOTIDE METABOLIC PROCESS%GOBP%GO:0009187	CYCLIC NUCLEOTIDE METABOLIC PROCESS%GOBP%GO:0009187		21	0.47771427	1.218544	0.18860511	0.5744745	1.0	4788	tags=52%, list=29%, signal=74%	
REGULATION OF INTERLEUKIN-17 PRODUCTION%GOBP%GO:0032660	REGULATION OF INTERLEUKIN-17 PRODUCTION%GOBP%GO:0032660		22	0.4787373	1.2181885	0.1988417	0.57495224	1.0	1809	tags=23%, list=11%, signal=26%	
TRANSCRIPTIONAL REGULATION BY RUNX3%REACTOME%R-HSA-8878159.4	TRANSCRIPTIONAL REGULATION BY RUNX3%REACTOME%R-HSA-8878159.4		83	0.36091173	1.2171901	0.10822511	0.5774391	1.0	4103	tags=41%, list=25%, signal=54%	
PARKINSON 39 S DISEASE PATHWAY%WIKIPATHWAYS_20250810%WP2371%HOMO SAPIENS	PARKINSON 39 S DISEASE PATHWAY%WIKIPATHWAYS_20250810%WP2371%HOMO SAPIENS		29	0.44193378	1.2170644	0.16632444	0.5772147	1.0	3513	tags=38%, list=21%, signal=48%	
REGULATION OF SYSTEMIC ARTERIAL BLOOD PRESSURE BY HORMONE%GOBP%GO:0001990	REGULATION OF SYSTEMIC ARTERIAL BLOOD PRESSURE BY HORMONE%GOBP%GO:0001990		17	0.4994608	1.21674	0.20724346	0.57757926	1.0	2658	tags=29%, list=16%, signal=35%	
SECONDARY ALCOHOL METABOLIC PROCESS%GOBP%GO:1902652	SECONDARY ALCOHOL METABOLIC PROCESS%GOBP%GO:1902652		60	0.381235	1.2159455	0.12159329	0.579423	1.0	1608	tags=18%, list=10%, signal=20%	
MITOCHONDRIAL GENE EXPRESSION%GOBP%GO:0140053	MITOCHONDRIAL GENE EXPRESSION%GOBP%GO:0140053		132	0.3397765	1.2155643	0.08222222	0.57998216	1.0	2604	tags=28%, list=16%, signal=33%	
APOPTOTIC MITOCHONDRIAL CHANGES%GOBP%GO:0008637	APOPTOTIC MITOCHONDRIAL CHANGES%GOBP%GO:0008637		37	0.41866022	1.2151096	0.164	0.5808003	1.0	2251	tags=24%, list=14%, signal=28%	
MAPK6 MAPK4 SIGNALING%REACTOME%R-HSA-5687128.5	MAPK6 MAPK4 SIGNALING%REACTOME%R-HSA-5687128.5		71	0.377406	1.2147049	0.1330377	0.5814558	1.0	2844	tags=28%, list=17%, signal=34%	
PYRUVATE METABOLISM%REACTOME%R-HSA-70268.10	PYRUVATE METABOLISM%REACTOME%R-HSA-70268.10		41	0.4144359	1.214614	0.16122448	0.5811434	1.0	1369	tags=22%, list=8%, signal=24%	
REGULATION OF ENDOTHELIAL CELL MIGRATION%GOBP%GO:0010594	REGULATION OF ENDOTHELIAL CELL MIGRATION%GOBP%GO:0010594		136	0.34261137	1.2142049	0.09425288	0.5817356	1.0	3916	tags=29%, list=24%, signal=38%	
REGULATION OF CYTOPLASMIC AND NUCLEAR SMAD2 3 SIGNALING%PATHWAY INTERACTION DATABASE NCI-NATURE CURATED DATA%REGULATION OF CYTOPLASMIC AND NUCLEAR SMAD2 3 SIGNALING	REGULATION OF CYTOPLASMIC AND NUCLEAR SMAD2 3 SIGNALING%PATHWAY INTERACTION DATABASE NCI-NATURE CURATED DATA%REGULATION OF CYTOPLASMIC AND NUCLEAR SMAD2 3 SIGNALING		18	0.5035342	1.2137421	0.19639279	0.58254856	1.0	934	tags=28%, list=6%, signal=29%	
MACROPHAGE ACTIVATION%GOBP%GO:0042116	MACROPHAGE ACTIVATION%GOBP%GO:0042116		32	0.4290565	1.2135398	0.18199609	0.5825445	1.0	895	tags=16%, list=5%, signal=16%	
AORTA MORPHOGENESIS%GOBP%GO:0035909	AORTA MORPHOGENESIS%GOBP%GO:0035909		21	0.47206917	1.213383	0.20283976	0.582454	1.0	3567	tags=33%, list=22%, signal=43%	
REGULATION OF APC C ACTIVATORS BETWEEN G1 S AND EARLY ANAPHASE%REACTOME DATABASE ID RELEASE 93%176408	REGULATION OF APC C ACTIVATORS BETWEEN G1 S AND EARLY ANAPHASE%REACTOME DATABASE ID RELEASE 93%176408		63	0.3817229	1.213277	0.14377682	0.58215964	1.0	2844	tags=35%, list=17%, signal=42%	
PIGMENT GRANULE ORGANIZATION%GOBP%GO:0048753	PIGMENT GRANULE ORGANIZATION%GOBP%GO:0048753		32	0.4424959	1.2132497	0.16702355	0.5816425	1.0	2543	tags=38%, list=15%, signal=44%	
BIOCARTA_TCR_PATHWAY%MSIGDB_C2%BIOCARTA_TCR_PATHWAY	BIOCARTA_TCR_PATHWAY%MSIGDB_C2%BIOCARTA_TCR_PATHWAY		34	0.4265155	1.2129499	0.16194332	0.5820075	1.0	957	tags=15%, list=6%, signal=16%	
CHLORIDE TRANSMEMBRANE TRANSPORT%GOBP%GO:1902476	CHLORIDE TRANSMEMBRANE TRANSPORT%GOBP%GO:1902476		52	0.40087253	1.2124211	0.15366973	0.58312464	1.0	2898	tags=25%, list=18%, signal=30%	
BETA-CATENIN INDEPENDENT WNT SIGNALING%REACTOME%R-HSA-3858494.5	BETA-CATENIN INDEPENDENT WNT SIGNALING%REACTOME%R-HSA-3858494.5		116	0.34872478	1.211922	0.08189655	0.5840646	1.0	4103	tags=35%, list=25%, signal=47%	
POSITIVE REGULATION OF PROTEIN LOCALIZATION TO NUCLEUS%GOBP%GO:1900182	POSITIVE REGULATION OF PROTEIN LOCALIZATION TO NUCLEUS%GOBP%GO:1900182		64	0.38216653	1.211772	0.13695653	0.58395326	1.0	2727	tags=31%, list=17%, signal=37%	
MELANOMA%WIKIPATHWAYS_20250810%WP4685%HOMO SAPIENS	MELANOMA%WIKIPATHWAYS_20250810%WP4685%HOMO SAPIENS		50	0.393383	1.2115797	0.12556054	0.5839402	1.0	1655	tags=22%, list=10%, signal=24%	
REGULATION OF ANGIOGENESIS%GOBP%GO:0045765	REGULATION OF ANGIOGENESIS%GOBP%GO:0045765		193	0.32665312	1.2115229	0.040767387	0.58351535	1.0	3141	tags=24%, list=19%, signal=29%	
ESTABLISHMENT OF PROTEIN LOCALIZATION TO MEMBRANE%GOBP%GO:0090150	ESTABLISHMENT OF PROTEIN LOCALIZATION TO MEMBRANE%GOBP%GO:0090150		176	0.32997885	1.2111149	0.07311321	0.5842088	1.0	2968	tags=31%, list=18%, signal=37%	
BIOCARTA_IL2_PATHWAY%MSIGDB_C2%BIOCARTA_IL2_PATHWAY	BIOCARTA_IL2_PATHWAY%MSIGDB_C2%BIOCARTA_IL2_PATHWAY		17	0.51111645	1.2107518	0.20127119	0.58469015	1.0	67	tags=12%, list=0%, signal=12%	
POSITIVE REGULATION OF MONONUCLEAR CELL MIGRATION%GOBP%GO:0071677	POSITIVE REGULATION OF MONONUCLEAR CELL MIGRATION%GOBP%GO:0071677		65	0.3764031	1.2104046	0.13656388	0.5851928	1.0	2938	tags=25%, list=18%, signal=30%	
PROSTANOID METABOLIC PROCESS%GOBP%GO:0006692	PROSTANOID METABOLIC PROCESS%GOBP%GO:0006692		23	0.47126397	1.210121	0.1987705	0.5854991	1.0	1959	tags=22%, list=12%, signal=25%	
CYCLIN E ASSOCIATED EVENTS DURING G1 S TRANSITION%REACTOME%R-HSA-69202.5	CYCLIN E ASSOCIATED EVENTS DURING G1 S TRANSITION%REACTOME%R-HSA-69202.5		69	0.3765417	1.2098409	0.15948276	0.58580464	1.0	3354	tags=35%, list=20%, signal=44%	
REGULATION OF BLOOD VESSEL ENDOTHELIAL CELL MIGRATION%GOBP%GO:0043535	REGULATION OF BLOOD VESSEL ENDOTHELIAL CELL MIGRATION%GOBP%GO:0043535		78	0.36796263	1.2092143	0.104347825	0.58718973	1.0	3165	tags=31%, list=19%, signal=38%	
NEGATIVE REGULATION OF NEURON APOPTOTIC PROCESS%GOBP%GO:0043524	NEGATIVE REGULATION OF NEURON APOPTOTIC PROCESS%GOBP%GO:0043524		67	0.3773663	1.2090989	0.15261959	0.58692247	1.0	3455	tags=27%, list=21%, signal=34%	
ENDOPLASMIC RETICULUM CALCIUM ION HOMEOSTASIS%GOBP%GO:0032469	ENDOPLASMIC RETICULUM CALCIUM ION HOMEOSTASIS%GOBP%GO:0032469		18	0.500519	1.2083143	0.21825397	0.5888682	1.0	1836	tags=28%, list=11%, signal=31%	
TP53 REGULATES TRANSCRIPTION OF DNA REPAIR GENES%REACTOME%R-HSA-6796648.5	TP53 REGULATES TRANSCRIPTION OF DNA REPAIR GENES%REACTOME%R-HSA-6796648.5		58	0.38537943	1.2078261	0.13225058	0.5897667	1.0	1869	tags=24%, list=11%, signal=27%	
A6B1 AND A6B4 INTEGRIN SIGNALING%PATHWAY INTERACTION DATABASE NCI-NATURE CURATED DATA%A6B1 AND A6B4 INTEGRIN SIGNALING	A6B1 AND A6B4 INTEGRIN SIGNALING%PATHWAY INTERACTION DATABASE NCI-NATURE CURATED DATA%A6B1 AND A6B4 INTEGRIN SIGNALING		42	0.41312915	1.2077879	0.15742794	0.58929276	1.0	1261	tags=19%, list=8%, signal=21%	
NEGATIVE REGULATION OF INFLAMMASOME-MEDIATED SIGNALING PATHWAY%GOBP%GO:0141086	NEGATIVE REGULATION OF INFLAMMASOME-MEDIATED SIGNALING PATHWAY%GOBP%GO:0141086		15	0.5262421	1.2077014	0.22928709	0.58895403	1.0	3014	tags=60%, list=18%, signal=73%	
APC:CDC20 MEDIATED DEGRADATION OF CELL CYCLE PROTEINS PRIOR TO SATISFATION OF THE CELL CYCLE CHECKPOINT%REACTOME DATABASE ID RELEASE 93%179419	APC:CDC20 MEDIATED DEGRADATION OF CELL CYCLE PROTEINS PRIOR TO SATISFATION OF THE CELL CYCLE CHECKPOINT%REACTOME DATABASE ID RELEASE 93%179419		56	0.3923378	1.2076108	0.15170941	0.5886546	1.0	2844	tags=36%, list=17%, signal=43%	
SIGNALING EVENTS MEDIATED BY PRL%PATHWAY INTERACTION DATABASE NCI-NATURE CURATED DATA%SIGNALING EVENTS MEDIATED BY PRL	SIGNALING EVENTS MEDIATED BY PRL%PATHWAY INTERACTION DATABASE NCI-NATURE CURATED DATA%SIGNALING EVENTS MEDIATED BY PRL		23	0.47337878	1.207413	0.18518518	0.58865106	1.0	1168	tags=30%, list=7%, signal=33%	
NUCLEAR ENVELOPE ORGANIZATION%GOBP%GO:0006998	NUCLEAR ENVELOPE ORGANIZATION%GOBP%GO:0006998		47	0.4020087	1.2071214	0.18201284	0.5889749	1.0	2905	tags=30%, list=18%, signal=36%	
ACTIVATED NOTCH1 TRANSMITS SIGNAL TO THE NUCLEUS%REACTOME DATABASE ID RELEASE 93%2122948	ACTIVATED NOTCH1 TRANSMITS SIGNAL TO THE NUCLEUS%REACTOME DATABASE ID RELEASE 93%2122948		28	0.45026606	1.2067266	0.20895523	0.5896208	1.0	3974	tags=54%, list=24%, signal=71%	
LKB1 SIGNALING EVENTS%PATHWAY INTERACTION DATABASE NCI-NATURE CURATED DATA%LKB1 SIGNALING EVENTS	LKB1 SIGNALING EVENTS%PATHWAY INTERACTION DATABASE NCI-NATURE CURATED DATA%LKB1 SIGNALING EVENTS		37	0.42559263	1.2062354	0.17768595	0.59058136	1.0	1983	tags=24%, list=12%, signal=28%	
RESPONSE TO GROWTH HORMONE%GOBP%GO:0060416	RESPONSE TO GROWTH HORMONE%GOBP%GO:0060416		19	0.4925071	1.206216	0.2037037	0.59005874	1.0	1933	tags=21%, list=12%, signal=24%	
NEGATIVE REGULATION OF SMAD PROTEIN SIGNAL TRANSDUCTION%GOBP%GO:0060392	NEGATIVE REGULATION OF SMAD PROTEIN SIGNAL TRANSDUCTION%GOBP%GO:0060392		19	0.48087206	1.2056202	0.20750988	0.5913424	1.0	2740	tags=26%, list=17%, signal=32%	
SYNAPTIC VESICLE TRANSPORT%GOBP%GO:0048489	SYNAPTIC VESICLE TRANSPORT%GOBP%GO:0048489		33	0.43386987	1.2055901	0.18004338	0.5908584	1.0	2688	tags=33%, list=16%, signal=40%	
RIBOSOMAL LARGE SUBUNIT ASSEMBLY%GOBP%GO:0000027	RIBOSOMAL LARGE SUBUNIT ASSEMBLY%GOBP%GO:0000027		20	0.47868726	1.2053709	0.20781893	0.5909107	1.0	2246	tags=40%, list=14%, signal=46%	
CELLULAR RESPONSE TO MONOSACCHARIDE STIMULUS%GOBP%GO:0071326	CELLULAR RESPONSE TO MONOSACCHARIDE STIMULUS%GOBP%GO:0071326		34	0.4274622	1.2052298	0.17817372	0.5907379	1.0	3590	tags=38%, list=22%, signal=49%	
BIOCARTA_INTEGRIN_PATHWAY%MSIGDB_C2%BIOCARTA_INTEGRIN_PATHWAY	BIOCARTA_INTEGRIN_PATHWAY%MSIGDB_C2%BIOCARTA_INTEGRIN_PATHWAY		25	0.46485585	1.2051084	0.20481928	0.59051406	1.0	306	tags=20%, list=2%, signal=20%	
FGF SIGNALING PATHWAY%PANTHER PATHWAY%P00021	FGF SIGNALING PATHWAY%PANTHER PATHWAY%P00021		64	0.37687862	1.2045146	0.15212528	0.59174794	1.0	1933	tags=25%, list=12%, signal=28%	
APC C:CDC20 MEDIATED DEGRADATION OF MITOTIC PROTEINS%REACTOME%R-HSA-176409.5	APC C:CDC20 MEDIATED DEGRADATION OF MITOTIC PROTEINS%REACTOME%R-HSA-176409.5		58	0.38694453	1.2038101	0.172949	0.59339666	1.0	2844	tags=34%, list=17%, signal=42%	
SIGNALLING TO RAS%REACTOME%R-HSA-167044.6	SIGNALLING TO RAS%REACTOME%R-HSA-167044.6		16	0.51276106	1.2035123	0.21832359	0.5937115	1.0	3233	tags=50%, list=20%, signal=62%	
PROGRAMMED CELL DEATH%REACTOME%R-HSA-5357801.4	PROGRAMMED CELL DEATH%REACTOME%R-HSA-5357801.4		176	0.32850596	1.2034137	0.07194245	0.5934477	1.0	2905	tags=26%, list=18%, signal=31%	
REGULATION OF VASCULATURE DEVELOPMENT%GOBP%GO:1901342	REGULATION OF VASCULATURE DEVELOPMENT%GOBP%GO:1901342		198	0.32724425	1.2033666	0.08018868	0.59301645	1.0	3141	tags=24%, list=19%, signal=29%	
GLIAL CELL ACTIVATION%GOBP%GO:0061900	GLIAL CELL ACTIVATION%GOBP%GO:0061900		20	0.47984082	1.203319	0.21321961	0.5925824	1.0	4122	tags=40%, list=25%, signal=53%	
EPITHELIAL TUBE MORPHOGENESIS%GOBP%GO:0060562	EPITHELIAL TUBE MORPHOGENESIS%GOBP%GO:0060562		110	0.34807912	1.2031	0.112709835	0.5926883	1.0	1901	tags=17%, list=12%, signal=19%	
MONOATOMIC ANION TRANSPORT%GOBP%GO:0006820	MONOATOMIC ANION TRANSPORT%GOBP%GO:0006820		75	0.3704834	1.2026969	0.15090543	0.59335923	1.0	3012	tags=24%, list=18%, signal=29%	
NEGATIVE REGULATION OF SECRETION%GOBP%GO:0051048	NEGATIVE REGULATION OF SECRETION%GOBP%GO:0051048		80	0.36562642	1.2025354	0.1197479	0.5932599	1.0	3573	tags=33%, list=22%, signal=41%	
PHOSPHOLIPID BIOSYNTHESIS%SMPDB%SMP0000025	PHOSPHOLIPID BIOSYNTHESIS%SMPDB%SMP0000025		20	0.48636183	1.2023677	0.2193676	0.5931948	1.0	3960	tags=35%, list=24%, signal=46%	
KIT RECEPTOR SIGNALING%WIKIPATHWAYS_20250810%WP304%HOMO SAPIENS	KIT RECEPTOR SIGNALING%WIKIPATHWAYS_20250810%WP304%HOMO SAPIENS		45	0.40870973	1.2023475	0.18067227	0.59268165	1.0	2490	tags=22%, list=15%, signal=26%	
REGULATION OF TRIGLYCERIDE BIOSYNTHETIC PROCESS%GOBP%GO:0010866	REGULATION OF TRIGLYCERIDE BIOSYNTHETIC PROCESS%GOBP%GO:0010866		15	0.5212866	1.2023335	0.23880596	0.5921461	1.0	5616	tags=73%, list=34%, signal=111%	
4P16 3 COPY NUMBER VARIATION%WIKIPATHWAYS_20250810%WP5365%HOMO SAPIENS	4P16 3 COPY NUMBER VARIATION%WIKIPATHWAYS_20250810%WP5365%HOMO SAPIENS		26	0.4546303	1.202177	0.17965367	0.59204185	1.0	3513	tags=42%, list=21%, signal=54%	
STEROL HOMEOSTASIS%GOBP%GO:0055092	STEROL HOMEOSTASIS%GOBP%GO:0055092		53	0.3879424	1.2018943	0.14732143	0.5923248	1.0	2426	tags=21%, list=15%, signal=24%	
CELLULAR RESPONSE TO HEXOSE STIMULUS%GOBP%GO:0071331	CELLULAR RESPONSE TO HEXOSE STIMULUS%GOBP%GO:0071331		34	0.4274622	1.2016289	0.18376069	0.5925373	1.0	3590	tags=38%, list=22%, signal=49%	
SIGNALING BY NTRK1 (TRKA)%REACTOME%R-HSA-187037.4	SIGNALING BY NTRK1 (TRKA)%REACTOME%R-HSA-187037.4		98	0.35273117	1.2015115	0.09512761	0.5922955	1.0	2845	tags=30%, list=17%, signal=36%	
REGULATION OF CHEMOKINE PRODUCTION%GOBP%GO:0032642	REGULATION OF CHEMOKINE PRODUCTION%GOBP%GO:0032642		51	0.3889287	1.2006286	0.14634146	0.5944079	1.0	3875	tags=29%, list=24%, signal=38%	
LPA RECEPTOR MEDIATED EVENTS%PATHWAY INTERACTION DATABASE NCI-NATURE CURATED DATA%LPA RECEPTOR MEDIATED EVENTS	LPA RECEPTOR MEDIATED EVENTS%PATHWAY INTERACTION DATABASE NCI-NATURE CURATED DATA%LPA RECEPTOR MEDIATED EVENTS		63	0.38081357	1.200403	0.15789473	0.5945439	1.0	1996	tags=24%, list=12%, signal=27%	
CCR1%IOB%CCR1	CCR1%IOB%CCR1		18	0.4983795	1.2003778	0.22857143	0.59405506	1.0	2590	tags=33%, list=16%, signal=40%	
P53 TRANSCRIPTIONAL GENE NETWORK%WIKIPATHWAYS_20250810%WP4963%HOMO SAPIENS	P53 TRANSCRIPTIONAL GENE NETWORK%WIKIPATHWAYS_20250810%WP4963%HOMO SAPIENS		65	0.3739785	1.2002331	0.15042374	0.5939567	1.0	3329	tags=35%, list=20%, signal=44%	
REGULATION OF MACROPHAGE MIGRATION%GOBP%GO:1905521	REGULATION OF MACROPHAGE MIGRATION%GOBP%GO:1905521		29	0.4499458	1.1999918	0.20042194	0.5941665	1.0	2590	tags=28%, list=16%, signal=33%	
NEGATIVE REGULATION OF SECRETION BY CELL%GOBP%GO:1903531	NEGATIVE REGULATION OF SECRETION BY CELL%GOBP%GO:1903531		74	0.36751333	1.1997086	0.13004485	0.59446937	1.0	3573	tags=34%, list=22%, signal=43%	
G ALPHA (Z) SIGNALLING EVENTS%REACTOME DATABASE ID RELEASE 93%418597	G ALPHA (Z) SIGNALLING EVENTS%REACTOME DATABASE ID RELEASE 93%418597		39	0.4149035	1.1993355	0.1910828	0.59503126	1.0	3524	tags=28%, list=21%, signal=36%	
PROTEIN-RNA COMPLEX ASSEMBLY%GOBP%GO:0022618	PROTEIN-RNA COMPLEX ASSEMBLY%GOBP%GO:0022618		175	0.3264329	1.1991533	0.08256881	0.5950285	1.0	2481	tags=28%, list=15%, signal=33%	
BIOCARTA_BAD_PATHWAY%MSIGDB_C2%BIOCARTA_BAD_PATHWAY	BIOCARTA_BAD_PATHWAY%MSIGDB_C2%BIOCARTA_BAD_PATHWAY		16	0.49844748	1.1987467	0.225	0.5957697	1.0	129	tags=13%, list=1%, signal=13%	
NAD BIOSYNTHETIC PATHWAYS%WIKIPATHWAYS_20250810%WP3645%HOMO SAPIENS	NAD BIOSYNTHETIC PATHWAYS%WIKIPATHWAYS_20250810%WP3645%HOMO SAPIENS		19	0.48370412	1.197722	0.21327968	0.59839225	1.0	1893	tags=32%, list=12%, signal=36%	
NUCLEAR EVENTS MEDIATED BY NFE2L2%REACTOME DATABASE ID RELEASE 93%9759194	NUCLEAR EVENTS MEDIATED BY NFE2L2%REACTOME DATABASE ID RELEASE 93%9759194		80	0.36526373	1.1974878	0.125	0.59857243	1.0	4103	tags=49%, list=25%, signal=65%	
RAS SIGNALING PATHWAY%SMPDB%SMP0063784	RAS SIGNALING PATHWAY%SMPDB%SMP0063784		24	0.46124735	1.1974202	0.21413276	0.59824264	1.0	1933	tags=25%, list=12%, signal=28%	
NEGATIVE REGULATION OF INNATE IMMUNE RESPONSE%GOBP%GO:0045824	NEGATIVE REGULATION OF INNATE IMMUNE RESPONSE%GOBP%GO:0045824		72	0.3674576	1.1966314	0.1286031	0.60004157	1.0	3154	tags=26%, list=19%, signal=33%	
PORPHYRIN-CONTAINING COMPOUND METABOLIC PROCESS%GOBP%GO:0006778	PORPHYRIN-CONTAINING COMPOUND METABOLIC PROCESS%GOBP%GO:0006778		28	0.44540843	1.1961619	0.21338913	0.6008791	1.0	4339	tags=54%, list=26%, signal=73%	
BIOCARTA_IL2RB_PATHWAY%MSIGDB_C2%BIOCARTA_IL2RB_PATHWAY	BIOCARTA_IL2RB_PATHWAY%MSIGDB_C2%BIOCARTA_IL2RB_PATHWAY		28	0.4428679	1.1961005	0.21399178	0.6004934	1.0	67	tags=11%, list=0%, signal=11%	
REGULATION OF LYMPHOCYTE APOPTOTIC PROCESS%GOBP%GO:0070228	REGULATION OF LYMPHOCYTE APOPTOTIC PROCESS%GOBP%GO:0070228		26	0.4491684	1.1960154	0.20958084	0.6001968	1.0	2938	tags=35%, list=18%, signal=42%	
RECOGNITION AND ASSOCIATION OF DNA GLYCOSYLASE WITH SITE CONTAINING AN AFFECTED PURINE%REACTOME DATABASE ID RELEASE 93%110330	RECOGNITION AND ASSOCIATION OF DNA GLYCOSYLASE WITH SITE CONTAINING AN AFFECTED PURINE%REACTOME DATABASE ID RELEASE 93%110330		20	0.47659308	1.1958672	0.20704846	0.6000569	1.0	2379	tags=35%, list=14%, signal=41%	
REGULATION OF AMIDE METABOLIC PROCESS%GOBP%GO:0034248	REGULATION OF AMIDE METABOLIC PROCESS%GOBP%GO:0034248		58	0.38324195	1.1957572	0.15646258	0.5998268	1.0	2426	tags=28%, list=15%, signal=32%	
HALLMARK_KRAS_SIGNALING_DN%MSIGDBHALLMARK%HALLMARK_KRAS_SIGNALING_DN	HALLMARK_KRAS_SIGNALING_DN%MSIGDBHALLMARK%HALLMARK_KRAS_SIGNALING_DN		93	0.35429543	1.1957164	0.121212125	0.59937644	1.0	3821	tags=25%, list=23%, signal=32%	
RESPONSE TO UNFOLDED PROTEIN%GOBP%GO:0006986	RESPONSE TO UNFOLDED PROTEIN%GOBP%GO:0006986		81	0.3618844	1.1956909	0.13938053	0.59888285	1.0	1952	tags=25%, list=12%, signal=28%	
G BETA:GAMMA SIGNALLING THROUGH PI3KGAMMA%REACTOME%R-HSA-392451.5	G BETA:GAMMA SIGNALLING THROUGH PI3KGAMMA%REACTOME%R-HSA-392451.5		19	0.48362863	1.1952766	0.21767241	0.5995574	1.0	4060	tags=42%, list=25%, signal=56%	
RESPIRATORY SYNCYTIAL VIRUS INFECTION PATHWAY%REACTOME%R-HSA-9820952.2	RESPIRATORY SYNCYTIAL VIRUS INFECTION PATHWAY%REACTOME%R-HSA-9820952.2		96	0.35190105	1.1951933	0.1298077	0.5992404	1.0	1640	tags=20%, list=10%, signal=22%	
GMCSF-MEDIATED SIGNALING EVENTS%PATHWAY INTERACTION DATABASE NCI-NATURE CURATED DATA%GMCSF-MEDIATED SIGNALING EVENTS	GMCSF-MEDIATED SIGNALING EVENTS%PATHWAY INTERACTION DATABASE NCI-NATURE CURATED DATA%GMCSF-MEDIATED SIGNALING EVENTS		32	0.43787235	1.1951342	0.20718816	0.59882563	1.0	333	tags=13%, list=2%, signal=13%	
SARS-COV-1-HOST INTERACTIONS%REACTOME DATABASE ID RELEASE 93%9692914	SARS-COV-1-HOST INTERACTIONS%REACTOME DATABASE ID RELEASE 93%9692914		87	0.35612285	1.1950694	0.13585746	0.598454	1.0	3739	tags=38%, list=23%, signal=49%	
GLUCAGON SIGNALING IN METABOLIC REGULATION%REACTOME DATABASE ID RELEASE 93%163359	GLUCAGON SIGNALING IN METABOLIC REGULATION%REACTOME DATABASE ID RELEASE 93%163359		25	0.4540545	1.1950604	0.24476987	0.5979157	1.0	4788	tags=48%, list=29%, signal=68%	
PDGFR-BETA SIGNALING PATHWAY%PATHWAY INTERACTION DATABASE NCI-NATURE CURATED DATA%PDGFR-BETA SIGNALING PATHWAY	PDGFR-BETA SIGNALING PATHWAY%PATHWAY INTERACTION DATABASE NCI-NATURE CURATED DATA%PDGFR-BETA SIGNALING PATHWAY		121	0.34196147	1.1947459	0.114285715	0.59837145	1.0	2022	tags=22%, list=12%, signal=25%	
PURINERGIC SIGNALING%WIKIPATHWAYS_20250810%WP4900%HOMO SAPIENS	PURINERGIC SIGNALING%WIKIPATHWAYS_20250810%WP4900%HOMO SAPIENS		19	0.47554642	1.1945623	0.23966943	0.5983595	1.0	2569	tags=37%, list=16%, signal=44%	
SIGNALING BY NTRKS%REACTOME%R-HSA-166520.6	SIGNALING BY NTRKS%REACTOME%R-HSA-166520.6		116	0.3416842	1.1944642	0.11872146	0.59811676	1.0	2845	tags=29%, list=17%, signal=35%	
ICOSANOID BIOSYNTHETIC PROCESS%GOBP%GO:0046456	ICOSANOID BIOSYNTHETIC PROCESS%GOBP%GO:0046456		30	0.43960744	1.1940259	0.19246861	0.59892595	1.0	5142	tags=53%, list=31%, signal=78%	
NEGATIVE REGULATION OF AMIDE METABOLIC PROCESS%GOBP%GO:0034249	NEGATIVE REGULATION OF AMIDE METABOLIC PROCESS%GOBP%GO:0034249		23	0.4634293	1.1939505	0.20575221	0.5985953	1.0	2426	tags=26%, list=15%, signal=31%	
CLEAVAGE OF THE DAMAGED PURINE%REACTOME DATABASE ID RELEASE 93%110331	CLEAVAGE OF THE DAMAGED PURINE%REACTOME DATABASE ID RELEASE 93%110331		20	0.47659308	1.1938951	0.21146245	0.59819424	1.0	2379	tags=35%, list=14%, signal=41%	
PID_S1P_S1P3_PATHWAY%MSIGDB_C2%PID_S1P_S1P3_PATHWAY	PID_S1P_S1P3_PATHWAY%MSIGDB_C2%PID_S1P_S1P3_PATHWAY		19	0.48338798	1.1938429	0.21757323	0.5977962	1.0	2412	tags=26%, list=15%, signal=31%	
SPHINGOLIPID METABOLISM OVERVIEW%WIKIPATHWAYS_20250810%WP4725%HOMO SAPIENS	SPHINGOLIPID METABOLISM OVERVIEW%WIKIPATHWAYS_20250810%WP4725%HOMO SAPIENS		23	0.45604762	1.1936303	0.22431865	0.5978914	1.0	3640	tags=35%, list=22%, signal=45%	
CXCR4%IOB%CXCR4	CXCR4%IOB%CXCR4		61	0.38179958	1.1933439	0.14967462	0.5982253	1.0	2490	tags=25%, list=15%, signal=29%	
POSITIVE REGULATION OF SMALL MOLECULE METABOLIC PROCESS%GOBP%GO:0062013	POSITIVE REGULATION OF SMALL MOLECULE METABOLIC PROCESS%GOBP%GO:0062013		102	0.35740426	1.193334	0.123667374	0.5976845	1.0	3258	tags=24%, list=20%, signal=29%	
NONGENOTROPIC ANDROGEN SIGNALING%PATHWAY INTERACTION DATABASE NCI-NATURE CURATED DATA%NONGENOTROPIC ANDROGEN SIGNALING	NONGENOTROPIC ANDROGEN SIGNALING%PATHWAY INTERACTION DATABASE NCI-NATURE CURATED DATA%NONGENOTROPIC ANDROGEN SIGNALING		31	0.4301081	1.1931375	0.17567568	0.5977307	1.0	2600	tags=29%, list=16%, signal=34%	
NON GENOMIC ACTIONS OF 1 25 DIHYDROXYVITAMIN D3%WIKIPATHWAYS_20250810%WP4341%HOMO SAPIENS	NON GENOMIC ACTIONS OF 1 25 DIHYDROXYVITAMIN D3%WIKIPATHWAYS_20250810%WP4341%HOMO SAPIENS		53	0.39207155	1.1929762	0.16877638	0.59767	1.0	2594	tags=26%, list=16%, signal=31%	
INTERLEUKIN-10 SIGNALING%REACTOME DATABASE ID RELEASE 93%6783783	INTERLEUKIN-10 SIGNALING%REACTOME DATABASE ID RELEASE 93%6783783		33	0.42987797	1.1929145	0.1875	0.5973172	1.0	4614	tags=33%, list=28%, signal=46%	
SPHINGOSINE 1-PHOSPHATE (S1P) PATHWAY%PATHWAY INTERACTION DATABASE NCI-NATURE CURATED DATA%SPHINGOSINE 1-PHOSPHATE (S1P) PATHWAY	SPHINGOSINE 1-PHOSPHATE (S1P) PATHWAY%PATHWAY INTERACTION DATABASE NCI-NATURE CURATED DATA%SPHINGOSINE 1-PHOSPHATE (S1P) PATHWAY		18	0.4851082	1.1928768	0.20987654	0.59686255	1.0	1440	tags=28%, list=9%, signal=30%	
REGULATION OF ALCOHOL BIOSYNTHETIC PROCESS%GOBP%GO:1902930	REGULATION OF ALCOHOL BIOSYNTHETIC PROCESS%GOBP%GO:1902930		37	0.42702392	1.1924142	0.20528455	0.5977086	1.0	3258	tags=24%, list=20%, signal=30%	
REGULATION OF MITOTIC CELL CYCLE%REACTOME DATABASE ID RELEASE 93%453276	REGULATION OF MITOTIC CELL CYCLE%REACTOME DATABASE ID RELEASE 93%453276		70	0.3669694	1.1917849	0.14988814	0.59900665	1.0	2844	tags=33%, list=17%, signal=40%	
ASSEMBLY OF COLLAGEN FIBRILS AND OTHER MULTIMERIC STRUCTURES%REACTOME%R-HSA-2022090.5	ASSEMBLY OF COLLAGEN FIBRILS AND OTHER MULTIMERIC STRUCTURES%REACTOME%R-HSA-2022090.5		51	0.3915641	1.1915776	0.15434782	0.5990675	1.0	3813	tags=29%, list=23%, signal=38%	
MACROAUTOPHAGY%REACTOME%R-HSA-1632852.12	MACROAUTOPHAGY%REACTOME%R-HSA-1632852.12		111	0.34786105	1.191166	0.11034483	0.5998164	1.0	1810	tags=21%, list=11%, signal=23%	
CHOLESTEROL HOMEOSTASIS%GOBP%GO:0042632	CHOLESTEROL HOMEOSTASIS%GOBP%GO:0042632		52	0.38968384	1.190998	0.17167382	0.59976363	1.0	2426	tags=21%, list=15%, signal=25%	
IL12-MEDIATED SIGNALING EVENTS%PATHWAY INTERACTION DATABASE NCI-NATURE CURATED DATA%IL12-MEDIATED SIGNALING EVENTS	IL12-MEDIATED SIGNALING EVENTS%PATHWAY INTERACTION DATABASE NCI-NATURE CURATED DATA%IL12-MEDIATED SIGNALING EVENTS		52	0.38402247	1.1906866	0.164859	0.60016763	1.0	2590	tags=23%, list=16%, signal=27%	
ALCOHOL METABOLIC PROCESS%GOBP%GO:0006066	ALCOHOL METABOLIC PROCESS%GOBP%GO:0006066		160	0.330798	1.1902934	0.09471366	0.6008265	1.0	4198	tags=29%, list=26%, signal=39%	
PID_CD8_TCR_DOWNSTREAM_PATHWAY%MSIGDB_C2%PID_CD8_TCR_DOWNSTREAM_PATHWAY	PID_CD8_TCR_DOWNSTREAM_PATHWAY%MSIGDB_C2%PID_CD8_TCR_DOWNSTREAM_PATHWAY		37	0.41931427	1.1900136	0.19631901	0.60111034	1.0	67	tags=8%, list=0%, signal=8%	
THIOESTER BIOSYNTHETIC PROCESS%GOBP%GO:0035384	THIOESTER BIOSYNTHETIC PROCESS%GOBP%GO:0035384		34	0.4237992	1.1899353	0.18510158	0.60078764	1.0	2928	tags=24%, list=18%, signal=29%	
CD209 (DC-SIGN) SIGNALING%REACTOME%R-HSA-5621575.2	CD209 (DC-SIGN) SIGNALING%REACTOME%R-HSA-5621575.2		18	0.48691317	1.18832	0.23076923	0.6051468	1.0	2536	tags=33%, list=15%, signal=39%	
CARBOXYLIC ACID TRANSPORT%GOBP%GO:0046942	CARBOXYLIC ACID TRANSPORT%GOBP%GO:0046942		161	0.32934225	1.1880319	0.0942029	0.60545844	1.0	3119	tags=25%, list=19%, signal=30%	
INTRACELLULAR GLUCOSE HOMEOSTASIS%GOBP%GO:0001678	INTRACELLULAR GLUCOSE HOMEOSTASIS%GOBP%GO:0001678		48	0.39288488	1.1871368	0.18580376	0.60767436	1.0	3580	tags=31%, list=22%, signal=40%	
CALCIUM SIGNALING IN THE CD4+ TCR PATHWAY%PATHWAY INTERACTION DATABASE NCI-NATURE CURATED DATA%CALCIUM SIGNALING IN THE CD4+ TCR PATHWAY	CALCIUM SIGNALING IN THE CD4+ TCR PATHWAY%PATHWAY INTERACTION DATABASE NCI-NATURE CURATED DATA%CALCIUM SIGNALING IN THE CD4+ TCR PATHWAY		18	0.48643422	1.1871257	0.24007936	0.6071366	1.0	2845	tags=28%, list=17%, signal=34%	
REGULATION OF BLOOD PRESSURE%GOBP%GO:0008217	REGULATION OF BLOOD PRESSURE%GOBP%GO:0008217		72	0.36914054	1.1871128	0.14864865	0.6065998	1.0	4135	tags=28%, list=25%, signal=37%	
REGULATION OF GLYCOPROTEIN BIOSYNTHETIC PROCESS%GOBP%GO:0010559	REGULATION OF GLYCOPROTEIN BIOSYNTHETIC PROCESS%GOBP%GO:0010559		29	0.43839082	1.1870692	0.20742358	0.6061547	1.0	2273	tags=17%, list=14%, signal=20%	
CARBOXYLIC ACID TRANSMEMBRANE TRANSPORT%GOBP%GO:1905039	CARBOXYLIC ACID TRANSMEMBRANE TRANSPORT%GOBP%GO:1905039		80	0.3595818	1.1857582	0.15638767	0.6097128	1.0	3604	tags=35%, list=22%, signal=45%	
REGULATION OF REPRODUCTIVE PROCESS%GOBP%GO:2000241	REGULATION OF REPRODUCTIVE PROCESS%GOBP%GO:2000241		79	0.3619897	1.1856713	0.1489842	0.60942173	1.0	2994	tags=23%, list=18%, signal=28%	
EARLY SARS-COV-2 INFECTION EVENTS%REACTOME%R-HSA-9772572.3	EARLY SARS-COV-2 INFECTION EVENTS%REACTOME%R-HSA-9772572.3		34	0.41166446	1.1855451	0.19956616	0.60927325	1.0	3244	tags=32%, list=20%, signal=40%	
BIOCARTA_EDG1_PATHWAY%MSIGDB_C2%BIOCARTA_EDG1_PATHWAY	BIOCARTA_EDG1_PATHWAY%MSIGDB_C2%BIOCARTA_EDG1_PATHWAY		17	0.49838823	1.185486	0.2193676	0.6088791	1.0	957	tags=24%, list=6%, signal=25%	
LEUKOCYTE ACTIVATION INVOLVED IN INFLAMMATORY RESPONSE%GOBP%GO:0002269	LEUKOCYTE ACTIVATION INVOLVED IN INFLAMMATORY RESPONSE%GOBP%GO:0002269		18	0.49115688	1.1852064	0.21532091	0.60914934	1.0	4122	tags=44%, list=25%, signal=59%	
DEGRADATION OF GLI2 BY THE PROTEASOME%REACTOME%R-HSA-5610783.2	DEGRADATION OF GLI2 BY THE PROTEASOME%REACTOME%R-HSA-5610783.2		44	0.39677948	1.1851796	0.18855932	0.6086755	1.0	2844	tags=39%, list=17%, signal=47%	
DEPURINATION%REACTOME DATABASE ID RELEASE 93%73927	DEPURINATION%REACTOME DATABASE ID RELEASE 93%73927		20	0.47659308	1.1848176	0.22573839	0.6092301	1.0	2379	tags=35%, list=14%, signal=41%	
RNA POLYMERASE III TRANSCRIPTION INITIATION FROM TYPE 1 PROMOTER%REACTOME%R-HSA-76061.4	RNA POLYMERASE III TRANSCRIPTION INITIATION FROM TYPE 1 PROMOTER%REACTOME%R-HSA-76061.4		28	0.44449508	1.1847129	0.2185567	0.6089779	1.0	2768	tags=29%, list=17%, signal=34%	
ACYL-COA BIOSYNTHETIC PROCESS%GOBP%GO:0071616	ACYL-COA BIOSYNTHETIC PROCESS%GOBP%GO:0071616		34	0.4237992	1.1844339	0.19189766	0.60924286	1.0	2928	tags=24%, list=18%, signal=29%	
BIOSYNTHESIS OF THE N-GLYCAN PRECURSOR (DOLICHOL LIPID-LINKED OLIGOSACCHARIDE, LLO) AND TRANSFER TO A NASCENT PROTEIN%REACTOME%R-HSA-446193.3	BIOSYNTHESIS OF THE N-GLYCAN PRECURSOR (DOLICHOL LIPID-LINKED OLIGOSACCHARIDE, LLO) AND TRANSFER TO A NASCENT PROTEIN%REACTOME%R-HSA-446193.3		71	0.36548853	1.1842774	0.1403118	0.60912895	1.0	3714	tags=38%, list=23%, signal=49%	
AUF1 (HNRNP D0) BINDS AND DESTABILIZES MRNA%REACTOME%R-HSA-450408.5	AUF1 (HNRNP D0) BINDS AND DESTABILIZES MRNA%REACTOME%R-HSA-450408.5		39	0.41688398	1.18415	0.18995634	0.6089569	1.0	2844	tags=41%, list=17%, signal=50%	
MICROGLIAL CELL ACTIVATION%GOBP%GO:0001774	MICROGLIAL CELL ACTIVATION%GOBP%GO:0001774		18	0.49115688	1.1840934	0.23819302	0.6085803	1.0	4122	tags=44%, list=25%, signal=59%	
CREB1 PHOSPHORYLATION THROUGH NMDA RECEPTOR-MEDIATED ACTIVATION OF RAS SIGNALING%REACTOME DATABASE ID RELEASE 93%442742	CREB1 PHOSPHORYLATION THROUGH NMDA RECEPTOR-MEDIATED ACTIVATION OF RAS SIGNALING%REACTOME DATABASE ID RELEASE 93%442742		24	0.45741293	1.1837382	0.23091976	0.60906196	1.0	2329	tags=25%, list=14%, signal=29%	
BIOCARTA_TPO_PATHWAY%MSIGDB_C2%BIOCARTA_TPO_PATHWAY	BIOCARTA_TPO_PATHWAY%MSIGDB_C2%BIOCARTA_TPO_PATHWAY		17	0.4946116	1.1835387	0.2593361	0.609152	1.0	67	tags=12%, list=0%, signal=12%	
NEUROTRANSMITTER RECEPTORS AND POSTSYNAPTIC SIGNAL TRANSMISSION%REACTOME DATABASE ID RELEASE 93%112314	NEUROTRANSMITTER RECEPTORS AND POSTSYNAPTIC SIGNAL TRANSMISSION%REACTOME DATABASE ID RELEASE 93%112314		139	0.33121547	1.1835295	0.10514019	0.6086257	1.0	2996	tags=19%, list=18%, signal=23%	
POSITIVE REGULATION OF SPROUTING ANGIOGENESIS%GOBP%GO:1903672	POSITIVE REGULATION OF SPROUTING ANGIOGENESIS%GOBP%GO:1903672		16	0.50039184	1.1830902	0.25831702	0.60947514	1.0	693	tags=19%, list=4%, signal=20%	
PROTEIN-RNA COMPLEX ORGANIZATION%GOBP%GO:0071826	PROTEIN-RNA COMPLEX ORGANIZATION%GOBP%GO:0071826		184	0.3216407	1.1829091	0.08585858	0.60943824	1.0	2481	tags=27%, list=15%, signal=32%	
ERK1 AND ERK2 CASCADE%GOBP%GO:0070371	ERK1 AND ERK2 CASCADE%GOBP%GO:0070371		22	0.4656253	1.1828171	0.21862349	0.60918266	1.0	38	tags=9%, list=0%, signal=9%	
REGULATION OF NEUROINFLAMMATORY RESPONSE%GOBP%GO:0150077	REGULATION OF NEUROINFLAMMATORY RESPONSE%GOBP%GO:0150077		31	0.42808756	1.1816995	0.18913044	0.6120122	1.0	3365	tags=26%, list=21%, signal=32%	
INSULIN SIGNALLING%PATHWHIZ%PW000454	INSULIN SIGNALLING%PATHWHIZ%PW000454		16	0.50124717	1.181647	0.22772278	0.61164194	1.0	693	tags=19%, list=4%, signal=20%	
BACTERIAL INFECTION PATHWAYS%REACTOME%R-HSA-9824439.2	BACTERIAL INFECTION PATHWAYS%REACTOME%R-HSA-9824439.2		60	0.371806	1.1807683	0.17142858	0.61371136	1.0	3675	tags=32%, list=22%, signal=41%	
REGULATION OF MEIOTIC CELL CYCLE%GOBP%GO:0051445	REGULATION OF MEIOTIC CELL CYCLE%GOBP%GO:0051445		39	0.40283036	1.180585	0.18712273	0.61375123	1.0	2666	tags=31%, list=16%, signal=37%	
IL11 SIGNALING%WIKIPATHWAYS_20250810%WP2332%HOMO SAPIENS	IL11 SIGNALING%WIKIPATHWAYS_20250810%WP2332%HOMO SAPIENS		38	0.40941787	1.1804366	0.18518518	0.61365813	1.0	2490	tags=34%, list=15%, signal=40%	
ORGANIC ACID TRANSPORT%GOBP%GO:0015849	ORGANIC ACID TRANSPORT%GOBP%GO:0015849		162	0.32807073	1.1803309	0.111638956	0.61342424	1.0	3119	tags=25%, list=19%, signal=30%	
PID_GMCSF_PATHWAY%MSIGDB_C2%PID_GMCSF_PATHWAY	PID_GMCSF_PATHWAY%MSIGDB_C2%PID_GMCSF_PATHWAY		27	0.43853724	1.1801482	0.20558882	0.6134385	1.0	67	tags=11%, list=0%, signal=11%	
CHOLESTEROL BIOSYNTHETIC PROCESS%GOBP%GO:0006695	CHOLESTEROL BIOSYNTHETIC PROCESS%GOBP%GO:0006695		25	0.46053818	1.179299	0.24335378	0.6155306	1.0	4647	tags=52%, list=28%, signal=72%	
PID_LIS1_PATHWAY%MSIGDB_C2%PID_LIS1_PATHWAY	PID_LIS1_PATHWAY%MSIGDB_C2%PID_LIS1_PATHWAY		21	0.4560023	1.179173	0.23752496	0.6153546	1.0	2537	tags=24%, list=15%, signal=28%	
PID_P38_ALPHA_BETA_DOWNSTREAM_PATHWAY%MSIGDB_C2%PID_P38_ALPHA_BETA_DOWNSTREAM_PATHWAY	PID_P38_ALPHA_BETA_DOWNSTREAM_PATHWAY%MSIGDB_C2%PID_P38_ALPHA_BETA_DOWNSTREAM_PATHWAY		24	0.4484642	1.1777726	0.2344086	0.61908734	1.0	2958	tags=42%, list=18%, signal=51%	
REGULATION OF BIOLOGICAL PROCESS INVOLVED IN SYMBIOTIC INTERACTION%GOBP%GO:0043903	REGULATION OF BIOLOGICAL PROCESS INVOLVED IN SYMBIOTIC INTERACTION%GOBP%GO:0043903		26	0.4380783	1.1776525	0.21794872	0.618884	1.0	2938	tags=35%, list=18%, signal=42%	
POSITIVE REGULATION OF PROTEOLYSIS%GOBP%GO:0045862	POSITIVE REGULATION OF PROTEOLYSIS%GOBP%GO:0045862		153	0.32627	1.1769336	0.11675127	0.6205659	1.0	2556	tags=28%, list=16%, signal=33%	
ENERGY DEPENDENT REGULATION OF MTOR BY LKB1-AMPK%REACTOME%R-HSA-380972.4	ENERGY DEPENDENT REGULATION OF MTOR BY LKB1-AMPK%REACTOME%R-HSA-380972.4		26	0.4483659	1.1768563	0.24180327	0.6202401	1.0	2342	tags=31%, list=14%, signal=36%	
ACETYL-COA METABOLIC PROCESS%GOBP%GO:0006084	ACETYL-COA METABOLIC PROCESS%GOBP%GO:0006084		23	0.4569266	1.1763722	0.21263158	0.6212696	1.0	2807	tags=22%, list=17%, signal=26%	
REGULATION OF TP53 ACTIVITY%REACTOME DATABASE ID RELEASE 93%5633007	REGULATION OF TP53 ACTIVITY%REACTOME DATABASE ID RELEASE 93%5633007		147	0.32768887	1.1761228	0.1006865	0.62148684	1.0	1983	tags=20%, list=12%, signal=22%	
GLI3 IS PROCESSED TO GLI3R BY THE PROTEASOME%REACTOME%R-HSA-5610785.2	GLI3 IS PROCESSED TO GLI3R BY THE PROTEASOME%REACTOME%R-HSA-5610785.2		44	0.39540216	1.1760992	0.19527897	0.62101144	1.0	2844	tags=39%, list=17%, signal=47%	
FORMATION OF THE EMBRYONIC STEM CELL BAF (ESBAF) COMPLEX%REACTOME DATABASE ID RELEASE 93%9933946	FORMATION OF THE EMBRYONIC STEM CELL BAF (ESBAF) COMPLEX%REACTOME DATABASE ID RELEASE 93%9933946		17	0.4888111	1.1760303	0.23952095	0.6206644	1.0	1685	tags=24%, list=10%, signal=26%	
REGULATION OF TOLL LIKE RECEPTOR SIGNALING%WIKIPATHWAYS_20250810%WP1449%HOMO SAPIENS	REGULATION OF TOLL LIKE RECEPTOR SIGNALING%WIKIPATHWAYS_20250810%WP1449%HOMO SAPIENS		91	0.35010633	1.1750776	0.1498829	0.6230884	1.0	1992	tags=21%, list=12%, signal=24%	
POSITIVE REGULATION OF SUBSTRATE ADHESION-DEPENDENT CELL SPREADING%GOBP%GO:1900026	POSITIVE REGULATION OF SUBSTRATE ADHESION-DEPENDENT CELL SPREADING%GOBP%GO:1900026		29	0.43465635	1.1749201	0.21489362	0.62305987	1.0	2314	tags=31%, list=14%, signal=36%	
RESPONSE TO ENDOPLASMIC RETICULUM STRESS%GOBP%GO:0034976	RESPONSE TO ENDOPLASMIC RETICULUM STRESS%GOBP%GO:0034976		184	0.3188665	1.1749088	0.09489051	0.6225423	1.0	2182	tags=18%, list=13%, signal=21%	
XENOBIOTIC TRANSMEMBRANE TRANSPORT%GOBP%GO:0006855	XENOBIOTIC TRANSMEMBRANE TRANSPORT%GOBP%GO:0006855		15	0.5021721	1.1745802	0.25896415	0.62297773	1.0	4407	tags=47%, list=27%, signal=64%	
IL7 SIGNALING%WIKIPATHWAYS_20250810%WP205%HOMO SAPIENS	IL7 SIGNALING%WIKIPATHWAYS_20250810%WP205%HOMO SAPIENS		16	0.5011108	1.1745566	0.24236253	0.6224911	1.0	38	tags=13%, list=0%, signal=13%	
PIECEMEAL MICROAUTOPHAGY OF THE NUCLEUS%GOBP%GO:0034727	PIECEMEAL MICROAUTOPHAGY OF THE NUCLEUS%GOBP%GO:0034727		17	0.4885798	1.1742812	0.2345679	0.62286174	1.0	1054	tags=29%, list=6%, signal=31%	
T CELL COSTIMULATION%GOBP%GO:0031295	T CELL COSTIMULATION%GOBP%GO:0031295		32	0.4229608	1.1741196	0.2037422	0.6227736	1.0	2412	tags=25%, list=15%, signal=29%	
NUCLEAR MEMBRANE ORGANIZATION%GOBP%GO:0071763	NUCLEAR MEMBRANE ORGANIZATION%GOBP%GO:0071763		41	0.40229884	1.1738306	0.20594479	0.6231416	1.0	2905	tags=32%, list=18%, signal=38%	
DEFENSE RESPONSE TO GRAM-POSITIVE BACTERIUM%GOBP%GO:0050830	DEFENSE RESPONSE TO GRAM-POSITIVE BACTERIUM%GOBP%GO:0050830		33	0.41845483	1.1738142	0.22222222	0.62264353	1.0	4593	tags=45%, list=28%, signal=63%	
REGULATION OF CELLULAR EXTRAVASATION%GOBP%GO:0002691	REGULATION OF CELLULAR EXTRAVASATION%GOBP%GO:0002691		24	0.4529568	1.173575	0.22633745	0.62284666	1.0	4808	tags=38%, list=29%, signal=53%	
REGULATION OF INTRINSIC APOPTOTIC SIGNALING PATHWAY%GOBP%GO:2001242	REGULATION OF INTRINSIC APOPTOTIC SIGNALING PATHWAY%GOBP%GO:2001242		119	0.33807805	1.1733268	0.14190687	0.6230981	1.0	2450	tags=28%, list=15%, signal=32%	
GLYCEROPHOSPHOLIPID CATABOLIC PROCESS%GOBP%GO:0046475	GLYCEROPHOSPHOLIPID CATABOLIC PROCESS%GOBP%GO:0046475		21	0.47667894	1.1730595	0.25198412	0.62338907	1.0	2253	tags=29%, list=14%, signal=33%	
ID%IOB%ID	ID%IOB%ID		15	0.49888074	1.1729705	0.24217118	0.6231256	1.0	3556	tags=40%, list=22%, signal=51%	
STEROL BIOSYNTHETIC PROCESS%GOBP%GO:0016126	STEROL BIOSYNTHETIC PROCESS%GOBP%GO:0016126		28	0.43987736	1.1728232	0.22678186	0.62299746	1.0	4647	tags=46%, list=28%, signal=65%	
POSITIVE REGULATION OF ACTIN FILAMENT POLYMERIZATION%GOBP%GO:0030838	POSITIVE REGULATION OF ACTIN FILAMENT POLYMERIZATION%GOBP%GO:0030838		34	0.4165897	1.1727606	0.21829522	0.6226484	1.0	2141	tags=24%, list=13%, signal=27%	
REGULATION OF VESICLE FUSION%GOBP%GO:0031338	REGULATION OF VESICLE FUSION%GOBP%GO:0031338		20	0.47084665	1.1726706	0.2185567	0.6223443	1.0	2962	tags=30%, list=18%, signal=37%	
EFFECTS OF MFN2 MUTATION%WIKIPATHWAYS_20250810%WP5443%HOMO SAPIENS	EFFECTS OF MFN2 MUTATION%WIKIPATHWAYS_20250810%WP5443%HOMO SAPIENS		20	0.46430302	1.1724799	0.2376033	0.6223367	1.0	1268	tags=20%, list=8%, signal=22%	
NEGATIVE REGULATION OF MIRNA METABOLIC PROCESS%GOBP%GO:2000629	NEGATIVE REGULATION OF MIRNA METABOLIC PROCESS%GOBP%GO:2000629		26	0.44272622	1.1722845	0.23091602	0.6223702	1.0	1809	tags=19%, list=11%, signal=22%	
VESICLE COATING%GOBP%GO:0006901	VESICLE COATING%GOBP%GO:0006901		31	0.4209469	1.1722081	0.21369295	0.62208426	1.0	3054	tags=45%, list=19%, signal=55%	
POSITIVE REGULATION OF MIRNA METABOLIC PROCESS%GOBP%GO:2000630	POSITIVE REGULATION OF MIRNA METABOLIC PROCESS%GOBP%GO:2000630		49	0.38727188	1.1718345	0.19517544	0.62270373	1.0	1809	tags=20%, list=11%, signal=23%	
POSITIVE REGULATION OF INTERLEUKIN-8 PRODUCTION%GOBP%GO:0032757	POSITIVE REGULATION OF INTERLEUKIN-8 PRODUCTION%GOBP%GO:0032757		47	0.39088	1.1717538	0.18604651	0.62241304	1.0	3206	tags=23%, list=20%, signal=29%	
AMYLOID FIBER FORMATION%REACTOME%R-HSA-977225.8	AMYLOID FIBER FORMATION%REACTOME%R-HSA-977225.8		48	0.38952684	1.1716748	0.1802935	0.6220983	1.0	4754	tags=46%, list=29%, signal=64%	
PROSTAGLANDIN METABOLIC PROCESS%GOBP%GO:0006693	PROSTAGLANDIN METABOLIC PROCESS%GOBP%GO:0006693		20	0.47182608	1.1716087	0.24583334	0.621775	1.0	498	tags=15%, list=3%, signal=15%	
SYNAPTIC VESICLE LOCALIZATION%GOBP%GO:0097479	SYNAPTIC VESICLE LOCALIZATION%GOBP%GO:0097479		38	0.40321755	1.1715744	0.19957983	0.62132615	1.0	2688	tags=29%, list=16%, signal=35%	
UNFOLDED PROTEIN RESPONSE (UPR)%REACTOME DATABASE ID RELEASE 93%381119	UNFOLDED PROTEIN RESPONSE (UPR)%REACTOME DATABASE ID RELEASE 93%381119		80	0.35936207	1.1714976	0.16258352	0.6210311	1.0	1701	tags=21%, list=10%, signal=24%	
PID_LYSOPHOSPHOLIPID_PATHWAY%MSIGDB_C2%PID_LYSOPHOSPHOLIPID_PATHWAY	PID_LYSOPHOSPHOLIPID_PATHWAY%MSIGDB_C2%PID_LYSOPHOSPHOLIPID_PATHWAY		48	0.389427	1.1714662	0.2033543	0.62056935	1.0	1996	tags=23%, list=12%, signal=26%	
RESPIRATORY BURST%GOBP%GO:0045730	RESPIRATORY BURST%GOBP%GO:0045730		15	0.50810796	1.1712561	0.278481	0.6206953	1.0	3308	tags=40%, list=20%, signal=50%	
METABOTROPIC GLUTAMATE RECEPTOR GROUP II PATHWAY%PANTHER PATHWAY%P00040	METABOTROPIC GLUTAMATE RECEPTOR GROUP II PATHWAY%PANTHER PATHWAY%P00040		33	0.4162138	1.1712422	0.21272366	0.62020195	1.0	4403	tags=39%, list=27%, signal=54%	
CYCLIC PURINE NUCLEOTIDE METABOLIC PROCESS%GOBP%GO:0052652	CYCLIC PURINE NUCLEOTIDE METABOLIC PROCESS%GOBP%GO:0052652		21	0.47771427	1.1707329	0.25879917	0.62120706	1.0	4788	tags=52%, list=29%, signal=74%	
SEMA4D INDUCED CELL MIGRATION AND GROWTH-CONE COLLAPSE%REACTOME%R-HSA-416572.5	SEMA4D INDUCED CELL MIGRATION AND GROWTH-CONE COLLAPSE%REACTOME%R-HSA-416572.5		20	0.47058082	1.1705757	0.26272914	0.62114483	1.0	1856	tags=45%, list=11%, signal=51%	
REGULATION OF PROTEIN PROCESSING%GOBP%GO:0070613	REGULATION OF PROTEIN PROCESSING%GOBP%GO:0070613		32	0.42386615	1.1702931	0.2021978	0.6214677	1.0	2723	tags=31%, list=17%, signal=37%	
INTRACELLULAR ZINC ION HOMEOSTASIS%GOBP%GO:0006882	INTRACELLULAR ZINC ION HOMEOSTASIS%GOBP%GO:0006882		22	0.45977256	1.1697869	0.22869022	0.62247145	1.0	2808	tags=32%, list=17%, signal=38%	
CYTOKINETIC PROCESS%GOBP%GO:0032506	CYTOKINETIC PROCESS%GOBP%GO:0032506		41	0.3929902	1.1695915	0.20681818	0.62257046	1.0	2922	tags=34%, list=18%, signal=41%	
REGULATION OF HETEROTYPIC CELL-CELL ADHESION%GOBP%GO:0034114	REGULATION OF HETEROTYPIC CELL-CELL ADHESION%GOBP%GO:0034114		15	0.49505588	1.1695777	0.26283368	0.6220821	1.0	2125	tags=20%, list=13%, signal=23%	
PROTEIN STABILIZATION%GOBP%GO:0050821	PROTEIN STABILIZATION%GOBP%GO:0050821		185	0.3153529	1.1695621	0.1097852	0.62158084	1.0	2488	tags=26%, list=15%, signal=30%	
NEGATIVE REGULATION OF PROTEIN SECRETION%GOBP%GO:0050709	NEGATIVE REGULATION OF PROTEIN SECRETION%GOBP%GO:0050709		33	0.4150159	1.1695286	0.20858896	0.6211271	1.0	3573	tags=36%, list=22%, signal=46%	
PID_CD8_TCR_PATHWAY%MSIGDB_C2%PID_CD8_TCR_PATHWAY	PID_CD8_TCR_PATHWAY%MSIGDB_C2%PID_CD8_TCR_PATHWAY		40	0.40035084	1.1693016	0.20689656	0.62132025	1.0	693	tags=13%, list=4%, signal=13%	
CYTOCHROME COMPLEX ASSEMBLY%GOBP%GO:0017004	CYTOCHROME COMPLEX ASSEMBLY%GOBP%GO:0017004		36	0.41382498	1.1687678	0.20867768	0.62247145	1.0	3924	tags=47%, list=24%, signal=62%	
ACYLGLYCEROL BIOSYNTHETIC PROCESS%GOBP%GO:0046463	ACYLGLYCEROL BIOSYNTHETIC PROCESS%GOBP%GO:0046463		21	0.4657183	1.1686692	0.24752475	0.6222405	1.0	3960	tags=33%, list=24%, signal=44%	
TRIGLYCERIDE METABOLISM%REACTOME%R-HSA-8979227.2	TRIGLYCERIDE METABOLISM%REACTOME%R-HSA-8979227.2		26	0.43934825	1.1685666	0.24532224	0.62201804	1.0	529	tags=15%, list=3%, signal=16%	
RIBOSOMAL SCANNING AND START CODON RECOGNITION%REACTOME%R-HSA-72702.5	RIBOSOMAL SCANNING AND START CODON RECOGNITION%REACTOME%R-HSA-72702.5		53	0.3807994	1.1683531	0.18724279	0.6221646	1.0	4402	tags=58%, list=27%, signal=80%	
GPVI-MEDIATED ACTIVATION CASCADE%REACTOME DATABASE ID RELEASE 93%114604	GPVI-MEDIATED ACTIVATION CASCADE%REACTOME DATABASE ID RELEASE 93%114604		29	0.43290734	1.168165	0.24223602	0.6222077	1.0	2104	tags=31%, list=13%, signal=36%	
ORGANIC ACID TRANSMEMBRANE TRANSPORT%GOBP%GO:1903825	ORGANIC ACID TRANSMEMBRANE TRANSPORT%GOBP%GO:1903825		82	0.35487965	1.1676588	0.16553289	0.62329346	1.0	3604	tags=34%, list=22%, signal=44%	
APC C-MEDIATED DEGRADATION OF CELL CYCLE PROTEINS%REACTOME DATABASE ID RELEASE 93%174143	APC C-MEDIATED DEGRADATION OF CELL CYCLE PROTEINS%REACTOME DATABASE ID RELEASE 93%174143		70	0.3669694	1.1676445	0.19134396	0.6227897	1.0	2844	tags=33%, list=17%, signal=40%	
NEGATIVE REGULATION OF PROTEIN-CONTAINING COMPLEX ASSEMBLY%GOBP%GO:0031333	NEGATIVE REGULATION OF PROTEIN-CONTAINING COMPLEX ASSEMBLY%GOBP%GO:0031333		90	0.34826332	1.1675324	0.16736402	0.62258744	1.0	3032	tags=34%, list=18%, signal=42%	
MESONEPHROS DEVELOPMENT%GOBP%GO:0001823	MESONEPHROS DEVELOPMENT%GOBP%GO:0001823		22	0.45535666	1.1673007	0.24063116	0.62280345	1.0	6	tags=5%, list=0%, signal=5%	
CLATHRIN-MEDIATED ENDOCYTOSIS%REACTOME DATABASE ID RELEASE 93%8856828	CLATHRIN-MEDIATED ENDOCYTOSIS%REACTOME DATABASE ID RELEASE 93%8856828		126	0.33372787	1.1671573	0.13238771	0.62270254	1.0	2178	tags=19%, list=13%, signal=22%	
REGULATION OF PROTEASOMAL PROTEIN CATABOLIC PROCESS%GOBP%GO:0061136	REGULATION OF PROTEASOMAL PROTEIN CATABOLIC PROCESS%GOBP%GO:0061136		157	0.3191986	1.1670262	0.11032864	0.6225472	1.0	1933	tags=22%, list=12%, signal=25%	
MAPK SIGNALING%WIKIPATHWAYS_20250810%WP382%HOMO SAPIENS	MAPK SIGNALING%WIKIPATHWAYS_20250810%WP382%HOMO SAPIENS		156	0.32045105	1.1670041	0.11241218	0.6220861	1.0	2253	tags=19%, list=14%, signal=22%	
CELECOXIB ACTION PATHWAY%SMPDB%SMP0000096	CELECOXIB ACTION PATHWAY%SMPDB%SMP0000096		18	0.4710003	1.1669872	0.24425887	0.6216009	1.0	1183	tags=17%, list=7%, signal=18%	
REGULATION OF INTERLEUKIN-6 PRODUCTION%GOBP%GO:0032675	REGULATION OF INTERLEUKIN-6 PRODUCTION%GOBP%GO:0032675		85	0.3529496	1.1665161	0.1505618	0.6225199	1.0	3206	tags=27%, list=20%, signal=33%	
GLAND MORPHOGENESIS%GOBP%GO:0022612	GLAND MORPHOGENESIS%GOBP%GO:0022612		16	0.49586493	1.1661237	0.24236253	0.6232142	1.0	2958	tags=38%, list=18%, signal=46%	
POSITIVE REGULATION OF RELEASE OF SEQUESTERED CALCIUM ION INTO CYTOSOL%GOBP%GO:0051281	POSITIVE REGULATION OF RELEASE OF SEQUESTERED CALCIUM ION INTO CYTOSOL%GOBP%GO:0051281		21	0.45959666	1.1651492	0.25406504	0.62576663	1.0	4679	tags=29%, list=29%, signal=40%	
NRP1 TRIGGERED SIGNALING IN PANCREATIC CANCER %WIKIPATHWAYS_20250810%WP5144%HOMO SAPIENS	NRP1 TRIGGERED SIGNALING IN PANCREATIC CANCER %WIKIPATHWAYS_20250810%WP5144%HOMO SAPIENS		41	0.40681237	1.1649649	0.21030043	0.6257971	1.0	2672	tags=24%, list=16%, signal=29%	
DNA DAMAGE RECOGNITION IN GG-NER%REACTOME DATABASE ID RELEASE 93%5696394	DNA DAMAGE RECOGNITION IN GG-NER%REACTOME DATABASE ID RELEASE 93%5696394		36	0.41291645	1.1643232	0.221519	0.627261	1.0	772	tags=19%, list=5%, signal=20%	
TRIGLYCERIDE BIOSYNTHETIC PROCESS%GOBP%GO:0019432	TRIGLYCERIDE BIOSYNTHETIC PROCESS%GOBP%GO:0019432		17	0.48836046	1.1642436	0.26293996	0.6269897	1.0	1895	tags=18%, list=12%, signal=20%	
CCR5%IOB%CCR5	CCR5%IOB%CCR5		23	0.45597652	1.1641217	0.24190065	0.6268497	1.0	791	tags=13%, list=5%, signal=14%	
REGULATION OF MITOCHONDRIAL MEMBRANE PERMEABILITY%GOBP%GO:0046902	REGULATION OF MITOCHONDRIAL MEMBRANE PERMEABILITY%GOBP%GO:0046902		30	0.42828718	1.1638759	0.24229075	0.6270357	1.0	2301	tags=27%, list=14%, signal=31%	
SIGNALING BY EGFR IN CANCER%REACTOME%R-HSA-1643713.4	SIGNALING BY EGFR IN CANCER%REACTOME%R-HSA-1643713.4		20	0.46106374	1.1634886	0.258547	0.62775046	1.0	705	tags=20%, list=4%, signal=21%	
REGULATION OF BLOOD COAGULATION%GOBP%GO:0030193	REGULATION OF BLOOD COAGULATION%GOBP%GO:0030193		39	0.40203878	1.163463	0.227957	0.62729746	1.0	3470	tags=31%, list=21%, signal=39%	
RNA POLYMERASE II TRANSCRIPTION INITIATION SURVEILLANCE%GOBP%GO:0160240	RNA POLYMERASE II TRANSCRIPTION INITIATION SURVEILLANCE%GOBP%GO:0160240		18	0.479464	1.1633079	0.2631579	0.62722003	1.0	1401	tags=17%, list=9%, signal=18%	
SUPROFEN ACTION PATHWAY%SMPDB%SMP0000101	SUPROFEN ACTION PATHWAY%SMPDB%SMP0000101		17	0.4769452	1.1631292	0.25502008	0.6272097	1.0	1183	tags=18%, list=7%, signal=19%	
LYMPHOCYTE CHEMOTAXIS%GOBP%GO:0048247	LYMPHOCYTE CHEMOTAXIS%GOBP%GO:0048247		17	0.48316842	1.1631063	0.26284584	0.62674797	1.0	2590	tags=24%, list=16%, signal=28%	
POSITIVE REGULATION OF EXTRACELLULAR MATRIX ORGANIZATION%GOBP%GO:1903055	POSITIVE REGULATION OF EXTRACELLULAR MATRIX ORGANIZATION%GOBP%GO:1903055		19	0.4673635	1.1625178	0.24948876	0.62801516	1.0	2148	tags=26%, list=13%, signal=30%	
NEUTRAL LIPID BIOSYNTHETIC PROCESS%GOBP%GO:0046460	NEUTRAL LIPID BIOSYNTHETIC PROCESS%GOBP%GO:0046460		21	0.4657183	1.1623443	0.26501036	0.6280474	1.0	3960	tags=33%, list=24%, signal=44%	
THROMBOXANE A2 RECEPTOR SIGNALING%PATHWAY INTERACTION DATABASE NCI-NATURE CURATED DATA%THROMBOXANE A2 RECEPTOR SIGNALING	THROMBOXANE A2 RECEPTOR SIGNALING%PATHWAY INTERACTION DATABASE NCI-NATURE CURATED DATA%THROMBOXANE A2 RECEPTOR SIGNALING		54	0.37931588	1.1622729	0.19866072	0.6277593	1.0	2506	tags=28%, list=15%, signal=33%	
ENDOCYTIC RECYCLING%GOBP%GO:0032456	ENDOCYTIC RECYCLING%GOBP%GO:0032456		69	0.35968038	1.1622549	0.17745303	0.627289	1.0	2602	tags=32%, list=16%, signal=38%	
NEPAFENAC ACTION PATHWAY%PATHWHIZ%PW000679	NEPAFENAC ACTION PATHWAY%PATHWHIZ%PW000679		17	0.4769452	1.1620868	0.252	0.62728316	1.0	1183	tags=18%, list=7%, signal=19%	
PID_SYNDECAN_2_PATHWAY%MSIGDB_C2%PID_SYNDECAN_2_PATHWAY	PID_SYNDECAN_2_PATHWAY%MSIGDB_C2%PID_SYNDECAN_2_PATHWAY		21	0.46433154	1.1618043	0.26458332	0.6276262	1.0	2412	tags=33%, list=15%, signal=39%	
MITOCHONDRIAL COMPLEX I ASSEMBLY MODEL OXPHOS SYSTEM%WIKIPATHWAYS_20250810%WP4324%HOMO SAPIENS	MITOCHONDRIAL COMPLEX I ASSEMBLY MODEL OXPHOS SYSTEM%WIKIPATHWAYS_20250810%WP4324%HOMO SAPIENS		37	0.40307257	1.161782	0.2260128	0.627163	1.0	2797	tags=41%, list=17%, signal=49%	
REGULATION OF OXIDATIVE PHOSPHORYLATION%GOBP%GO:0002082	REGULATION OF OXIDATIVE PHOSPHORYLATION%GOBP%GO:0002082		15	0.50537497	1.1616225	0.26293996	0.62713397	1.0	3515	tags=47%, list=21%, signal=59%	
INNER MITOCHONDRIAL MEMBRANE ORGANIZATION%GOBP%GO:0007007	INNER MITOCHONDRIAL MEMBRANE ORGANIZATION%GOBP%GO:0007007		37	0.40184054	1.161355	0.23542117	0.62742084	1.0	3627	tags=46%, list=22%, signal=59%	
MACROAUTOPHAGY%GOBP%GO:0016236	MACROAUTOPHAGY%GOBP%GO:0016236		184	0.31464878	1.1607705	0.100238666	0.6287348	1.0	1836	tags=18%, list=11%, signal=21%	
NABUMETONE ACTION PATHWAY%SMPDB%SMP0000114	NABUMETONE ACTION PATHWAY%SMPDB%SMP0000114		17	0.4769452	1.1607485	0.26862746	0.628275	1.0	1183	tags=18%, list=7%, signal=19%	
REGULATION OF PEPTIDE TRANSPORT%GOBP%GO:0090087	REGULATION OF PEPTIDE TRANSPORT%GOBP%GO:0090087		96	0.34232005	1.1604604	0.18123667	0.6286086	1.0	3580	tags=23%, list=22%, signal=29%	
BASE-EXCISION REPAIR, AP SITE FORMATION%REACTOME%R-HSA-73929.5	BASE-EXCISION REPAIR, AP SITE FORMATION%REACTOME%R-HSA-73929.5		26	0.44084227	1.1603984	0.24058577	0.6282921	1.0	2427	tags=35%, list=15%, signal=41%	
POSITIVE REGULATION OF CYTOKINE-MEDIATED SIGNALING PATHWAY%GOBP%GO:0001961	POSITIVE REGULATION OF CYTOKINE-MEDIATED SIGNALING PATHWAY%GOBP%GO:0001961		44	0.39370584	1.1598246	0.19603524	0.62954056	1.0	4988	tags=48%, list=30%, signal=68%	
CELLULAR COMPONENT DISASSEMBLY INVOLVED IN EXECUTION PHASE OF APOPTOSIS%GOBP%GO:0006921	CELLULAR COMPONENT DISASSEMBLY INVOLVED IN EXECUTION PHASE OF APOPTOSIS%GOBP%GO:0006921		15	0.5029607	1.1593254	0.2743539	0.63052416	1.0	1429	tags=20%, list=9%, signal=22%	
TRANSLATION OF STRUCTURAL PROTEINS%REACTOME DATABASE ID RELEASE 93%9694635	TRANSLATION OF STRUCTURAL PROTEINS%REACTOME DATABASE ID RELEASE 93%9694635		59	0.36351544	1.1592283	0.20217392	0.630285	1.0	3486	tags=39%, list=21%, signal=49%	
LISTERIA MONOCYTOGENES ENTRY INTO HOST CELLS%REACTOME DATABASE ID RELEASE 93%8876384	LISTERIA MONOCYTOGENES ENTRY INTO HOST CELLS%REACTOME DATABASE ID RELEASE 93%8876384		19	0.47461462	1.1590587	0.27698573	0.63028806	1.0	705	tags=21%, list=4%, signal=22%	
REGULATION OF MITOCHONDRION ORGANIZATION%GOBP%GO:0010821	REGULATION OF MITOCHONDRION ORGANIZATION%GOBP%GO:0010821		94	0.34168762	1.1589762	0.18859649	0.6300412	1.0	2295	tags=22%, list=14%, signal=26%	
PKA ACTIVATION IN GLUCAGON SIGNALLING%REACTOME%R-HSA-164378.5	PKA ACTIVATION IN GLUCAGON SIGNALLING%REACTOME%R-HSA-164378.5		16	0.49914286	1.1587999	0.250497	0.630064	1.0	4788	tags=56%, list=29%, signal=79%	
INTEGRATION OF ENERGY METABOLISM%REACTOME%R-HSA-163685.6	INTEGRATION OF ENERGY METABOLISM%REACTOME%R-HSA-163685.6		91	0.34172618	1.158485	0.14114833	0.6304796	1.0	3550	tags=27%, list=22%, signal=35%	
NEGATIVE REGULATION OF PROTEIN TRANSPORT%GOBP%GO:0051224	NEGATIVE REGULATION OF PROTEIN TRANSPORT%GOBP%GO:0051224		66	0.36264652	1.1584114	0.17943107	0.6301706	1.0	3573	tags=35%, list=22%, signal=44%	
ACETYLSALICYLIC ACID ACTION PATHWAY%PATHWHIZ%PW000128	ACETYLSALICYLIC ACID ACTION PATHWAY%PATHWHIZ%PW000128		17	0.4769452	1.1583673	0.25732216	0.62975943	1.0	1183	tags=18%, list=7%, signal=19%	
MYELOID CELL DEVELOPMENT%GOBP%GO:0061515	MYELOID CELL DEVELOPMENT%GOBP%GO:0061515		24	0.4415214	1.1577483	0.2387755	0.6312221	1.0	2958	tags=25%, list=18%, signal=30%	
LATE SARS-COV-2 INFECTION EVENTS%REACTOME DATABASE ID RELEASE 93%9772573	LATE SARS-COV-2 INFECTION EVENTS%REACTOME DATABASE ID RELEASE 93%9772573		71	0.36174834	1.1575981	0.17864923	0.6311713	1.0	3486	tags=38%, list=21%, signal=48%	
BIOCARTA_CERAMIDE_PATHWAY%MSIGDB_C2%BIOCARTA_CERAMIDE_PATHWAY	BIOCARTA_CERAMIDE_PATHWAY%MSIGDB_C2%BIOCARTA_CERAMIDE_PATHWAY		21	0.45832875	1.1573795	0.23126338	0.63129973	1.0	940	tags=19%, list=6%, signal=20%	
REGULATION OF VASCULAR ENDOTHELIAL GROWTH FACTOR PRODUCTION%GOBP%GO:0010574	REGULATION OF VASCULAR ENDOTHELIAL GROWTH FACTOR PRODUCTION%GOBP%GO:0010574		24	0.44770768	1.1567873	0.25211865	0.63255453	1.0	1809	tags=17%, list=11%, signal=19%	
REGULATION OF T CELL APOPTOTIC PROCESS%GOBP%GO:0070232	REGULATION OF T CELL APOPTOTIC PROCESS%GOBP%GO:0070232		17	0.4791445	1.1564425	0.27114967	0.6330625	1.0	2938	tags=35%, list=18%, signal=43%	
RNA POL II CTD PHOSPHORYLATION AND INTERACTION WITH CE DURING HIV INFECTION%REACTOME%R-HSA-167160.4	RNA POL II CTD PHOSPHORYLATION AND INTERACTION WITH CE DURING HIV INFECTION%REACTOME%R-HSA-167160.4		26	0.432698	1.1559285	0.24524716	0.6342034	1.0	1625	tags=31%, list=10%, signal=34%	
CHOLESTEROL METABOLIC PROCESS%GOBP%GO:0008203	CHOLESTEROL METABOLIC PROCESS%GOBP%GO:0008203		53	0.3734661	1.155554	0.2116279	0.6348296	1.0	1542	tags=17%, list=9%, signal=19%	
KETOROLAC ACTION PATHWAY%SMPDB%SMP0000098	KETOROLAC ACTION PATHWAY%SMPDB%SMP0000098		17	0.4769452	1.1550502	0.26778242	0.6358811	1.0	1183	tags=18%, list=7%, signal=19%	
NEGATIVE REGULATION OF INTERLEUKIN-6 PRODUCTION%GOBP%GO:0032715	NEGATIVE REGULATION OF INTERLEUKIN-6 PRODUCTION%GOBP%GO:0032715		25	0.44159722	1.1545117	0.252505	0.63701046	1.0	3089	tags=24%, list=19%, signal=30%	
BROMFENAC ACTION PATHWAY%SMPDB%SMP0000102	BROMFENAC ACTION PATHWAY%SMPDB%SMP0000102		17	0.4769452	1.1543223	0.26215646	0.6370875	1.0	1183	tags=18%, list=7%, signal=19%	
PANCREATIC ADENOCARCINOMA PATHWAY%WIKIPATHWAYS_20250810%WP4263%HOMO SAPIENS	PANCREATIC ADENOCARCINOMA PATHWAY%WIKIPATHWAYS_20250810%WP4263%HOMO SAPIENS		65	0.35669857	1.1539481	0.1987315	0.637781	1.0	1809	tags=20%, list=11%, signal=22%	
COTRANSLATIONAL PROTEIN TARGETING TO MEMBRANE%GOBP%GO:0006613	COTRANSLATIONAL PROTEIN TARGETING TO MEMBRANE%GOBP%GO:0006613		18	0.48222947	1.1539308	0.25760648	0.6373059	1.0	3909	tags=39%, list=24%, signal=51%	
STEROID BIOSYNTHETIC PROCESS%GOBP%GO:0006694	STEROID BIOSYNTHETIC PROCESS%GOBP%GO:0006694		46	0.39130512	1.153384	0.22626263	0.6385157	1.0	4647	tags=41%, list=28%, signal=57%	
RNA POL II CTD PHOSPHORYLATION AND INTERACTION WITH CE%REACTOME%R-HSA-77075.4	RNA POL II CTD PHOSPHORYLATION AND INTERACTION WITH CE%REACTOME%R-HSA-77075.4		26	0.432698	1.1532091	0.24586777	0.63851726	1.0	1625	tags=31%, list=10%, signal=34%	
PID_LKB1_PATHWAY%MSIGDB_C2%PID_LKB1_PATHWAY	PID_LKB1_PATHWAY%MSIGDB_C2%PID_LKB1_PATHWAY		31	0.4257565	1.1530422	0.24312897	0.63852096	1.0	1983	tags=26%, list=12%, signal=29%	
SALICYLATE-SODIUM ACTION PATHWAY%SMPDB%SMP0000708	SALICYLATE-SODIUM ACTION PATHWAY%SMPDB%SMP0000708		17	0.4769452	1.1530188	0.2703252	0.6380673	1.0	1183	tags=18%, list=7%, signal=19%	
RECEPTOR INTERNALIZATION%GOBP%GO:0031623	RECEPTOR INTERNALIZATION%GOBP%GO:0031623		49	0.3811971	1.1523703	0.21638656	0.6395859	1.0	3230	tags=33%, list=20%, signal=41%	
REGULATION OF TRANSFORMING GROWTH FACTOR BETA PRODUCTION%GOBP%GO:0071634	REGULATION OF TRANSFORMING GROWTH FACTOR BETA PRODUCTION%GOBP%GO:0071634		20	0.45221442	1.1521826	0.25894737	0.6396837	1.0	4205	tags=35%, list=26%, signal=47%	
REGULATION OF NOTCH SIGNALING PATHWAY%GOBP%GO:0008593	REGULATION OF NOTCH SIGNALING PATHWAY%GOBP%GO:0008593		63	0.36248273	1.1520723	0.18736383	0.63949996	1.0	3178	tags=32%, list=19%, signal=39%	
DEOXYRIBOSE PHOSPHATE CATABOLIC PROCESS%GOBP%GO:0046386	DEOXYRIBOSE PHOSPHATE CATABOLIC PROCESS%GOBP%GO:0046386		19	0.4673024	1.1520237	0.25343812	0.6391402	1.0	3772	tags=47%, list=23%, signal=61%	
BIOCARTA_ERAD_PATHWAY%MSIGDB_C2%BIOCARTA_ERAD_PATHWAY	BIOCARTA_ERAD_PATHWAY%MSIGDB_C2%BIOCARTA_ERAD_PATHWAY		15	0.4894403	1.1516798	0.29708737	0.6396506	1.0	2250	tags=40%, list=14%, signal=46%	
POSITIVE REGULATION OF APOPTOTIC SIGNALING PATHWAY%GOBP%GO:2001235	POSITIVE REGULATION OF APOPTOTIC SIGNALING PATHWAY%GOBP%GO:2001235		81	0.34754685	1.1511745	0.18468468	0.6407157	1.0	2141	tags=22%, list=13%, signal=25%	
NEURON RECOGNITION%GOBP%GO:0008038	NEURON RECOGNITION%GOBP%GO:0008038		34	0.40787414	1.150916	0.24070022	0.6409746	1.0	2109	tags=15%, list=13%, signal=17%	
ANTIMICROBIAL PEPTIDES%REACTOME DATABASE ID RELEASE 93%6803157	ANTIMICROBIAL PEPTIDES%REACTOME DATABASE ID RELEASE 93%6803157		19	0.4640086	1.1508652	0.28973842	0.64060545	1.0	4593	tags=42%, list=28%, signal=58%	
POSITIVE REGULATION OF GRANULOCYTE CHEMOTAXIS%GOBP%GO:0071624	POSITIVE REGULATION OF GRANULOCYTE CHEMOTAXIS%GOBP%GO:0071624		19	0.46610835	1.1506568	0.2751678	0.64074385	1.0	3153	tags=32%, list=19%, signal=39%	
NEGATIVE REGULATION OF CDH1 GENE TRANSCRIPTION%REACTOME DATABASE ID RELEASE 93%9764725	NEGATIVE REGULATION OF CDH1 GENE TRANSCRIPTION%REACTOME DATABASE ID RELEASE 93%9764725		45	0.38045517	1.1501992	0.23830736	0.6415913	1.0	2503	tags=24%, list=15%, signal=29%	
MUSCARINIC ACETYLCHOLINE RECEPTOR 2 AND 4 SIGNALING PATHWAY%PANTHER PATHWAY%P00043	MUSCARINIC ACETYLCHOLINE RECEPTOR 2 AND 4 SIGNALING PATHWAY%PANTHER PATHWAY%P00043		25	0.43871993	1.1499404	0.23469388	0.64184296	1.0	4294	tags=40%, list=26%, signal=54%	
ETORICOXIB ACTION PATHWAY%SMPDB%SMP0000695	ETORICOXIB ACTION PATHWAY%SMPDB%SMP0000695		17	0.4769452	1.1495008	0.25779626	0.642792	1.0	1183	tags=18%, list=7%, signal=19%	
DOXORUBICIN METABOLISM PATHWAY%SMPDB%SMP0000650	DOXORUBICIN METABOLISM PATHWAY%SMPDB%SMP0000650		17	0.47567895	1.1494958	0.26391754	0.64227754	1.0	3777	tags=41%, list=23%, signal=53%	
REGULATION OF PHAGOCYTOSIS%GOBP%GO:0050764	REGULATION OF PHAGOCYTOSIS%GOBP%GO:0050764		68	0.35630387	1.1487098	0.18451025	0.64422476	1.0	3089	tags=21%, list=19%, signal=25%	
POSITIVE REGULATION OF P38MAPK CASCADE%GOBP%GO:1900745	POSITIVE REGULATION OF P38MAPK CASCADE%GOBP%GO:1900745		20	0.46067646	1.1486453	0.27855712	0.6438919	1.0	1581	tags=30%, list=10%, signal=33%	
FATTY ACID METABOLIC PROCESS%GOBP%GO:0006631	FATTY ACID METABOLIC PROCESS%GOBP%GO:0006631		200	0.30750364	1.148487	0.109619685	0.6438785	1.0	3274	tags=24%, list=20%, signal=29%	
NEGATIVE REGULATION OF ENDOPLASMIC RETICULUM UNFOLDED PROTEIN RESPONSE%GOBP%GO:1900102	NEGATIVE REGULATION OF ENDOPLASMIC RETICULUM UNFOLDED PROTEIN RESPONSE%GOBP%GO:1900102		17	0.47452155	1.1484761	0.266	0.6433843	1.0	1933	tags=29%, list=12%, signal=33%	
EMBRYO DEVELOPMENT ENDING IN BIRTH OR EGG HATCHING%GOBP%GO:0009792	EMBRYO DEVELOPMENT ENDING IN BIRTH OR EGG HATCHING%GOBP%GO:0009792		151	0.3185291	1.1482483	0.15270936	0.64360464	1.0	2727	tags=18%, list=17%, signal=21%	
PID_AR_NONGENOMIC_PATHWAY%MSIGDB_C2%PID_AR_NONGENOMIC_PATHWAY	PID_AR_NONGENOMIC_PATHWAY%MSIGDB_C2%PID_AR_NONGENOMIC_PATHWAY		27	0.42540726	1.147953	0.23505154	0.6439696	1.0	1199	tags=19%, list=7%, signal=20%	
PYRIMIDINE-CONTAINING COMPOUND BIOSYNTHETIC PROCESS%GOBP%GO:0072528	PYRIMIDINE-CONTAINING COMPOUND BIOSYNTHETIC PROCESS%GOBP%GO:0072528		26	0.42977875	1.1476811	0.26709402	0.64426106	1.0	1674	tags=15%, list=10%, signal=17%	
EPH-EPHRIN MEDIATED REPULSION OF CELLS%REACTOME%R-HSA-3928665.5	EPH-EPHRIN MEDIATED REPULSION OF CELLS%REACTOME%R-HSA-3928665.5		43	0.38951138	1.1476731	0.21325052	0.64375997	1.0	2617	tags=28%, list=16%, signal=33%	
POSITIVE REGULATION OF EPIDERMAL GROWTH FACTOR RECEPTOR SIGNALING PATHWAY%GOBP%GO:0045742	POSITIVE REGULATION OF EPIDERMAL GROWTH FACTOR RECEPTOR SIGNALING PATHWAY%GOBP%GO:0045742		24	0.44317707	1.1475807	0.27032968	0.64356005	1.0	2723	tags=25%, list=17%, signal=30%	
INTEGRIN SIGNALLING PATHWAY%PANTHER PATHWAY%P00034	INTEGRIN SIGNALLING PATHWAY%PANTHER PATHWAY%P00034		158	0.31573254	1.1475203	0.14	0.6432009	1.0	2584	tags=20%, list=16%, signal=23%	
REGULATION OF HORMONE SECRETION%GOBP%GO:0046883	REGULATION OF HORMONE SECRETION%GOBP%GO:0046883		116	0.3298122	1.1472049	0.17303371	0.6436605	1.0	1679	tags=12%, list=10%, signal=13%	
PLASMA LIPOPROTEIN PARTICLE REMODELING%GOBP%GO:0034369	PLASMA LIPOPROTEIN PARTICLE REMODELING%GOBP%GO:0034369		19	0.4606595	1.1471683	0.26862746	0.64327127	1.0	4151	tags=37%, list=25%, signal=49%	
FENOPROFEN ACTION PATHWAY%SMPDB%SMP0000696	FENOPROFEN ACTION PATHWAY%SMPDB%SMP0000696		17	0.4769452	1.1464403	0.28053436	0.6450522	1.0	1183	tags=18%, list=7%, signal=19%	
HALLMARK_MYC_TARGETS_V2%MSIGDBHALLMARK%HALLMARK_MYC_TARGETS_V2	HALLMARK_MYC_TARGETS_V2%MSIGDBHALLMARK%HALLMARK_MYC_TARGETS_V2		44	0.38387534	1.1460931	0.21475054	0.64561117	1.0	2682	tags=34%, list=16%, signal=41%	
REGULATION OF EPIDERMAL GROWTH FACTOR RECEPTOR SIGNALING PATHWAY%GOBP%GO:0042058	REGULATION OF EPIDERMAL GROWTH FACTOR RECEPTOR SIGNALING PATHWAY%GOBP%GO:0042058		56	0.3733795	1.1458421	0.21231422	0.645861	1.0	2241	tags=25%, list=14%, signal=29%	
INTEGRATED STRESS RESPONSE SIGNALING%GOBP%GO:0140467	INTEGRATED STRESS RESPONSE SIGNALING%GOBP%GO:0140467		31	0.41202503	1.1456926	0.24683544	0.6458418	1.0	1775	tags=26%, list=11%, signal=29%	
BIOCARTA_FCER1_PATHWAY%MSIGDB_C2%BIOCARTA_FCER1_PATHWAY	BIOCARTA_FCER1_PATHWAY%MSIGDB_C2%BIOCARTA_FCER1_PATHWAY		29	0.4276275	1.1456867	0.24050634	0.6453441	1.0	203	tags=10%, list=1%, signal=10%	
VALDECOXIB ACTION PATHWAY%SMPDB%SMP0000116	VALDECOXIB ACTION PATHWAY%SMPDB%SMP0000116		17	0.4769452	1.1455684	0.2754491	0.6451834	1.0	1183	tags=18%, list=7%, signal=19%	
REGULATION OF GOLGI ORGANIZATION%GOBP%GO:1903358	REGULATION OF GOLGI ORGANIZATION%GOBP%GO:1903358		15	0.49210054	1.1453162	0.26987448	0.64544475	1.0	939	tags=20%, list=6%, signal=21%	
HALLMARK_CHOLESTEROL_HOMEOSTASIS%MSIGDBHALLMARK%HALLMARK_CHOLESTEROL_HOMEOSTASIS	HALLMARK_CHOLESTEROL_HOMEOSTASIS%MSIGDBHALLMARK%HALLMARK_CHOLESTEROL_HOMEOSTASIS		57	0.37325072	1.1450468	0.22551253	0.64582753	1.0	3586	tags=32%, list=22%, signal=40%	
17Q12 COPY NUMBER VARIATION SYNDROME%WIKIPATHWAYS_20250810%WP5287%HOMO SAPIENS	17Q12 COPY NUMBER VARIATION SYNDROME%WIKIPATHWAYS_20250810%WP5287%HOMO SAPIENS		58	0.36706683	1.1449062	0.2099567	0.64573103	1.0	5230	tags=53%, list=32%, signal=78%	
CARPROFEN ACTION PATHWAY%SMPDB%SMP0000694	CARPROFEN ACTION PATHWAY%SMPDB%SMP0000694		17	0.4769452	1.1444536	0.28270042	0.64654016	1.0	1183	tags=18%, list=7%, signal=19%	
HAIR CELL DIFFERENTIATION%GOBP%GO:0035315	HAIR CELL DIFFERENTIATION%GOBP%GO:0035315		16	0.48954543	1.1443352	0.28690228	0.6463678	1.0	3603	tags=31%, list=22%, signal=40%	
PID_PDGFRB_PATHWAY%MSIGDB_C2%PID_PDGFRB_PATHWAY	PID_PDGFRB_PATHWAY%MSIGDB_C2%PID_PDGFRB_PATHWAY		92	0.3406449	1.1438782	0.1936937	0.64727503	1.0	2180	tags=24%, list=13%, signal=27%	
GLYCOGEN METABOLISM%REACTOME%R-HSA-8982491.3	GLYCOGEN METABOLISM%REACTOME%R-HSA-8982491.3		25	0.42983252	1.1438745	0.26875	0.6467684	1.0	3754	tags=52%, list=23%, signal=67%	
PHENYLBUTAZONE ACTION PATHWAY%PATHWHIZ%PW000678	PHENYLBUTAZONE ACTION PATHWAY%PATHWHIZ%PW000678		17	0.4769452	1.1437349	0.28769842	0.64668286	1.0	1183	tags=18%, list=7%, signal=19%	
DIFLUNISAL ACTION PATHWAY%SMPDB%SMP0000289	DIFLUNISAL ACTION PATHWAY%SMPDB%SMP0000289		17	0.4769452	1.1436222	0.29896906	0.6464914	1.0	1183	tags=18%, list=7%, signal=19%	
ANTRAFENINE ACTION PATHWAY%SMPDB%SMP0000693	ANTRAFENINE ACTION PATHWAY%SMPDB%SMP0000693		17	0.4769452	1.143417	0.27442828	0.64662004	1.0	1183	tags=18%, list=7%, signal=19%	
ROFECOXIB ACTION PATHWAY%SMPDB%SMP0000087	ROFECOXIB ACTION PATHWAY%SMPDB%SMP0000087		17	0.4769452	1.1432076	0.2881002	0.6467428	1.0	1183	tags=18%, list=7%, signal=19%	
OPIOID SIGNALLING%REACTOME%R-HSA-111885.4	OPIOID SIGNALLING%REACTOME%R-HSA-111885.4		74	0.35598335	1.1431497	0.21286032	0.64640784	1.0	3524	tags=26%, list=21%, signal=33%	
REGULATION OF APOPTOSIS%REACTOME DATABASE ID RELEASE 93%169911	REGULATION OF APOPTOSIS%REACTOME DATABASE ID RELEASE 93%169911		37	0.4041177	1.1430273	0.2413088	0.6462273	1.0	2844	tags=41%, list=17%, signal=49%	
MRNA CAPPING%REACTOME DATABASE ID RELEASE 93%72086	MRNA CAPPING%REACTOME DATABASE ID RELEASE 93%72086		28	0.41881442	1.1430217	0.25050917	0.64572835	1.0	1625	tags=29%, list=10%, signal=32%	
EMBRYONIC PLACENTA DEVELOPMENT%GOBP%GO:0001892	EMBRYONIC PLACENTA DEVELOPMENT%GOBP%GO:0001892		18	0.48206028	1.142804	0.27459016	0.64588654	1.0	6	tags=6%, list=0%, signal=6%	
OXAPROZIN ACTION PATHWAY%PATHWHIZ%PW000262	OXAPROZIN ACTION PATHWAY%PATHWHIZ%PW000262		17	0.4769452	1.1424396	0.2820513	0.64652723	1.0	1183	tags=18%, list=7%, signal=19%	
REGULATION OF STRESS FIBER ASSEMBLY%GOBP%GO:0051492	REGULATION OF STRESS FIBER ASSEMBLY%GOBP%GO:0051492		69	0.35848713	1.1423961	0.23326133	0.64614487	1.0	1814	tags=22%, list=11%, signal=24%	
DICLOFENAC ACTION PATHWAY%PATHWHIZ%PW000135	DICLOFENAC ACTION PATHWAY%PATHWHIZ%PW000135		17	0.4769452	1.1423945	0.29661018	0.6456375	1.0	1183	tags=18%, list=7%, signal=19%	
ANTIPYRINE ACTION PATHWAY%SMPDB%SMP0000692	ANTIPYRINE ACTION PATHWAY%SMPDB%SMP0000692		17	0.4769452	1.1423906	0.3	0.64513314	1.0	1183	tags=18%, list=7%, signal=19%	
TENOXICAM ACTION PATHWAY%SMPDB%SMP0000706	TENOXICAM ACTION PATHWAY%SMPDB%SMP0000706		17	0.4769452	1.1420759	0.26666668	0.64558065	1.0	1183	tags=18%, list=7%, signal=19%	
PURINERGIC SIGNALING IN LEISHMANIASIS INFECTION%REACTOME%R-HSA-9660826.3	PURINERGIC SIGNALING IN LEISHMANIASIS INFECTION%REACTOME%R-HSA-9660826.3		22	0.44164816	1.1420486	0.27160493	0.6451568	1.0	2403	tags=27%, list=15%, signal=32%	
ZYMOGEN ACTIVATION%GOBP%GO:0031638	ZYMOGEN ACTIVATION%GOBP%GO:0031638		17	0.47395423	1.1419646	0.26434427	0.6449068	1.0	4195	tags=35%, list=26%, signal=47%	
POSITIVE REGULATION OF LEUKOCYTE MIGRATION%GOBP%GO:0002687	POSITIVE REGULATION OF LEUKOCYTE MIGRATION%GOBP%GO:0002687		98	0.34051386	1.14194	0.18571429	0.6444748	1.0	2938	tags=22%, list=18%, signal=27%	
NEGATIVE REGULATION OF INTERLEUKIN-1 PRODUCTION%GOBP%GO:0032692	NEGATIVE REGULATION OF INTERLEUKIN-1 PRODUCTION%GOBP%GO:0032692		21	0.44709566	1.1417502	0.27813163	0.6445675	1.0	1445	tags=14%, list=9%, signal=16%	
TOLMETIN ACTION PATHWAY%PATHWHIZ%PW000681	TOLMETIN ACTION PATHWAY%PATHWHIZ%PW000681		17	0.4769452	1.1417485	0.27160493	0.6440623	1.0	1183	tags=18%, list=7%, signal=19%	
ETODOLAC ACTION PATHWAY%PATHWHIZ%PW000129	ETODOLAC ACTION PATHWAY%PATHWHIZ%PW000129		17	0.4769452	1.1417097	0.288	0.64365935	1.0	1183	tags=18%, list=7%, signal=19%	
POSITIVE REGULATION OF PROTEOLYSIS INVOLVED IN PROTEIN CATABOLIC PROCESS%GOBP%GO:1903052	POSITIVE REGULATION OF PROTEOLYSIS INVOLVED IN PROTEIN CATABOLIC PROCESS%GOBP%GO:1903052		104	0.3314039	1.1416048	0.17391305	0.64345837	1.0	2300	tags=27%, list=14%, signal=31%	
PROTEIN TETRAMERIZATION%GOBP%GO:0051262	PROTEIN TETRAMERIZATION%GOBP%GO:0051262		70	0.35524744	1.1415061	0.20823799	0.64322096	1.0	3515	tags=24%, list=21%, signal=31%	
REGULATION OF ENDOGENOUS RETROELEMENTS%REACTOME%R-HSA-9842860.2	REGULATION OF ENDOGENOUS RETROELEMENTS%REACTOME%R-HSA-9842860.2		87	0.34278727	1.1414034	0.18163265	0.6430136	1.0	2379	tags=21%, list=14%, signal=24%	
NEOVASCULARIZATION PROCESSES%WIKIPATHWAYS_20250810%WP4331%HOMO SAPIENS	NEOVASCULARIZATION PROCESSES%WIKIPATHWAYS_20250810%WP4331%HOMO SAPIENS		29	0.42103487	1.1413559	0.24835165	0.6426587	1.0	1901	tags=28%, list=12%, signal=31%	
MELANOSOME ASSEMBLY%GOBP%GO:1903232	MELANOSOME ASSEMBLY%GOBP%GO:1903232		18	0.45796522	1.1413145	0.2931727	0.64227974	1.0	2397	tags=44%, list=15%, signal=52%	
MAGNESIUM SALICYLATE ACTION PATHWAY%PATHWHIZ%PW000675	MAGNESIUM SALICYLATE ACTION PATHWAY%PATHWHIZ%PW000675		17	0.4769452	1.1411632	0.29052633	0.6422454	1.0	1183	tags=18%, list=7%, signal=19%	
DNA METHYLATION%REACTOME DATABASE ID RELEASE 93%5334118	DNA METHYLATION%REACTOME DATABASE ID RELEASE 93%5334118		16	0.4808074	1.1409204	0.28282827	0.64247316	1.0	6041	tags=50%, list=37%, signal=79%	
PIROXICAM ACTION PATHWAY%SMPDB%SMP0000077	PIROXICAM ACTION PATHWAY%SMPDB%SMP0000077		17	0.4769452	1.1404765	0.2908745	0.6433116	1.0	1183	tags=18%, list=7%, signal=19%	
RNA POLYMERASE III TRANSCRIPTION INITIATION FROM TYPE 2 PROMOTER%REACTOME%R-HSA-76066.4	RNA POLYMERASE III TRANSCRIPTION INITIATION FROM TYPE 2 PROMOTER%REACTOME%R-HSA-76066.4		27	0.42041212	1.1403081	0.26226014	0.6433408	1.0	2768	tags=26%, list=17%, signal=31%	
NUCLEAR RNA SURVEILLANCE%GOBP%GO:0071027	NUCLEAR RNA SURVEILLANCE%GOBP%GO:0071027		32	0.40503216	1.1395718	0.24891774	0.6451178	1.0	1701	tags=19%, list=10%, signal=21%	
KEAP1-NFE2L2 PATHWAY%REACTOME%R-HSA-9755511.5	KEAP1-NFE2L2 PATHWAY%REACTOME%R-HSA-9755511.5		105	0.32716197	1.1395419	0.18457943	0.644707	1.0	4110	tags=45%, list=25%, signal=59%	
INSULIN-MEDIATED GLUCOSE TRANSPORT%PATHWAY INTERACTION DATABASE NCI-NATURE CURATED DATA%INSULIN-MEDIATED GLUCOSE TRANSPORT	INSULIN-MEDIATED GLUCOSE TRANSPORT%PATHWAY INTERACTION DATABASE NCI-NATURE CURATED DATA%INSULIN-MEDIATED GLUCOSE TRANSPORT		24	0.44764265	1.1392208	0.26849896	0.6451886	1.0	2169	tags=33%, list=13%, signal=38%	
ARACHIDONIC ACID METABOLISM%SMPDB%SMP0000075	ARACHIDONIC ACID METABOLISM%SMPDB%SMP0000075		17	0.4769452	1.1392201	0.29045644	0.64468557	1.0	1183	tags=18%, list=7%, signal=19%	
MEMBRANE FISSION%GOBP%GO:0090148	MEMBRANE FISSION%GOBP%GO:0090148		40	0.3925596	1.1391808	0.22939867	0.64430624	1.0	1987	tags=30%, list=12%, signal=34%	
NEGATIVE REGULATION OF SMOOTH MUSCLE CELL MIGRATION%GOBP%GO:0014912	NEGATIVE REGULATION OF SMOOTH MUSCLE CELL MIGRATION%GOBP%GO:0014912		15	0.48412502	1.1385689	0.3043478	0.64576185	1.0	1325	tags=20%, list=8%, signal=22%	
DEVELOPMENTAL CELL LINEAGES%REACTOME DATABASE ID RELEASE 93%9734767	DEVELOPMENTAL CELL LINEAGES%REACTOME DATABASE ID RELEASE 93%9734767		18	0.4665028	1.1381432	0.29978585	0.64661586	1.0	466	tags=11%, list=3%, signal=11%	
POSITIVE REGULATION OF ERBB SIGNALING PATHWAY%GOBP%GO:1901186	POSITIVE REGULATION OF ERBB SIGNALING PATHWAY%GOBP%GO:1901186		26	0.42912644	1.1380149	0.2616633	0.6465161	1.0	2723	tags=23%, list=17%, signal=28%	
VACUOLAR TRANSPORT%GOBP%GO:0007034	VACUOLAR TRANSPORT%GOBP%GO:0007034		139	0.31815532	1.1379565	0.16435185	0.6462179	1.0	1771	tags=21%, list=11%, signal=23%	
PYRIMIDINE NUCLEOTIDE METABOLIC PROCESS%GOBP%GO:0006220	PYRIMIDINE NUCLEOTIDE METABOLIC PROCESS%GOBP%GO:0006220		41	0.38511756	1.1379067	0.2489796	0.6458629	1.0	2427	tags=20%, list=15%, signal=23%	
RESPONSE TO ZINC ION%GOBP%GO:0010043	RESPONSE TO ZINC ION%GOBP%GO:0010043		16	0.47789365	1.1378475	0.26535088	0.64552945	1.0	2808	tags=31%, list=17%, signal=38%	
POSITIVE REGULATION OF EPITHELIAL CELL DIFFERENTIATION%GOBP%GO:0030858	POSITIVE REGULATION OF EPITHELIAL CELL DIFFERENTIATION%GOBP%GO:0030858		38	0.39003453	1.1377344	0.22544643	0.645382	1.0	3679	tags=29%, list=22%, signal=37%	
CAMKK2 PATHWAY%WIKIPATHWAYS_20250810%WP4874%HOMO SAPIENS	CAMKK2 PATHWAY%WIKIPATHWAYS_20250810%WP4874%HOMO SAPIENS		77	0.35872188	1.1371902	0.2178899	0.6466316	1.0	2047	tags=18%, list=12%, signal=21%	
RHO GTPASES ACTIVATE NADPH OXIDASES%REACTOME%R-HSA-5668599.9	RHO GTPASES ACTIVATE NADPH OXIDASES%REACTOME%R-HSA-5668599.9		19	0.46561664	1.1371192	0.28387097	0.64636225	1.0	2524	tags=42%, list=15%, signal=50%	
NAPROXEN ACTION PATHWAY%SMPDB%SMP0000120	NAPROXEN ACTION PATHWAY%SMPDB%SMP0000120		17	0.4769452	1.1370275	0.30020705	0.64614165	1.0	1183	tags=18%, list=7%, signal=19%	
SALSALATE ACTION PATHWAY%SMPDB%SMP0000707	SALSALATE ACTION PATHWAY%SMPDB%SMP0000707		17	0.4769452	1.1367427	0.27858627	0.646506	1.0	1183	tags=18%, list=7%, signal=19%	
MELOXICAM ACTION PATHWAY%SMPDB%SMP0000106	MELOXICAM ACTION PATHWAY%SMPDB%SMP0000106		17	0.4769452	1.136733	0.28265107	0.6460407	1.0	1183	tags=18%, list=7%, signal=19%	
LUMIRACOXIB ACTION PATHWAY%SMPDB%SMP0000699	LUMIRACOXIB ACTION PATHWAY%SMPDB%SMP0000699		17	0.4769452	1.136191	0.30020285	0.647283	1.0	1183	tags=18%, list=7%, signal=19%	
CHOLESTEROL METABOLISM WITH BLOCH AND KANDUTSCH RUSSELL PATHWAYS%WIKIPATHWAYS_20250810%WP4718%HOMO SAPIENS	CHOLESTEROL METABOLISM WITH BLOCH AND KANDUTSCH RUSSELL PATHWAYS%WIKIPATHWAYS_20250810%WP4718%HOMO SAPIENS		36	0.39878738	1.136102	0.25531915	0.64706284	1.0	3586	tags=31%, list=22%, signal=39%	
TIAPROFENIC ACID ACTION PATHWAY%PATHWHIZ%PW000682	TIAPROFENIC ACID ACTION PATHWAY%PATHWHIZ%PW000682		17	0.4769452	1.1357375	0.28716904	0.6476669	1.0	1183	tags=18%, list=7%, signal=19%	
TRANSLOCATION OF ZAP-70 TO IMMUNOLOGICAL SYNAPSE%REACTOME%R-HSA-202430.7	TRANSLOCATION OF ZAP-70 TO IMMUNOLOGICAL SYNAPSE%REACTOME%R-HSA-202430.7		18	0.46635538	1.1353458	0.30390143	0.64834064	1.0	6008	tags=67%, list=37%, signal=105%	
KETOPROFEN ACTION PATHWAY%SMPDB%SMP0000085	KETOPROFEN ACTION PATHWAY%SMPDB%SMP0000085		17	0.4769452	1.1348383	0.29735234	0.6493926	1.0	1183	tags=18%, list=7%, signal=19%	
MULTICELLULAR ORGANISMAL-LEVEL CHEMICAL HOMEOSTASIS%GOBP%GO:0140962	MULTICELLULAR ORGANISMAL-LEVEL CHEMICAL HOMEOSTASIS%GOBP%GO:0140962		49	0.37349495	1.1346464	0.23799127	0.6494987	1.0	5183	tags=45%, list=32%, signal=65%	
OVERVIEW OF PROINFLAMMATORY AND PROFIBROTIC MEDIATORS%WIKIPATHWAYS_20250810%WP5095%HOMO SAPIENS	OVERVIEW OF PROINFLAMMATORY AND PROFIBROTIC MEDIATORS%WIKIPATHWAYS_20250810%WP5095%HOMO SAPIENS		45	0.38178855	1.1340613	0.24395604	0.65075237	1.0	5230	tags=42%, list=32%, signal=62%	
REGULATION OF ERBB SIGNALING PATHWAY%GOBP%GO:1901184	REGULATION OF ERBB SIGNALING PATHWAY%GOBP%GO:1901184		61	0.36348218	1.1335489	0.22295806	0.6518762	1.0	2410	tags=25%, list=15%, signal=29%	
MIDBODY ABSCISSION%GOBP%GO:0061952	MIDBODY ABSCISSION%GOBP%GO:0061952		21	0.44688833	1.133482	0.26859504	0.65156627	1.0	2905	tags=38%, list=18%, signal=46%	
RESPONSE TO TOPOLOGICALLY INCORRECT PROTEIN%GOBP%GO:0035966	RESPONSE TO TOPOLOGICALLY INCORRECT PROTEIN%GOBP%GO:0035966		97	0.33415908	1.132828	0.21232876	0.6530574	1.0	1952	tags=25%, list=12%, signal=28%	
PROTEIN-LIPID COMPLEX REMODELING%GOBP%GO:0034368	PROTEIN-LIPID COMPLEX REMODELING%GOBP%GO:0034368		19	0.4606595	1.1327242	0.2901099	0.65286136	1.0	4151	tags=37%, list=25%, signal=49%	
NEUTRAL AMINO ACID TRANSPORT%GOBP%GO:0015804	NEUTRAL AMINO ACID TRANSPORT%GOBP%GO:0015804		31	0.41075522	1.1320275	0.2761506	0.6545912	1.0	3432	tags=32%, list=21%, signal=41%	
MITOCHONDRIAL RIBOSOME ASSEMBLY%GOBP%GO:0061668	MITOCHONDRIAL RIBOSOME ASSEMBLY%GOBP%GO:0061668		22	0.44892412	1.1318856	0.27290836	0.6545056	1.0	2246	tags=45%, list=14%, signal=53%	
SALICYLIC ACID ACTION PATHWAY%SMPDB%SMP0000709	SALICYLIC ACID ACTION PATHWAY%SMPDB%SMP0000709		17	0.4769452	1.1314281	0.29735234	0.65537196	1.0	1183	tags=18%, list=7%, signal=19%	
VITAMIN A AND CAROTENOID METABOLISM%WIKIPATHWAYS_20250810%WP716%HOMO SAPIENS	VITAMIN A AND CAROTENOID METABOLISM%WIKIPATHWAYS_20250810%WP716%HOMO SAPIENS		25	0.4304516	1.1311197	0.296875	0.65581936	1.0	1229	tags=12%, list=7%, signal=13%	
RESPONSE TO HEAT%GOBP%GO:0009408	RESPONSE TO HEAT%GOBP%GO:0009408		52	0.3795834	1.131092	0.22222222	0.65540665	1.0	2774	tags=27%, list=17%, signal=32%	
REGULATION OF RUNX2 EXPRESSION AND ACTIVITY%REACTOME%R-HSA-8939902.4	REGULATION OF RUNX2 EXPRESSION AND ACTIVITY%REACTOME%R-HSA-8939902.4		52	0.3725474	1.1308919	0.22573364	0.6555535	1.0	2844	tags=33%, list=17%, signal=39%	
PYRIMIDINE DEOXYRIBONUCLEOTIDE CATABOLIC PROCESS%GOBP%GO:0009223	PYRIMIDINE DEOXYRIBONUCLEOTIDE CATABOLIC PROCESS%GOBP%GO:0009223		15	0.48781982	1.1304648	0.29149798	0.6563896	1.0	3772	tags=53%, list=23%, signal=69%	
OXYSTEROLS DERIVED FROM CHOLESTEROL%WIKIPATHWAYS_20250810%WP4545%HOMO SAPIENS	OXYSTEROLS DERIVED FROM CHOLESTEROL%WIKIPATHWAYS_20250810%WP4545%HOMO SAPIENS		26	0.42674026	1.129868	0.2651357	0.6577838	1.0	5450	tags=42%, list=33%, signal=63%	
POSITIVE REGULATION OF PROTEIN TARGETING TO MEMBRANE%GOBP%GO:0090314	POSITIVE REGULATION OF PROTEIN TARGETING TO MEMBRANE%GOBP%GO:0090314		20	0.4623959	1.1297421	0.3089431	0.65764153	1.0	2750	tags=30%, list=17%, signal=36%	
SKIN DEVELOPMENT%GOBP%GO:0043588	SKIN DEVELOPMENT%GOBP%GO:0043588		75	0.3455279	1.1297299	0.23043478	0.6571797	1.0	3522	tags=24%, list=21%, signal=30%	
HEME METABOLIC PROCESS%GOBP%GO:0042168	HEME METABOLIC PROCESS%GOBP%GO:0042168		26	0.42725518	1.1296722	0.2741228	0.65686804	1.0	4339	tags=54%, list=26%, signal=73%	
REGULATION OF IMMUNOGLOBULIN PRODUCTION%GOBP%GO:0002637	REGULATION OF IMMUNOGLOBULIN PRODUCTION%GOBP%GO:0002637		35	0.39711082	1.1296209	0.26008064	0.6565404	1.0	3127	tags=31%, list=19%, signal=39%	
HALLMARK_MTORC1_SIGNALING%MSIGDBHALLMARK%HALLMARK_MTORC1_SIGNALING	HALLMARK_MTORC1_SIGNALING%MSIGDBHALLMARK%HALLMARK_MTORC1_SIGNALING		139	0.31986812	1.1292038	0.17431192	0.6572979	1.0	3432	tags=31%, list=21%, signal=39%	
PHAGOSOME MATURATION%GOBP%GO:0090382	PHAGOSOME MATURATION%GOBP%GO:0090382		21	0.45019487	1.1288682	0.30443975	0.65784585	1.0	3397	tags=24%, list=21%, signal=30%	
REGULATION OF RAS BY GAPS%REACTOME DATABASE ID RELEASE 93%5658442	REGULATION OF RAS BY GAPS%REACTOME DATABASE ID RELEASE 93%5658442		51	0.37649557	1.1287467	0.23732251	0.6577265	1.0	2844	tags=35%, list=17%, signal=43%	
FLURBIPROFEN ACTION PATHWAY%SMPDB%SMP0000697	FLURBIPROFEN ACTION PATHWAY%SMPDB%SMP0000697		17	0.4769452	1.1287254	0.29817444	0.6572933	1.0	1183	tags=18%, list=7%, signal=19%	
BREAST CANCER PATHWAY%WIKIPATHWAYS_20250810%WP4262%HOMO SAPIENS	BREAST CANCER PATHWAY%WIKIPATHWAYS_20250810%WP4262%HOMO SAPIENS		107	0.33242714	1.1287017	0.2091954	0.65687394	1.0	2750	tags=22%, list=17%, signal=27%	
POSITIVE REGULATION OF LEUKOCYTE PROLIFERATION%GOBP%GO:0070665	POSITIVE REGULATION OF LEUKOCYTE PROLIFERATION%GOBP%GO:0070665		89	0.33523375	1.1286285	0.18969555	0.6565968	1.0	2389	tags=13%, list=15%, signal=16%	
CELL RECRUITMENT (PRO-INFLAMMATORY RESPONSE)%REACTOME%R-HSA-9664424.3	CELL RECRUITMENT (PRO-INFLAMMATORY RESPONSE)%REACTOME%R-HSA-9664424.3		22	0.44164816	1.1283201	0.26953125	0.65705967	1.0	2403	tags=27%, list=15%, signal=32%	
PEROXISOMAL LIPID METABOLISM%REACTOME DATABASE ID RELEASE 93%390918	PEROXISOMAL LIPID METABOLISM%REACTOME DATABASE ID RELEASE 93%390918		21	0.44250536	1.1279813	0.3029661	0.6576159	1.0	801	tags=14%, list=5%, signal=15%	
REGULATION OF SMOOTH MUSCLE CONTRACTION%GOBP%GO:0006940	REGULATION OF SMOOTH MUSCLE CONTRACTION%GOBP%GO:0006940		23	0.43121913	1.1275015	0.28270042	0.65859497	1.0	719	tags=22%, list=4%, signal=23%	
COPII-MEDIATED VESICLE TRANSPORT%REACTOME DATABASE ID RELEASE 93%204005	COPII-MEDIATED VESICLE TRANSPORT%REACTOME DATABASE ID RELEASE 93%204005		63	0.35577893	1.1273909	0.23129252	0.6584567	1.0	1689	tags=21%, list=10%, signal=23%	
POSITIVE REGULATION OF ESTABLISHMENT OF PROTEIN LOCALIZATION%GOBP%GO:1904951	POSITIVE REGULATION OF ESTABLISHMENT OF PROTEIN LOCALIZATION%GOBP%GO:1904951		198	0.30299714	1.1273377	0.15384616	0.6581117	1.0	2942	tags=27%, list=18%, signal=33%	
LYSOSOMAL TRANSPORT%GOBP%GO:0007041	LYSOSOMAL TRANSPORT%GOBP%GO:0007041		111	0.32462373	1.1271254	0.18888889	0.65826654	1.0	2147	tags=23%, list=13%, signal=26%	
REGULATION OF COAGULATION%GOBP%GO:0050818	REGULATION OF COAGULATION%GOBP%GO:0050818		43	0.38082576	1.1267847	0.25	0.6588109	1.0	3470	tags=28%, list=21%, signal=35%	
G ALPHA (I) SIGNALLING EVENTS%REACTOME%R-HSA-418594.9	G ALPHA (I) SIGNALLING EVENTS%REACTOME%R-HSA-418594.9		185	0.30738622	1.1266669	0.16055046	0.65869397	1.0	4167	tags=26%, list=25%, signal=34%	
RSV-HOST INTERACTIONS%REACTOME%R-HSA-9833110.2	RSV-HOST INTERACTIONS%REACTOME%R-HSA-9833110.2		75	0.3457221	1.1263294	0.241535	0.6592813	1.0	1640	tags=20%, list=10%, signal=22%	
REGULATION OF MEMBRANE PERMEABILITY%GOBP%GO:0090559	REGULATION OF MEMBRANE PERMEABILITY%GOBP%GO:0090559		41	0.38636923	1.1262523	0.23931624	0.65903133	1.0	2301	tags=24%, list=14%, signal=28%	
LEUKOTRIENE C4 SYNTHESIS DEFICIENCY%PATHWHIZ%PW000118	LEUKOTRIENE C4 SYNTHESIS DEFICIENCY%PATHWHIZ%PW000118		17	0.4769452	1.1261805	0.29791272	0.6587686	1.0	1183	tags=18%, list=7%, signal=19%	
NAD+ METABOLIC PROCESS%GOBP%GO:0019674	NAD+ METABOLIC PROCESS%GOBP%GO:0019674		30	0.41485813	1.1261355	0.29425287	0.65841895	1.0	3349	tags=30%, list=20%, signal=38%	
RESPONSE OF MTB TO PHAGOCYTOSIS%REACTOME DATABASE ID RELEASE 93%9637690	RESPONSE OF MTB TO PHAGOCYTOSIS%REACTOME DATABASE ID RELEASE 93%9637690		18	0.47962373	1.1260643	0.32064128	0.65813553	1.0	2147	tags=33%, list=13%, signal=38%	
SIGNALING EVENTS MEDIATED BY VEGFR1 AND VEGFR2%PATHWAY INTERACTION DATABASE NCI-NATURE CURATED DATA%SIGNALING EVENTS MEDIATED BY VEGFR1 AND VEGFR2	SIGNALING EVENTS MEDIATED BY VEGFR1 AND VEGFR2%PATHWAY INTERACTION DATABASE NCI-NATURE CURATED DATA%SIGNALING EVENTS MEDIATED BY VEGFR1 AND VEGFR2		63	0.3589281	1.1260492	0.22972973	0.65768576	1.0	1933	tags=24%, list=12%, signal=27%	
SEROTONIN RECEPTOR 4 6 7 AND NR3C SIGNALING%WIKIPATHWAYS_20250810%WP734%HOMO SAPIENS	SEROTONIN RECEPTOR 4 6 7 AND NR3C SIGNALING%WIKIPATHWAYS_20250810%WP734%HOMO SAPIENS		15	0.48385698	1.1260039	0.31364563	0.65733117	1.0	38	tags=13%, list=0%, signal=13%	
SIGNALING BY BRAF AND RAF1 FUSIONS%REACTOME DATABASE ID RELEASE 93%6802952	SIGNALING BY BRAF AND RAF1 FUSIONS%REACTOME DATABASE ID RELEASE 93%6802952		56	0.36254677	1.1257937	0.24716553	0.65749407	1.0	845	tags=14%, list=5%, signal=15%	
DEVELOPMENTAL CELL LINEAGES OF THE EXOCRINE PANCREAS%REACTOME%R-HSA-9820448.2	DEVELOPMENTAL CELL LINEAGES OF THE EXOCRINE PANCREAS%REACTOME%R-HSA-9820448.2		16	0.46994916	1.1253982	0.30382293	0.6582265	1.0	466	tags=13%, list=3%, signal=13%	
HOST PATHOGEN INTERACTION OF HUMAN CORONAVIRUSES APOPTOSIS%WIKIPATHWAYS_20250810%WP4864%HOMO SAPIENS	HOST PATHOGEN INTERACTION OF HUMAN CORONAVIRUSES APOPTOSIS%WIKIPATHWAYS_20250810%WP4864%HOMO SAPIENS		17	0.46327102	1.1250628	0.3056133	0.6586875	1.0	1838	tags=24%, list=11%, signal=26%	
PLATELET DENSE GRANULE ORGANIZATION%GOBP%GO:0060155	PLATELET DENSE GRANULE ORGANIZATION%GOBP%GO:0060155		21	0.4465457	1.1249917	0.2968421	0.6584193	1.0	2397	tags=43%, list=15%, signal=50%	
MODIFIED AMINO ACID CATABOLIC PROCESS%GOBP%GO:0042219	MODIFIED AMINO ACID CATABOLIC PROCESS%GOBP%GO:0042219		16	0.47650635	1.1245967	0.31092438	0.6591686	1.0	4077	tags=44%, list=25%, signal=58%	
CELLULAR RESPONSE TO ACETYLCHOLINE%GOBP%GO:1905145	CELLULAR RESPONSE TO ACETYLCHOLINE%GOBP%GO:1905145		24	0.4264586	1.1245332	0.28629857	0.6588771	1.0	2291	tags=21%, list=14%, signal=24%	
NEGATIVE REGULATION OF LIPID LOCALIZATION%GOBP%GO:1905953	NEGATIVE REGULATION OF LIPID LOCALIZATION%GOBP%GO:1905953		25	0.42658877	1.1243559	0.2556701	0.6589152	1.0	2281	tags=24%, list=14%, signal=28%	
REGULATION OF RESPONSE TO WOUNDING%GOBP%GO:1903034	REGULATION OF RESPONSE TO WOUNDING%GOBP%GO:1903034		102	0.3289662	1.124355	0.21609196	0.6584262	1.0	3470	tags=25%, list=21%, signal=32%	
DOWNSTREAM SIGNALING EVENTS OF B CELL RECEPTOR (BCR)%REACTOME%R-HSA-1168372.5	DOWNSTREAM SIGNALING EVENTS OF B CELL RECEPTOR (BCR)%REACTOME%R-HSA-1168372.5		62	0.35847944	1.1237571	0.2494331	0.65973854	1.0	2844	tags=31%, list=17%, signal=37%	
POSITIVE REGULATION OF SYNAPTIC TRANSMISSION%GOBP%GO:0050806	POSITIVE REGULATION OF SYNAPTIC TRANSMISSION%GOBP%GO:0050806		76	0.34273005	1.123579	0.2247191	0.6597953	1.0	1966	tags=16%, list=12%, signal=18%	
ESTABLISHMENT OF MITOCHONDRION LOCALIZATION, MICROTUBULE-MEDIATED%GOBP%GO:0034643	ESTABLISHMENT OF MITOCHONDRION LOCALIZATION, MICROTUBULE-MEDIATED%GOBP%GO:0034643		15	0.47255	1.1233655	0.30398324	0.65994644	1.0	2434	tags=33%, list=15%, signal=39%	
LEISHMANIA INFECTION%REACTOME%R-HSA-9658195.3	LEISHMANIA INFECTION%REACTOME%R-HSA-9658195.3		140	0.31444168	1.1232905	0.1678487	0.6597048	1.0	4094	tags=36%, list=25%, signal=47%	
NEGATIVE REGULATION OF SMALL MOLECULE METABOLIC PROCESS%GOBP%GO:0062014	NEGATIVE REGULATION OF SMALL MOLECULE METABOLIC PROCESS%GOBP%GO:0062014		67	0.35102174	1.122762	0.22247191	0.66089225	1.0	1510	tags=15%, list=9%, signal=16%	
N-GLYCAN PROCESSING%GOBP%GO:0006491	N-GLYCAN PROCESSING%GOBP%GO:0006491		22	0.43464074	1.1225289	0.29045644	0.66114324	1.0	2250	tags=32%, list=14%, signal=37%	
IL3 SIGNALING%WIKIPATHWAYS_20250810%WP286%HOMO SAPIENS	IL3 SIGNALING%WIKIPATHWAYS_20250810%WP286%HOMO SAPIENS		36	0.39914808	1.1222857	0.2987552	0.6614269	1.0	67	tags=8%, list=0%, signal=8%	
REGULATION OF PLATELET ACTIVATION%GOBP%GO:0010543	REGULATION OF PLATELET ACTIVATION%GOBP%GO:0010543		39	0.3862479	1.1222456	0.25409836	0.66104025	1.0	3311	tags=26%, list=20%, signal=32%	
COLLAGEN FORMATION%REACTOME DATABASE ID RELEASE 93%1474290	COLLAGEN FORMATION%REACTOME DATABASE ID RELEASE 93%1474290		83	0.3394617	1.1218023	0.23632385	0.6619474	1.0	4213	tags=31%, list=26%, signal=42%	
BIOCARTA_VDR_PATHWAY%MSIGDB_C2%BIOCARTA_VDR_PATHWAY	BIOCARTA_VDR_PATHWAY%MSIGDB_C2%BIOCARTA_VDR_PATHWAY		19	0.46463883	1.1217606	0.31157896	0.6615738	1.0	1944	tags=37%, list=12%, signal=42%	
POSITIVE REGULATION OF ESTABLISHMENT OF PROTEIN LOCALIZATION TO MITOCHONDRION%GOBP%GO:1903749	POSITIVE REGULATION OF ESTABLISHMENT OF PROTEIN LOCALIZATION TO MITOCHONDRION%GOBP%GO:1903749		29	0.41128922	1.1216452	0.2729045	0.661434	1.0	3513	tags=45%, list=21%, signal=57%	
SARS-COV-1 MODULATES HOST TRANSLATION MACHINERY%REACTOME DATABASE ID RELEASE 93%9735869	SARS-COV-1 MODULATES HOST TRANSLATION MACHINERY%REACTOME DATABASE ID RELEASE 93%9735869		32	0.40481097	1.1213973	0.2729124	0.6616862	1.0	3733	tags=53%, list=23%, signal=69%	
PROTEIN LOCALIZATION TO CELL SURFACE%GOBP%GO:0034394	PROTEIN LOCALIZATION TO CELL SURFACE%GOBP%GO:0034394		23	0.4397824	1.1213113	0.28418803	0.66146934	1.0	914	tags=13%, list=6%, signal=14%	
SIGNALING BY LIGAND-RESPONSIVE EGFR VARIANTS IN CANCER%REACTOME%R-HSA-5637815.3	SIGNALING BY LIGAND-RESPONSIVE EGFR VARIANTS IN CANCER%REACTOME%R-HSA-5637815.3		16	0.46744576	1.1211882	0.3148936	0.66135883	1.0	705	tags=25%, list=4%, signal=26%	
SULINDAC ACTION PATHWAY%PATHWHIZ%PW000136	SULINDAC ACTION PATHWAY%PATHWHIZ%PW000136		17	0.4769452	1.1209333	0.31211498	0.6616864	1.0	1183	tags=18%, list=7%, signal=19%	
REGULATION OF P38MAPK CASCADE%GOBP%GO:1900744	REGULATION OF P38MAPK CASCADE%GOBP%GO:1900744		32	0.3984148	1.1202995	0.2798354	0.6631306	1.0	2547	tags=31%, list=16%, signal=37%	
LATE ENDOSOMAL MICROAUTOPHAGY%REACTOME DATABASE ID RELEASE 93%9615710	LATE ENDOSOMAL MICROAUTOPHAGY%REACTOME DATABASE ID RELEASE 93%9615710		30	0.40548146	1.1198137	0.27548808	0.6641298	1.0	2231	tags=33%, list=14%, signal=39%	
PID_IL27_PATHWAY%MSIGDB_C2%PID_IL27_PATHWAY	PID_IL27_PATHWAY%MSIGDB_C2%PID_IL27_PATHWAY		16	0.46565115	1.1197524	0.28880158	0.66384	1.0	1809	tags=19%, list=11%, signal=21%	
GLUCOSE HOMEOSTASIS%GOBP%GO:0042593	GLUCOSE HOMEOSTASIS%GOBP%GO:0042593		93	0.32925454	1.119473	0.21627907	0.6641829	1.0	2177	tags=17%, list=13%, signal=20%	
PID_MET_PATHWAY%MSIGDB_C2%PID_MET_PATHWAY	PID_MET_PATHWAY%MSIGDB_C2%PID_MET_PATHWAY		61	0.35308665	1.1189991	0.27020785	0.6651195	1.0	957	tags=15%, list=6%, signal=16%	
AGGREPHAGY%REACTOME%R-HSA-9646399.4	AGGREPHAGY%REACTOME%R-HSA-9646399.4		22	0.43420404	1.1187457	0.27450982	0.665436	1.0	1256	tags=27%, list=8%, signal=29%	
PROTEIN LOCALIZATION TO PLASMA MEMBRANE%GOBP%GO:0072659	PROTEIN LOCALIZATION TO PLASMA MEMBRANE%GOBP%GO:0072659		150	0.3094278	1.1186668	0.18491484	0.6652011	1.0	2719	tags=23%, list=17%, signal=28%	
TRISALICYLATE-CHOLINE ACTION PATHWAY%PATHWHIZ%PW000680	TRISALICYLATE-CHOLINE ACTION PATHWAY%PATHWHIZ%PW000680		17	0.4769452	1.1185617	0.32684824	0.6650556	1.0	1183	tags=18%, list=7%, signal=19%	
MEFENAMIC ACID ACTION PATHWAY%PATHWHIZ%PW000261	MEFENAMIC ACID ACTION PATHWAY%PATHWHIZ%PW000261		17	0.4769452	1.1182758	0.2991632	0.66545147	1.0	1183	tags=18%, list=7%, signal=19%	
NICOTINIC ACETYLCHOLINE RECEPTOR SIGNALING PATHWAY%PANTHER PATHWAY%P00044	NICOTINIC ACETYLCHOLINE RECEPTOR SIGNALING PATHWAY%PANTHER PATHWAY%P00044		44	0.38778403	1.1182034	0.29268292	0.66522425	1.0	2992	tags=27%, list=18%, signal=33%	
DICARBOXYLIC ACID TRANSPORT%GOBP%GO:0006835	DICARBOXYLIC ACID TRANSPORT%GOBP%GO:0006835		41	0.38123447	1.1173463	0.25155926	0.66745126	1.0	3450	tags=34%, list=21%, signal=43%	
POSITIVE REGULATION OF PROTEIN TARGETING TO MITOCHONDRION%GOBP%GO:1903955	POSITIVE REGULATION OF PROTEIN TARGETING TO MITOCHONDRION%GOBP%GO:1903955		26	0.41454393	1.1170957	0.26476577	0.6677399	1.0	3513	tags=46%, list=21%, signal=59%	
RAS PATHWAY%PANTHER PATHWAY%P04393	RAS PATHWAY%PANTHER PATHWAY%P04393		67	0.34977248	1.1170198	0.25431034	0.66749406	1.0	1933	tags=24%, list=12%, signal=27%	
PARASITIC INFECTION PATHWAYS%REACTOME%R-HSA-9824443.2	PARASITIC INFECTION PATHWAYS%REACTOME%R-HSA-9824443.2		140	0.31444168	1.116263	0.2045977	0.6694278	1.0	4094	tags=36%, list=25%, signal=47%	
ERBB1 DOWNSTREAM SIGNALING%PATHWAY INTERACTION DATABASE NCI-NATURE CURATED DATA%ERBB1 DOWNSTREAM SIGNALING	ERBB1 DOWNSTREAM SIGNALING%PATHWAY INTERACTION DATABASE NCI-NATURE CURATED DATA%ERBB1 DOWNSTREAM SIGNALING		98	0.32933253	1.1161987	0.23593074	0.66915554	1.0	2020	tags=21%, list=12%, signal=24%	
RESPONSE TO ACETYLCHOLINE%GOBP%GO:1905144	RESPONSE TO ACETYLCHOLINE%GOBP%GO:1905144		24	0.4264586	1.1154678	0.31299213	0.6709309	1.0	2291	tags=21%, list=14%, signal=24%	
REGULATION OF MACROPHAGE CHEMOTAXIS%GOBP%GO:0010758	REGULATION OF MACROPHAGE CHEMOTAXIS%GOBP%GO:0010758		19	0.4571241	1.1154459	0.3088512	0.670507	1.0	2314	tags=16%, list=14%, signal=18%	
METABOLISM OF FAT-SOLUBLE VITAMINS%REACTOME%R-HSA-6806667.8	METABOLISM OF FAT-SOLUBLE VITAMINS%REACTOME%R-HSA-6806667.8		34	0.39046276	1.1152829	0.276	0.67056036	1.0	3848	tags=26%, list=23%, signal=35%	
RETINOID METABOLISM AND TRANSPORT%REACTOME%R-HSA-975634.4	RETINOID METABOLISM AND TRANSPORT%REACTOME%R-HSA-975634.4		31	0.40968287	1.115204	0.29324895	0.67031056	1.0	3848	tags=29%, list=23%, signal=38%	
ER TO GOLGI ANTEROGRADE TRANSPORT%REACTOME DATABASE ID RELEASE 93%199977	ER TO GOLGI ANTEROGRADE TRANSPORT%REACTOME DATABASE ID RELEASE 93%199977		124	0.31975794	1.1148827	0.22196797	0.6707983	1.0	1146	tags=15%, list=7%, signal=16%	
PROTEIN COMPLEX OLIGOMERIZATION%GOBP%GO:0051259	PROTEIN COMPLEX OLIGOMERIZATION%GOBP%GO:0051259		163	0.30848938	1.1141723	0.16741072	0.67250866	1.0	3515	tags=26%, list=21%, signal=32%	
NEGATIVE REGULATION OF TOR SIGNALING%GOBP%GO:0032007	NEGATIVE REGULATION OF TOR SIGNALING%GOBP%GO:0032007		63	0.35277745	1.1140535	0.24050634	0.6723876	1.0	2777	tags=35%, list=17%, signal=42%	
CONSTITUTIVE SIGNALING BY LIGAND-RESPONSIVE EGFR CANCER VARIANTS%REACTOME%R-HSA-1236382.3	CONSTITUTIVE SIGNALING BY LIGAND-RESPONSIVE EGFR CANCER VARIANTS%REACTOME%R-HSA-1236382.3		16	0.46744576	1.1139606	0.3269962	0.67219603	1.0	705	tags=25%, list=4%, signal=26%	
PROTEIN LOCALIZATION TO CELL PERIPHERY%GOBP%GO:1990778	PROTEIN LOCALIZATION TO CELL PERIPHERY%GOBP%GO:1990778		162	0.3089034	1.1138222	0.19070904	0.6721165	1.0	2271	tags=20%, list=14%, signal=23%	
ACTIVATION OF THE MRNA UPON BINDING OF THE CAP-BINDING COMPLEX AND EIFS, AND SUBSEQUENT BINDING TO 43S%REACTOME%R-HSA-72662.5	ACTIVATION OF THE MRNA UPON BINDING OF THE CAP-BINDING COMPLEX AND EIFS, AND SUBSEQUENT BINDING TO 43S%REACTOME%R-HSA-72662.5		54	0.36087227	1.1137997	0.26327434	0.6717043	1.0	4402	tags=56%, list=27%, signal=76%	
ANTIGEN PROCESSING AND PRESENTATION OF EXOGENOUS PEPTIDE ANTIGEN VIA MHC CLASS II%GOBP%GO:0019886	ANTIGEN PROCESSING AND PRESENTATION OF EXOGENOUS PEPTIDE ANTIGEN VIA MHC CLASS II%GOBP%GO:0019886		23	0.4333493	1.1137409	0.30105263	0.6713863	1.0	6008	tags=65%, list=37%, signal=103%	
E-CADHERIN SIGNALING IN KERATINOCYTES%PATHWAY INTERACTION DATABASE NCI-NATURE CURATED DATA%E-CADHERIN SIGNALING IN KERATINOCYTES	E-CADHERIN SIGNALING IN KERATINOCYTES%PATHWAY INTERACTION DATABASE NCI-NATURE CURATED DATA%E-CADHERIN SIGNALING IN KERATINOCYTES		19	0.44444138	1.1136271	0.3026585	0.6712301	1.0	2722	tags=47%, list=17%, signal=57%	
FORMATION OF ATP BY CHEMIOSMOTIC COUPLING%REACTOME DATABASE ID RELEASE 93%163210	FORMATION OF ATP BY CHEMIOSMOTIC COUPLING%REACTOME DATABASE ID RELEASE 93%163210		17	0.4702405	1.1135901	0.34075725	0.6708701	1.0	3730	tags=59%, list=23%, signal=76%	
LORNOXICAM ACTION PATHWAY%PATHWHIZ%PW000677	LORNOXICAM ACTION PATHWAY%PATHWHIZ%PW000677		17	0.4769452	1.1134019	0.30661324	0.6709986	1.0	1183	tags=18%, list=7%, signal=19%	
THIOGUANINE ACTION PATHWAY%PATHWHIZ%PW000429	THIOGUANINE ACTION PATHWAY%PATHWHIZ%PW000429		42	0.37536016	1.1132311	0.27865168	0.6710507	1.0	2441	tags=26%, list=15%, signal=31%	
POSITIVE REGULATION OF TOR SIGNALING%GOBP%GO:0032008	POSITIVE REGULATION OF TOR SIGNALING%GOBP%GO:0032008		67	0.35030347	1.1131526	0.25404158	0.6707937	1.0	2490	tags=31%, list=15%, signal=37%	
PEPTIDE METABOLIC PROCESS%GOBP%GO:0006518	PEPTIDE METABOLIC PROCESS%GOBP%GO:0006518		38	0.3908887	1.1128601	0.28278688	0.67122614	1.0	2806	tags=29%, list=17%, signal=35%	
GLIOBLASTOMA SIGNALING%WIKIPATHWAYS_20250810%WP2261%HOMO SAPIENS	GLIOBLASTOMA SIGNALING%WIKIPATHWAYS_20250810%WP2261%HOMO SAPIENS		68	0.3492225	1.1124762	0.2706935	0.6718967	1.0	2750	tags=19%, list=17%, signal=23%	
METABOLIC REPROGRAMMING IN COLON CANCER%WIKIPATHWAYS_20250810%WP4290%HOMO SAPIENS	METABOLIC REPROGRAMMING IN COLON CANCER%WIKIPATHWAYS_20250810%WP4290%HOMO SAPIENS		20	0.45195696	1.1119349	0.33548388	0.673082	1.0	3171	tags=40%, list=19%, signal=50%	
MERCAPTOPURINE ACTION PATHWAY%PATHWHIZ%PW000267	MERCAPTOPURINE ACTION PATHWAY%PATHWHIZ%PW000267		42	0.37536016	1.1117603	0.26793247	0.6731498	1.0	2441	tags=26%, list=15%, signal=31%	
ACETAMINOPHEN ACTION PATHWAY%SMPDB%SMP0000710	ACETAMINOPHEN ACTION PATHWAY%SMPDB%SMP0000710		17	0.4769452	1.11084	0.3304721	0.675532	1.0	1183	tags=18%, list=7%, signal=19%	
AZATHIOPRINE ACTION PATHWAY%SMPDB%SMP0000427	AZATHIOPRINE ACTION PATHWAY%SMPDB%SMP0000427		42	0.37536016	1.1107857	0.29175946	0.6752357	1.0	2441	tags=26%, list=15%, signal=31%	
REGULATION OF PATTERN RECOGNITION RECEPTOR SIGNALING PATHWAY%GOBP%GO:0062207	REGULATION OF PATTERN RECOGNITION RECEPTOR SIGNALING PATHWAY%GOBP%GO:0062207		145	0.31207982	1.1098735	0.20537898	0.67756313	1.0	2595	tags=23%, list=16%, signal=28%	
SIGNALING BY NOTCH1 HD DOMAIN MUTANTS IN CANCER%REACTOME%R-HSA-2691230.3	SIGNALING BY NOTCH1 HD DOMAIN MUTANTS IN CANCER%REACTOME%R-HSA-2691230.3		15	0.47756147	1.1097479	0.31547618	0.6774841	1.0	3974	tags=73%, list=24%, signal=97%	
REGULATION OF NEUTROPHIL MIGRATION%GOBP%GO:1902622	REGULATION OF NEUTROPHIL MIGRATION%GOBP%GO:1902622		29	0.41440365	1.1091675	0.2942346	0.6787458	1.0	3308	tags=28%, list=20%, signal=34%	
S1P2 PATHWAY%PATHWAY INTERACTION DATABASE NCI-NATURE CURATED DATA%S1P2 PATHWAY	S1P2 PATHWAY%PATHWAY INTERACTION DATABASE NCI-NATURE CURATED DATA%S1P2 PATHWAY		23	0.42841962	1.1091385	0.29449153	0.678345	1.0	1440	tags=26%, list=9%, signal=29%	
PKR-MEDIATED SIGNALING%REACTOME DATABASE ID RELEASE 93%9833482	PKR-MEDIATED SIGNALING%REACTOME DATABASE ID RELEASE 93%9833482		51	0.3638884	1.1084739	0.26907632	0.6799369	1.0	2689	tags=25%, list=16%, signal=30%	
TYROBP CAUSAL NETWORK IN MICROGLIA%WIKIPATHWAYS_20250810%WP3945%HOMO SAPIENS	TYROBP CAUSAL NETWORK IN MICROGLIA%WIKIPATHWAYS_20250810%WP3945%HOMO SAPIENS		49	0.36620274	1.1079662	0.2862823	0.6810999	1.0	4399	tags=41%, list=27%, signal=56%	
BIOCARTA_RAS_PATHWAY%MSIGDB_C2%BIOCARTA_RAS_PATHWAY	BIOCARTA_RAS_PATHWAY%MSIGDB_C2%BIOCARTA_RAS_PATHWAY		16	0.4704217	1.1078166	0.31886792	0.6810878	1.0	957	tags=25%, list=6%, signal=27%	
RESPONSE TO CARBOHYDRATE%GOBP%GO:0009743	RESPONSE TO CARBOHYDRATE%GOBP%GO:0009743		57	0.35701913	1.1078047	0.2590909	0.6806385	1.0	535	tags=11%, list=3%, signal=11%	
REGULATION OF INSULIN SECRETION%GOBP%GO:0050796	REGULATION OF INSULIN SECRETION%GOBP%GO:0050796		78	0.3414136	1.1077425	0.2539326	0.6803433	1.0	1615	tags=13%, list=10%, signal=14%	
SWITCHING OF ORIGINS TO A POST-REPLICATIVE STATE%REACTOME DATABASE ID RELEASE 93%69052	SWITCHING OF ORIGINS TO A POST-REPLICATIVE STATE%REACTOME DATABASE ID RELEASE 93%69052		73	0.33800492	1.107728	0.23877068	0.6799104	1.0	2844	tags=30%, list=17%, signal=36%	
REGULATION OF AUTOPHAGOSOME MATURATION%GOBP%GO:1901096	REGULATION OF AUTOPHAGOSOME MATURATION%GOBP%GO:1901096		17	0.46009237	1.1076995	0.30688936	0.6795117	1.0	2175	tags=24%, list=13%, signal=27%	
PLASMA LIPOPROTEIN REMODELING%REACTOME DATABASE ID RELEASE 93%8963899	PLASMA LIPOPROTEIN REMODELING%REACTOME DATABASE ID RELEASE 93%8963899		17	0.4633794	1.107694	0.32704404	0.67904973	1.0	2426	tags=24%, list=15%, signal=28%	
REGULATION OF PYRUVATE METABOLISM%REACTOME DATABASE ID RELEASE 93%9861718	REGULATION OF PYRUVATE METABOLISM%REACTOME DATABASE ID RELEASE 93%9861718		30	0.40114975	1.1076576	0.299389	0.67867875	1.0	1369	tags=23%, list=8%, signal=25%	
REGULATION OF LEUKOCYTE DEGRANULATION%GOBP%GO:0043300	REGULATION OF LEUKOCYTE DEGRANULATION%GOBP%GO:0043300		27	0.41456944	1.1075485	0.299389	0.6785403	1.0	4122	tags=41%, list=25%, signal=54%	
MITOCHONDRIAL PROTEIN DEGRADATION%REACTOME%R-HSA-9837999.2	MITOCHONDRIAL PROTEIN DEGRADATION%REACTOME%R-HSA-9837999.2		89	0.32800442	1.1074337	0.23125	0.67843324	1.0	2910	tags=29%, list=18%, signal=35%	
REGULATION OF PEPTIDE SECRETION%GOBP%GO:0002791	REGULATION OF PEPTIDE SECRETION%GOBP%GO:0002791		94	0.32106608	1.1073916	0.2370892	0.6780736	1.0	3580	tags=22%, list=22%, signal=28%	
REGULATION OF POSTSYNAPTIC MEMBRANE NEUROTRANSMITTER RECEPTOR LEVELS%GOBP%GO:0099072	REGULATION OF POSTSYNAPTIC MEMBRANE NEUROTRANSMITTER RECEPTOR LEVELS%GOBP%GO:0099072		23	0.42709234	1.1069183	0.2976939	0.67900854	1.0	3282	tags=30%, list=20%, signal=38%	
NEGATIVE REGULATION OF ALPHA-BETA T CELL ACTIVATION%GOBP%GO:0046636	NEGATIVE REGULATION OF ALPHA-BETA T CELL ACTIVATION%GOBP%GO:0046636		30	0.40413097	1.1058198	0.28483605	0.6819777	1.0	1374	tags=13%, list=8%, signal=15%	
REGULATION OF EXTRINSIC APOPTOTIC SIGNALING PATHWAY VIA DEATH DOMAIN RECEPTORS%GOBP%GO:1902041	REGULATION OF EXTRINSIC APOPTOTIC SIGNALING PATHWAY VIA DEATH DOMAIN RECEPTORS%GOBP%GO:1902041		31	0.4062408	1.1056362	0.29713115	0.68206006	1.0	1288	tags=19%, list=8%, signal=21%	
REGULATION OF OXIDATIVE STRESS-INDUCED INTRINSIC APOPTOTIC SIGNALING PATHWAY%GOBP%GO:1902175	REGULATION OF OXIDATIVE STRESS-INDUCED INTRINSIC APOPTOTIC SIGNALING PATHWAY%GOBP%GO:1902175		28	0.40104502	1.1055636	0.30284554	0.68180203	1.0	3023	tags=43%, list=18%, signal=52%	
TRANS-GOLGI NETWORK VESICLE BUDDING%REACTOME DATABASE ID RELEASE 93%199992	TRANS-GOLGI NETWORK VESICLE BUDDING%REACTOME DATABASE ID RELEASE 93%199992		63	0.34957963	1.1053451	0.25333333	0.6820051	1.0	1903	tags=25%, list=12%, signal=29%	
DNA DAMAGE RESPONSE, SIGNAL TRANSDUCTION BY P53 CLASS MEDIATOR%GOBP%GO:0030330	DNA DAMAGE RESPONSE, SIGNAL TRANSDUCTION BY P53 CLASS MEDIATOR%GOBP%GO:0030330		34	0.39153525	1.1052052	0.27901787	0.68196666	1.0	2478	tags=29%, list=15%, signal=35%	
INTERLEUKIN-1 SIGNALING%REACTOME%R-HSA-9020702.4	INTERLEUKIN-1 SIGNALING%REACTOME%R-HSA-9020702.4		94	0.3286421	1.1051887	0.24711317	0.68155396	1.0	2844	tags=29%, list=17%, signal=35%	
CHORDATE EMBRYONIC DEVELOPMENT%GOBP%GO:0043009	CHORDATE EMBRYONIC DEVELOPMENT%GOBP%GO:0043009		141	0.3093182	1.1051639	0.23488373	0.6811604	1.0	2727	tags=18%, list=17%, signal=21%	
BIOCARTA_CXCR4_PATHWAY%MSIGDB_C2%BIOCARTA_CXCR4_PATHWAY	BIOCARTA_CXCR4_PATHWAY%MSIGDB_C2%BIOCARTA_CXCR4_PATHWAY		17	0.46227515	1.1048626	0.33615223	0.68159896	1.0	791	tags=18%, list=5%, signal=19%	
RESPONSE TO GLUCOSE%GOBP%GO:0009749	RESPONSE TO GLUCOSE%GOBP%GO:0009749		47	0.3687005	1.1046914	0.2634855	0.68166673	1.0	2177	tags=17%, list=13%, signal=20%	
CELLULAR RESPONSE TO CARBOHYDRATE STIMULUS%GOBP%GO:0071322	CELLULAR RESPONSE TO CARBOHYDRATE STIMULUS%GOBP%GO:0071322		39	0.38251317	1.1046759	0.2780083	0.68123686	1.0	3590	tags=33%, list=22%, signal=43%	
CARBOHYDRATE HOMEOSTASIS%GOBP%GO:0033500	CARBOHYDRATE HOMEOSTASIS%GOBP%GO:0033500		94	0.3290132	1.1042241	0.24047619	0.682121	1.0	2177	tags=17%, list=13%, signal=20%	
REGULATION OF ENDOPLASMIC RETICULUM UNFOLDED PROTEIN RESPONSE%GOBP%GO:1900101	REGULATION OF ENDOPLASMIC RETICULUM UNFOLDED PROTEIN RESPONSE%GOBP%GO:1900101		30	0.4042614	1.1040077	0.31600833	0.68229824	1.0	1933	tags=30%, list=12%, signal=34%	
MITOPHAGY%REACTOME%R-HSA-5205647.6	MITOPHAGY%REACTOME%R-HSA-5205647.6		32	0.3937431	1.1037533	0.29313928	0.68257946	1.0	1257	tags=19%, list=8%, signal=20%	
CAM PATHWAY%REACTOME%R-HSA-111997.3	CAM PATHWAY%REACTOME%R-HSA-111997.3		32	0.39570212	1.1034297	0.3006536	0.68312466	1.0	2865	tags=25%, list=17%, signal=30%	
ANTEROGRADE AXONAL TRANSPORT%GOBP%GO:0008089	ANTEROGRADE AXONAL TRANSPORT%GOBP%GO:0008089		31	0.3955163	1.103085	0.2829787	0.6837816	1.0	1792	tags=23%, list=11%, signal=25%	
MORPHOGENESIS OF A POLARIZED EPITHELIUM%GOBP%GO:0001738	MORPHOGENESIS OF A POLARIZED EPITHELIUM%GOBP%GO:0001738		22	0.4370119	1.1027857	0.3244898	0.6842055	1.0	2578	tags=36%, list=16%, signal=43%	
SURFACTANT METABOLISM%REACTOME%R-HSA-5683826.5	SURFACTANT METABOLISM%REACTOME%R-HSA-5683826.5		17	0.45866483	1.1021025	0.3010101	0.685878	1.0	4618	tags=35%, list=28%, signal=49%	
ICOSANOID METABOLIC PROCESS%GOBP%GO:0006690	ICOSANOID METABOLIC PROCESS%GOBP%GO:0006690		62	0.35264271	1.1019361	0.2583519	0.6858936	1.0	3777	tags=32%, list=23%, signal=42%	
ESR-MEDIATED SIGNALING%REACTOME%R-HSA-8939211.6	ESR-MEDIATED SIGNALING%REACTOME%R-HSA-8939211.6		156	0.30137312	1.1016195	0.18705036	0.6863482	1.0	1959	tags=17%, list=12%, signal=19%	
DEGRADATION OF CRY AND PER PROTEINS%REACTOME DATABASE ID RELEASE 93%9932298	DEGRADATION OF CRY AND PER PROTEINS%REACTOME DATABASE ID RELEASE 93%9932298		46	0.37062064	1.1015887	0.29122055	0.6859676	1.0	2844	tags=37%, list=17%, signal=45%	
SIGNALING BY FGFR IN DISEASE%REACTOME%R-HSA-1226099.7	SIGNALING BY FGFR IN DISEASE%REACTOME%R-HSA-1226099.7		48	0.36413974	1.1013968	0.30555555	0.68608856	1.0	1625	tags=21%, list=10%, signal=23%	
SARS-COV-1 INFECTION%REACTOME DATABASE ID RELEASE 93%9678108	SARS-COV-1 INFECTION%REACTOME DATABASE ID RELEASE 93%9678108		128	0.31326643	1.1006225	0.23665893	0.6880148	1.0	3739	tags=36%, list=23%, signal=46%	
HYDROGEN PEROXIDE METABOLIC PROCESS%GOBP%GO:0042743	HYDROGEN PEROXIDE METABOLIC PROCESS%GOBP%GO:0042743		18	0.44510683	1.1005827	0.33739838	0.6876314	1.0	3750	tags=33%, list=23%, signal=43%	
VASOPRESSIN REGULATED WATER REABSORPTION%WIKIPATHWAYS_20250810%WP5085%HOMO SAPIENS	VASOPRESSIN REGULATED WATER REABSORPTION%WIKIPATHWAYS_20250810%WP5085%HOMO SAPIENS		26	0.41330123	1.1005256	0.3262548	0.68732876	1.0	1698	tags=27%, list=10%, signal=30%	
PROSTAGLANDIN SIGNALING%WIKIPATHWAYS_20250810%WP5088%HOMO SAPIENS	PROSTAGLANDIN SIGNALING%WIKIPATHWAYS_20250810%WP5088%HOMO SAPIENS		21	0.4277462	1.1003916	0.30833334	0.68729407	1.0	2590	tags=24%, list=16%, signal=28%	
REGULATION OF PRODUCTION OF MOLECULAR MEDIATOR OF IMMUNE RESPONSE%GOBP%GO:0002700	REGULATION OF PRODUCTION OF MOLECULAR MEDIATOR OF IMMUNE RESPONSE%GOBP%GO:0002700		94	0.3235432	1.0992541	0.22350231	0.6904028	1.0	3409	tags=28%, list=21%, signal=35%	
IL4-MEDIATED SIGNALING EVENTS%PATHWAY INTERACTION DATABASE NCI-NATURE CURATED DATA%IL4-MEDIATED SIGNALING EVENTS	IL4-MEDIATED SIGNALING EVENTS%PATHWAY INTERACTION DATABASE NCI-NATURE CURATED DATA%IL4-MEDIATED SIGNALING EVENTS		49	0.36164618	1.0991445	0.27741936	0.6902597	1.0	4047	tags=35%, list=25%, signal=46%	
RETROGRADE TRANSPORT, ENDOSOME TO GOLGI%GOBP%GO:0042147	RETROGRADE TRANSPORT, ENDOSOME TO GOLGI%GOBP%GO:0042147		85	0.3300075	1.0991185	0.24305555	0.6898657	1.0	1673	tags=19%, list=10%, signal=21%	
EFFECT OF PROGERIN ON GENES INVOLVED IN PROGERIA%WIKIPATHWAYS_20250810%WP4320%HOMO SAPIENS	EFFECT OF PROGERIN ON GENES INVOLVED IN PROGERIA%WIKIPATHWAYS_20250810%WP4320%HOMO SAPIENS		15	0.47471207	1.0988888	0.32991803	0.69010794	1.0	1826	tags=20%, list=11%, signal=22%	
NEGATIVE REGULATION OF RESPONSE TO ENDOPLASMIC RETICULUM STRESS%GOBP%GO:1903573	NEGATIVE REGULATION OF RESPONSE TO ENDOPLASMIC RETICULUM STRESS%GOBP%GO:1903573		42	0.3801679	1.0988078	0.29039302	0.6898731	1.0	1933	tags=21%, list=12%, signal=24%	
TRANSLATION INITIATION COMPLEX FORMATION%REACTOME%R-HSA-72649.4	TRANSLATION INITIATION COMPLEX FORMATION%REACTOME%R-HSA-72649.4		53	0.36249503	1.0987693	0.27004218	0.68950766	1.0	4402	tags=57%, list=27%, signal=77%	
SYNAPTIC VESICLE RECYCLING%GOBP%GO:0036465	SYNAPTIC VESICLE RECYCLING%GOBP%GO:0036465		37	0.3798169	1.0986904	0.29327902	0.6892714	1.0	1981	tags=24%, list=12%, signal=28%	
HEPARAN SULFATE HEPARIN (HS-GAG) METABOLISM%REACTOME DATABASE ID RELEASE 93%1638091	HEPARAN SULFATE HEPARIN (HS-GAG) METABOLISM%REACTOME DATABASE ID RELEASE 93%1638091		36	0.39417258	1.0985852	0.3197556	0.6891227	1.0	3159	tags=28%, list=19%, signal=34%	
THERMOGENESIS%WIKIPATHWAYS_20250810%WP4321%HOMO SAPIENS	THERMOGENESIS%WIKIPATHWAYS_20250810%WP4321%HOMO SAPIENS		79	0.32876873	1.0982901	0.25159913	0.68951696	1.0	3573	tags=32%, list=22%, signal=40%	
CIRCADIAN REGULATION OF GENE EXPRESSION%GOBP%GO:0032922	CIRCADIAN REGULATION OF GENE EXPRESSION%GOBP%GO:0032922		58	0.3525961	1.098206	0.298441	0.6893308	1.0	2158	tags=24%, list=13%, signal=28%	
FANCONI ANEMIA PATHWAY%REACTOME DATABASE ID RELEASE 93%6783310	FANCONI ANEMIA PATHWAY%REACTOME DATABASE ID RELEASE 93%6783310		35	0.39739114	1.0981319	0.33595285	0.68908083	1.0	2117	tags=26%, list=13%, signal=29%	
PROCESSING OF DNA DOUBLE-STRAND BREAK ENDS%REACTOME%R-HSA-5693607.4	PROCESSING OF DNA DOUBLE-STRAND BREAK ENDS%REACTOME%R-HSA-5693607.4		67	0.3479871	1.0979558	0.27336448	0.6891524	1.0	1857	tags=15%, list=11%, signal=17%	
IL26 SIGNALING%WIKIPATHWAYS_20250810%WP5347%HOMO SAPIENS	IL26 SIGNALING%WIKIPATHWAYS_20250810%WP5347%HOMO SAPIENS		32	0.39298043	1.0974977	0.28755364	0.690046	1.0	791	tags=16%, list=5%, signal=16%	
POSITIVE REGULATION OF REGULATORY T CELL DIFFERENTIATION%GOBP%GO:0045591	POSITIVE REGULATION OF REGULATORY T CELL DIFFERENTIATION%GOBP%GO:0045591		17	0.45671836	1.0974797	0.32150775	0.6896308	1.0	4002	tags=35%, list=24%, signal=47%	
T CELL ANTIGEN RECEPTOR TCR PATHWAY DURING STAPHYLOCOCCUS AUREUS INFECTION%WIKIPATHWAYS_20250810%WP3863%HOMO SAPIENS	T CELL ANTIGEN RECEPTOR TCR PATHWAY DURING STAPHYLOCOCCUS AUREUS INFECTION%WIKIPATHWAYS_20250810%WP3863%HOMO SAPIENS		46	0.36778045	1.0973399	0.28603604	0.6895937	1.0	254	tags=9%, list=2%, signal=9%	
INFLUENZA INFECTION%REACTOME DATABASE ID RELEASE 93%168255	INFLUENZA INFECTION%REACTOME DATABASE ID RELEASE 93%168255		141	0.30807257	1.0969168	0.22350231	0.69040173	1.0	3778	tags=43%, list=23%, signal=56%	
CONSTITUTIVE SIGNALING BY NOTCH1 HD DOMAIN MUTANTS%REACTOME%R-HSA-2691232.3	CONSTITUTIVE SIGNALING BY NOTCH1 HD DOMAIN MUTANTS%REACTOME%R-HSA-2691232.3		15	0.47756147	1.0966133	0.35860655	0.6909	1.0	3974	tags=73%, list=24%, signal=97%	
NCAM SIGNALING FOR NEURITE OUT-GROWTH%REACTOME%R-HSA-375165.5	NCAM SIGNALING FOR NEURITE OUT-GROWTH%REACTOME%R-HSA-375165.5		45	0.3727748	1.0965369	0.29809725	0.6906749	1.0	1104	tags=7%, list=7%, signal=7%	
SPLICEOSOMAL COMPLEX ASSEMBLY%GOBP%GO:0000245	SPLICEOSOMAL COMPLEX ASSEMBLY%GOBP%GO:0000245		65	0.34740615	1.0962224	0.27754238	0.6911723	1.0	1417	tags=22%, list=9%, signal=23%	
SUMOYLATION OF INTRACELLULAR RECEPTORS%REACTOME%R-HSA-4090294.5	SUMOYLATION OF INTRACELLULAR RECEPTORS%REACTOME%R-HSA-4090294.5		23	0.42052826	1.0958284	0.314	0.6920007	1.0	1214	tags=17%, list=7%, signal=19%	
ORC1 REMOVAL FROM CHROMATIN%REACTOME%R-HSA-68949.5	ORC1 REMOVAL FROM CHROMATIN%REACTOME%R-HSA-68949.5		54	0.35628185	1.0958022	0.29399586	0.6916025	1.0	4103	tags=43%, list=25%, signal=57%	
REGULATION OF MORPHOGENESIS OF AN EPITHELIUM%GOBP%GO:1905330	REGULATION OF MORPHOGENESIS OF AN EPITHELIUM%GOBP%GO:1905330		33	0.40168282	1.0952363	0.32173914	0.692987	1.0	3588	tags=21%, list=22%, signal=27%	
AXO-DENDRITIC TRANSPORT%GOBP%GO:0008088	AXO-DENDRITIC TRANSPORT%GOBP%GO:0008088		51	0.35590184	1.0947306	0.28146452	0.69409686	1.0	1792	tags=20%, list=11%, signal=22%	
REGULATION OF RHO PROTEIN SIGNAL TRANSDUCTION%GOBP%GO:0035023	REGULATION OF RHO PROTEIN SIGNAL TRANSDUCTION%GOBP%GO:0035023		69	0.3359641	1.0943799	0.26222223	0.6947718	1.0	3311	tags=30%, list=20%, signal=38%	
MONOATOMIC ANION TRANSMEMBRANE TRANSPORT%GOBP%GO:0098656	MONOATOMIC ANION TRANSMEMBRANE TRANSPORT%GOBP%GO:0098656		57	0.35424566	1.0943049	0.276644	0.69454986	1.0	3012	tags=25%, list=18%, signal=30%	
GLYCOSPHINGOLIPID METABOLIC PROCESS%GOBP%GO:0006687	GLYCOSPHINGOLIPID METABOLIC PROCESS%GOBP%GO:0006687		47	0.3710605	1.0940468	0.2962963	0.6948761	1.0	3640	tags=34%, list=22%, signal=44%	
BIOCARTA_PTDINS_PATHWAY%MSIGDB_C2%BIOCARTA_PTDINS_PATHWAY	BIOCARTA_PTDINS_PATHWAY%MSIGDB_C2%BIOCARTA_PTDINS_PATHWAY		20	0.43947235	1.0937761	0.32179227	0.6952762	1.0	2987	tags=45%, list=18%, signal=55%	
REGULATION OF PROTEIN SECRETION%GOBP%GO:0050708	REGULATION OF PROTEIN SECRETION%GOBP%GO:0050708		134	0.3107719	1.0937178	0.23111111	0.69498676	1.0	2822	tags=19%, list=17%, signal=23%	
REGULATION OF INTRACELLULAR ESTROGEN RECEPTOR SIGNALING PATHWAY%GOBP%GO:0033146	REGULATION OF INTRACELLULAR ESTROGEN RECEPTOR SIGNALING PATHWAY%GOBP%GO:0033146		25	0.4106303	1.0933207	0.31827956	0.69577336	1.0	2034	tags=28%, list=12%, signal=32%	
INDOMETHACIN ACTION PATHWAY%PATHWHIZ%PW000260	INDOMETHACIN ACTION PATHWAY%PATHWHIZ%PW000260		18	0.4555886	1.0932539	0.3678161	0.695516	1.0	2871	tags=28%, list=17%, signal=34%	
PID_BETA_CATENIN_NUC_PATHWAY%MSIGDB_C2%PID_BETA_CATENIN_NUC_PATHWAY	PID_BETA_CATENIN_NUC_PATHWAY%MSIGDB_C2%PID_BETA_CATENIN_NUC_PATHWAY		49	0.36142382	1.0932479	0.27623126	0.6950598	1.0	2705	tags=22%, list=16%, signal=27%	
BIOCARTA_EICOSANOID_PATHWAY%MSIGDB_C2%BIOCARTA_EICOSANOID_PATHWAY	BIOCARTA_EICOSANOID_PATHWAY%MSIGDB_C2%BIOCARTA_EICOSANOID_PATHWAY		16	0.46335098	1.0929027	0.34836066	0.69567573	1.0	473	tags=13%, list=3%, signal=13%	
RNA POLYMERASE II TRANSCRIPTION TERMINATION%REACTOME DATABASE ID RELEASE 93%73856	RNA POLYMERASE II TRANSCRIPTION TERMINATION%REACTOME DATABASE ID RELEASE 93%73856		56	0.35518008	1.0928481	0.2760181	0.69539636	1.0	2950	tags=38%, list=18%, signal=46%	
ENDOSOME ORGANIZATION%GOBP%GO:0007032	ENDOSOME ORGANIZATION%GOBP%GO:0007032		77	0.33299813	1.0926208	0.2659091	0.69564444	1.0	2615	tags=32%, list=16%, signal=38%	
POSITIVE REGULATION OF G PROTEIN-COUPLED RECEPTOR SIGNALING PATHWAY%GOBP%GO:0045745	POSITIVE REGULATION OF G PROTEIN-COUPLED RECEPTOR SIGNALING PATHWAY%GOBP%GO:0045745		21	0.43183663	1.0923052	0.3340564	0.6962287	1.0	2281	tags=19%, list=14%, signal=22%	
TRANSPORT TO THE GOLGI AND SUBSEQUENT MODIFICATION%REACTOME%R-HSA-948021.4	TRANSPORT TO THE GOLGI AND SUBSEQUENT MODIFICATION%REACTOME%R-HSA-948021.4		153	0.30330542	1.0908908	0.22196262	0.70027614	1.0	1906	tags=18%, list=12%, signal=21%	
CELL-CELL JUNCTION ORGANIZATION%GOBP%GO:0045216	CELL-CELL JUNCTION ORGANIZATION%GOBP%GO:0045216		120	0.30985966	1.0908438	0.24278846	0.69994015	1.0	3230	tags=24%, list=20%, signal=30%	
REGULATION OF ALPHA-BETA T CELL ACTIVATION%GOBP%GO:0046634	REGULATION OF ALPHA-BETA T CELL ACTIVATION%GOBP%GO:0046634		75	0.33544677	1.0907515	0.28265524	0.6997739	1.0	2271	tags=16%, list=14%, signal=18%	
CELLULAR RESPONSE TO OXIDATIVE STRESS%GOBP%GO:0034599	CELLULAR RESPONSE TO OXIDATIVE STRESS%GOBP%GO:0034599		140	0.30843207	1.0904357	0.23943663	0.70029706	1.0	2508	tags=24%, list=15%, signal=28%	
CALMODULIN INDUCED EVENTS%REACTOME%R-HSA-111933.3	CALMODULIN INDUCED EVENTS%REACTOME%R-HSA-111933.3		32	0.39570212	1.089773	0.3010989	0.7018441	1.0	2865	tags=25%, list=17%, signal=30%	
PRE IMPLANTATION EMBRYO%WIKIPATHWAYS_20250810%WP3527%HOMO SAPIENS	PRE IMPLANTATION EMBRYO%WIKIPATHWAYS_20250810%WP3527%HOMO SAPIENS		35	0.37901983	1.0892352	0.29313928	0.7031287	1.0	4327	tags=31%, list=26%, signal=43%	
PLATELET AGGREGATION%GOBP%GO:0070527	PLATELET AGGREGATION%GOBP%GO:0070527		30	0.3990697	1.0889018	0.29032257	0.70367813	1.0	2465	tags=30%, list=15%, signal=35%	
NEGATIVE REGULATION OF ESTABLISHMENT OF PROTEIN LOCALIZATION%GOBP%GO:1904950	NEGATIVE REGULATION OF ESTABLISHMENT OF PROTEIN LOCALIZATION%GOBP%GO:1904950		78	0.3350165	1.0879459	0.2793177	0.70616364	1.0	3074	tags=27%, list=19%, signal=33%	
INITIATION OF TRANSCRIPTION AND TRANSLATION ELONGATION AT THE HIV 1 LTR%WIKIPATHWAYS_20250810%WP3414%HOMO SAPIENS	INITIATION OF TRANSCRIPTION AND TRANSLATION ELONGATION AT THE HIV 1 LTR%WIKIPATHWAYS_20250810%WP3414%HOMO SAPIENS		24	0.41405898	1.0878296	0.30321285	0.7060519	1.0	2062	tags=25%, list=13%, signal=29%	
B CELL ACTIVATION%REACTOME%R-HSA-983705.3	B CELL ACTIVATION%REACTOME%R-HSA-983705.3		92	0.32482612	1.0874826	0.2700893	0.7066865	1.0	3876	tags=34%, list=24%, signal=44%	
FORMATION OF PARAXIAL MESODERM%REACTOME%R-HSA-9793380.5	FORMATION OF PARAXIAL MESODERM%REACTOME%R-HSA-9793380.5		49	0.36219418	1.0869528	0.28688523	0.70785743	1.0	3165	tags=37%, list=19%, signal=45%	
REGULATION OF ACTOMYOSIN STRUCTURE ORGANIZATION%GOBP%GO:0110020	REGULATION OF ACTOMYOSIN STRUCTURE ORGANIZATION%GOBP%GO:0110020		75	0.33368096	1.0869318	0.27570093	0.7074305	1.0	1814	tags=20%, list=11%, signal=22%	
REGULATION OF MIRNA METABOLIC PROCESS%GOBP%GO:2000628	REGULATION OF MIRNA METABOLIC PROCESS%GOBP%GO:2000628		69	0.33711597	1.086921	0.29820627	0.70698833	1.0	1809	tags=17%, list=11%, signal=19%	
REGULATION OF VASCULAR ASSOCIATED SMOOTH MUSCLE CELL PROLIFERATION%GOBP%GO:1904705	REGULATION OF VASCULAR ASSOCIATED SMOOTH MUSCLE CELL PROLIFERATION%GOBP%GO:1904705		36	0.38267317	1.0867339	0.310559	0.7071188	1.0	2569	tags=19%, list=16%, signal=23%	
NEGATIVE REGULATION OF TUMOR NECROSIS FACTOR PRODUCTION%GOBP%GO:0032720	NEGATIVE REGULATION OF TUMOR NECROSIS FACTOR PRODUCTION%GOBP%GO:0032720		34	0.3882062	1.0866113	0.30408162	0.7070626	1.0	3089	tags=21%, list=19%, signal=25%	
C-TYPE LECTIN RECEPTORS (CLRS)%REACTOME DATABASE ID RELEASE 93%5621481	C-TYPE LECTIN RECEPTORS (CLRS)%REACTOME DATABASE ID RELEASE 93%5621481		102	0.31985936	1.0861996	0.2630435	0.7078772	1.0	2844	tags=27%, list=17%, signal=33%	
NEGATIVE REGULATION OF REPRODUCTIVE PROCESS%GOBP%GO:2000242	NEGATIVE REGULATION OF REPRODUCTIVE PROCESS%GOBP%GO:2000242		25	0.4113316	1.0855181	0.3478261	0.70958585	1.0	2686	tags=24%, list=16%, signal=29%	
HUNTINGTON DISEASE%PANTHER PATHWAY%P00029	HUNTINGTON DISEASE%PANTHER PATHWAY%P00029		83	0.32777447	1.0854646	0.2742616	0.70929414	1.0	1717	tags=16%, list=10%, signal=17%	
SYNAPTIC VESICLE PATHWAY%WIKIPATHWAYS_20250810%WP2267%HOMO SAPIENS	SYNAPTIC VESICLE PATHWAY%WIKIPATHWAYS_20250810%WP2267%HOMO SAPIENS		31	0.39362353	1.0852182	0.33128834	0.7096013	1.0	3463	tags=26%, list=21%, signal=33%	
TYROSINE KINASE INHIBITORS IN GLIOBLASTOMA%WIKIPATHWAYS_20250810%WP5494%HOMO SAPIENS	TYROSINE KINASE INHIBITORS IN GLIOBLASTOMA%WIKIPATHWAYS_20250810%WP5494%HOMO SAPIENS		21	0.4256716	1.0846239	0.3254902	0.71105266	1.0	787	tags=14%, list=5%, signal=15%	
HDAC6 INTERACTIONS IN THE CENTRAL NERVOUS SYSTEM%WIKIPATHWAYS_20250810%WP5426%HOMO SAPIENS	HDAC6 INTERACTIONS IN THE CENTRAL NERVOUS SYSTEM%WIKIPATHWAYS_20250810%WP5426%HOMO SAPIENS		71	0.33638668	1.0840445	0.27826086	0.7123787	1.0	2594	tags=25%, list=16%, signal=30%	
REGULATION OF PROTEIN LOCALIZATION TO NUCLEUS%GOBP%GO:1900180	REGULATION OF PROTEIN LOCALIZATION TO NUCLEUS%GOBP%GO:1900180		94	0.32631305	1.0839894	0.26984128	0.7120575	1.0	2727	tags=27%, list=17%, signal=32%	
AMIDE BIOSYNTHETIC PROCESS%GOBP%GO:0043604	AMIDE BIOSYNTHETIC PROCESS%GOBP%GO:0043604		105	0.31257182	1.083702	0.25345623	0.7124816	1.0	3263	tags=24%, list=20%, signal=30%	
REGULATION OF ADENYLATE CYCLASE ACTIVITY%GOBP%GO:0045761	REGULATION OF ADENYLATE CYCLASE ACTIVITY%GOBP%GO:0045761		19	0.43812954	1.0835053	0.33880904	0.7126057	1.0	3882	tags=26%, list=24%, signal=34%	
RESPONSE TO REACTIVE OXYGEN SPECIES%GOBP%GO:0000302	RESPONSE TO REACTIVE OXYGEN SPECIES%GOBP%GO:0000302		85	0.32735392	1.0834324	0.27716187	0.712367	1.0	2450	tags=28%, list=15%, signal=33%	
POSITIVE REGULATION OF HEMOSTASIS%GOBP%GO:1900048	POSITIVE REGULATION OF HEMOSTASIS%GOBP%GO:1900048		16	0.4559503	1.0829854	0.3469388	0.7132723	1.0	3470	tags=44%, list=21%, signal=55%	
SYNAPTIC ADHESION-LIKE MOLECULES%REACTOME DATABASE ID RELEASE 93%8849932	SYNAPTIC ADHESION-LIKE MOLECULES%REACTOME DATABASE ID RELEASE 93%8849932		20	0.42807516	1.0821075	0.33333334	0.715472	1.0	2176	tags=25%, list=13%, signal=29%	
MITOCHONDRION TRANSPORT ALONG MICROTUBULE%GOBP%GO:0047497	MITOCHONDRION TRANSPORT ALONG MICROTUBULE%GOBP%GO:0047497		15	0.47255	1.0813211	0.3578732	0.7175153	1.0	2434	tags=33%, list=15%, signal=39%	
TRANSEPITHELIAL TRANSPORT%GOBP%GO:0070633	TRANSEPITHELIAL TRANSPORT%GOBP%GO:0070633		22	0.41448498	1.0813074	0.34947369	0.717086	1.0	2005	tags=18%, list=12%, signal=21%	
RESPONSE TO ISCHEMIA%GOBP%GO:0002931	RESPONSE TO ISCHEMIA%GOBP%GO:0002931		23	0.4199402	1.0812715	0.34791666	0.7167303	1.0	1078	tags=13%, list=7%, signal=14%	
DEPYRIMIDINATION%REACTOME%R-HSA-73928.3	DEPYRIMIDINATION%REACTOME%R-HSA-73928.3		25	0.4086031	1.0812387	0.33887735	0.7163418	1.0	3043	tags=36%, list=19%, signal=44%	
INTRINSIC APOPTOTIC SIGNALING PATHWAY IN RESPONSE TO DNA DAMAGE%GOBP%GO:0008630	INTRINSIC APOPTOTIC SIGNALING PATHWAY IN RESPONSE TO DNA DAMAGE%GOBP%GO:0008630		50	0.35735026	1.0809828	0.32054177	0.7166922	1.0	3354	tags=38%, list=20%, signal=48%	
REGULATION OF CENTROSOME DUPLICATION%GOBP%GO:0010824	REGULATION OF CENTROSOME DUPLICATION%GOBP%GO:0010824		39	0.37472478	1.0809143	0.31004366	0.7164382	1.0	1771	tags=23%, list=11%, signal=26%	
RNA POLYMERASE III TRANSCRIPTION TERMINATION%REACTOME%R-HSA-73980.5	RNA POLYMERASE III TRANSCRIPTION TERMINATION%REACTOME%R-HSA-73980.5		23	0.4155743	1.0807024	0.34051725	0.71661115	1.0	2768	tags=35%, list=17%, signal=42%	
ASSEMBLY OF THE PRE-REPLICATIVE COMPLEX%REACTOME%R-HSA-68867.10	ASSEMBLY OF THE PRE-REPLICATIVE COMPLEX%REACTOME%R-HSA-68867.10		80	0.3264868	1.0805858	0.27489176	0.71650755	1.0	2844	tags=30%, list=17%, signal=36%	
EPITHELIAL TO MESENCHYMAL TRANSITION IN COLORECTAL CANCER%WIKIPATHWAYS_20250810%WP4239%HOMO SAPIENS	EPITHELIAL TO MESENCHYMAL TRANSITION IN COLORECTAL CANCER%WIKIPATHWAYS_20250810%WP4239%HOMO SAPIENS		108	0.3166745	1.0805606	0.25982532	0.7161166	1.0	2024	tags=18%, list=12%, signal=20%	
LIPID DROPLET ORGANIZATION%GOBP%GO:0034389	LIPID DROPLET ORGANIZATION%GOBP%GO:0034389		31	0.39090455	1.0804859	0.3285124	0.71589017	1.0	2496	tags=19%, list=15%, signal=23%	
NEGATIVE REGULATION OF TUMOR NECROSIS FACTOR SUPERFAMILY CYTOKINE PRODUCTION%GOBP%GO:1903556	NEGATIVE REGULATION OF TUMOR NECROSIS FACTOR SUPERFAMILY CYTOKINE PRODUCTION%GOBP%GO:1903556		36	0.38241386	1.079842	0.3164557	0.7174676	1.0	3932	tags=28%, list=24%, signal=36%	
HDACS DEACETYLATE HISTONES%REACTOME%R-HSA-3214815.5	HDACS DEACETYLATE HISTONES%REACTOME%R-HSA-3214815.5		40	0.37019068	1.0795721	0.3122172	0.71785754	1.0	2324	tags=25%, list=14%, signal=29%	
CLEAVAGE OF THE DAMAGED PYRIMIDINE%REACTOME%R-HSA-110329.4	CLEAVAGE OF THE DAMAGED PYRIMIDINE%REACTOME%R-HSA-110329.4		25	0.4086031	1.0788233	0.34773663	0.71978176	1.0	3043	tags=36%, list=19%, signal=44%	
TELOMERE MAINTENANCE%REACTOME DATABASE ID RELEASE 93%157579	TELOMERE MAINTENANCE%REACTOME DATABASE ID RELEASE 93%157579		69	0.3329498	1.078552	0.29273504	0.7200904	1.0	3393	tags=39%, list=21%, signal=49%	
TCR SIGNALING IN NAIVE CD8+ T CELLS%PATHWAY INTERACTION DATABASE NCI-NATURE CURATED DATA%TCR SIGNALING IN NAIVE CD8+ T CELLS	TCR SIGNALING IN NAIVE CD8+ T CELLS%PATHWAY INTERACTION DATABASE NCI-NATURE CURATED DATA%TCR SIGNALING IN NAIVE CD8+ T CELLS		49	0.35772067	1.0784367	0.308204	0.71998924	1.0	693	tags=10%, list=4%, signal=11%	
APOPTOTIC CELL CLEARANCE%GOBP%GO:0043277	APOPTOTIC CELL CLEARANCE%GOBP%GO:0043277		20	0.42021018	1.0783151	0.33469388	0.7198789	1.0	4799	tags=35%, list=29%, signal=49%	
POSITIVE REGULATION OF MITOCHONDRIAL MEMBRANE PERMEABILITY%GOBP%GO:0035794	POSITIVE REGULATION OF MITOCHONDRIAL MEMBRANE PERMEABILITY%GOBP%GO:0035794		16	0.45134437	1.0780047	0.3375796	0.7204146	1.0	2301	tags=38%, list=14%, signal=44%	
REGULATION OF FAT CELL DIFFERENTIATION%GOBP%GO:0045598	REGULATION OF FAT CELL DIFFERENTIATION%GOBP%GO:0045598		85	0.32320318	1.0775086	0.2987013	0.7215834	1.0	2068	tags=18%, list=13%, signal=20%	
POSITIVE REGULATION OF VASCULAR ASSOCIATED SMOOTH MUSCLE CELL PROLIFERATION%GOBP%GO:1904707	POSITIVE REGULATION OF VASCULAR ASSOCIATED SMOOTH MUSCLE CELL PROLIFERATION%GOBP%GO:1904707		20	0.4204865	1.077192	0.31837606	0.7221262	1.0	5290	tags=40%, list=32%, signal=59%	
SIGNAL TRANSDUCTION BY P53 CLASS MEDIATOR%GOBP%GO:0072331	SIGNAL TRANSDUCTION BY P53 CLASS MEDIATOR%GOBP%GO:0072331		65	0.33668023	1.0771886	0.3298969	0.72166127	1.0	2155	tags=26%, list=13%, signal=30%	
REGULATION OF SYSTEMIC ARTERIAL BLOOD PRESSURE MEDIATED BY A CHEMICAL SIGNAL%GOBP%GO:0003044	REGULATION OF SYSTEMIC ARTERIAL BLOOD PRESSURE MEDIATED BY A CHEMICAL SIGNAL%GOBP%GO:0003044		21	0.42419028	1.0770775	0.35222673	0.72152734	1.0	2658	tags=24%, list=16%, signal=28%	
LONG-CHAIN FATTY-ACYL-COA METABOLIC PROCESS%GOBP%GO:0035336	LONG-CHAIN FATTY-ACYL-COA METABOLIC PROCESS%GOBP%GO:0035336		21	0.4326725	1.0770377	0.31012657	0.7211885	1.0	529	tags=10%, list=3%, signal=10%	
STEROID METABOLIC PROCESS%GOBP%GO:0008202	STEROID METABOLIC PROCESS%GOBP%GO:0008202		115	0.30747142	1.0768669	0.2769953	0.72127455	1.0	1542	tags=14%, list=9%, signal=15%	
ERBB2 ERBB3 SIGNALING EVENTS%PATHWAY INTERACTION DATABASE NCI-NATURE CURATED DATA%ERBB2 ERBB3 SIGNALING EVENTS	ERBB2 ERBB3 SIGNALING EVENTS%PATHWAY INTERACTION DATABASE NCI-NATURE CURATED DATA%ERBB2 ERBB3 SIGNALING EVENTS		40	0.37425593	1.076851	0.31896552	0.72084755	1.0	957	tags=15%, list=6%, signal=16%	
POTASSIUM ION HOMEOSTASIS%GOBP%GO:0055075	POTASSIUM ION HOMEOSTASIS%GOBP%GO:0055075		19	0.4315398	1.0764371	0.3604888	0.7217261	1.0	2875	tags=26%, list=18%, signal=32%	
REGULATION OF ACTIN FILAMENT BUNDLE ASSEMBLY%GOBP%GO:0032231	REGULATION OF ACTIN FILAMENT BUNDLE ASSEMBLY%GOBP%GO:0032231		79	0.32848632	1.0763264	0.30733946	0.7215843	1.0	1814	tags=19%, list=11%, signal=21%	
POSITIVE REGULATION OF MEMBRANE PERMEABILITY%GOBP%GO:1905710	POSITIVE REGULATION OF MEMBRANE PERMEABILITY%GOBP%GO:1905710		19	0.43277568	1.0760541	0.33333334	0.721967	1.0	2301	tags=32%, list=14%, signal=37%	
NEGATIVE REGULATION OF OXIDATIVE STRESS-INDUCED INTRINSIC APOPTOTIC SIGNALING PATHWAY%GOBP%GO:1902176	NEGATIVE REGULATION OF OXIDATIVE STRESS-INDUCED INTRINSIC APOPTOTIC SIGNALING PATHWAY%GOBP%GO:1902176		21	0.42585272	1.076033	0.3592437	0.7215705	1.0	3452	tags=52%, list=21%, signal=66%	
SIGNALING EVENTS MEDIATED BY HDAC CLASS III%PATHWAY INTERACTION DATABASE NCI-NATURE CURATED DATA%SIGNALING EVENTS MEDIATED BY HDAC CLASS III	SIGNALING EVENTS MEDIATED BY HDAC CLASS III%PATHWAY INTERACTION DATABASE NCI-NATURE CURATED DATA%SIGNALING EVENTS MEDIATED BY HDAC CLASS III		23	0.41324115	1.0752896	0.35333332	0.72350323	1.0	3209	tags=39%, list=20%, signal=49%	
POSITIVE REGULATION OF IMMUNOGLOBULIN PRODUCTION%GOBP%GO:0002639	POSITIVE REGULATION OF IMMUNOGLOBULIN PRODUCTION%GOBP%GO:0002639		28	0.40325907	1.0751449	0.32572615	0.7234951	1.0	3127	tags=36%, list=19%, signal=44%	
DNA-TEMPLATED TRANSCRIPTION ELONGATION%GOBP%GO:0006354	DNA-TEMPLATED TRANSCRIPTION ELONGATION%GOBP%GO:0006354		38	0.37680653	1.0751326	0.32908705	0.72306603	1.0	1625	tags=24%, list=10%, signal=26%	
CHOLESTEROL BIOSYNTHESIS PATHWAY IN HEPATOCYTES%WIKIPATHWAYS_20250810%WP5329%HOMO SAPIENS	CHOLESTEROL BIOSYNTHESIS PATHWAY IN HEPATOCYTES%WIKIPATHWAYS_20250810%WP5329%HOMO SAPIENS		31	0.3920291	1.0741502	0.3448276	0.72570854	1.0	4550	tags=42%, list=28%, signal=58%	
HALLMARK_PEROXISOME%MSIGDBHALLMARK%HALLMARK_PEROXISOME	HALLMARK_PEROXISOME%MSIGDBHALLMARK%HALLMARK_PEROXISOME		75	0.3309335	1.0741252	0.3	0.7253172	1.0	2294	tags=17%, list=14%, signal=20%	
CANNABINOID RECEPTOR SIGNALING%WIKIPATHWAYS_20250810%WP3869%HOMO SAPIENS	CANNABINOID RECEPTOR SIGNALING%WIKIPATHWAYS_20250810%WP3869%HOMO SAPIENS		19	0.433131	1.0737612	0.34901962	0.7259923	1.0	1639	tags=26%, list=10%, signal=29%	
NEGATIVE REGULATION OF TORC1 SIGNALING%GOBP%GO:1904262	NEGATIVE REGULATION OF TORC1 SIGNALING%GOBP%GO:1904262		46	0.3570638	1.0737193	0.31896552	0.72566897	1.0	2777	tags=35%, list=17%, signal=42%	
ONCOGENE INDUCED SENESCENCE%REACTOME DATABASE ID RELEASE 93%2559585	ONCOGENE INDUCED SENESCENCE%REACTOME DATABASE ID RELEASE 93%2559585		32	0.38676757	1.0734416	0.3415133	0.7260685	1.0	3684	tags=38%, list=22%, signal=48%	
PROTEOGLYCAN BIOSYNTHETIC PROCESS%GOBP%GO:0030166	PROTEOGLYCAN BIOSYNTHETIC PROCESS%GOBP%GO:0030166		61	0.3457047	1.072805	0.33405173	0.72764504	1.0	3851	tags=31%, list=23%, signal=41%	
MONOCARBOXYLIC ACID TRANSPORT%GOBP%GO:0015718	MONOCARBOXYLIC ACID TRANSPORT%GOBP%GO:0015718		76	0.3316613	1.0725639	0.30045873	0.72798157	1.0	3012	tags=25%, list=18%, signal=30%	
MYELOID LEUKOCYTE DIFFERENTIATION%GOBP%GO:0002573	MYELOID LEUKOCYTE DIFFERENTIATION%GOBP%GO:0002573		73	0.32995677	1.0721793	0.31350115	0.728728	1.0	3437	tags=25%, list=21%, signal=31%	
LIPID METABOLISM PATHWAY%WIKIPATHWAYS_20250810%WP3965%HOMO SAPIENS	LIPID METABOLISM PATHWAY%WIKIPATHWAYS_20250810%WP3965%HOMO SAPIENS		16	0.4535021	1.0721704	0.36065573	0.72827524	1.0	2115	tags=31%, list=13%, signal=36%	
ERBB SIGNALING%WIKIPATHWAYS_20250810%WP673%HOMO SAPIENS	ERBB SIGNALING%WIKIPATHWAYS_20250810%WP673%HOMO SAPIENS		68	0.3347535	1.0718179	0.30580357	0.7289226	1.0	2490	tags=18%, list=15%, signal=21%	
BIOCARTA_IGF1R_PATHWAY%MSIGDB_C2%BIOCARTA_IGF1R_PATHWAY	BIOCARTA_IGF1R_PATHWAY%MSIGDB_C2%BIOCARTA_IGF1R_PATHWAY		16	0.4623791	1.071699	0.39014372	0.72883785	1.0	67	tags=13%, list=0%, signal=13%	
HALLMARK_MYC_TARGETS_V1%MSIGDBHALLMARK%HALLMARK_MYC_TARGETS_V1	HALLMARK_MYC_TARGETS_V1%MSIGDBHALLMARK%HALLMARK_MYC_TARGETS_V1		145	0.29521227	1.0708084	0.28365386	0.73120004	1.0	3428	tags=34%, list=21%, signal=43%	
CELLULAR RESPONSE TO GLUCOSE STIMULUS%GOBP%GO:0071333	CELLULAR RESPONSE TO GLUCOSE STIMULUS%GOBP%GO:0071333		32	0.38137162	1.0704465	0.34237996	0.73186046	1.0	3580	tags=34%, list=22%, signal=44%	
CELLULAR RESPONSE TO HEAT%GOBP%GO:0034605	CELLULAR RESPONSE TO HEAT%GOBP%GO:0034605		34	0.38122094	1.0703634	0.3449024	0.7316397	1.0	2387	tags=29%, list=15%, signal=34%	
PROTEIN HOMOOLIGOMERIZATION%GOBP%GO:0051260	PROTEIN HOMOOLIGOMERIZATION%GOBP%GO:0051260		115	0.30813476	1.0703225	0.29357797	0.73130476	1.0	3515	tags=25%, list=21%, signal=32%	
DEOXYRIBONUCLEOTIDE METABOLIC PROCESS%GOBP%GO:0009262	DEOXYRIBONUCLEOTIDE METABOLIC PROCESS%GOBP%GO:0009262		33	0.38230038	1.0702981	0.35095137	0.7309128	1.0	3043	tags=27%, list=19%, signal=33%	
RECOGNITION AND ASSOCIATION OF DNA GLYCOSYLASE WITH SITE CONTAINING AN AFFECTED PYRIMIDINE%REACTOME%R-HSA-110328.4	RECOGNITION AND ASSOCIATION OF DNA GLYCOSYLASE WITH SITE CONTAINING AN AFFECTED PYRIMIDINE%REACTOME%R-HSA-110328.4		25	0.4086031	1.0699103	0.35	0.7316888	1.0	3043	tags=36%, list=19%, signal=44%	
REGULATION OF SUPEROXIDE METABOLIC PROCESS%GOBP%GO:0090322	REGULATION OF SUPEROXIDE METABOLIC PROCESS%GOBP%GO:0090322		17	0.44593385	1.0698463	0.35368422	0.7314175	1.0	4122	tags=35%, list=25%, signal=47%	
NUCLEOPHAGY%GOBP%GO:0044804	NUCLEOPHAGY%GOBP%GO:0044804		22	0.4152817	1.0696737	0.3392857	0.7314677	1.0	1054	tags=23%, list=6%, signal=24%	
HEDGEHOG 'ON' STATE%REACTOME%R-HSA-5632684.2	HEDGEHOG 'ON' STATE%REACTOME%R-HSA-5632684.2		67	0.33726135	1.0696162	0.30490404	0.73119295	1.0	3026	tags=30%, list=18%, signal=36%	
SPHINGOLIPID METABOLISM INTEGRATED PATHWAY%WIKIPATHWAYS_20250810%WP4726%HOMO SAPIENS	SPHINGOLIPID METABOLISM INTEGRATED PATHWAY%WIKIPATHWAYS_20250810%WP4726%HOMO SAPIENS		23	0.41239905	1.069588	0.34184676	0.7308294	1.0	3640	tags=30%, list=22%, signal=39%	
NEURON MATURATION%GOBP%GO:0042551	NEURON MATURATION%GOBP%GO:0042551		21	0.42046598	1.0694782	0.33464566	0.7307057	1.0	4900	tags=38%, list=30%, signal=54%	
PID_ERA_GENOMIC_PATHWAY%MSIGDB_C2%PID_ERA_GENOMIC_PATHWAY	PID_ERA_GENOMIC_PATHWAY%MSIGDB_C2%PID_ERA_GENOMIC_PATHWAY		41	0.36256778	1.0694653	0.33264032	0.7302783	1.0	3905	tags=32%, list=24%, signal=42%	
RELATIONSHIP BETWEEN INFLAMMATION COX 2 AND EGFR%WIKIPATHWAYS_20250810%WP4483%HOMO SAPIENS	RELATIONSHIP BETWEEN INFLAMMATION COX 2 AND EGFR%WIKIPATHWAYS_20250810%WP4483%HOMO SAPIENS		16	0.45034057	1.0694432	0.35247526	0.72987777	1.0	67	tags=13%, list=0%, signal=13%	
RNA POLYMERASE II TRANSCRIPTION THE PREINITIATION COMPLEX%WIKIPATHWAYS_20250810%WP5563%HOMO SAPIENS	RNA POLYMERASE II TRANSCRIPTION THE PREINITIATION COMPLEX%WIKIPATHWAYS_20250810%WP5563%HOMO SAPIENS		60	0.33816257	1.0692371	0.32608697	0.73006207	1.0	1625	tags=20%, list=10%, signal=22%	
SYNTHESIS OF VERY LONG-CHAIN FATTY ACYL-COAS%REACTOME%R-HSA-75876.10	SYNTHESIS OF VERY LONG-CHAIN FATTY ACYL-COAS%REACTOME%R-HSA-75876.10		20	0.43257326	1.0689777	0.37250996	0.7304367	1.0	637	tags=10%, list=4%, signal=10%	
NEGATIVE REGULATION OF AXONOGENESIS%GOBP%GO:0050771	NEGATIVE REGULATION OF AXONOGENESIS%GOBP%GO:0050771		21	0.42846015	1.0672231	0.3830228	0.73562926	1.0	239	tags=10%, list=1%, signal=10%	
RECEPTOR-MEDIATED ENDOCYTOSIS%GOBP%GO:0006898	RECEPTOR-MEDIATED ENDOCYTOSIS%GOBP%GO:0006898		128	0.3034351	1.0671942	0.27954546	0.73525286	1.0	3230	tags=28%, list=20%, signal=35%	
PYRUVATE DECARBOXYLASE E1 COMPONENT DEFICIENCY (PDHE1 DEFICIENCY)%SMPDB%SMP0000334	PYRUVATE DECARBOXYLASE E1 COMPONENT DEFICIENCY (PDHE1 DEFICIENCY)%SMPDB%SMP0000334		19	0.4294677	1.0670444	0.35714287	0.73526376	1.0	4897	tags=42%, list=30%, signal=60%	
TRANSLATION OF STRUCTURAL PROTEINS%REACTOME DATABASE ID RELEASE 93%9683701	TRANSLATION OF STRUCTURAL PROTEINS%REACTOME DATABASE ID RELEASE 93%9683701		27	0.40153596	1.0670338	0.33626375	0.7348162	1.0	3638	tags=48%, list=22%, signal=62%	
REGULATION OF LEUKOCYTE PROLIFERATION%GOBP%GO:0070663	REGULATION OF LEUKOCYTE PROLIFERATION%GOBP%GO:0070663		147	0.30135378	1.0670011	0.2857143	0.7344533	1.0	4677	tags=29%, list=28%, signal=40%	
MODIFIED AMINO ACID METABOLIC PROCESS%GOBP%GO:0006575	MODIFIED AMINO ACID METABOLIC PROCESS%GOBP%GO:0006575		105	0.31384537	1.0667608	0.3167421	0.7347604	1.0	4204	tags=36%, list=26%, signal=48%	
PIGMENT METABOLIC PROCESS%GOBP%GO:0042440	PIGMENT METABOLIC PROCESS%GOBP%GO:0042440		32	0.38439566	1.0666026	0.36258662	0.7347761	1.0	4339	tags=47%, list=26%, signal=64%	
HALLMARK_REACTIVE_OXYGEN_SPECIES_PATHWAY%MSIGDBHALLMARK%HALLMARK_REACTIVE_OXYGEN_SPECIES_PATHWAY	HALLMARK_REACTIVE_OXYGEN_SPECIES_PATHWAY%MSIGDBHALLMARK%HALLMARK_REACTIVE_OXYGEN_SPECIES_PATHWAY		30	0.38694215	1.0665525	0.33333334	0.73446834	1.0	3777	tags=47%, list=23%, signal=61%	
EGF RECEPTOR SIGNALING PATHWAY%PANTHER PATHWAY%P00018	EGF RECEPTOR SIGNALING PATHWAY%PANTHER PATHWAY%P00018		85	0.32148635	1.0663165	0.29009435	0.73474044	1.0	2060	tags=21%, list=13%, signal=24%	
REGULATION OF ACTIN FILAMENT ORGANIZATION%GOBP%GO:0110053	REGULATION OF ACTIN FILAMENT ORGANIZATION%GOBP%GO:0110053		185	0.2884147	1.0661868	0.27272728	0.73467374	1.0	3404	tags=29%, list=21%, signal=36%	
NEGATIVE REGULATION OF DEFENSE RESPONSE%GOBP%GO:0031348	NEGATIVE REGULATION OF DEFENSE RESPONSE%GOBP%GO:0031348		182	0.29102513	1.0660994	0.2671395	0.73447555	1.0	3154	tags=23%, list=19%, signal=28%	
REGULATION OF ATP-DEPENDENT ACTIVITY%GOBP%GO:0043462	REGULATION OF ATP-DEPENDENT ACTIVITY%GOBP%GO:0043462		25	0.41035393	1.065958	0.35234216	0.7344138	1.0	2948	tags=36%, list=18%, signal=44%	
HALLMARK_ANGIOGENESIS%MSIGDBHALLMARK%HALLMARK_ANGIOGENESIS	HALLMARK_ANGIOGENESIS%MSIGDBHALLMARK%HALLMARK_ANGIOGENESIS		25	0.40352872	1.0655756	0.35650223	0.7352255	1.0	2537	tags=20%, list=15%, signal=24%	
REGULATION OF HOMOTYPIC CELL-CELL ADHESION%GOBP%GO:0034110	REGULATION OF HOMOTYPIC CELL-CELL ADHESION%GOBP%GO:0034110		31	0.37969527	1.0648757	0.3412527	0.7370139	1.0	3311	tags=26%, list=20%, signal=32%	
REGULATION OF OLIGODENDROCYTE DIFFERENTIATION%GOBP%GO:0048713	REGULATION OF OLIGODENDROCYTE DIFFERENTIATION%GOBP%GO:0048713		15	0.46064603	1.0639955	0.37804878	0.7394112	1.0	4119	tags=40%, list=25%, signal=53%	
POSITIVE REGULATION OF LIPID BIOSYNTHETIC PROCESS%GOBP%GO:0046889	POSITIVE REGULATION OF LIPID BIOSYNTHETIC PROCESS%GOBP%GO:0046889		66	0.33171266	1.0639094	0.32323232	0.73923093	1.0	3407	tags=24%, list=21%, signal=30%	
CELL CYCLE PHASE TRANSITION%GOBP%GO:0044770	CELL CYCLE PHASE TRANSITION%GOBP%GO:0044770		114	0.3063009	1.0639081	0.30385488	0.73876566	1.0	2905	tags=23%, list=18%, signal=28%	
REGULATION OF SMOOTH MUSCLE CELL DIFFERENTIATION%GOBP%GO:0051150	REGULATION OF SMOOTH MUSCLE CELL DIFFERENTIATION%GOBP%GO:0051150		23	0.40869588	1.0634015	0.37527114	0.7398658	1.0	3165	tags=22%, list=19%, signal=27%	
CELLULAR RESPONSE TO REACTIVE OXYGEN SPECIES%GOBP%GO:0034614	CELLULAR RESPONSE TO REACTIVE OXYGEN SPECIES%GOBP%GO:0034614		71	0.33188477	1.0633425	0.3053613	0.7395886	1.0	1707	tags=24%, list=10%, signal=27%	
LONG-TERM MEMORY%GOBP%GO:0007616	LONG-TERM MEMORY%GOBP%GO:0007616		16	0.4520769	1.0627762	0.3909465	0.7409263	1.0	2426	tags=25%, list=15%, signal=29%	
PYRUVATE KINASE DEFICIENCY%PATHWHIZ%PW000535	PYRUVATE KINASE DEFICIENCY%PATHWHIZ%PW000535		19	0.4294677	1.0626012	0.34086242	0.74101704	1.0	4897	tags=42%, list=30%, signal=60%	
BIOCARTA_IL6_PATHWAY%MSIGDB_C2%BIOCARTA_IL6_PATHWAY	BIOCARTA_IL6_PATHWAY%MSIGDB_C2%BIOCARTA_IL6_PATHWAY		16	0.44081035	1.0624627	0.38185653	0.74099725	1.0	67	tags=13%, list=0%, signal=13%	
NEGATIVE REGULATION OF FGFR4 SIGNALING%REACTOME%R-HSA-5654733.3	NEGATIVE REGULATION OF FGFR4 SIGNALING%REACTOME%R-HSA-5654733.3		19	0.42155322	1.0623333	0.37445888	0.74095505	1.0	1488	tags=21%, list=9%, signal=23%	
PYRUVATE METABOLISM%PATHWHIZ%PW000054	PYRUVATE METABOLISM%PATHWHIZ%PW000054		19	0.4294677	1.0622083	0.3838384	0.74088746	1.0	4897	tags=42%, list=30%, signal=60%	
POSITIVE REGULATION OF PROTEIN LOCALIZATION TO PLASMA MEMBRANE%GOBP%GO:1903078	POSITIVE REGULATION OF PROTEIN LOCALIZATION TO PLASMA MEMBRANE%GOBP%GO:1903078		53	0.34821767	1.0620599	0.3548387	0.7409106	1.0	2354	tags=21%, list=14%, signal=24%	
CA-DEPENDENT EVENTS%REACTOME%R-HSA-111996.3	CA-DEPENDENT EVENTS%REACTOME%R-HSA-111996.3		34	0.3808576	1.0618099	0.3261339	0.74124455	1.0	2865	tags=24%, list=17%, signal=28%	
GABA-B_RECEPTOR_II_SIGNALING%PANTHER PATHWAY%P05731	GABA-B_RECEPTOR_II_SIGNALING%PANTHER PATHWAY%P05731		30	0.3872098	1.0615095	0.36231884	0.7417517	1.0	4833	tags=43%, list=29%, signal=61%	
POSITIVE REGULATION OF JNK CASCADE%GOBP%GO:0046330	POSITIVE REGULATION OF JNK CASCADE%GOBP%GO:0046330		76	0.32273662	1.0612742	0.33256352	0.74209154	1.0	2141	tags=18%, list=13%, signal=21%	
CARBOXYTERMINAL POST-TRANSLATIONAL MODIFICATIONS OF TUBULIN%REACTOME DATABASE ID RELEASE 93%8955332	CARBOXYTERMINAL POST-TRANSLATIONAL MODIFICATIONS OF TUBULIN%REACTOME DATABASE ID RELEASE 93%8955332		32	0.38135996	1.0612677	0.33615223	0.74164444	1.0	3209	tags=25%, list=20%, signal=31%	
ALZHEIMER DISEASE-AMYLOID SECRETASE PATHWAY%PANTHER PATHWAY%P00003	ALZHEIMER DISEASE-AMYLOID SECRETASE PATHWAY%PANTHER PATHWAY%P00003		42	0.35500625	1.0611926	0.32692307	0.7414316	1.0	2945	tags=29%, list=18%, signal=35%	
OSTEOARTHRITIC CHONDROCYTE HYPERTROPHY%WIKIPATHWAYS_20250810%WP5373%HOMO SAPIENS	OSTEOARTHRITIC CHONDROCYTE HYPERTROPHY%WIKIPATHWAYS_20250810%WP5373%HOMO SAPIENS		39	0.36671326	1.061084	0.334873	0.741292	1.0	3233	tags=33%, list=20%, signal=41%	
POSITIVE REGULATION OF SUPRAMOLECULAR FIBER ORGANIZATION%GOBP%GO:1902905	POSITIVE REGULATION OF SUPRAMOLECULAR FIBER ORGANIZATION%GOBP%GO:1902905		126	0.30272207	1.0610535	0.30734965	0.74094063	1.0	2556	tags=21%, list=16%, signal=24%	
METABOLISM OF VITAMINS AND COFACTORS%REACTOME%R-HSA-196854.8	METABOLISM OF VITAMINS AND COFACTORS%REACTOME%R-HSA-196854.8		163	0.29139143	1.0608858	0.28935185	0.7410148	1.0	3998	tags=26%, list=24%, signal=35%	
RRNA PROCESSING%REACTOME%R-HSA-72312.5	RRNA PROCESSING%REACTOME%R-HSA-72312.5		187	0.28439328	1.0604389	0.27912623	0.7419305	1.0	3663	tags=37%, list=22%, signal=47%	
POSITIVE REGULATION OF NEUTROPHIL CHEMOTAXIS%GOBP%GO:0090023	POSITIVE REGULATION OF NEUTROPHIL CHEMOTAXIS%GOBP%GO:0090023		18	0.43741268	1.0602579	0.35112935	0.7420443	1.0	3153	tags=28%, list=19%, signal=34%	
RESPONSE TO TUMOR CELL%GOBP%GO:0002347	RESPONSE TO TUMOR CELL%GOBP%GO:0002347		17	0.43873686	1.059975	0.38972163	0.74249935	1.0	3990	tags=41%, list=24%, signal=54%	
MIRNA TARGETS IN ECM AND MEMBRANE RECEPTORS%WIKIPATHWAYS_20250810%WP2911%HOMO SAPIENS	MIRNA TARGETS IN ECM AND MEMBRANE RECEPTORS%WIKIPATHWAYS_20250810%WP2911%HOMO SAPIENS		16	0.45226464	1.0598693	0.38428876	0.742398	1.0	3497	tags=31%, list=21%, signal=40%	
AMYLOID PRECURSOR PROTEIN METABOLIC PROCESS%GOBP%GO:0042982	AMYLOID PRECURSOR PROTEIN METABOLIC PROCESS%GOBP%GO:0042982		15	0.45941615	1.0595948	0.36842105	0.74278307	1.0	2426	tags=27%, list=15%, signal=31%	
NEGATIVE REGULATION OF EXTRINSIC APOPTOTIC SIGNALING PATHWAY VIA DEATH DOMAIN RECEPTORS%GOBP%GO:1902042	NEGATIVE REGULATION OF EXTRINSIC APOPTOTIC SIGNALING PATHWAY VIA DEATH DOMAIN RECEPTORS%GOBP%GO:1902042		21	0.41342437	1.0594596	0.37578288	0.74272907	1.0	1288	tags=24%, list=8%, signal=26%	
G-PROTEIN BETA:GAMMA SIGNALLING%REACTOME%R-HSA-397795.5	G-PROTEIN BETA:GAMMA SIGNALLING%REACTOME%R-HSA-397795.5		26	0.39263472	1.0593761	0.3716216	0.7425399	1.0	4060	tags=35%, list=25%, signal=46%	
LEIGH SYNDROME%SMPDB%SMP0000196	LEIGH SYNDROME%SMPDB%SMP0000196		19	0.4294677	1.0593183	0.36290324	0.7422702	1.0	4897	tags=42%, list=30%, signal=60%	
NEGATIVE REGULATORS OF RIG-I MDA5 SIGNALING%REACTOME%R-HSA-936440.6	NEGATIVE REGULATORS OF RIG-I MDA5 SIGNALING%REACTOME%R-HSA-936440.6		33	0.3783318	1.0591925	0.35112935	0.7421851	1.0	1474	tags=24%, list=9%, signal=27%	
NEURON PROJECTION EXTENSION%GOBP%GO:1990138	NEURON PROJECTION EXTENSION%GOBP%GO:1990138		39	0.36295888	1.0590414	0.33958334	0.74220926	1.0	1981	tags=18%, list=12%, signal=20%	
NOTCH2 ACTIVATION AND TRANSMISSION OF SIGNAL TO THE NUCLEUS%REACTOME DATABASE ID RELEASE 93%2979096	NOTCH2 ACTIVATION AND TRANSMISSION OF SIGNAL TO THE NUCLEUS%REACTOME DATABASE ID RELEASE 93%2979096		20	0.42693213	1.0584805	0.3705263	0.74357593	1.0	2370	tags=40%, list=14%, signal=47%	
INACTIVATION OF CSF3 (G-CSF) SIGNALING%REACTOME%R-HSA-9705462.2	INACTIVATION OF CSF3 (G-CSF) SIGNALING%REACTOME%R-HSA-9705462.2		23	0.40766078	1.058443	0.37117904	0.74322504	1.0	705	tags=17%, list=4%, signal=18%	
POSITIVE REGULATION OF BLOOD COAGULATION%GOBP%GO:0030194	POSITIVE REGULATION OF BLOOD COAGULATION%GOBP%GO:0030194		16	0.4559503	1.058328	0.3798768	0.7431171	1.0	3470	tags=44%, list=21%, signal=55%	
LEISHMANIA PARASITE GROWTH AND SURVIVAL%REACTOME DATABASE ID RELEASE 93%9664433	LEISHMANIA PARASITE GROWTH AND SURVIVAL%REACTOME DATABASE ID RELEASE 93%9664433		66	0.32929996	1.0581018	0.33552632	0.7433649	1.0	4094	tags=38%, list=25%, signal=50%	
FCGR3A-MEDIATED IL10 SYNTHESIS%REACTOME%R-HSA-9664323.3	FCGR3A-MEDIATED IL10 SYNTHESIS%REACTOME%R-HSA-9664323.3		38	0.36432922	1.0577977	0.33677685	0.7438555	1.0	4924	tags=47%, list=30%, signal=68%	
NEGATIVE REGULATION OF SMOOTH MUSCLE CELL PROLIFERATION%GOBP%GO:0048662	NEGATIVE REGULATION OF SMOOTH MUSCLE CELL PROLIFERATION%GOBP%GO:0048662		30	0.38352343	1.0575249	0.35106382	0.7442858	1.0	4679	tags=37%, list=29%, signal=51%	
CELLULAR OXIDANT DETOXIFICATION%GOBP%GO:0098869	CELLULAR OXIDANT DETOXIFICATION%GOBP%GO:0098869		15	0.45296073	1.0575032	0.41163793	0.74389213	1.0	4138	tags=60%, list=25%, signal=80%	
NUCLEOSIDE METABOLIC PROCESS%GOBP%GO:0009116	NUCLEOSIDE METABOLIC PROCESS%GOBP%GO:0009116		33	0.38382775	1.0573627	0.35698923	0.7438857	1.0	2441	tags=24%, list=15%, signal=28%	
PYRUVATE DEHYDROGENASE COMPLEX DEFICIENCY%PATHWHIZ%PW000117	PYRUVATE DEHYDROGENASE COMPLEX DEFICIENCY%PATHWHIZ%PW000117		19	0.4294677	1.0569936	0.35744682	0.74459463	1.0	4897	tags=42%, list=30%, signal=60%	
AUTOPHAGOSOME ASSEMBLY%GOBP%GO:0000045	AUTOPHAGOSOME ASSEMBLY%GOBP%GO:0000045		65	0.33567765	1.0568768	0.35650223	0.74451905	1.0	1836	tags=20%, list=11%, signal=22%	
ANTIMICROBIAL HUMORAL IMMUNE RESPONSE MEDIATED BY ANTIMICROBIAL PEPTIDE%GOBP%GO:0061844	ANTIMICROBIAL HUMORAL IMMUNE RESPONSE MEDIATED BY ANTIMICROBIAL PEPTIDE%GOBP%GO:0061844		32	0.37933484	1.0565596	0.33707866	0.74510545	1.0	5258	tags=56%, list=32%, signal=83%	
ENDOSOME TO LYSOSOME TRANSPORT%GOBP%GO:0008333	ENDOSOME TO LYSOSOME TRANSPORT%GOBP%GO:0008333		57	0.3414799	1.0564648	0.31685394	0.74495316	1.0	2147	tags=23%, list=13%, signal=26%	
REGULATION OF PROTEIN IMPORT INTO NUCLEUS%GOBP%GO:0042306	REGULATION OF PROTEIN IMPORT INTO NUCLEUS%GOBP%GO:0042306		37	0.36983657	1.0563606	0.36199096	0.74483985	1.0	2727	tags=35%, list=17%, signal=42%	
KETONE BIOSYNTHETIC PROCESS%GOBP%GO:0042181	KETONE BIOSYNTHETIC PROCESS%GOBP%GO:0042181		18	0.42957228	1.055557	0.37869823	0.74693316	1.0	4351	tags=44%, list=27%, signal=60%	
RHO GTPASES ACTIVATE ROCKS%REACTOME DATABASE ID RELEASE 93%5627117	RHO GTPASES ACTIVATE ROCKS%REACTOME DATABASE ID RELEASE 93%5627117		19	0.43271765	1.0554044	0.36897275	0.7469345	1.0	2433	tags=47%, list=15%, signal=56%	
NEGATIVE REGULATION OF RNA SPLICING%GOBP%GO:0033119	NEGATIVE REGULATION OF RNA SPLICING%GOBP%GO:0033119		20	0.4187634	1.0553741	0.35341364	0.74657744	1.0	3281	tags=35%, list=20%, signal=44%	
POSITIVE REGULATION OF REGULATED SECRETORY PATHWAY%GOBP%GO:1903307	POSITIVE REGULATION OF REGULATED SECRETORY PATHWAY%GOBP%GO:1903307		30	0.38215533	1.0550328	0.36252546	0.7472304	1.0	4157	tags=40%, list=25%, signal=53%	
N GLYCAN BIOSYNTHESIS%WIKIPATHWAYS_20250810%WP5153%HOMO SAPIENS	N GLYCAN BIOSYNTHESIS%WIKIPATHWAYS_20250810%WP5153%HOMO SAPIENS		47	0.35453337	1.0546231	0.3529412	0.7480925	1.0	3566	tags=43%, list=22%, signal=54%	
REGULATION OF SYSTEMIC ARTERIAL BLOOD PRESSURE%GOBP%GO:0003073	REGULATION OF SYSTEMIC ARTERIAL BLOOD PRESSURE%GOBP%GO:0003073		35	0.36973366	1.0546122	0.37310195	0.7476614	1.0	3916	tags=26%, list=24%, signal=34%	
PID_FCER1_PATHWAY%MSIGDB_C2%PID_FCER1_PATHWAY	PID_FCER1_PATHWAY%MSIGDB_C2%PID_FCER1_PATHWAY		46	0.35035613	1.0540861	0.34415585	0.74884826	1.0	791	tags=13%, list=5%, signal=14%	
PHOSPHORYLATION OF CD3 AND TCR ZETA CHAINS%REACTOME%R-HSA-202427.8	PHOSPHORYLATION OF CD3 AND TCR ZETA CHAINS%REACTOME%R-HSA-202427.8		21	0.4200633	1.0540068	0.38235295	0.74863964	1.0	6023	tags=67%, list=37%, signal=105%	
MTOR SIGNALLING%REACTOME%R-HSA-165159.8	MTOR SIGNALLING%REACTOME%R-HSA-165159.8		36	0.37419766	1.0539638	0.34257427	0.74831825	1.0	2553	tags=33%, list=16%, signal=39%	
HORMONE METABOLIC PROCESS%GOBP%GO:0042445	HORMONE METABOLIC PROCESS%GOBP%GO:0042445		83	0.3170023	1.0533983	0.3536036	0.7496603	1.0	4077	tags=27%, list=25%, signal=35%	
POSITIVE REGULATION OF COAGULATION%GOBP%GO:0050820	POSITIVE REGULATION OF COAGULATION%GOBP%GO:0050820		18	0.43310186	1.0532413	0.36820084	0.74971193	1.0	3470	tags=39%, list=21%, signal=49%	
PID_IL8_CXCR2_PATHWAY%MSIGDB_C2%PID_IL8_CXCR2_PATHWAY	PID_IL8_CXCR2_PATHWAY%MSIGDB_C2%PID_IL8_CXCR2_PATHWAY		21	0.4153028	1.0531392	0.39139345	0.7495578	1.0	4007	tags=33%, list=24%, signal=44%	
DIRECT P53 EFFECTORS%PATHWAY INTERACTION DATABASE NCI-NATURE CURATED DATA%DIRECT P53 EFFECTORS	DIRECT P53 EFFECTORS%PATHWAY INTERACTION DATABASE NCI-NATURE CURATED DATA%DIRECT P53 EFFECTORS		123	0.30042967	1.0529363	0.3085847	0.7497328	1.0	2478	tags=24%, list=15%, signal=29%	
TRANSCRIPTIONAL REGULATION OF GRANULOPOIESIS%REACTOME DATABASE ID RELEASE 93%9616222	TRANSCRIPTIONAL REGULATION OF GRANULOPOIESIS%REACTOME DATABASE ID RELEASE 93%9616222		39	0.36527333	1.0528442	0.35600907	0.7495677	1.0	4976	tags=46%, list=30%, signal=66%	
ALZHEIMER DISEASE-PRESENILIN PATHWAY%PANTHER PATHWAY%P00004	ALZHEIMER DISEASE-PRESENILIN PATHWAY%PANTHER PATHWAY%P00004		66	0.32749495	1.0527428	0.33466136	0.7494344	1.0	2635	tags=17%, list=16%, signal=20%	
BEMPEDOIC ACID THERAPY IN ATHEROSCLEROSIS AND METABOLIC SYNDROME%WIKIPATHWAYS_20250810%WP5500%HOMO SAPIENS	BEMPEDOIC ACID THERAPY IN ATHEROSCLEROSIS AND METABOLIC SYNDROME%WIKIPATHWAYS_20250810%WP5500%HOMO SAPIENS		21	0.42249352	1.0525581	0.39914164	0.7495742	1.0	2115	tags=29%, list=13%, signal=33%	
SPHINGOID METABOLIC PROCESS%GOBP%GO:0046519	SPHINGOID METABOLIC PROCESS%GOBP%GO:0046519		21	0.41256103	1.0525495	0.3647541	0.7491369	1.0	3210	tags=29%, list=20%, signal=35%	
POSITIVE REGULATION OF CHEMOTAXIS%GOBP%GO:0050921	POSITIVE REGULATION OF CHEMOTAXIS%GOBP%GO:0050921		98	0.31127977	1.0525098	0.33333334	0.7488217	1.0	2938	tags=20%, list=18%, signal=25%	
SIGNAL TRANSDUCTION BY L1%REACTOME%R-HSA-445144.3	SIGNAL TRANSDUCTION BY L1%REACTOME%R-HSA-445144.3		17	0.44580615	1.0520797	0.38353413	0.7497499	1.0	957	tags=18%, list=6%, signal=19%	
RNA POLYMERASE II TRANSCRIPTION ELONGATION%REACTOME%R-HSA-75955.4	RNA POLYMERASE II TRANSCRIPTION ELONGATION%REACTOME%R-HSA-75955.4		55	0.3358892	1.0519078	0.36458334	0.7498316	1.0	1869	tags=25%, list=11%, signal=29%	
PROTEIN ACETYLATION%GOBP%GO:0006473	PROTEIN ACETYLATION%GOBP%GO:0006473		22	0.40923584	1.0517498	0.38004246	0.74988276	1.0	1339	tags=23%, list=8%, signal=25%	
CALCIUM-MEDIATED SIGNALING%GOBP%GO:0019722	CALCIUM-MEDIATED SIGNALING%GOBP%GO:0019722		89	0.31863573	1.051656	0.33707866	0.7497255	1.0	2590	tags=17%, list=16%, signal=20%	
POSITIVE REGULATION OF CATION TRANSMEMBRANE TRANSPORT%GOBP%GO:1904064	POSITIVE REGULATION OF CATION TRANSMEMBRANE TRANSPORT%GOBP%GO:1904064		66	0.33237988	1.0514119	0.3598234	0.75002605	1.0	2569	tags=18%, list=16%, signal=21%	
INTEGRIN MEDIATED CELL ADHESION%WIKIPATHWAYS_20250810%WP185%HOMO SAPIENS	INTEGRIN MEDIATED CELL ADHESION%WIKIPATHWAYS_20250810%WP185%HOMO SAPIENS		67	0.3280527	1.051324	0.33978495	0.74982405	1.0	1996	tags=19%, list=12%, signal=22%	
BIOCARTA_EGF_PATHWAY%MSIGDB_C2%BIOCARTA_EGF_PATHWAY	BIOCARTA_EGF_PATHWAY%MSIGDB_C2%BIOCARTA_EGF_PATHWAY		22	0.40615383	1.0512787	0.35394457	0.7494978	1.0	67	tags=9%, list=0%, signal=9%	
PID_IL12_2PATHWAY%MSIGDB_C2%PID_IL12_2PATHWAY	PID_IL12_2PATHWAY%MSIGDB_C2%PID_IL12_2PATHWAY		43	0.35852286	1.0512683	0.36401674	0.7490713	1.0	2590	tags=26%, list=16%, signal=30%	
MIRNA REGULATION OF P53 PATHWAY IN PROSTATE CANCER%WIKIPATHWAYS_20250810%WP3982%HOMO SAPIENS	MIRNA REGULATION OF P53 PATHWAY IN PROSTATE CANCER%WIKIPATHWAYS_20250810%WP3982%HOMO SAPIENS		20	0.42043528	1.0511553	0.37021276	0.7489841	1.0	1838	tags=25%, list=11%, signal=28%	
REGULATION OF PEPTIDE HORMONE SECRETION%GOBP%GO:0090276	REGULATION OF PEPTIDE HORMONE SECRETION%GOBP%GO:0090276		93	0.315418	1.0507132	0.34920636	0.7499521	1.0	3580	tags=22%, list=22%, signal=27%	
THYROXINE THYROID HORMONE PRODUCTION%WIKIPATHWAYS_20250810%WP1981%HOMO SAPIENS	THYROXINE THYROID HORMONE PRODUCTION%WIKIPATHWAYS_20250810%WP1981%HOMO SAPIENS		17	0.43135032	1.0506752	0.37950665	0.7496069	1.0	38	tags=12%, list=0%, signal=12%	
ONCOSTATIN M SIGNALING%WIKIPATHWAYS_20250810%WP2374%HOMO SAPIENS	ONCOSTATIN M SIGNALING%WIKIPATHWAYS_20250810%WP2374%HOMO SAPIENS		48	0.3429261	1.0506727	0.35403726	0.7491577	1.0	1083	tags=15%, list=7%, signal=16%	
NEGATIVE REGULATION OF NEURON PROJECTION DEVELOPMENT%GOBP%GO:0010977	NEGATIVE REGULATION OF NEURON PROJECTION DEVELOPMENT%GOBP%GO:0010977		64	0.33184382	1.0502833	0.35193133	0.7499676	1.0	3342	tags=23%, list=20%, signal=29%	
CHAPERONIN-MEDIATED PROTEIN FOLDING%REACTOME DATABASE ID RELEASE 93%390466	CHAPERONIN-MEDIATED PROTEIN FOLDING%REACTOME DATABASE ID RELEASE 93%390466		75	0.32564378	1.0502226	0.33012047	0.7496875	1.0	2996	tags=25%, list=18%, signal=31%	
PROTEIN K63-LINKED UBIQUITINATION%GOBP%GO:0070534	PROTEIN K63-LINKED UBIQUITINATION%GOBP%GO:0070534		55	0.34013984	1.0502071	0.36842105	0.7492792	1.0	1520	tags=16%, list=9%, signal=18%	
SMALL GTPASE-MEDIATED SIGNAL TRANSDUCTION%GOBP%GO:0007264	SMALL GTPASE-MEDIATED SIGNAL TRANSDUCTION%GOBP%GO:0007264		179	0.28559896	1.0492394	0.32696897	0.7519533	1.0	3329	tags=28%, list=20%, signal=35%	
NEGATIVE REGULATION OF PROTEIN LOCALIZATION%GOBP%GO:1903828	NEGATIVE REGULATION OF PROTEIN LOCALIZATION%GOBP%GO:1903828		131	0.2994962	1.0490268	0.3053613	0.7521728	1.0	3329	tags=29%, list=20%, signal=36%	
SIGNALING EVENTS MEDIATED BY HEPATOCYTE GROWTH FACTOR RECEPTOR (C-MET)%PATHWAY INTERACTION DATABASE NCI-NATURE CURATED DATA%SIGNALING EVENTS MEDIATED BY HEPATOCYTE GROWTH FACTOR RECEPTOR (C-MET)	SIGNALING EVENTS MEDIATED BY HEPATOCYTE GROWTH FACTOR RECEPTOR (C-MET)%PATHWAY INTERACTION DATABASE NCI-NATURE CURATED DATA%SIGNALING EVENTS MEDIATED BY HEPATOCYTE GROWTH FACTOR RECEPTOR (C-MET)		77	0.31903684	1.0490198	0.3611111	0.75173426	1.0	1996	tags=19%, list=12%, signal=22%	
OXIDATIVE STRESS INDUCED SENESCENCE%REACTOME DATABASE ID RELEASE 93%2559580	OXIDATIVE STRESS INDUCED SENESCENCE%REACTOME DATABASE ID RELEASE 93%2559580		74	0.31985825	1.0487173	0.34743875	0.7522409	1.0	3684	tags=32%, list=22%, signal=42%	
REGULATION OF INTERLEUKIN-4 PRODUCTION%GOBP%GO:0032673	REGULATION OF INTERLEUKIN-4 PRODUCTION%GOBP%GO:0032673		23	0.41174984	1.048639	0.36382115	0.7520304	1.0	2958	tags=22%, list=18%, signal=26%	
NEGATIVE REGULATION OF ALPHA-BETA T CELL DIFFERENTIATION%GOBP%GO:0046639	NEGATIVE REGULATION OF ALPHA-BETA T CELL DIFFERENTIATION%GOBP%GO:0046639		20	0.41565675	1.0483736	0.37791932	0.7524112	1.0	1374	tags=15%, list=8%, signal=16%	
APOPTOSIS%REACTOME DATABASE ID RELEASE 93%109581	APOPTOSIS%REACTOME DATABASE ID RELEASE 93%109581		149	0.2920102	1.0481054	0.3153153	0.75278175	1.0	2876	tags=25%, list=18%, signal=30%	
PLASMA MEMBRANE ORGANIZATION%GOBP%GO:0007009	PLASMA MEMBRANE ORGANIZATION%GOBP%GO:0007009		92	0.3101239	1.0480586	0.31460676	0.7524862	1.0	3263	tags=26%, list=20%, signal=32%	
INTERFERON ALPHA BETA SIGNALING%REACTOME%R-HSA-909733.9	INTERFERON ALPHA BETA SIGNALING%REACTOME%R-HSA-909733.9		59	0.335367	1.0480156	0.33549783	0.75216794	1.0	828	tags=14%, list=5%, signal=14%	
CYTOKINE CYTOKINE RECEPTOR INTERACTION%WIKIPATHWAYS_20250810%WP5473%HOMO SAPIENS	CYTOKINE CYTOKINE RECEPTOR INTERACTION%WIKIPATHWAYS_20250810%WP5473%HOMO SAPIENS		136	0.29394075	1.0478297	0.32857144	0.7523212	1.0	5413	tags=38%, list=33%, signal=55%	
ANTI-INFLAMMATORY RESPONSE FAVOURING LEISHMANIA PARASITE INFECTION%REACTOME%R-HSA-9662851.3	ANTI-INFLAMMATORY RESPONSE FAVOURING LEISHMANIA PARASITE INFECTION%REACTOME%R-HSA-9662851.3		66	0.32929996	1.0476722	0.3608018	0.75237906	1.0	4094	tags=38%, list=25%, signal=50%	
HALLMARK_INFLAMMATORY_RESPONSE%MSIGDBHALLMARK%HALLMARK_INFLAMMATORY_RESPONSE	HALLMARK_INFLAMMATORY_RESPONSE%MSIGDBHALLMARK%HALLMARK_INFLAMMATORY_RESPONSE		143	0.29182342	1.047529	0.3325688	0.7523726	1.0	3190	tags=20%, list=19%, signal=24%	
REGULATION OF PLATELET AGGREGATION%GOBP%GO:0090330	REGULATION OF PLATELET AGGREGATION%GOBP%GO:0090330		23	0.4139198	1.0475013	0.400818	0.75201166	1.0	4499	tags=35%, list=27%, signal=48%	
DETECTION OF MECHANICAL STIMULUS%GOBP%GO:0050982	DETECTION OF MECHANICAL STIMULUS%GOBP%GO:0050982		32	0.37389353	1.04738	0.38247862	0.7519696	1.0	652	tags=6%, list=4%, signal=6%	
CARDIAC EPITHELIAL TO MESENCHYMAL TRANSITION%GOBP%GO:0060317	CARDIAC EPITHELIAL TO MESENCHYMAL TRANSITION%GOBP%GO:0060317		17	0.44015616	1.0472227	0.40508807	0.7520107	1.0	4072	tags=29%, list=25%, signal=39%	
HEPARAN SULFATE PROTEOGLYCAN BIOSYNTHETIC PROCESS%GOBP%GO:0015012	HEPARAN SULFATE PROTEOGLYCAN BIOSYNTHETIC PROCESS%GOBP%GO:0015012		25	0.39637226	1.0472189	0.38582677	0.7515697	1.0	2754	tags=24%, list=17%, signal=29%	
SNRNA PROCESSING%GOBP%GO:0016180	SNRNA PROCESSING%GOBP%GO:0016180		32	0.37933412	1.0471913	0.3736501	0.7511991	1.0	3029	tags=22%, list=18%, signal=27%	
ENTRAINMENT OF CIRCADIAN CLOCK BY PHOTOPERIOD%GOBP%GO:0043153	ENTRAINMENT OF CIRCADIAN CLOCK BY PHOTOPERIOD%GOBP%GO:0043153		18	0.4278236	1.0469929	0.38541666	0.7513775	1.0	2158	tags=33%, list=13%, signal=38%	
BASE EXCISION REPAIR%REACTOME%R-HSA-73884.4	BASE EXCISION REPAIR%REACTOME%R-HSA-73884.4		52	0.3427616	1.0468084	0.35076252	0.7514863	1.0	2427	tags=31%, list=15%, signal=36%	
DNA STRAND ELONGATION INVOLVED IN DNA REPLICATION%GOBP%GO:0006271	DNA STRAND ELONGATION INVOLVED IN DNA REPLICATION%GOBP%GO:0006271		15	0.43933335	1.0467815	0.38979593	0.75111955	1.0	1166	tags=27%, list=7%, signal=29%	
BLUE DIAPER SYNDROME%SMPDB%SMP0000583	BLUE DIAPER SYNDROME%SMPDB%SMP0000583		24	0.3941736	1.0465375	0.37553647	0.7514229	1.0	5378	tags=46%, list=33%, signal=68%	
REGULATION OF BONE REMODELING%GOBP%GO:0046850	REGULATION OF BONE REMODELING%GOBP%GO:0046850		31	0.38315693	1.0462348	0.3809524	0.7519071	1.0	2791	tags=19%, list=17%, signal=23%	
EXTERNAL ENCAPSULATING STRUCTURE ORGANIZATION%GOBP%GO:0045229	EXTERNAL ENCAPSULATING STRUCTURE ORGANIZATION%GOBP%GO:0045229		154	0.29028243	1.0462087	0.32552692	0.75154346	1.0	3408	tags=23%, list=21%, signal=28%	
PEPTIDE HORMONE METABOLISM%REACTOME%R-HSA-2980736.5	PEPTIDE HORMONE METABOLISM%REACTOME%R-HSA-2980736.5		53	0.3391304	1.0461694	0.35831383	0.7512299	1.0	2859	tags=23%, list=17%, signal=27%	
IBUPROFEN ACTION PATHWAY%SMPDB%SMP0000086	IBUPROFEN ACTION PATHWAY%SMPDB%SMP0000086		26	0.40086102	1.0459633	0.3806706	0.7514113	1.0	1183	tags=19%, list=7%, signal=21%	
SNRNA 3'-END PROCESSING%GOBP%GO:0034472	SNRNA 3'-END PROCESSING%GOBP%GO:0034472		20	0.4200371	1.045947	0.40611354	0.7510136	1.0	1701	tags=15%, list=10%, signal=17%	
NEGATIVE REGULATION OF MUSCLE CELL APOPTOTIC PROCESS%GOBP%GO:0010656	NEGATIVE REGULATION OF MUSCLE CELL APOPTOTIC PROCESS%GOBP%GO:0010656		21	0.41589582	1.0458301	0.38912135	0.7509374	1.0	2495	tags=24%, list=15%, signal=28%	
GNAQ PATHWAYS IN PORT WINE STAIN%WIKIPATHWAYS_20250810%WP5437%HOMO SAPIENS	GNAQ PATHWAYS IN PORT WINE STAIN%WIKIPATHWAYS_20250810%WP5437%HOMO SAPIENS		16	0.44230762	1.045786	0.37787056	0.7506216	1.0	957	tags=19%, list=6%, signal=20%	
AUTOPHAGOSOME ORGANIZATION%GOBP%GO:1905037	AUTOPHAGOSOME ORGANIZATION%GOBP%GO:1905037		69	0.3276693	1.0456762	0.37739873	0.7505443	1.0	1836	tags=19%, list=11%, signal=21%	
DENDRITIC CELL DIFFERENTIATION%GOBP%GO:0097028	DENDRITIC CELL DIFFERENTIATION%GOBP%GO:0097028		16	0.43704233	1.0456072	0.41030928	0.7503417	1.0	2508	tags=25%, list=15%, signal=29%	
POSITIVE REGULATION OF CALCIUM-MEDIATED SIGNALING%GOBP%GO:0050850	POSITIVE REGULATION OF CALCIUM-MEDIATED SIGNALING%GOBP%GO:0050850		35	0.36832827	1.045502	0.35849056	0.750215	1.0	2590	tags=17%, list=16%, signal=20%	
PROTEIN N-LINKED GLYCOSYLATION%GOBP%GO:0006487	PROTEIN N-LINKED GLYCOSYLATION%GOBP%GO:0006487		80	0.31762645	1.0451931	0.34653464	0.7507424	1.0	2642	tags=29%, list=16%, signal=34%	
POSITIVE REGULATION OF ENDOTHELIAL CELL PROLIFERATION%GOBP%GO:0001938	POSITIVE REGULATION OF ENDOTHELIAL CELL PROLIFERATION%GOBP%GO:0001938		57	0.33339834	1.04497	0.35531914	0.75096226	1.0	1342	tags=12%, list=8%, signal=13%	
MORPHOGENESIS OF AN EPITHELIUM%GOBP%GO:0002009	MORPHOGENESIS OF AN EPITHELIUM%GOBP%GO:0002009		170	0.28756356	1.0449318	0.31057268	0.7506356	1.0	1901	tags=16%, list=12%, signal=18%	
MITOCHONDRIAL CYTOCHROME C OXIDASE ASSEMBLY%GOBP%GO:0033617	MITOCHONDRIAL CYTOCHROME C OXIDASE ASSEMBLY%GOBP%GO:0033617		21	0.41864765	1.044745	0.42060086	0.75074226	1.0	3924	tags=57%, list=24%, signal=75%	
INTERLEUKIN-1 FAMILY SIGNALING%REACTOME DATABASE ID RELEASE 93%446652	INTERLEUKIN-1 FAMILY SIGNALING%REACTOME DATABASE ID RELEASE 93%446652		121	0.29889092	1.0443622	0.35645932	0.75147134	1.0	2844	tags=26%, list=17%, signal=32%	
NEGATIVE REGULATION OF MAPK CASCADE%GOBP%GO:0043409	NEGATIVE REGULATION OF MAPK CASCADE%GOBP%GO:0043409		117	0.29858503	1.0442889	0.3116883	0.75128365	1.0	2426	tags=21%, list=15%, signal=24%	
NEGATIVE REGULATION OF TYPE I INTERFERON-MEDIATED SIGNALING PATHWAY%GOBP%GO:0060339	NEGATIVE REGULATION OF TYPE I INTERFERON-MEDIATED SIGNALING PATHWAY%GOBP%GO:0060339		18	0.43041086	1.0442646	0.42197803	0.7509065	1.0	566	tags=11%, list=3%, signal=11%	
EXTRACELLULAR STRUCTURE ORGANIZATION%GOBP%GO:0043062	EXTRACELLULAR STRUCTURE ORGANIZATION%GOBP%GO:0043062		155	0.28984118	1.044154	0.3277512	0.7508059	1.0	3408	tags=23%, list=21%, signal=28%	
BONE MORPHOGENESIS%GOBP%GO:0060349	BONE MORPHOGENESIS%GOBP%GO:0060349		30	0.3882778	1.0440156	0.39413	0.7507926	1.0	6393	tags=57%, list=39%, signal=93%	
HALLMARK_INTERFERON_ALPHA_RESPONSE%MSIGDBHALLMARK%HALLMARK_INTERFERON_ALPHA_RESPONSE	HALLMARK_INTERFERON_ALPHA_RESPONSE%MSIGDBHALLMARK%HALLMARK_INTERFERON_ALPHA_RESPONSE		81	0.31814182	1.0439255	0.3398693	0.7506096	1.0	3154	tags=25%, list=19%, signal=30%	
CHLOROTHIAZIDE ACTION PATHWAY%SMPDB%SMP0000078	CHLOROTHIAZIDE ACTION PATHWAY%SMPDB%SMP0000078		24	0.3941736	1.0437095	0.38414633	0.75088274	1.0	5378	tags=46%, list=33%, signal=68%	
NEGATIVE REGULATION OF CYTOKINE PRODUCTION INVOLVED IN INFLAMMATORY RESPONSE%GOBP%GO:1900016	NEGATIVE REGULATION OF CYTOKINE PRODUCTION INVOLVED IN INFLAMMATORY RESPONSE%GOBP%GO:1900016		24	0.4010602	1.0434544	0.3922414	0.75125206	1.0	4825	tags=50%, list=29%, signal=71%	
SUBSTRATE ADHESION-DEPENDENT CELL SPREADING%GOBP%GO:0034446	SUBSTRATE ADHESION-DEPENDENT CELL SPREADING%GOBP%GO:0034446		35	0.36616704	1.0428607	0.38414633	0.7526457	1.0	2267	tags=23%, list=14%, signal=26%	
INFECTION WITH MYCOBACTERIUM TUBERCULOSIS%REACTOME DATABASE ID RELEASE 93%9635486	INFECTION WITH MYCOBACTERIUM TUBERCULOSIS%REACTOME DATABASE ID RELEASE 93%9635486		22	0.41104218	1.042639	0.40495867	0.7528994	1.0	1469	tags=23%, list=9%, signal=25%	
REGULATION OF ACTIN FILAMENT POLYMERIZATION%GOBP%GO:0030833	REGULATION OF ACTIN FILAMENT POLYMERIZATION%GOBP%GO:0030833		77	0.3176039	1.0419674	0.35526314	0.75452334	1.0	3404	tags=31%, list=21%, signal=39%	
REGULATION OF ENDOTHELIAL CELL CHEMOTAXIS%GOBP%GO:2001026	REGULATION OF ENDOTHELIAL CELL CHEMOTAXIS%GOBP%GO:2001026		18	0.42040923	1.0418559	0.40215054	0.75441575	1.0	3571	tags=33%, list=22%, signal=43%	
POSITIVE REGULATION OF MRNA SPLICING, VIA SPLICEOSOME%GOBP%GO:0048026	POSITIVE REGULATION OF MRNA SPLICING, VIA SPLICEOSOME%GOBP%GO:0048026		15	0.44407716	1.041418	0.3964497	0.7553331	1.0	1272	tags=27%, list=8%, signal=29%	
EXTRACELLULAR MATRIX ORGANIZATION%GOBP%GO:0030198	EXTRACELLULAR MATRIX ORGANIZATION%GOBP%GO:0030198		154	0.29028243	1.0413527	0.36626506	0.7550889	1.0	3408	tags=23%, list=21%, signal=28%	
FORMATION OF RNA POL II ELONGATION COMPLEX%REACTOME%R-HSA-112382.4	FORMATION OF RNA POL II ELONGATION COMPLEX%REACTOME%R-HSA-112382.4		55	0.3358892	1.0410311	0.37945494	0.7556867	1.0	1869	tags=25%, list=11%, signal=29%	
NEPHRON DEVELOPMENT%GOBP%GO:0072006	NEPHRON DEVELOPMENT%GOBP%GO:0072006		60	0.32866946	1.0408947	0.3723404	0.75567293	1.0	2743	tags=10%, list=17%, signal=12%	
REGULATION OF LEUKOCYTE MIGRATION%GOBP%GO:0002685	REGULATION OF LEUKOCYTE MIGRATION%GOBP%GO:0002685		144	0.28611484	1.0404775	0.32009345	0.75656223	1.0	2938	tags=20%, list=18%, signal=24%	
CELL SURFACE INTERACTIONS AT THE VASCULAR WALL%REACTOME DATABASE ID RELEASE 93%202733	CELL SURFACE INTERACTIONS AT THE VASCULAR WALL%REACTOME DATABASE ID RELEASE 93%202733		100	0.30561197	1.0400987	0.34061137	0.75728834	1.0	2516	tags=18%, list=15%, signal=21%	
SIGNALING BY ERBB4%REACTOME DATABASE ID RELEASE 93%1236394	SIGNALING BY ERBB4%REACTOME DATABASE ID RELEASE 93%1236394		46	0.3399144	1.0398941	0.36363637	0.75749063	1.0	2426	tags=17%, list=15%, signal=20%	
POSITIVE REGULATION OF CHEMOKINE PRODUCTION%GOBP%GO:0032722	POSITIVE REGULATION OF CHEMOKINE PRODUCTION%GOBP%GO:0032722		40	0.35669133	1.0396147	0.3652174	0.75793517	1.0	3875	tags=28%, list=24%, signal=36%	
REGULATION OF FATTY ACID OXIDATION%GOBP%GO:0046320	REGULATION OF FATTY ACID OXIDATION%GOBP%GO:0046320		25	0.39216876	1.0395296	0.40416667	0.75775117	1.0	4745	tags=36%, list=29%, signal=51%	
NEGATIVE REGULATION OF PROTEIN CATABOLIC PROCESS%GOBP%GO:0042177	NEGATIVE REGULATION OF PROTEIN CATABOLIC PROCESS%GOBP%GO:0042177		88	0.30855635	1.0388916	0.3581081	0.7592942	1.0	1797	tags=18%, list=11%, signal=20%	
IL6 SIGNALING%WIKIPATHWAYS_20250810%WP364%HOMO SAPIENS	IL6 SIGNALING%WIKIPATHWAYS_20250810%WP364%HOMO SAPIENS		32	0.37463123	1.0387669	0.37284482	0.75921446	1.0	957	tags=19%, list=6%, signal=20%	
RUNX1 REGULATES TRANSCRIPTION OF GENES INVOLVED IN DIFFERENTIATION OF HSCS%REACTOME DATABASE ID RELEASE 93%8939236	RUNX1 REGULATES TRANSCRIPTION OF GENES INVOLVED IN DIFFERENTIATION OF HSCS%REACTOME DATABASE ID RELEASE 93%8939236		65	0.32786453	1.0383554	0.38938054	0.7600827	1.0	2965	tags=31%, list=18%, signal=37%	
PDGFR BETA PATHWAY%WIKIPATHWAYS_20250810%WP3972%HOMO SAPIENS	PDGFR BETA PATHWAY%WIKIPATHWAYS_20250810%WP3972%HOMO SAPIENS		21	0.41148862	1.0382015	0.39791667	0.7601157	1.0	67	tags=10%, list=0%, signal=10%	
KSRP (KHSRP) BINDS AND DESTABILIZES MRNA%REACTOME%R-HSA-450604.4	KSRP (KHSRP) BINDS AND DESTABILIZES MRNA%REACTOME%R-HSA-450604.4		16	0.4314236	1.0379795	0.40956342	0.7603627	1.0	1933	tags=25%, list=12%, signal=28%	
SIGNALING BY VEGF%REACTOME DATABASE ID RELEASE 93%194138	SIGNALING BY VEGF%REACTOME DATABASE ID RELEASE 93%194138		95	0.3093035	1.0379609	0.32735425	0.75997937	1.0	2136	tags=24%, list=13%, signal=28%	
PRIMARY HYPEROXALURIA II, PH2%SMPDB%SMP0000558	PRIMARY HYPEROXALURIA II, PH2%SMPDB%SMP0000558		19	0.4294677	1.0372472	0.41422594	0.7617709	1.0	4897	tags=42%, list=30%, signal=60%	
REGULATION OF MUSCLE CELL DIFFERENTIATION%GOBP%GO:0051147	REGULATION OF MUSCLE CELL DIFFERENTIATION%GOBP%GO:0051147		72	0.32029665	1.037072	0.36830357	0.76189464	1.0	3165	tags=22%, list=19%, signal=27%	
AMINO ACID TRANSPORT%GOBP%GO:0006865	AMINO ACID TRANSPORT%GOBP%GO:0006865		73	0.31650075	1.0367231	0.37665197	0.76255596	1.0	3453	tags=27%, list=21%, signal=35%	
HYDROCHLOROTHIAZIDE ACTION PATHWAY%SMPDB%SMP0000100	HYDROCHLOROTHIAZIDE ACTION PATHWAY%SMPDB%SMP0000100		24	0.3941736	1.0366994	0.39183673	0.7621799	1.0	5378	tags=46%, list=33%, signal=68%	
REGULATION OF MRNA STABILITY BY PROTEINS THAT BIND AU-RICH ELEMENTS%REACTOME%R-HSA-450531.6	REGULATION OF MRNA STABILITY BY PROTEINS THAT BIND AU-RICH ELEMENTS%REACTOME%R-HSA-450531.6		69	0.3229791	1.0366915	0.37885463	0.7617634	1.0	2844	tags=33%, list=17%, signal=40%	
POSITIVE REGULATION OF FATTY ACID METABOLIC PROCESS%GOBP%GO:0045923	POSITIVE REGULATION OF FATTY ACID METABOLIC PROCESS%GOBP%GO:0045923		31	0.37423095	1.0366657	0.3982684	0.7613977	1.0	5616	tags=42%, list=34%, signal=64%	
IL27-MEDIATED SIGNALING EVENTS%PATHWAY INTERACTION DATABASE NCI-NATURE CURATED DATA%IL27-MEDIATED SIGNALING EVENTS	IL27-MEDIATED SIGNALING EVENTS%PATHWAY INTERACTION DATABASE NCI-NATURE CURATED DATA%IL27-MEDIATED SIGNALING EVENTS		19	0.4149819	1.0364938	0.40412372	0.76151204	1.0	1809	tags=16%, list=11%, signal=18%	
REGULATION OF G PROTEIN-COUPLED RECEPTOR SIGNALING PATHWAY%GOBP%GO:0008277	REGULATION OF G PROTEIN-COUPLED RECEPTOR SIGNALING PATHWAY%GOBP%GO:0008277		106	0.30003807	1.0359547	0.3644647	0.76283216	1.0	3484	tags=23%, list=21%, signal=29%	
FOXO-MEDIATED TRANSCRIPTION%REACTOME%R-HSA-9614085.3	FOXO-MEDIATED TRANSCRIPTION%REACTOME%R-HSA-9614085.3		53	0.33605763	1.0357754	0.38157895	0.7629666	1.0	1983	tags=21%, list=12%, signal=24%	
REGULATION OF MITOCHONDRIAL MEMBRANE POTENTIAL%GOBP%GO:0051881	REGULATION OF MITOCHONDRIAL MEMBRANE POTENTIAL%GOBP%GO:0051881		37	0.35665134	1.0356877	0.3950893	0.76280975	1.0	3490	tags=38%, list=21%, signal=48%	
POSITIVE REGULATION OF INTERLEUKIN-17 PRODUCTION%GOBP%GO:0032740	POSITIVE REGULATION OF INTERLEUKIN-17 PRODUCTION%GOBP%GO:0032740		17	0.43122327	1.035682	0.39775282	0.7623808	1.0	1809	tags=24%, list=11%, signal=26%	
SIGNAL TRANSDUCTION IN RESPONSE TO DNA DAMAGE%GOBP%GO:0042770	SIGNAL TRANSDUCTION IN RESPONSE TO DNA DAMAGE%GOBP%GO:0042770		118	0.29742783	1.0355092	0.35431236	0.7624662	1.0	1857	tags=19%, list=11%, signal=21%	
LYSINURIC PROTEIN INTOLERANCE (LPI)%SMPDB%SMP0000585	LYSINURIC PROTEIN INTOLERANCE (LPI)%SMPDB%SMP0000585		24	0.3941736	1.0352811	0.4054054	0.76274747	1.0	5378	tags=46%, list=33%, signal=68%	
REGULATION OF HORMONE METABOLIC PROCESS%GOBP%GO:0032350	REGULATION OF HORMONE METABOLIC PROCESS%GOBP%GO:0032350		23	0.40461612	1.0352756	0.4050633	0.76232135	1.0	3115	tags=26%, list=19%, signal=32%	
AXONAL TRANSPORT%GOBP%GO:0098930	AXONAL TRANSPORT%GOBP%GO:0098930		44	0.34995735	1.0349212	0.37339056	0.7629797	1.0	1792	tags=20%, list=11%, signal=23%	
REGULATION OF CARDIAC MUSCLE CONTRACTION BY REGULATION OF THE RELEASE OF SEQUESTERED CALCIUM ION%GOBP%GO:0010881	REGULATION OF CARDIAC MUSCLE CONTRACTION BY REGULATION OF THE RELEASE OF SEQUESTERED CALCIUM ION%GOBP%GO:0010881		15	0.4447921	1.0347344	0.41544884	0.7631186	1.0	821	tags=20%, list=5%, signal=21%	
RRNA PROCESSING IN THE NUCLEUS AND CYTOSOL%REACTOME DATABASE ID RELEASE 93%8868773	RRNA PROCESSING IN THE NUCLEUS AND CYTOSOL%REACTOME DATABASE ID RELEASE 93%8868773		173	0.2832659	1.034527	0.35714287	0.7633399	1.0	3663	tags=36%, list=22%, signal=46%	
NOTCH3 ACTIVATION AND TRANSMISSION OF SIGNAL TO THE NUCLEUS%REACTOME DATABASE ID RELEASE 93%9013507	NOTCH3 ACTIVATION AND TRANSMISSION OF SIGNAL TO THE NUCLEUS%REACTOME DATABASE ID RELEASE 93%9013507		23	0.39449495	1.0343777	0.38607594	0.76340574	1.0	2370	tags=35%, list=14%, signal=41%	
REGULATION OF TP53 ACTIVITY THROUGH METHYLATION%REACTOME DATABASE ID RELEASE 93%6804760	REGULATION OF TP53 ACTIVITY THROUGH METHYLATION%REACTOME DATABASE ID RELEASE 93%6804760		18	0.42128628	1.0343364	0.4040404	0.7630922	1.0	1510	tags=33%, list=9%, signal=37%	
AMPK REGULATION OF MAMMARY MILK PROTEIN SYNTHESIS%WIKIPATHWAYS_20250810%WP5492%HOMO SAPIENS	AMPK REGULATION OF MAMMARY MILK PROTEIN SYNTHESIS%WIKIPATHWAYS_20250810%WP5492%HOMO SAPIENS		15	0.4460589	1.0343294	0.41325536	0.76267534	1.0	2553	tags=40%, list=16%, signal=47%	
EPITHELIAL TUBE FORMATION%GOBP%GO:0072175	EPITHELIAL TUBE FORMATION%GOBP%GO:0072175		42	0.3519041	1.0342473	0.36876357	0.7624898	1.0	1809	tags=19%, list=11%, signal=21%	
NUCLEOTIDE-SUGAR METABOLIC PROCESS%GOBP%GO:0009225	NUCLEOTIDE-SUGAR METABOLIC PROCESS%GOBP%GO:0009225		34	0.3699709	1.0342374	0.3834746	0.7620781	1.0	2574	tags=26%, list=16%, signal=31%	
CASPASE CASCADE IN APOPTOSIS%PATHWAY INTERACTION DATABASE NCI-NATURE CURATED DATA%CASPASE CASCADE IN APOPTOSIS	CASPASE CASCADE IN APOPTOSIS%PATHWAY INTERACTION DATABASE NCI-NATURE CURATED DATA%CASPASE CASCADE IN APOPTOSIS		48	0.34959266	1.0341346	0.40869564	0.76197433	1.0	2876	tags=21%, list=18%, signal=25%	
IGF1 PATHWAY%PATHWAY INTERACTION DATABASE NCI-NATURE CURATED DATA%IGF1 PATHWAY	IGF1 PATHWAY%PATHWAY INTERACTION DATABASE NCI-NATURE CURATED DATA%IGF1 PATHWAY		29	0.37310943	1.0337931	0.38900203	0.7625791	1.0	2490	tags=31%, list=15%, signal=37%	
ACUTE INFLAMMATORY RESPONSE%GOBP%GO:0002526	ACUTE INFLAMMATORY RESPONSE%GOBP%GO:0002526		17	0.42994794	1.033792	0.4173387	0.76214004	1.0	3470	tags=35%, list=21%, signal=45%	
RESPONSE TO TEMPERATURE STIMULUS%GOBP%GO:0009266	RESPONSE TO TEMPERATURE STIMULUS%GOBP%GO:0009266		76	0.31638083	1.03374	0.35431236	0.7618588	1.0	2774	tags=25%, list=17%, signal=30%	
FLUOROPYRIMIDINE ACTIVITY%WIKIPATHWAYS_20250810%WP1601%HOMO SAPIENS	FLUOROPYRIMIDINE ACTIVITY%WIKIPATHWAYS_20250810%WP1601%HOMO SAPIENS		23	0.398149	1.0335664	0.40412372	0.7619488	1.0	2608	tags=22%, list=16%, signal=26%	
NEGATIVE REGULATION OF IMMUNE RESPONSE%GOBP%GO:0050777	NEGATIVE REGULATION OF IMMUNE RESPONSE%GOBP%GO:0050777		138	0.2956608	1.0333991	0.36941177	0.76202506	1.0	3013	tags=23%, list=18%, signal=28%	
PID_ERBB2_ERBB3_PATHWAY%MSIGDB_C2%PID_ERBB2_ERBB3_PATHWAY	PID_ERBB2_ERBB3_PATHWAY%MSIGDB_C2%PID_ERBB2_ERBB3_PATHWAY		36	0.35696372	1.0332239	0.40393013	0.7621291	1.0	203	tags=11%, list=1%, signal=11%	
INDAPAMIDE ACTION PATHWAY%SMPDB%SMP0000110	INDAPAMIDE ACTION PATHWAY%SMPDB%SMP0000110		24	0.3941736	1.0331947	0.39270386	0.7617882	1.0	5378	tags=46%, list=33%, signal=68%	
REGULATION OF TUMOR NECROSIS FACTOR-MEDIATED SIGNALING PATHWAY%GOBP%GO:0010803	REGULATION OF TUMOR NECROSIS FACTOR-MEDIATED SIGNALING PATHWAY%GOBP%GO:0010803		48	0.344518	1.033021	0.38323355	0.76189965	1.0	736	tags=15%, list=4%, signal=15%	
ASTROCYTE DEVELOPMENT%GOBP%GO:0014002	ASTROCYTE DEVELOPMENT%GOBP%GO:0014002		16	0.43114185	1.0327713	0.39019608	0.7622393	1.0	3126	tags=31%, list=19%, signal=39%	
POLYTHIAZIDE ACTION PATHWAY%PATHWHIZ%PW000326	POLYTHIAZIDE ACTION PATHWAY%PATHWHIZ%PW000326		24	0.3941736	1.03254	0.40562248	0.7625446	1.0	5378	tags=46%, list=33%, signal=68%	
ABC-FAMILY PROTEINS MEDIATED TRANSPORT%REACTOME DATABASE ID RELEASE 93%382556	ABC-FAMILY PROTEINS MEDIATED TRANSPORT%REACTOME DATABASE ID RELEASE 93%382556		82	0.31081563	1.0324389	0.39130434	0.76244944	1.0	3247	tags=32%, list=20%, signal=39%	
ETHACRYNIC ACID ACTION PATHWAY%SMPDB%SMP0000097	ETHACRYNIC ACID ACTION PATHWAY%SMPDB%SMP0000097		24	0.3941736	1.0321801	0.3946281	0.7628381	1.0	5378	tags=46%, list=33%, signal=68%	
NEGATIVE REGULATION OF MET ACTIVITY%REACTOME%R-HSA-6807004.4	NEGATIVE REGULATION OF MET ACTIVITY%REACTOME%R-HSA-6807004.4		20	0.41834447	1.0313762	0.39759037	0.76497835	1.0	705	tags=20%, list=4%, signal=21%	
TRIAMTERENE ACTION PATHWAY%SMPDB%SMP0000132	TRIAMTERENE ACTION PATHWAY%SMPDB%SMP0000132		24	0.3941736	1.0312518	0.41020408	0.76494104	1.0	5378	tags=46%, list=33%, signal=68%	
THROMBIN SIGNALLING THROUGH PROTEINASE ACTIVATED RECEPTORS (PARS)%REACTOME%R-HSA-456926.4	THROMBIN SIGNALLING THROUGH PROTEINASE ACTIVATED RECEPTORS (PARS)%REACTOME%R-HSA-456926.4		24	0.39165854	1.0312024	0.4129979	0.76466143	1.0	4012	tags=29%, list=24%, signal=39%	
IMINOGLYCINURIA%PATHWHIZ%PW000219	IMINOGLYCINURIA%PATHWHIZ%PW000219		24	0.3941736	1.031023	0.41098902	0.7648163	1.0	5378	tags=46%, list=33%, signal=68%	
REGULATION OF CYTOPLASMIC PATTERN RECOGNITION RECEPTOR SIGNALING PATHWAY%GOBP%GO:0039531	REGULATION OF CYTOPLASMIC PATTERN RECOGNITION RECEPTOR SIGNALING PATHWAY%GOBP%GO:0039531		104	0.3017193	1.0307977	0.37555555	0.7650886	1.0	3211	tags=30%, list=20%, signal=37%	
GASTRULATION%REACTOME%R-HSA-9758941.6	GASTRULATION%REACTOME%R-HSA-9758941.6		84	0.31169286	1.030792	0.35745615	0.76466995	1.0	4804	tags=45%, list=29%, signal=64%	
QUINETHAZONE ACTION PATHWAY%SMPDB%SMP0000091	QUINETHAZONE ACTION PATHWAY%SMPDB%SMP0000091		24	0.3941736	1.0297514	0.40950227	0.76758194	1.0	5378	tags=46%, list=33%, signal=68%	
POSTSYNAPTIC SIGNAL TRANSDUCTION%GOBP%GO:0098926	POSTSYNAPTIC SIGNAL TRANSDUCTION%GOBP%GO:0098926		25	0.39795384	1.0296013	0.40425533	0.76760006	1.0	2739	tags=28%, list=17%, signal=34%	
DAG AND IP3 SIGNALING%REACTOME DATABASE ID RELEASE 93%1489509	DAG AND IP3 SIGNALING%REACTOME DATABASE ID RELEASE 93%1489509		38	0.35715672	1.0294962	0.407173	0.76747	1.0	4294	tags=34%, list=26%, signal=46%	
REGULATION OF HEMOSTASIS%GOBP%GO:1900046	REGULATION OF HEMOSTASIS%GOBP%GO:1900046		40	0.3519861	1.0294477	0.40836653	0.7671703	1.0	3470	tags=30%, list=21%, signal=38%	
CELL REDOX HOMEOSTASIS%GOBP%GO:0045454	CELL REDOX HOMEOSTASIS%GOBP%GO:0045454		33	0.36890787	1.0288204	0.3991228	0.7687447	1.0	4209	tags=45%, list=26%, signal=61%	
GASTRIN_CCK2R_240212%PANTHER PATHWAY%P06959	GASTRIN_CCK2R_240212%PANTHER PATHWAY%P06959		120	0.2956343	1.0287689	0.38694638	0.76847917	1.0	1025	tags=13%, list=6%, signal=13%	
DEATH RECEPTOR SIGNALING%REACTOME DATABASE ID RELEASE 93%73887	DEATH RECEPTOR SIGNALING%REACTOME DATABASE ID RELEASE 93%73887		143	0.286379	1.0287199	0.3480392	0.7682146	1.0	1185	tags=12%, list=7%, signal=13%	
TNFS BIND THEIR PHYSIOLOGICAL RECEPTORS%REACTOME DATABASE ID RELEASE 93%5669034	TNFS BIND THEIR PHYSIOLOGICAL RECEPTORS%REACTOME DATABASE ID RELEASE 93%5669034		22	0.408802	1.028429	0.40948275	0.768653	1.0	5325	tags=50%, list=32%, signal=74%	
PID_S1P_S1P2_PATHWAY%MSIGDB_C2%PID_S1P_S1P2_PATHWAY	PID_S1P_S1P2_PATHWAY%MSIGDB_C2%PID_S1P_S1P2_PATHWAY		17	0.42648992	1.0278327	0.4371002	0.77016294	1.0	1440	tags=24%, list=9%, signal=26%	
SELECTIVE AUTOPHAGY%REACTOME%R-HSA-9663891.5	SELECTIVE AUTOPHAGY%REACTOME%R-HSA-9663891.5		60	0.33024538	1.0278047	0.404814	0.76981235	1.0	1810	tags=20%, list=11%, signal=22%	
LUNG DEVELOPMENT%GOBP%GO:0030324	LUNG DEVELOPMENT%GOBP%GO:0030324		35	0.358919	1.027727	0.3929961	0.76964784	1.0	774	tags=6%, list=5%, signal=6%	
EGFR DOWNREGULATION%REACTOME%R-HSA-182971.8	EGFR DOWNREGULATION%REACTOME%R-HSA-182971.8		28	0.37707266	1.0275201	0.40490797	0.76987296	1.0	1241	tags=18%, list=8%, signal=19%	
SIGNALING BY ERBB2 TMD JMD MUTANTS%REACTOME DATABASE ID RELEASE 93%9665686	SIGNALING BY ERBB2 TMD JMD MUTANTS%REACTOME DATABASE ID RELEASE 93%9665686		16	0.43806872	1.0275142	0.42886597	0.7694553	1.0	420	tags=13%, list=3%, signal=13%	
FRAGILE X SYNDROME%WIKIPATHWAYS_20250810%WP4549%HOMO SAPIENS	FRAGILE X SYNDROME%WIKIPATHWAYS_20250810%WP4549%HOMO SAPIENS		89	0.30880496	1.0269895	0.3862069	0.7706578	1.0	2669	tags=21%, list=16%, signal=25%	
REGULATION OF CHEMOTAXIS%GOBP%GO:0050920	REGULATION OF CHEMOTAXIS%GOBP%GO:0050920		135	0.28865767	1.0267848	0.37284482	0.7708704	1.0	3165	tags=21%, list=19%, signal=25%	
TRANSCRIPTION REGULATION BY BZIP TRANSCRIPTION FACTOR%PANTHER PATHWAY%P00055	TRANSCRIPTION REGULATION BY BZIP TRANSCRIPTION FACTOR%PANTHER PATHWAY%P00055		42	0.34920725	1.0262891	0.38310412	0.7719999	1.0	3142	tags=26%, list=19%, signal=32%	
TRK RECEPTOR SIGNALING MEDIATED BY THE MAPK PATHWAY%PATHWAY INTERACTION DATABASE NCI-NATURE CURATED DATA%TRK RECEPTOR SIGNALING MEDIATED BY THE MAPK PATHWAY	TRK RECEPTOR SIGNALING MEDIATED BY THE MAPK PATHWAY%PATHWAY INTERACTION DATABASE NCI-NATURE CURATED DATA%TRK RECEPTOR SIGNALING MEDIATED BY THE MAPK PATHWAY		33	0.36329618	1.0262204	0.41030928	0.77178854	1.0	2329	tags=24%, list=14%, signal=28%	
INTRINSIC APOPTOTIC SIGNALING PATHWAY%GOBP%GO:0097193	INTRINSIC APOPTOTIC SIGNALING PATHWAY%GOBP%GO:0097193		116	0.29526904	1.0259678	0.3935927	0.7721477	1.0	3367	tags=31%, list=21%, signal=39%	
POSITIVE REGULATION OF PRODUCTION OF MOLECULAR MEDIATOR OF IMMUNE RESPONSE%GOBP%GO:0002702	POSITIVE REGULATION OF PRODUCTION OF MOLECULAR MEDIATOR OF IMMUNE RESPONSE%GOBP%GO:0002702		71	0.3197572	1.025704	0.38952163	0.7725551	1.0	3345	tags=31%, list=20%, signal=39%	
ASTROCYTE DIFFERENTIATION%GOBP%GO:0048708	ASTROCYTE DIFFERENTIATION%GOBP%GO:0048708		17	0.4252003	1.025648	0.4194215	0.7722919	1.0	3126	tags=29%, list=19%, signal=36%	
TETRAPYRROLE METABOLIC PROCESS%GOBP%GO:0033013	TETRAPYRROLE METABOLIC PROCESS%GOBP%GO:0033013		36	0.3591645	1.0255241	0.41379312	0.77221453	1.0	4339	tags=47%, list=26%, signal=64%	
NEGATIVE REGULATION OF FGFR3 SIGNALING%REACTOME DATABASE ID RELEASE 93%5654732	NEGATIVE REGULATION OF FGFR3 SIGNALING%REACTOME DATABASE ID RELEASE 93%5654732		18	0.4274447	1.0251758	0.41538462	0.7728686	1.0	1488	tags=22%, list=9%, signal=24%	
THROMBOXANE SIGNALLING THROUGH TP RECEPTOR%REACTOME DATABASE ID RELEASE 93%428930	THROMBOXANE SIGNALLING THROUGH TP RECEPTOR%REACTOME DATABASE ID RELEASE 93%428930		18	0.4154909	1.0250633	0.40987125	0.77281404	1.0	2996	tags=28%, list=18%, signal=34%	
VESICLE TARGETING, TO, FROM OR WITHIN GOLGI%GOBP%GO:0048199	VESICLE TARGETING, TO, FROM OR WITHIN GOLGI%GOBP%GO:0048199		25	0.3853911	1.0249164	0.41700405	0.7728468	1.0	3319	tags=52%, list=20%, signal=65%	
SULFUR AMINO ACID METABOLISM%REACTOME DATABASE ID RELEASE 93%1614635	SULFUR AMINO ACID METABOLISM%REACTOME DATABASE ID RELEASE 93%1614635		23	0.39427015	1.0246822	0.4298056	0.77316236	1.0	3346	tags=35%, list=20%, signal=44%	
POSITIVE REGULATION OF FATTY ACID BIOSYNTHETIC PROCESS%GOBP%GO:0045723	POSITIVE REGULATION OF FATTY ACID BIOSYNTHETIC PROCESS%GOBP%GO:0045723		18	0.41349384	1.0245498	0.42061856	0.7731609	1.0	6815	tags=72%, list=42%, signal=123%	
TAK1-DEPENDENT IKK AND NF-KAPPA-B ACTIVATION%REACTOME DATABASE ID RELEASE 93%445989	TAK1-DEPENDENT IKK AND NF-KAPPA-B ACTIVATION%REACTOME DATABASE ID RELEASE 93%445989		41	0.34886795	1.0242304	0.40430108	0.7738177	1.0	1948	tags=24%, list=12%, signal=28%	
REGULATION OF NUCLEAR BETA CATENIN SIGNALING AND TARGET GENE TRANSCRIPTION%PATHWAY INTERACTION DATABASE NCI-NATURE CURATED DATA%REGULATION OF NUCLEAR BETA CATENIN SIGNALING AND TARGET GENE TRANSCRIPTION	REGULATION OF NUCLEAR BETA CATENIN SIGNALING AND TARGET GENE TRANSCRIPTION%PATHWAY INTERACTION DATABASE NCI-NATURE CURATED DATA%REGULATION OF NUCLEAR BETA CATENIN SIGNALING AND TARGET GENE TRANSCRIPTION		65	0.3248365	1.0238717	0.40860215	0.7745236	1.0	2805	tags=22%, list=17%, signal=26%	
AMILORIDE ACTION PATHWAY%SMPDB%SMP0000133	AMILORIDE ACTION PATHWAY%SMPDB%SMP0000133		24	0.3941736	1.0236071	0.41916168	0.7748884	1.0	5378	tags=46%, list=33%, signal=68%	
ENTRAINMENT OF CIRCADIAN CLOCK%GOBP%GO:0009649	ENTRAINMENT OF CIRCADIAN CLOCK%GOBP%GO:0009649		21	0.40165234	1.0231777	0.41497976	0.7757951	1.0	2158	tags=33%, list=13%, signal=38%	
PID_HDAC_CLASSII_PATHWAY%MSIGDB_C2%PID_HDAC_CLASSII_PATHWAY	PID_HDAC_CLASSII_PATHWAY%MSIGDB_C2%PID_HDAC_CLASSII_PATHWAY		23	0.3924301	1.0231073	0.41983122	0.77560496	1.0	4071	tags=48%, list=25%, signal=64%	
POSITIVE REGULATION OF PROTEIN TRANSPORT%GOBP%GO:0051222	POSITIVE REGULATION OF PROTEIN TRANSPORT%GOBP%GO:0051222		142	0.2865	1.0230472	0.41108546	0.7753434	1.0	2426	tags=23%, list=15%, signal=27%	
STEROL METABOLIC PROCESS%GOBP%GO:0016125	STEROL METABOLIC PROCESS%GOBP%GO:0016125		61	0.32310125	1.0229952	0.41590908	0.7750445	1.0	1542	tags=15%, list=9%, signal=16%	
TORSEMIDE ACTION PATHWAY%PATHWHIZ%PW000338	TORSEMIDE ACTION PATHWAY%PATHWHIZ%PW000338		24	0.3941736	1.0229831	0.42083332	0.7746501	1.0	5378	tags=46%, list=33%, signal=68%	
BUMETANIDE ACTION PATHWAY%SMPDB%SMP0000088	BUMETANIDE ACTION PATHWAY%SMPDB%SMP0000088		24	0.3941736	1.0226843	0.4262295	0.7751426	1.0	5378	tags=46%, list=33%, signal=68%	
CLEC7A (DECTIN-1) SIGNALING%REACTOME DATABASE ID RELEASE 93%5607764	CLEC7A (DECTIN-1) SIGNALING%REACTOME DATABASE ID RELEASE 93%5607764		78	0.31228048	1.0226756	0.4211663	0.7747296	1.0	2844	tags=29%, list=17%, signal=35%	
REGULATION OF DNA-BINDING TRANSCRIPTION FACTOR ACTIVITY%GOBP%GO:0051090	REGULATION OF DNA-BINDING TRANSCRIPTION FACTOR ACTIVITY%GOBP%GO:0051090		147	0.28530645	1.0225912	0.36406618	0.77455926	1.0	3218	tags=25%, list=20%, signal=31%	
FCERI MEDIATED MAPK ACTIVATION%REACTOME%R-HSA-2871796.4	FCERI MEDIATED MAPK ACTIVATION%REACTOME%R-HSA-2871796.4		27	0.3838683	1.0214696	0.41598362	0.777695	1.0	957	tags=11%, list=6%, signal=12%	
REGULATION OF ESTABLISHMENT OF PROTEIN LOCALIZATION TO MITOCHONDRION%GOBP%GO:1903747	REGULATION OF ESTABLISHMENT OF PROTEIN LOCALIZATION TO MITOCHONDRION%GOBP%GO:1903747		38	0.35623905	1.0209599	0.41035858	0.77891403	1.0	2942	tags=32%, list=18%, signal=38%	
LYSINURIC PROTEIN INTOLERANCE%SMPDB%SMP0000197	LYSINURIC PROTEIN INTOLERANCE%SMPDB%SMP0000197		24	0.3941736	1.0209574	0.40123457	0.77848583	1.0	5378	tags=46%, list=33%, signal=68%	
AXON GUIDANCE MEDIATED BY NETRIN%PANTHER PATHWAY%P00009	AXON GUIDANCE MEDIATED BY NETRIN%PANTHER PATHWAY%P00009		28	0.37193486	1.0209423	0.4012474	0.7780984	1.0	2463	tags=18%, list=15%, signal=21%	
BIOMINERAL TISSUE DEVELOPMENT%GOBP%GO:0031214	BIOMINERAL TISSUE DEVELOPMENT%GOBP%GO:0031214		26	0.3824351	1.020909	0.42672414	0.77776504	1.0	3081	tags=27%, list=19%, signal=33%	
B CELL MEDIATED IMMUNITY%GOBP%GO:0019724	B CELL MEDIATED IMMUNITY%GOBP%GO:0019724		46	0.34090945	1.0207274	0.40366971	0.777889	1.0	4924	tags=52%, list=30%, signal=74%	
REGULATION OF FZD BY UBIQUITINATION%REACTOME%R-HSA-4641263.4	REGULATION OF FZD BY UBIQUITINATION%REACTOME%R-HSA-4641263.4		19	0.4174656	1.0206411	0.43008474	0.77775234	1.0	705	tags=11%, list=4%, signal=11%	
CYCLOTHIAZIDE ACTION PATHWAY%SMPDB%SMP0000103	CYCLOTHIAZIDE ACTION PATHWAY%SMPDB%SMP0000103		24	0.3941736	1.0204371	0.41127348	0.77798617	1.0	5378	tags=46%, list=33%, signal=68%	
CALNEXIN CALRETICULIN CYCLE%REACTOME DATABASE ID RELEASE 93%901042	CALNEXIN CALRETICULIN CYCLE%REACTOME DATABASE ID RELEASE 93%901042		25	0.3809589	1.0202767	0.4347826	0.7780766	1.0	4475	tags=52%, list=27%, signal=71%	
DEGRADATION OF AXIN%REACTOME%R-HSA-4641257.3	DEGRADATION OF AXIN%REACTOME%R-HSA-4641257.3		40	0.34717834	1.020152	0.4067086	0.77806634	1.0	2844	tags=38%, list=17%, signal=45%	
SIGNALING BY ERBB2%REACTOME%R-HSA-1227986.10	SIGNALING BY ERBB2%REACTOME%R-HSA-1227986.10		44	0.3399928	1.0200129	0.40425533	0.77805275	1.0	2437	tags=32%, list=15%, signal=37%	
NEGATIVE REGULATION OF PEPTIDE SECRETION%GOBP%GO:0002792	NEGATIVE REGULATION OF PEPTIDE SECRETION%GOBP%GO:0002792		18	0.42083526	1.0198599	0.44195518	0.77808535	1.0	3573	tags=39%, list=22%, signal=50%	
RESPONSE TO TYPE I INTERFERON%GOBP%GO:0034340	RESPONSE TO TYPE I INTERFERON%GOBP%GO:0034340		34	0.36140132	1.0197558	0.4055666	0.7779795	1.0	1303	tags=24%, list=8%, signal=26%	
SIGNALING BY EGFR%REACTOME%R-HSA-177929.6	SIGNALING BY EGFR%REACTOME%R-HSA-177929.6		48	0.33633643	1.0197111	0.40393013	0.77768195	1.0	1241	tags=19%, list=8%, signal=20%	
CYTOSKELETAL REGULATION BY RHO GTPASE%PANTHER PATHWAY%P00016	CYTOSKELETAL REGULATION BY RHO GTPASE%PANTHER PATHWAY%P00016		45	0.34192425	1.0196899	0.42424244	0.77730644	1.0	2438	tags=29%, list=15%, signal=34%	
NEGATIVE REGULATION OF FGFR1 SIGNALING%REACTOME DATABASE ID RELEASE 93%5654726	NEGATIVE REGULATION OF FGFR1 SIGNALING%REACTOME DATABASE ID RELEASE 93%5654726		19	0.4085248	1.0195667	0.41437632	0.7772709	1.0	1488	tags=21%, list=9%, signal=23%	
SMITH MAGENIS AND POTOCKI LUPSKI SYNDROME COPY NUMBER VARIATION%WIKIPATHWAYS_20250810%WP5381%HOMO SAPIENS	SMITH MAGENIS AND POTOCKI LUPSKI SYNDROME COPY NUMBER VARIATION%WIKIPATHWAYS_20250810%WP5381%HOMO SAPIENS		117	0.29261103	1.0194514	0.37831324	0.77719367	1.0	3206	tags=24%, list=20%, signal=30%	
OLEFINIC COMPOUND METABOLIC PROCESS%GOBP%GO:0120254	OLEFINIC COMPOUND METABOLIC PROCESS%GOBP%GO:0120254		64	0.32029665	1.019422	0.41095892	0.7768569	1.0	1555	tags=11%, list=9%, signal=12%	
REGULATION OF TYPE II INTERFERON PRODUCTION%GOBP%GO:0032649	REGULATION OF TYPE II INTERFERON PRODUCTION%GOBP%GO:0032649		69	0.31865466	1.0191507	0.40311804	0.77731854	1.0	5016	tags=33%, list=31%, signal=48%	
TCR SIGNALING IN NAIVE CD4+ T CELLS%PATHWAY INTERACTION DATABASE NCI-NATURE CURATED DATA%TCR SIGNALING IN NAIVE CD4+ T CELLS	TCR SIGNALING IN NAIVE CD4+ T CELLS%PATHWAY INTERACTION DATABASE NCI-NATURE CURATED DATA%TCR SIGNALING IN NAIVE CD4+ T CELLS		63	0.3256529	1.0190591	0.39958593	0.77715826	1.0	914	tags=11%, list=6%, signal=12%	
REGULATION OF EPITHELIAL CELL APOPTOTIC PROCESS%GOBP%GO:1904035	REGULATION OF EPITHELIAL CELL APOPTOTIC PROCESS%GOBP%GO:1904035		18	0.42015538	1.0183718	0.44034708	0.7788624	1.0	2556	tags=33%, list=16%, signal=39%	
HOMOTYPIC CELL-CELL ADHESION%GOBP%GO:0034109	HOMOTYPIC CELL-CELL ADHESION%GOBP%GO:0034109		42	0.34712037	1.0182791	0.42857143	0.7787294	1.0	3051	tags=29%, list=19%, signal=35%	
NEUROTRANSMITTER TRANSPORT%GOBP%GO:0006836	NEUROTRANSMITTER TRANSPORT%GOBP%GO:0006836		72	0.31427106	1.0179505	0.40301725	0.77934504	1.0	4279	tags=29%, list=26%, signal=39%	
POSITIVE REGULATION OF CARTILAGE DEVELOPMENT%GOBP%GO:0061036	POSITIVE REGULATION OF CARTILAGE DEVELOPMENT%GOBP%GO:0061036		15	0.43597066	1.017885	0.4071856	0.7791408	1.0	4509	tags=53%, list=27%, signal=73%	
FUROSEMIDE ACTION PATHWAY%PATHWHIZ%PW000337	FUROSEMIDE ACTION PATHWAY%PATHWHIZ%PW000337		24	0.3941736	1.017648	0.42769858	0.77941775	1.0	5378	tags=46%, list=33%, signal=68%	
TETRAPYRROLE BIOSYNTHETIC PROCESS%GOBP%GO:0033014	TETRAPYRROLE BIOSYNTHETIC PROCESS%GOBP%GO:0033014		18	0.4174354	1.017593	0.44158417	0.7791374	1.0	1678	tags=28%, list=10%, signal=31%	
VEGFA-VEGFR2 PATHWAY%REACTOME DATABASE ID RELEASE 93%4420097	VEGFA-VEGFR2 PATHWAY%REACTOME DATABASE ID RELEASE 93%4420097		85	0.30695912	1.0175102	0.37093276	0.77895224	1.0	2136	tags=25%, list=13%, signal=28%	
PID_EPHB_FWD_PATHWAY%MSIGDB_C2%PID_EPHB_FWD_PATHWAY	PID_EPHB_FWD_PATHWAY%MSIGDB_C2%PID_EPHB_FWD_PATHWAY		33	0.36849925	1.017496	0.42405063	0.778561	1.0	1996	tags=27%, list=12%, signal=31%	
REGULATION OF EXTRACELLULAR MATRIX ORGANIZATION%GOBP%GO:1903053	REGULATION OF EXTRACELLULAR MATRIX ORGANIZATION%GOBP%GO:1903053		46	0.34332454	1.0174824	0.43636364	0.7781781	1.0	3165	tags=26%, list=19%, signal=32%	
METOLAZONE ACTION PATHWAY%SMPDB%SMP0000105	METOLAZONE ACTION PATHWAY%SMPDB%SMP0000105		24	0.3941736	1.0174583	0.41735536	0.77782536	1.0	5378	tags=46%, list=33%, signal=68%	
TRICHLORMETHIAZIDE ACTION PATHWAY%SMPDB%SMP0000121	TRICHLORMETHIAZIDE ACTION PATHWAY%SMPDB%SMP0000121		24	0.3941736	1.0171195	0.42209074	0.7784423	1.0	5378	tags=46%, list=33%, signal=68%	
LIGAND-GATED ION CHANNEL SIGNALING PATHWAY%GOBP%GO:1990806	LIGAND-GATED ION CHANNEL SIGNALING PATHWAY%GOBP%GO:1990806		18	0.41490334	1.0168375	0.44713655	0.7789086	1.0	1495	tags=11%, list=9%, signal=12%	
COPI-MEDIATED ANTEROGRADE TRANSPORT%REACTOME%R-HSA-6807878.2	COPI-MEDIATED ANTEROGRADE TRANSPORT%REACTOME%R-HSA-6807878.2		75	0.31087095	1.0167863	0.40044743	0.77863127	1.0	3024	tags=28%, list=18%, signal=34%	
PID_PRL_SIGNALING_EVENTS_PATHWAY%MSIGDB_C2%PID_PRL_SIGNALING_EVENTS_PATHWAY	PID_PRL_SIGNALING_EVENTS_PATHWAY%MSIGDB_C2%PID_PRL_SIGNALING_EVENTS_PATHWAY		19	0.41191575	1.0161139	0.43360996	0.78027135	1.0	1168	tags=26%, list=7%, signal=28%	
NEGATIVE REGULATION OF ACTIN FILAMENT POLYMERIZATION%GOBP%GO:0030837	NEGATIVE REGULATION OF ACTIN FILAMENT POLYMERIZATION%GOBP%GO:0030837		28	0.37921703	1.016003	0.4208243	0.78016555	1.0	3312	tags=36%, list=20%, signal=45%	
TRANSMISSION ACROSS CHEMICAL SYNAPSES%REACTOME%R-HSA-112315.8	TRANSMISSION ACROSS CHEMICAL SYNAPSES%REACTOME%R-HSA-112315.8		186	0.273334	1.0159029	0.39205956	0.7800754	1.0	3282	tags=19%, list=20%, signal=23%	
IONOTROPIC GLUTAMATE RECEPTOR SIGNALING PATHWAY%GOBP%GO:0035235	IONOTROPIC GLUTAMATE RECEPTOR SIGNALING PATHWAY%GOBP%GO:0035235		18	0.41490334	1.0157923	0.4186508	0.78002435	1.0	1495	tags=11%, list=9%, signal=12%	
PI3K AKT MTOR VITAMIN D3 SIGNALING%WIKIPATHWAYS_20250810%WP4141%HOMO SAPIENS	PI3K AKT MTOR VITAMIN D3 SIGNALING%WIKIPATHWAYS_20250810%WP4141%HOMO SAPIENS		15	0.43152046	1.01558	0.42677826	0.7802688	1.0	852	tags=33%, list=5%, signal=35%	
HYDROFLUMETHIAZIDE ACTION PATHWAY%PATHWHIZ%PW000335	HYDROFLUMETHIAZIDE ACTION PATHWAY%PATHWHIZ%PW000335		24	0.3941736	1.0155066	0.4212766	0.78007066	1.0	5378	tags=46%, list=33%, signal=68%	
PROTEIN-CONTAINING COMPLEX REMODELING%GOBP%GO:0034367	PROTEIN-CONTAINING COMPLEX REMODELING%GOBP%GO:0034367		20	0.41129848	1.0154427	0.40576497	0.77985287	1.0	4151	tags=35%, list=25%, signal=47%	
ARTERY MORPHOGENESIS%GOBP%GO:0048844	ARTERY MORPHOGENESIS%GOBP%GO:0048844		34	0.36647072	1.015021	0.40604752	0.7806657	1.0	3567	tags=26%, list=22%, signal=34%	
REGULATION OF LEUKOCYTE DIFFERENTIATION%GOBP%GO:1902105	REGULATION OF LEUKOCYTE DIFFERENTIATION%GOBP%GO:1902105		200	0.2718934	1.0149738	0.43301436	0.7803795	1.0	2958	tags=19%, list=18%, signal=22%	
CELLULAR RESPONSE TO UNFOLDED PROTEIN%GOBP%GO:0034620	CELLULAR RESPONSE TO UNFOLDED PROTEIN%GOBP%GO:0034620		62	0.32504144	1.0149645	0.40987125	0.7799809	1.0	1952	tags=21%, list=12%, signal=24%	
NEUTROPHIL CHEMOTAXIS%GOBP%GO:0030593	NEUTROPHIL CHEMOTAXIS%GOBP%GO:0030593		28	0.37904575	1.0149019	0.402863	0.77976596	1.0	2590	tags=14%, list=16%, signal=17%	
ACTIVATION OF NF-KAPPAB IN B CELLS%REACTOME%R-HSA-1169091.2	ACTIVATION OF NF-KAPPAB IN B CELLS%REACTOME%R-HSA-1169091.2		51	0.3366349	1.0148985	0.43046358	0.7793472	1.0	2844	tags=33%, list=17%, signal=40%	
INTRAFLAGELLAR TRANSPORT PROTEINS BINDING TO DYNEIN%WIKIPATHWAYS_20250810%WP4532%HOMO SAPIENS	INTRAFLAGELLAR TRANSPORT PROTEINS BINDING TO DYNEIN%WIKIPATHWAYS_20250810%WP4532%HOMO SAPIENS		19	0.41542876	1.0148566	0.43032786	0.7790387	1.0	1268	tags=21%, list=8%, signal=23%	
EPLERENONE ACTION PATHWAY%SMPDB%SMP0000135	EPLERENONE ACTION PATHWAY%SMPDB%SMP0000135		24	0.3941736	1.0147513	0.44032922	0.7789499	1.0	5378	tags=46%, list=33%, signal=68%	
HALLMARK_PI3K_AKT_MTOR_SIGNALING%MSIGDBHALLMARK%HALLMARK_PI3K_AKT_MTOR_SIGNALING	HALLMARK_PI3K_AKT_MTOR_SIGNALING%MSIGDBHALLMARK%HALLMARK_PI3K_AKT_MTOR_SIGNALING		76	0.31014043	1.0145333	0.41473684	0.7791816	1.0	3329	tags=34%, list=20%, signal=43%	
BENDROFLUMETHIAZIDE ACTION PATHWAY%PATHWHIZ%PW000329	BENDROFLUMETHIAZIDE ACTION PATHWAY%PATHWHIZ%PW000329		24	0.3941736	1.0143965	0.42331287	0.77917546	1.0	5378	tags=46%, list=33%, signal=68%	
OXIDATIVE STRESS RESPONSE%PANTHER PATHWAY%P00046	OXIDATIVE STRESS RESPONSE%PANTHER PATHWAY%P00046		22	0.39064077	1.0135088	0.4371002	0.78151536	1.0	1897	tags=27%, list=12%, signal=31%	
LYMPHOCYTE MIGRATION%GOBP%GO:0072676	LYMPHOCYTE MIGRATION%GOBP%GO:0072676		34	0.3615759	1.0132738	0.41632652	0.7818204	1.0	2835	tags=18%, list=17%, signal=21%	
REGULATION OF MONONUCLEAR CELL PROLIFERATION%GOBP%GO:0032944	REGULATION OF MONONUCLEAR CELL PROLIFERATION%GOBP%GO:0032944		130	0.28416258	1.0125997	0.40086207	0.7835421	1.0	3153	tags=18%, list=19%, signal=22%	
TELOMERE EXTENSION BY TELOMERASE%REACTOME DATABASE ID RELEASE 93%171319	TELOMERE EXTENSION BY TELOMERASE%REACTOME DATABASE ID RELEASE 93%171319		20	0.4120252	1.0118054	0.4361055	0.78559923	1.0	3329	tags=50%, list=20%, signal=63%	
AMINO ACID TRANSPORT ACROSS THE PLASMA MEMBRANE%REACTOME%R-HSA-352230.5	AMINO ACID TRANSPORT ACROSS THE PLASMA MEMBRANE%REACTOME%R-HSA-352230.5		22	0.38789925	1.0117596	0.42580646	0.7853146	1.0	3432	tags=27%, list=21%, signal=34%	
TRNA THREONYLCARBAMOYLADENOSINE METABOLIC PROCESS%GOBP%GO:0070525	TRNA THREONYLCARBAMOYLADENOSINE METABOLIC PROCESS%GOBP%GO:0070525		18	0.42250618	1.0117445	0.44016227	0.7849343	1.0	3442	tags=50%, list=21%, signal=63%	
PROTEIN DESTABILIZATION%GOBP%GO:0031648	PROTEIN DESTABILIZATION%GOBP%GO:0031648		35	0.3536606	1.0115665	0.44331983	0.7850711	1.0	1339	tags=14%, list=8%, signal=16%	
GLYCOSPHINGOLIPID BIOSYNTHESIS%REACTOME DATABASE ID RELEASE 93%9840309	GLYCOSPHINGOLIPID BIOSYNTHESIS%REACTOME DATABASE ID RELEASE 93%9840309		15	0.43749383	1.0114659	0.42948717	0.78497887	1.0	4271	tags=40%, list=26%, signal=54%	
GRANULOCYTE CHEMOTAXIS%GOBP%GO:0071621	GRANULOCYTE CHEMOTAXIS%GOBP%GO:0071621		42	0.3442107	1.0113934	0.43551797	0.7847785	1.0	4911	tags=31%, list=30%, signal=44%	
METABOLISM OF WATER-SOLUBLE VITAMINS AND COFACTORS%REACTOME DATABASE ID RELEASE 93%196849	METABOLISM OF WATER-SOLUBLE VITAMINS AND COFACTORS%REACTOME DATABASE ID RELEASE 93%196849		108	0.29262194	1.011188	0.40625	0.7849819	1.0	3910	tags=27%, list=24%, signal=35%	
PID_INTEGRIN3_PATHWAY%MSIGDB_C2%PID_INTEGRIN3_PATHWAY	PID_INTEGRIN3_PATHWAY%MSIGDB_C2%PID_INTEGRIN3_PATHWAY		31	0.35511282	1.010831	0.4158215	0.78566074	1.0	2672	tags=23%, list=16%, signal=27%	
TCF DEPENDENT SIGNALING IN RESPONSE TO WNT%REACTOME DATABASE ID RELEASE 93%201681	TCF DEPENDENT SIGNALING IN RESPONSE TO WNT%REACTOME DATABASE ID RELEASE 93%201681		154	0.27882367	1.0105385	0.38812786	0.7861595	1.0	2844	tags=24%, list=17%, signal=29%	
POSITIVE REGULATION OF EPITHELIAL CELL PROLIFERATION%GOBP%GO:0050679	POSITIVE REGULATION OF EPITHELIAL CELL PROLIFERATION%GOBP%GO:0050679		105	0.29254034	1.0104505	0.39759037	0.78602046	1.0	2314	tags=13%, list=14%, signal=15%	
RNA POLYMERASE I TRANSCRIPTION TERMINATION%REACTOME DATABASE ID RELEASE 93%73863	RNA POLYMERASE I TRANSCRIPTION TERMINATION%REACTOME DATABASE ID RELEASE 93%73863		30	0.36562663	1.0103374	0.43632567	0.7859713	1.0	645	tags=13%, list=4%, signal=14%	
SMOOTH MUSCLE CELL DIFFERENTIATION%GOBP%GO:0051145	SMOOTH MUSCLE CELL DIFFERENTIATION%GOBP%GO:0051145		17	0.42173362	1.0098655	0.44357976	0.78700554	1.0	4208	tags=41%, list=26%, signal=55%	
BIOCARTA_NGF_PATHWAY%MSIGDB_C2%BIOCARTA_NGF_PATHWAY	BIOCARTA_NGF_PATHWAY%MSIGDB_C2%BIOCARTA_NGF_PATHWAY		16	0.42612368	1.0098394	0.43495935	0.78665596	1.0	67	tags=13%, list=0%, signal=13%	
NRF2 PATHWAY%WIKIPATHWAYS_20250810%WP2884%HOMO SAPIENS	NRF2 PATHWAY%WIKIPATHWAYS_20250810%WP2884%HOMO SAPIENS		65	0.31784642	1.0098172	0.4065934	0.7863056	1.0	4280	tags=42%, list=26%, signal=56%	
BIOCARTA_RACCYCD_PATHWAY%MSIGDB_C2%BIOCARTA_RACCYCD_PATHWAY	BIOCARTA_RACCYCD_PATHWAY%MSIGDB_C2%BIOCARTA_RACCYCD_PATHWAY		22	0.39825168	1.0095454	0.4516129	0.7867586	1.0	957	tags=18%, list=6%, signal=19%	
CHLORTHALIDONE ACTION PATHWAY%SMPDB%SMP0000122	CHLORTHALIDONE ACTION PATHWAY%SMPDB%SMP0000122		24	0.3941736	1.0087968	0.43512973	0.7886941	1.0	5378	tags=46%, list=33%, signal=68%	
MAMMARY GLAND DEVELOPMENT%GOBP%GO:0030879	MAMMARY GLAND DEVELOPMENT%GOBP%GO:0030879		32	0.35817933	1.0086994	0.42105263	0.78855246	1.0	2648	tags=19%, list=16%, signal=22%	
IMMUNOGLOBULIN MEDIATED IMMUNE RESPONSE%GOBP%GO:0016064	IMMUNOGLOBULIN MEDIATED IMMUNE RESPONSE%GOBP%GO:0016064		44	0.33742878	1.0086648	0.4234801	0.7882466	1.0	4924	tags=52%, list=30%, signal=74%	
COPII VESICLE COATING%GOBP%GO:0048208	COPII VESICLE COATING%GOBP%GO:0048208		18	0.41301346	1.0085125	0.4212679	0.7882858	1.0	3054	tags=56%, list=19%, signal=68%	
NEGATIVE REGULATION OF ADAPTIVE IMMUNE RESPONSE%GOBP%GO:0002820	NEGATIVE REGULATION OF ADAPTIVE IMMUNE RESPONSE%GOBP%GO:0002820		37	0.3544323	1.0083183	0.43534482	0.7884882	1.0	2938	tags=24%, list=18%, signal=30%	
5-HYDROXYTRYPTAMINE DEGREDATION%PANTHER PATHWAY%P04372	5-HYDROXYTRYPTAMINE DEGREDATION%PANTHER PATHWAY%P04372		17	0.41937393	1.0080022	0.4329897	0.78901845	1.0	2533	tags=18%, list=15%, signal=21%	
ESTABLISHMENT OF PROTEIN LOCALIZATION TO PLASMA MEMBRANE%GOBP%GO:0061951	ESTABLISHMENT OF PROTEIN LOCALIZATION TO PLASMA MEMBRANE%GOBP%GO:0061951		41	0.34039298	1.0077645	0.4434968	0.7893287	1.0	2719	tags=27%, list=17%, signal=32%	
GLUCOSE TRANSPORTER DEFECT (SGLT2)%SMPDB%SMP0000184	GLUCOSE TRANSPORTER DEFECT (SGLT2)%SMPDB%SMP0000184		24	0.3941736	1.007502	0.43496802	0.7897024	1.0	5378	tags=46%, list=33%, signal=68%	
PID_VEGFR1_2_PATHWAY%MSIGDB_C2%PID_VEGFR1_2_PATHWAY	PID_VEGFR1_2_PATHWAY%MSIGDB_C2%PID_VEGFR1_2_PATHWAY		49	0.3308315	1.0072758	0.41885966	0.7899939	1.0	1897	tags=20%, list=12%, signal=23%	
PD-1 SIGNALING%REACTOME%R-HSA-389948.6	PD-1 SIGNALING%REACTOME%R-HSA-389948.6		21	0.39500856	1.0072361	0.42632613	0.7897127	1.0	306	tags=10%, list=2%, signal=10%	
NEGATIVE REGULATION OF CELL ACTIVATION%GOBP%GO:0050866	NEGATIVE REGULATION OF CELL ACTIVATION%GOBP%GO:0050866		132	0.27998537	1.0069901	0.4366812	0.79004186	1.0	4205	tags=29%, list=26%, signal=38%	
3-METHYLTHIOFENTANYL ACTION PATHWAY%PATHWHIZ%PW000656	3-METHYLTHIOFENTANYL ACTION PATHWAY%PATHWHIZ%PW000656		18	0.3978525	1.0069492	0.43243244	0.7897322	1.0	1666	tags=11%, list=10%, signal=12%	
SYNTHESIS OF IP3 AND IP4 IN THE CYTOSOL%REACTOME%R-HSA-1855204.5	SYNTHESIS OF IP3 AND IP4 IN THE CYTOSOL%REACTOME%R-HSA-1855204.5		23	0.38769695	1.0068933	0.4449244	0.78947616	1.0	1590	tags=17%, list=10%, signal=19%	
SPIRONOLACTONE ACTION PATHWAY%SMPDB%SMP0000134	SPIRONOLACTONE ACTION PATHWAY%SMPDB%SMP0000134		24	0.3941736	1.0066835	0.44513458	0.7897372	1.0	5378	tags=46%, list=33%, signal=68%	
HARTNUP DISORDER%SMPDB%SMP0000189	HARTNUP DISORDER%SMPDB%SMP0000189		24	0.3941736	1.00659	0.45073375	0.78961205	1.0	5378	tags=46%, list=33%, signal=68%	
CARDIAC MUSCLE CELL DIFFERENTIATION%GOBP%GO:0055007	CARDIAC MUSCLE CELL DIFFERENTIATION%GOBP%GO:0055007		36	0.3535867	1.0064689	0.44421488	0.78956527	1.0	2180	tags=17%, list=13%, signal=19%	
CELLULAR RESPONSE TO CHEMOKINE%GOBP%GO:1990869	CELLULAR RESPONSE TO CHEMOKINE%GOBP%GO:1990869		49	0.3295739	1.006393	0.43290043	0.78937566	1.0	2590	tags=18%, list=16%, signal=22%	
REGULATION OF TRANSCRIPTION ELONGATION BY RNA POLYMERASE II%GOBP%GO:0034243	REGULATION OF TRANSCRIPTION ELONGATION BY RNA POLYMERASE II%GOBP%GO:0034243		77	0.3084935	1.0062164	0.44276458	0.7895218	1.0	1869	tags=17%, list=11%, signal=19%	
METHYCLOTHIAZIDE ACTION PATHWAY%PATHWHIZ%PW000327	METHYCLOTHIAZIDE ACTION PATHWAY%PATHWHIZ%PW000327		24	0.3941736	1.00621	0.43004116	0.78911626	1.0	5378	tags=46%, list=33%, signal=68%	
CYSTINURIA%PATHWHIZ%PW000700	CYSTINURIA%PATHWHIZ%PW000700		24	0.3941736	1.0061303	0.43917525	0.78894967	1.0	5378	tags=46%, list=33%, signal=68%	
VESICLE TARGETING, ROUGH ER TO CIS-GOLGI%GOBP%GO:0048207	VESICLE TARGETING, ROUGH ER TO CIS-GOLGI%GOBP%GO:0048207		18	0.41301346	1.0061233	0.46707818	0.7885506	1.0	3054	tags=56%, list=19%, signal=68%	
AURORA A SIGNALING%PATHWAY INTERACTION DATABASE NCI-NATURE CURATED DATA%AURORA A SIGNALING	AURORA A SIGNALING%PATHWAY INTERACTION DATABASE NCI-NATURE CURATED DATA%AURORA A SIGNALING		29	0.37458506	1.0060409	0.43035343	0.78836656	1.0	1933	tags=31%, list=12%, signal=35%	
BIOCARTA_PDGF_PATHWAY%MSIGDB_C2%BIOCARTA_PDGF_PATHWAY	BIOCARTA_PDGF_PATHWAY%MSIGDB_C2%BIOCARTA_PDGF_PATHWAY		22	0.40077594	1.0059576	0.45833334	0.7882129	1.0	67	tags=9%, list=0%, signal=9%	
ER QUALITY CONTROL COMPARTMENT (ERQC)%REACTOME%R-HSA-901032.7	ER QUALITY CONTROL COMPARTMENT (ERQC)%REACTOME%R-HSA-901032.7		20	0.40944386	1.0059133	0.45081967	0.78792715	1.0	4475	tags=60%, list=27%, signal=82%	
HAIR CYCLE%GOBP%GO:0042633	HAIR CYCLE%GOBP%GO:0042633		16	0.42481622	1.0057386	0.44621515	0.7880292	1.0	5173	tags=50%, list=32%, signal=73%	
PID_P53_DOWNSTREAM_PATHWAY%MSIGDB_C2%PID_P53_DOWNSTREAM_PATHWAY	PID_P53_DOWNSTREAM_PATHWAY%MSIGDB_C2%PID_P53_DOWNSTREAM_PATHWAY		108	0.29122368	1.0056047	0.4342723	0.78801864	1.0	2478	tags=23%, list=15%, signal=27%	
REGULATION OF ACTIN CYTOSKELETON%WIKIPATHWAYS_20250810%WP51%HOMO SAPIENS	REGULATION OF ACTIN CYTOSKELETON%WIKIPATHWAYS_20250810%WP51%HOMO SAPIENS		94	0.30116072	1.00549	0.40764332	0.78796583	1.0	2020	tags=17%, list=12%, signal=19%	
REGULATION OF RUFFLE ASSEMBLY%GOBP%GO:1900027	REGULATION OF RUFFLE ASSEMBLY%GOBP%GO:1900027		21	0.39531386	1.0045873	0.44715446	0.7903865	1.0	2350	tags=29%, list=14%, signal=33%	
BONE MINERALIZATION%GOBP%GO:0030282	BONE MINERALIZATION%GOBP%GO:0030282		17	0.42199653	1.0043614	0.4512195	0.7906654	1.0	1400	tags=18%, list=9%, signal=19%	
TSH%NETPATH%TSH	TSH%NETPATH%TSH		18	0.41027382	1.0043235	0.458	0.79035574	1.0	1897	tags=22%, list=12%, signal=25%	
WARBURG EFFECT%SMPDB%SMP0087270	WARBURG EFFECT%SMPDB%SMP0087270		37	0.34808263	1.0041953	0.42465752	0.7903336	1.0	1989	tags=22%, list=12%, signal=25%	
HALLMARK_FATTY_ACID_METABOLISM%MSIGDBHALLMARK%HALLMARK_FATTY_ACID_METABOLISM	HALLMARK_FATTY_ACID_METABOLISM%MSIGDBHALLMARK%HALLMARK_FATTY_ACID_METABOLISM		94	0.2952619	1.0039933	0.437788	0.7905353	1.0	3064	tags=30%, list=19%, signal=36%	
SPHINGOLIPID METABOLIC PROCESS%GOBP%GO:0006665	SPHINGOLIPID METABOLIC PROCESS%GOBP%GO:0006665		119	0.28998214	1.0039551	0.4608076	0.79021496	1.0	3640	tags=27%, list=22%, signal=34%	
EPHA2 FORWARD SIGNALING%PATHWAY INTERACTION DATABASE NCI-NATURE CURATED DATA%EPHA2 FORWARD SIGNALING	EPHA2 FORWARD SIGNALING%PATHWAY INTERACTION DATABASE NCI-NATURE CURATED DATA%EPHA2 FORWARD SIGNALING		18	0.41804197	1.0039234	0.44142258	0.7898975	1.0	2412	tags=28%, list=15%, signal=33%	
REGULATION OF RELEASE OF SEQUESTERED CALCIUM ION INTO CYTOSOL BY SARCOPLASMIC RETICULUM%GOBP%GO:0010880	REGULATION OF RELEASE OF SEQUESTERED CALCIUM ION INTO CYTOSOL BY SARCOPLASMIC RETICULUM%GOBP%GO:0010880		22	0.38192585	1.0039048	0.41153082	0.7895419	1.0	821	tags=14%, list=5%, signal=14%	
SPROUTING ANGIOGENESIS%GOBP%GO:0002040	SPROUTING ANGIOGENESIS%GOBP%GO:0002040		50	0.32679057	1.003893	0.44615385	0.7891593	1.0	3062	tags=26%, list=19%, signal=32%	
NEGATIVE REGULATION OF RHO PROTEIN SIGNAL TRANSDUCTION%GOBP%GO:0035024	NEGATIVE REGULATION OF RHO PROTEIN SIGNAL TRANSDUCTION%GOBP%GO:0035024		15	0.43263876	1.0036397	0.4288618	0.7895468	1.0	1728	tags=20%, list=11%, signal=22%	
REGULATION OF LYMPHOCYTE DIFFERENTIATION%GOBP%GO:0045619	REGULATION OF LYMPHOCYTE DIFFERENTIATION%GOBP%GO:0045619		134	0.28877574	1.003586	0.4407583	0.7893089	1.0	2938	tags=19%, list=18%, signal=23%	
PERIPHERAL NERVOUS SYSTEM DEVELOPMENT%GOBP%GO:0007422	PERIPHERAL NERVOUS SYSTEM DEVELOPMENT%GOBP%GO:0007422		29	0.36273074	1.0030582	0.43664718	0.7904895	1.0	2159	tags=14%, list=13%, signal=16%	
REGULATION OF MONONUCLEAR CELL MIGRATION%GOBP%GO:0071675	REGULATION OF MONONUCLEAR CELL MIGRATION%GOBP%GO:0071675		95	0.29844663	1.0027552	0.46121594	0.7909613	1.0	2938	tags=23%, list=18%, signal=28%	
REGULATION OF LYMPHOCYTE PROLIFERATION%GOBP%GO:0050670	REGULATION OF LYMPHOCYTE PROLIFERATION%GOBP%GO:0050670		129	0.284222	1.0021976	0.45727482	0.79227906	1.0	3153	tags=18%, list=19%, signal=22%	
CELLULAR PIGMENTATION%GOBP%GO:0033059	CELLULAR PIGMENTATION%GOBP%GO:0033059		46	0.33576894	1.0018569	0.4307036	0.7929597	1.0	2543	tags=33%, list=15%, signal=38%	
MOLTING CYCLE%GOBP%GO:0042303	MOLTING CYCLE%GOBP%GO:0042303		16	0.42481622	1.0016788	0.44918698	0.7931146	1.0	5173	tags=50%, list=32%, signal=73%	
NEPHRON EPITHELIUM DEVELOPMENT%GOBP%GO:0072009	NEPHRON EPITHELIUM DEVELOPMENT%GOBP%GO:0072009		37	0.3524867	1.0016507	0.4527163	0.79278606	1.0	6	tags=3%, list=0%, signal=3%	
NUCLEAR RECEPTORS META PATHWAY%WIKIPATHWAYS_20250810%WP2882%HOMO SAPIENS	NUCLEAR RECEPTORS META PATHWAY%WIKIPATHWAYS_20250810%WP2882%HOMO SAPIENS		175	0.2739032	1.0016289	0.43851507	0.7924241	1.0	4025	tags=30%, list=25%, signal=39%	
REGULATION OF MIRNA TRANSCRIPTION%GOBP%GO:1902893	REGULATION OF MIRNA TRANSCRIPTION%GOBP%GO:1902893		60	0.31879845	1.0011307	0.4234234	0.79352015	1.0	1809	tags=15%, list=11%, signal=17%	
CONSTITUTIVE HETEROCHROMATIN FORMATION%GOBP%GO:0140719	CONSTITUTIVE HETEROCHROMATIN FORMATION%GOBP%GO:0140719		44	0.33984667	1.0011072	0.45473683	0.79317284	1.0	1826	tags=23%, list=11%, signal=26%	
PID_ERBB1_DOWNSTREAM_PATHWAY%MSIGDB_C2%PID_ERBB1_DOWNSTREAM_PATHWAY	PID_ERBB1_DOWNSTREAM_PATHWAY%MSIGDB_C2%PID_ERBB1_DOWNSTREAM_PATHWAY		80	0.30405876	1.0007999	0.44494382	0.7937439	1.0	1780	tags=18%, list=11%, signal=20%	
POTENTIAL THERAPEUTICS FOR SARS%REACTOME%R-HSA-9679191.5	POTENTIAL THERAPEUTICS FOR SARS%REACTOME%R-HSA-9679191.5		87	0.3010116	1.0003539	0.44517544	0.7946839	1.0	2607	tags=28%, list=16%, signal=33%	
METABOTROPIC GLUTAMATE RECEPTOR GROUP I PATHWAY%PANTHER PATHWAY%P00041	METABOTROPIC GLUTAMATE RECEPTOR GROUP I PATHWAY%PANTHER PATHWAY%P00041		21	0.3987376	1.0000877	0.45708582	0.7950747	1.0	1440	tags=14%, list=9%, signal=16%	
LONG-CHAIN FATTY ACID METABOLIC PROCESS%GOBP%GO:0001676	LONG-CHAIN FATTY ACID METABOLIC PROCESS%GOBP%GO:0001676		67	0.3129882	0.9999512	0.4497717	0.7950616	1.0	3771	tags=25%, list=23%, signal=33%	
VESICLE DOCKING INVOLVED IN EXOCYTOSIS%GOBP%GO:0006904	VESICLE DOCKING INVOLVED IN EXOCYTOSIS%GOBP%GO:0006904		32	0.3650962	0.9996878	0.45661157	0.7954424	1.0	2034	tags=25%, list=12%, signal=28%	
NEGATIVE REGULATION OF APOPTOTIC SIGNALING PATHWAY%GOBP%GO:2001234	NEGATIVE REGULATION OF APOPTOTIC SIGNALING PATHWAY%GOBP%GO:2001234		139	0.27673754	0.9989746	0.4372093	0.7972149	1.0	2035	tags=19%, list=12%, signal=21%	
HSF1-DEPENDENT TRANSACTIVATION%REACTOME DATABASE ID RELEASE 93%3371571	HSF1-DEPENDENT TRANSACTIVATION%REACTOME DATABASE ID RELEASE 93%3371571		22	0.39743897	0.9986319	0.45286885	0.79784316	1.0	2387	tags=32%, list=15%, signal=37%	
CARBOXYLIC ACID BIOSYNTHETIC PROCESS%GOBP%GO:0046394	CARBOXYLIC ACID BIOSYNTHETIC PROCESS%GOBP%GO:0046394		166	0.27521634	0.99855626	0.44266054	0.7976711	1.0	3771	tags=23%, list=23%, signal=30%	
SELENIUM MICRONUTRIENT NETWORK%WIKIPATHWAYS_20250810%WP15%HOMO SAPIENS	SELENIUM MICRONUTRIENT NETWORK%WIKIPATHWAYS_20250810%WP15%HOMO SAPIENS		45	0.3368383	0.9985027	0.46031746	0.7974288	1.0	1945	tags=18%, list=12%, signal=20%	
PID_CXCR4_PATHWAY%MSIGDB_C2%PID_CXCR4_PATHWAY	PID_CXCR4_PATHWAY%MSIGDB_C2%PID_CXCR4_PATHWAY		71	0.3099837	0.9982145	0.45670995	0.7978893	1.0	1996	tags=21%, list=12%, signal=24%	
CIRCADIAN CLOCK%REACTOME%R-HSA-9909396.2	CIRCADIAN CLOCK%REACTOME%R-HSA-9909396.2		101	0.29265562	0.9980402	0.45394737	0.7980154	1.0	3054	tags=31%, list=19%, signal=37%	
CELL SURFACE RECEPTOR SIGNALING PATHWAY VIA JAK-STAT%GOBP%GO:0007259	CELL SURFACE RECEPTOR SIGNALING PATHWAY VIA JAK-STAT%GOBP%GO:0007259		33	0.35193646	0.99799776	0.44820297	0.7977204	1.0	1400	tags=18%, list=9%, signal=20%	
SIGNALING BY INSULIN RECEPTOR%REACTOME DATABASE ID RELEASE 93%74752	SIGNALING BY INSULIN RECEPTOR%REACTOME DATABASE ID RELEASE 93%74752		55	0.32422772	0.9978345	0.45168066	0.79780287	1.0	1472	tags=15%, list=9%, signal=16%	
POSITIVE REGULATION OF MONOATOMIC ION TRANSPORT%GOBP%GO:0043270	POSITIVE REGULATION OF MONOATOMIC ION TRANSPORT%GOBP%GO:0043270		98	0.2949769	0.99782044	0.4361949	0.7974227	1.0	2590	tags=17%, list=16%, signal=20%	
LIPOSACCHARIDE METABOLIC PROCESS%GOBP%GO:1903509	LIPOSACCHARIDE METABOLIC PROCESS%GOBP%GO:1903509		77	0.30203354	0.997458	0.42727274	0.79813254	1.0	3640	tags=36%, list=22%, signal=47%	
ATRIOVENTRICULAR VALVE MORPHOGENESIS%GOBP%GO:0003181	ATRIOVENTRICULAR VALVE MORPHOGENESIS%GOBP%GO:0003181		21	0.38904032	0.9973112	0.43353784	0.79818904	1.0	4072	tags=29%, list=25%, signal=38%	
PID_IL8_CXCR1_PATHWAY%MSIGDB_C2%PID_IL8_CXCR1_PATHWAY	PID_IL8_CXCR1_PATHWAY%MSIGDB_C2%PID_IL8_CXCR1_PATHWAY		15	0.42219862	0.9972834	0.45322245	0.7978636	1.0	3477	tags=27%, list=21%, signal=34%	
CELL-SUBSTRATE ADHESION%GOBP%GO:0031589	CELL-SUBSTRATE ADHESION%GOBP%GO:0031589		127	0.27980283	0.9971533	0.46064815	0.79785687	1.0	2516	tags=18%, list=15%, signal=21%	
CLATHRIN COAT ASSEMBLY%GOBP%GO:0048268	CLATHRIN COAT ASSEMBLY%GOBP%GO:0048268		15	0.4294113	0.99713856	0.4883227	0.7974842	1.0	2617	tags=27%, list=16%, signal=32%	
HALLMARK_UNFOLDED_PROTEIN_RESPONSE%MSIGDBHALLMARK%HALLMARK_UNFOLDED_PROTEIN_RESPONSE	HALLMARK_UNFOLDED_PROTEIN_RESPONSE%MSIGDBHALLMARK%HALLMARK_UNFOLDED_PROTEIN_RESPONSE		86	0.30168146	0.9968336	0.43333334	0.7980369	1.0	3451	tags=33%, list=21%, signal=41%	
FOLLICLE STIMULATING HORMONE FSH SIGNALING%WIKIPATHWAYS_20250810%WP2035%HOMO SAPIENS	FOLLICLE STIMULATING HORMONE FSH SIGNALING%WIKIPATHWAYS_20250810%WP2035%HOMO SAPIENS		19	0.4074495	0.9966291	0.44238684	0.7982707	1.0	787	tags=16%, list=5%, signal=17%	
SIGNALING EVENTS REGULATED BY RET TYROSINE KINASE%PATHWAY INTERACTION DATABASE NCI-NATURE CURATED DATA%SIGNALING EVENTS REGULATED BY RET TYROSINE KINASE	SIGNALING EVENTS REGULATED BY RET TYROSINE KINASE%PATHWAY INTERACTION DATABASE NCI-NATURE CURATED DATA%SIGNALING EVENTS REGULATED BY RET TYROSINE KINASE		37	0.35051632	0.99643123	0.4741573	0.79848135	1.0	1197	tags=24%, list=7%, signal=26%	
DNA REPLICATION PRE-INITIATION%REACTOME%R-HSA-69002.4	DNA REPLICATION PRE-INITIATION%REACTOME%R-HSA-69002.4		95	0.292973	0.99613535	0.45869565	0.7989833	1.0	2844	tags=27%, list=17%, signal=33%	
ROLE OF CALCINEURIN-DEPENDENT NFAT SIGNALING IN LYMPHOCYTES%PATHWAY INTERACTION DATABASE NCI-NATURE CURATED DATA%ROLE OF CALCINEURIN-DEPENDENT NFAT SIGNALING IN LYMPHOCYTES	ROLE OF CALCINEURIN-DEPENDENT NFAT SIGNALING IN LYMPHOCYTES%PATHWAY INTERACTION DATABASE NCI-NATURE CURATED DATA%ROLE OF CALCINEURIN-DEPENDENT NFAT SIGNALING IN LYMPHOCYTES		49	0.32907486	0.9961016	0.45473683	0.79867387	1.0	1025	tags=12%, list=6%, signal=13%	
GLAND DEVELOPMENT%GOBP%GO:0048732	GLAND DEVELOPMENT%GOBP%GO:0048732		88	0.30136228	0.9957422	0.48034933	0.79935634	1.0	3676	tags=22%, list=22%, signal=28%	
POSITIVE REGULATION OF ALCOHOL BIOSYNTHETIC PROCESS%GOBP%GO:1902932	POSITIVE REGULATION OF ALCOHOL BIOSYNTHETIC PROCESS%GOBP%GO:1902932		20	0.40226877	0.9957188	0.45030427	0.799005	1.0	3258	tags=20%, list=20%, signal=25%	
GLYCOSYL COMPOUND CATABOLIC PROCESS%GOBP%GO:1901658	GLYCOSYL COMPOUND CATABOLIC PROCESS%GOBP%GO:1901658		18	0.40903828	0.99513376	0.47580644	0.80038863	1.0	2818	tags=39%, list=17%, signal=47%	
POSITIVE REGULATION OF MONONUCLEAR CELL PROLIFERATION%GOBP%GO:0032946	POSITIVE REGULATION OF MONONUCLEAR CELL PROLIFERATION%GOBP%GO:0032946		79	0.30219096	0.9951039	0.46394232	0.80006737	1.0	2389	tags=14%, list=15%, signal=16%	
REACTIVE OXYGEN SPECIES METABOLIC PROCESS%GOBP%GO:0072593	REACTIVE OXYGEN SPECIES METABOLIC PROCESS%GOBP%GO:0072593		51	0.3292068	0.99469995	0.4489796	0.80091345	1.0	3809	tags=33%, list=23%, signal=43%	
CARFENTANIL ACTION PATHWAY%SMPDB%SMP0000414	CARFENTANIL ACTION PATHWAY%SMPDB%SMP0000414		18	0.3978525	0.9944829	0.48118812	0.8011613	1.0	1666	tags=11%, list=10%, signal=12%	
GLYCOSPHINGOLIPID BIOSYNTHETIC PROCESS%GOBP%GO:0006688	GLYCOSPHINGOLIPID BIOSYNTHETIC PROCESS%GOBP%GO:0006688		32	0.36036706	0.9939597	0.4361055	0.8023761	1.0	4440	tags=34%, list=27%, signal=47%	
REGULATION OF MACROPHAGE DIFFERENTIATION%GOBP%GO:0045649	REGULATION OF MACROPHAGE DIFFERENTIATION%GOBP%GO:0045649		15	0.42863676	0.9935246	0.47708333	0.8033438	1.0	1809	tags=20%, list=11%, signal=22%	
POSITIVE REGULATION OF LYMPHOCYTE PROLIFERATION%GOBP%GO:0050671	POSITIVE REGULATION OF LYMPHOCYTE PROLIFERATION%GOBP%GO:0050671		78	0.3022769	0.9931992	0.46726862	0.8039421	1.0	2389	tags=14%, list=15%, signal=16%	
REGULATION OF INTRACELLULAR STEROID HORMONE RECEPTOR SIGNALING PATHWAY%GOBP%GO:0033143	REGULATION OF INTRACELLULAR STEROID HORMONE RECEPTOR SIGNALING PATHWAY%GOBP%GO:0033143		58	0.31945193	0.99261755	0.4564756	0.8053626	1.0	2173	tags=24%, list=13%, signal=28%	
BIOCARTA_HER2_PATHWAY%MSIGDB_C2%BIOCARTA_HER2_PATHWAY	BIOCARTA_HER2_PATHWAY%MSIGDB_C2%BIOCARTA_HER2_PATHWAY		19	0.4067428	0.9925161	0.47826087	0.8052771	1.0	67	tags=11%, list=0%, signal=11%	
CELL CHEMOTAXIS%GOBP%GO:0060326	CELL CHEMOTAXIS%GOBP%GO:0060326		128	0.28074777	0.99224234	0.45535713	0.8057003	1.0	3567	tags=20%, list=22%, signal=26%	
POSITIVE REGULATION OF CYTOSKELETON ORGANIZATION%GOBP%GO:0051495	POSITIVE REGULATION OF CYTOSKELETON ORGANIZATION%GOBP%GO:0051495		137	0.27763888	0.9921178	0.47215497	0.8056617	1.0	2556	tags=20%, list=16%, signal=23%	
REGULATION OF RECEPTOR-MEDIATED ENDOCYTOSIS%GOBP%GO:0048259	REGULATION OF RECEPTOR-MEDIATED ENDOCYTOSIS%GOBP%GO:0048259		74	0.3048015	0.99204487	0.4401806	0.8054809	1.0	1591	tags=18%, list=10%, signal=19%	
FORMATION OF TUBULIN FOLDING INTERMEDIATES BY CCT TRIC%REACTOME DATABASE ID RELEASE 93%389960	FORMATION OF TUBULIN FOLDING INTERMEDIATES BY CCT TRIC%REACTOME DATABASE ID RELEASE 93%389960		19	0.41128188	0.9919664	0.46855983	0.80529255	1.0	3209	tags=37%, list=20%, signal=46%	
G2 M CHECKPOINTS%REACTOME%R-HSA-69481.5	G2 M CHECKPOINTS%REACTOME%R-HSA-69481.5		123	0.28631505	0.99190617	0.44547564	0.80506766	1.0	2844	tags=22%, list=17%, signal=26%	
CELL SURFACE RECEPTOR SIGNALING PATHWAY VIA STAT%GOBP%GO:0097696	CELL SURFACE RECEPTOR SIGNALING PATHWAY VIA STAT%GOBP%GO:0097696		40	0.3396277	0.99162835	0.47679326	0.80551696	1.0	1400	tags=18%, list=9%, signal=19%	
RESPONSE TO CHEMOKINE%GOBP%GO:1990868	RESPONSE TO CHEMOKINE%GOBP%GO:1990868		49	0.3295739	0.99148464	0.44585988	0.80554676	1.0	2590	tags=18%, list=16%, signal=22%	
RAS SIGNALING%WIKIPATHWAYS_20250810%WP4223%HOMO SAPIENS	RAS SIGNALING%WIKIPATHWAYS_20250810%WP4223%HOMO SAPIENS		119	0.2831215	0.9914472	0.47555557	0.8052535	1.0	1825	tags=12%, list=11%, signal=13%	
REGULATION OF CDH1 GENE TRANSCRIPTION%REACTOME DATABASE ID RELEASE 93%9764560	REGULATION OF CDH1 GENE TRANSCRIPTION%REACTOME DATABASE ID RELEASE 93%9764560		54	0.3227198	0.99144477	0.44978166	0.8048509	1.0	2503	tags=20%, list=15%, signal=24%	
PORPHYRIN-CONTAINING COMPOUND BIOSYNTHETIC PROCESS%GOBP%GO:0006779	PORPHYRIN-CONTAINING COMPOUND BIOSYNTHETIC PROCESS%GOBP%GO:0006779		18	0.4174354	0.9908662	0.47046843	0.80628574	1.0	1678	tags=28%, list=10%, signal=31%	
JNK CASCADE%GOBP%GO:0007254	JNK CASCADE%GOBP%GO:0007254		31	0.36322457	0.99084115	0.48319328	0.80595756	1.0	3041	tags=26%, list=19%, signal=32%	
COSTIMULATION BY THE CD28 FAMILY%REACTOME%R-HSA-388841.8	COSTIMULATION BY THE CD28 FAMILY%REACTOME%R-HSA-388841.8		66	0.3075238	0.9900501	0.46136865	0.8079973	1.0	1933	tags=17%, list=12%, signal=19%	
SIGNALING BY NOTCH2%REACTOME%R-HSA-1980145.4	SIGNALING BY NOTCH2%REACTOME%R-HSA-1980145.4		28	0.3661008	0.98995286	0.46370968	0.8079211	1.0	3974	tags=50%, list=24%, signal=66%	
POSITIVE REGULATION OF EPIDERMIS DEVELOPMENT%GOBP%GO:0045684	POSITIVE REGULATION OF EPIDERMIS DEVELOPMENT%GOBP%GO:0045684		22	0.38794035	0.9898326	0.47722772	0.80789304	1.0	4509	tags=41%, list=27%, signal=56%	
REGULATION OF PEPTIDASE ACTIVITY%GOBP%GO:0052547	REGULATION OF PEPTIDASE ACTIVITY%GOBP%GO:0052547		15	0.41923457	0.98978096	0.46391752	0.8076401	1.0	1342	tags=27%, list=8%, signal=29%	
PYRIMIDINE NUCLEOTIDE BIOSYNTHETIC PROCESS%GOBP%GO:0006221	PYRIMIDINE NUCLEOTIDE BIOSYNTHETIC PROCESS%GOBP%GO:0006221		20	0.40655267	0.989686	0.51340204	0.807508	1.0	1674	tags=15%, list=10%, signal=17%	
ALK1 SIGNALING EVENTS%PATHWAY INTERACTION DATABASE NCI-NATURE CURATED DATA%ALK1 SIGNALING EVENTS	ALK1 SIGNALING EVENTS%PATHWAY INTERACTION DATABASE NCI-NATURE CURATED DATA%ALK1 SIGNALING EVENTS		22	0.3921424	0.98967516	0.47032967	0.8071251	1.0	607	tags=14%, list=4%, signal=14%	
SYNDECAN-4-MEDIATED SIGNALING EVENTS%PATHWAY INTERACTION DATABASE NCI-NATURE CURATED DATA%SYNDECAN-4-MEDIATED SIGNALING EVENTS	SYNDECAN-4-MEDIATED SIGNALING EVENTS%PATHWAY INTERACTION DATABASE NCI-NATURE CURATED DATA%SYNDECAN-4-MEDIATED SIGNALING EVENTS		29	0.35972357	0.9896699	0.47285068	0.806726	1.0	3076	tags=28%, list=19%, signal=34%	
POSITIVE REGULATION OF STEM CELL DIFFERENTIATION%GOBP%GO:2000738	POSITIVE REGULATION OF STEM CELL DIFFERENTIATION%GOBP%GO:2000738		17	0.40546018	0.9895217	0.4710579	0.8067878	1.0	4	tags=6%, list=0%, signal=6%	
AMINO ACID TRANSMEMBRANE TRANSPORT%GOBP%GO:0003333	AMINO ACID TRANSMEMBRANE TRANSPORT%GOBP%GO:0003333		56	0.3181011	0.98938316	0.4574468	0.80680084	1.0	2398	tags=23%, list=15%, signal=27%	
GLYCEROPHOSPHOLIPID BIOSYNTHESIS%REACTOME DATABASE ID RELEASE 93%1483206	GLYCEROPHOSPHOLIPID BIOSYNTHESIS%REACTOME DATABASE ID RELEASE 93%1483206		107	0.2876371	0.98929137	0.4830918	0.8066848	1.0	2002	tags=14%, list=12%, signal=16%	
OXYBUPROCAINE ACTION PATHWAY%SMPDB%SMP0000400	OXYBUPROCAINE ACTION PATHWAY%SMPDB%SMP0000400		18	0.3978525	0.9892539	0.47689074	0.8063846	1.0	1666	tags=11%, list=10%, signal=12%	
REGULATION OF BODY FLUID LEVELS%GOBP%GO:0050878	REGULATION OF BODY FLUID LEVELS%GOBP%GO:0050878		182	0.26943105	0.9892204	0.46135265	0.80606264	1.0	4723	tags=38%, list=29%, signal=53%	
TISSUE REMODELING%GOBP%GO:0048771	TISSUE REMODELING%GOBP%GO:0048771		34	0.35576344	0.9891152	0.46121594	0.80598557	1.0	4280	tags=32%, list=26%, signal=44%	
TARGET OF RAPAMYCIN SIGNALING%WIKIPATHWAYS_20250810%WP1471%HOMO SAPIENS	TARGET OF RAPAMYCIN SIGNALING%WIKIPATHWAYS_20250810%WP1471%HOMO SAPIENS		28	0.36437416	0.98907655	0.46561885	0.8057085	1.0	1675	tags=18%, list=10%, signal=20%	
BENZOCAINE ACTION PATHWAY%SMPDB%SMP0000392	BENZOCAINE ACTION PATHWAY%SMPDB%SMP0000392		18	0.3978525	0.9887834	0.4606299	0.80617875	1.0	1666	tags=11%, list=10%, signal=12%	
MET IN TYPE 1 PAPILLARY RENAL CELL CARCINOMA%WIKIPATHWAYS_20250810%WP4205%HOMO SAPIENS	MET IN TYPE 1 PAPILLARY RENAL CELL CARCINOMA%WIKIPATHWAYS_20250810%WP4205%HOMO SAPIENS		44	0.3358346	0.9882713	0.47916666	0.80733657	1.0	67	tags=9%, list=0%, signal=9%	
SUFENTANIL ACTION PATHWAY%PATHWHIZ%PW000423	SUFENTANIL ACTION PATHWAY%PATHWHIZ%PW000423		18	0.3978525	0.98823005	0.47186148	0.80705863	1.0	1666	tags=11%, list=10%, signal=12%	
DETOXIFICATION%GOBP%GO:0098754	DETOXIFICATION%GOBP%GO:0098754		56	0.31798646	0.9878299	0.47402596	0.80787385	1.0	4268	tags=36%, list=26%, signal=48%	
PROTEIN ACYLATION%GOBP%GO:0043543	PROTEIN ACYLATION%GOBP%GO:0043543		45	0.33457708	0.9874603	0.47844827	0.8085533	1.0	1407	tags=18%, list=9%, signal=19%	
ALFENTANIL ACTION PATHWAY%PATHWHIZ%PW000419	ALFENTANIL ACTION PATHWAY%PATHWHIZ%PW000419		18	0.3978525	0.98709494	0.47683397	0.8092501	1.0	1666	tags=11%, list=10%, signal=12%	
REGULATION OF REACTIVE OXYGEN SPECIES METABOLIC PROCESS%GOBP%GO:2000377	REGULATION OF REACTIVE OXYGEN SPECIES METABOLIC PROCESS%GOBP%GO:2000377		84	0.29744056	0.9868075	0.4740566	0.80966735	1.0	3827	tags=26%, list=23%, signal=34%	
FOCAL ADHESION%WIKIPATHWAYS_20250810%WP306%HOMO SAPIENS	FOCAL ADHESION%WIKIPATHWAYS_20250810%WP306%HOMO SAPIENS		145	0.2725712	0.98677945	0.45754716	0.80933946	1.0	2855	tags=20%, list=17%, signal=24%	
PYRIMIDINE NUCLEOTIDE CATABOLIC PROCESS%GOBP%GO:0006244	PYRIMIDINE NUCLEOTIDE CATABOLIC PROCESS%GOBP%GO:0006244		19	0.40733963	0.9867569	0.48337027	0.8090008	1.0	3772	tags=42%, list=23%, signal=55%	
NUCLEOTIDE-SUGAR BIOSYNTHETIC PROCESS%GOBP%GO:0009226	NUCLEOTIDE-SUGAR BIOSYNTHETIC PROCESS%GOBP%GO:0009226		24	0.37802854	0.98643184	0.48414376	0.8095869	1.0	2574	tags=33%, list=16%, signal=39%	
PKA-MEDIATED PHOSPHORYLATION OF CREB%REACTOME%R-HSA-111931.3	PKA-MEDIATED PHOSPHORYLATION OF CREB%REACTOME%R-HSA-111931.3		18	0.40468854	0.98614246	0.49893844	0.8100422	1.0	4788	tags=50%, list=29%, signal=71%	
CODEINE ACTION PATHWAY%PATHWHIZ%PW000411	CODEINE ACTION PATHWAY%PATHWHIZ%PW000411		18	0.39785254	0.985982	0.47942388	0.8101339	1.0	1666	tags=11%, list=10%, signal=12%	
HOST INTERACTIONS OF HIV FACTORS%REACTOME DATABASE ID RELEASE 93%162909	HOST INTERACTIONS OF HIV FACTORS%REACTOME DATABASE ID RELEASE 93%162909		109	0.2859677	0.9858106	0.4955157	0.81024647	1.0	3247	tags=31%, list=20%, signal=39%	
DIBUCAINE ACTION PATHWAY%SMPDB%SMP0000396	DIBUCAINE ACTION PATHWAY%SMPDB%SMP0000396		18	0.3978525	0.985728	0.46666667	0.8101048	1.0	1666	tags=11%, list=10%, signal=12%	
NEGATIVE REGULATION OF INTRINSIC APOPTOTIC SIGNALING PATHWAY%GOBP%GO:2001243	NEGATIVE REGULATION OF INTRINSIC APOPTOTIC SIGNALING PATHWAY%GOBP%GO:2001243		71	0.30598488	0.9856821	0.45274726	0.8098469	1.0	3687	tags=38%, list=22%, signal=49%	
ENDOPLASMIC RETICULUM TUBULAR NETWORK ORGANIZATION%GOBP%GO:0071786	ENDOPLASMIC RETICULUM TUBULAR NETWORK ORGANIZATION%GOBP%GO:0071786		18	0.39964157	0.98552245	0.4696017	0.80992407	1.0	488	tags=11%, list=3%, signal=11%	
ADENYLATE CYCLASE-INHIBITING G PROTEIN-COUPLED RECEPTOR SIGNALING PATHWAY%GOBP%GO:0007193	ADENYLATE CYCLASE-INHIBITING G PROTEIN-COUPLED RECEPTOR SIGNALING PATHWAY%GOBP%GO:0007193		45	0.3312804	0.9853625	0.4851695	0.81001145	1.0	1397	tags=11%, list=9%, signal=12%	
REGULATION OF BINDING%GOBP%GO:0051098	REGULATION OF BINDING%GOBP%GO:0051098		82	0.30150554	0.9852208	0.46803653	0.8100617	1.0	966	tags=13%, list=6%, signal=14%	
MEMBRANE LIPID METABOLIC PROCESS%GOBP%GO:0006643	MEMBRANE LIPID METABOLIC PROCESS%GOBP%GO:0006643		152	0.2717564	0.9850287	0.48372093	0.8102171	1.0	3263	tags=26%, list=20%, signal=33%	
P53 PATHWAY%PANTHER PATHWAY%P00059	P53 PATHWAY%PANTHER PATHWAY%P00059		42	0.33533657	0.98487985	0.46436286	0.81030035	1.0	1933	tags=29%, list=12%, signal=32%	
PYRIMIDINE-CONTAINING COMPOUND CATABOLIC PROCESS%GOBP%GO:0072529	PYRIMIDINE-CONTAINING COMPOUND CATABOLIC PROCESS%GOBP%GO:0072529		23	0.3779293	0.9847461	0.4809322	0.81030375	1.0	3772	tags=35%, list=23%, signal=45%	
CELLULAR RESPONSE TO TOPOLOGICALLY INCORRECT PROTEIN%GOBP%GO:0035967	CELLULAR RESPONSE TO TOPOLOGICALLY INCORRECT PROTEIN%GOBP%GO:0035967		76	0.3054375	0.984598	0.48253274	0.8103148	1.0	1952	tags=22%, list=12%, signal=25%	
NEGATIVE REGULATION OF PROTEIN LOCALIZATION TO CELL PERIPHERY%GOBP%GO:1904376	NEGATIVE REGULATION OF PROTEIN LOCALIZATION TO CELL PERIPHERY%GOBP%GO:1904376		28	0.36764252	0.984214	0.49372384	0.8111066	1.0	2617	tags=25%, list=16%, signal=30%	
L1CAM INTERACTIONS%REACTOME%R-HSA-373760.4	L1CAM INTERACTIONS%REACTOME%R-HSA-373760.4		88	0.2937075	0.98421395	0.48230088	0.810698	1.0	2617	tags=17%, list=16%, signal=20%	
ADRENALINE,NORADRENALINE INHIBITS INSULIN SECRETION%REACTOME%R-HSA-400042.6	ADRENALINE,NORADRENALINE INHIBITS INSULIN SECRETION%REACTOME%R-HSA-400042.6		22	0.38698632	0.9840473	0.46247464	0.810826	1.0	4012	tags=27%, list=24%, signal=36%	
LOCOMOTION%GOBP%GO:0040011	LOCOMOTION%GOBP%GO:0040011		195	0.261152	0.9838261	0.5228916	0.8110814	1.0	2740	tags=15%, list=17%, signal=18%	
REGULATION OF TOLL-LIKE RECEPTOR 4 SIGNALING PATHWAY%GOBP%GO:0034143	REGULATION OF TOLL-LIKE RECEPTOR 4 SIGNALING PATHWAY%GOBP%GO:0034143		23	0.3786739	0.98380035	0.47609147	0.810745	1.0	2281	tags=26%, list=14%, signal=30%	
ORGANELLE FUSION%GOBP%GO:0048284	ORGANELLE FUSION%GOBP%GO:0048284		110	0.2839541	0.98342884	0.46637744	0.81143624	1.0	2147	tags=17%, list=13%, signal=20%	
SIRT1 NEGATIVELY REGULATES RRNA EXPRESSION%REACTOME%R-HSA-427359.4	SIRT1 NEGATIVELY REGULATES RRNA EXPRESSION%REACTOME%R-HSA-427359.4		19	0.40202254	0.9829676	0.5	0.8124458	1.0	2379	tags=21%, list=14%, signal=25%	
LEVALLORPHAN ACTION PATHWAY%SMPDB%SMP0000683	LEVALLORPHAN ACTION PATHWAY%SMPDB%SMP0000683		18	0.3978525	0.9828664	0.489603	0.8123228	1.0	1666	tags=11%, list=10%, signal=12%	
MITOCHONDRIAL COMPLEX IV ASSEMBLY%WIKIPATHWAYS_20250810%WP4922%HOMO SAPIENS	MITOCHONDRIAL COMPLEX IV ASSEMBLY%WIKIPATHWAYS_20250810%WP4922%HOMO SAPIENS		21	0.39119112	0.9827054	0.47524753	0.8124387	1.0	4111	tags=62%, list=25%, signal=82%	
REGULATION OF PTEN STABILITY AND ACTIVITY%REACTOME%R-HSA-8948751.3	REGULATION OF PTEN STABILITY AND ACTIVITY%REACTOME%R-HSA-8948751.3		53	0.32061574	0.9826925	0.4670913	0.81206614	1.0	2844	tags=34%, list=17%, signal=41%	
POSITIVE REGULATION OF COLD-INDUCED THERMOGENESIS%GOBP%GO:0120162	POSITIVE REGULATION OF COLD-INDUCED THERMOGENESIS%GOBP%GO:0120162		77	0.3008827	0.98266375	0.4885845	0.81176466	1.0	3014	tags=22%, list=18%, signal=27%	
RNA POLYMERASE I PROMOTER ESCAPE%REACTOME DATABASE ID RELEASE 93%73772	RNA POLYMERASE I PROMOTER ESCAPE%REACTOME DATABASE ID RELEASE 93%73772		42	0.33453688	0.9825863	0.46975806	0.8115981	1.0	3415	tags=24%, list=21%, signal=30%	
CELL MIGRATION INVOLVED IN SPROUTING ANGIOGENESIS%GOBP%GO:0002042	CELL MIGRATION INVOLVED IN SPROUTING ANGIOGENESIS%GOBP%GO:0002042		17	0.3997548	0.982221	0.47878787	0.81231546	1.0	3015	tags=35%, list=18%, signal=43%	
INOSITOL PHOSPHATE METABOLISM%REACTOME DATABASE ID RELEASE 93%1483249	INOSITOL PHOSPHATE METABOLISM%REACTOME DATABASE ID RELEASE 93%1483249		43	0.33163375	0.98221785	0.4813278	0.8119168	1.0	4175	tags=30%, list=25%, signal=40%	
POSITIVE REGULATION OF PROTEASOMAL UBIQUITIN-DEPENDENT PROTEIN CATABOLIC PROCESS%GOBP%GO:0032436	POSITIVE REGULATION OF PROTEASOMAL UBIQUITIN-DEPENDENT PROTEIN CATABOLIC PROCESS%GOBP%GO:0032436		63	0.31104264	0.9820589	0.47547975	0.81200814	1.0	2300	tags=27%, list=14%, signal=31%	
NEGATIVE REGULATION OF AMYLOID PRECURSOR PROTEIN CATABOLIC PROCESS%GOBP%GO:1902992	NEGATIVE REGULATION OF AMYLOID PRECURSOR PROTEIN CATABOLIC PROCESS%GOBP%GO:1902992		17	0.4119487	0.98196733	0.46058092	0.8118676	1.0	2426	tags=24%, list=15%, signal=28%	
SUMOYLATION OF TRANSCRIPTION COFACTORS%REACTOME DATABASE ID RELEASE 93%3899300	SUMOYLATION OF TRANSCRIPTION COFACTORS%REACTOME DATABASE ID RELEASE 93%3899300		41	0.33287394	0.98179674	0.46835443	0.811974	1.0	1641	tags=20%, list=10%, signal=22%	
RESPONSE TO TOXIC SUBSTANCE%GOBP%GO:0009636	RESPONSE TO TOXIC SUBSTANCE%GOBP%GO:0009636		82	0.30359182	0.98135334	0.48827294	0.8129662	1.0	4268	tags=34%, list=26%, signal=46%	
MYELOID CELL DIFFERENTIATION%GOBP%GO:0030099	MYELOID CELL DIFFERENTIATION%GOBP%GO:0030099		142	0.27653033	0.98134977	0.46376812	0.81257194	1.0	2547	tags=19%, list=16%, signal=22%	
CYTOSOLIC DNA SENSING PATHWAY%WIKIPATHWAYS_20250810%WP4655%HOMO SAPIENS	CYTOSOLIC DNA SENSING PATHWAY%WIKIPATHWAYS_20250810%WP4655%HOMO SAPIENS		48	0.3279348	0.9811494	0.5114345	0.81280494	1.0	2768	tags=25%, list=17%, signal=30%	
BIOCARTA_GLEEVEC_PATHWAY%MSIGDB_C2%BIOCARTA_GLEEVEC_PATHWAY	BIOCARTA_GLEEVEC_PATHWAY%MSIGDB_C2%BIOCARTA_GLEEVEC_PATHWAY		19	0.4013808	0.9808829	0.49499	0.8131947	1.0	67	tags=11%, list=0%, signal=11%	
ATRIOVENTRICULAR VALVE DEVELOPMENT%GOBP%GO:0003171	ATRIOVENTRICULAR VALVE DEVELOPMENT%GOBP%GO:0003171		23	0.37704462	0.98053414	0.49148935	0.81386805	1.0	4072	tags=26%, list=25%, signal=35%	
SIGNALING BY HEDGEHOG%REACTOME DATABASE ID RELEASE 93%5358351	SIGNALING BY HEDGEHOG%REACTOME DATABASE ID RELEASE 93%5358351		115	0.28121024	0.98029304	0.49658313	0.8142183	1.0	4107	tags=38%, list=25%, signal=51%	
NEGATIVE REGULATION OF RECEPTOR SIGNALING PATHWAY VIA JAK-STAT%GOBP%GO:0046426	NEGATIVE REGULATION OF RECEPTOR SIGNALING PATHWAY VIA JAK-STAT%GOBP%GO:0046426		15	0.41542473	0.9802025	0.4649123	0.81409764	1.0	3286	tags=33%, list=20%, signal=42%	
REGULATION OF MUSCLE SYSTEM PROCESS%GOBP%GO:0090257	REGULATION OF MUSCLE SYSTEM PROCESS%GOBP%GO:0090257		126	0.27811646	0.9795922	0.5	0.8155404	1.0	884	tags=10%, list=5%, signal=11%	
GLYCOLIPID METABOLIC PROCESS%GOBP%GO:0006664	GLYCOLIPID METABOLIC PROCESS%GOBP%GO:0006664		76	0.3039111	0.9790885	0.47921225	0.8166851	1.0	3640	tags=37%, list=22%, signal=47%	
BUPRENORPHINE ACTION PATHWAY%SMPDB%SMP0000684	BUPRENORPHINE ACTION PATHWAY%SMPDB%SMP0000684		18	0.3978525	0.9788468	0.49281314	0.8170263	1.0	1666	tags=11%, list=10%, signal=12%	
RESOLUTION OF ABASIC SITES (AP SITES)%REACTOME DATABASE ID RELEASE 93%73933	RESOLUTION OF ABASIC SITES (AP SITES)%REACTOME DATABASE ID RELEASE 93%73933		34	0.34466758	0.97874945	0.49052632	0.8169128	1.0	2427	tags=32%, list=15%, signal=38%	
SULFUR COMPOUND METABOLIC PROCESS%GOBP%GO:0006790	SULFUR COMPOUND METABOLIC PROCESS%GOBP%GO:0006790		184	0.2622799	0.9786005	0.5286041	0.8169566	1.0	2928	tags=18%, list=18%, signal=22%	
REGULATION OF UBIQUITIN-PROTEIN TRANSFERASE ACTIVITY%GOBP%GO:0051438	REGULATION OF UBIQUITIN-PROTEIN TRANSFERASE ACTIVITY%GOBP%GO:0051438		17	0.40316868	0.97840786	0.47540984	0.81714123	1.0	1797	tags=18%, list=11%, signal=20%	
DEZOCINE ACTION PATHWAY%PATHWHIZ%PW000653	DEZOCINE ACTION PATHWAY%PATHWHIZ%PW000653		18	0.3978525	0.97772807	0.4968153	0.81880754	1.0	1666	tags=11%, list=10%, signal=12%	
VESICLE FUSION%GOBP%GO:0006906	VESICLE FUSION%GOBP%GO:0006906		81	0.2976351	0.97769696	0.46650717	0.8184958	1.0	2147	tags=19%, list=13%, signal=21%	
CLASS I PI3K SIGNALING EVENTS%PATHWAY INTERACTION DATABASE NCI-NATURE CURATED DATA%CLASS I PI3K SIGNALING EVENTS	CLASS I PI3K SIGNALING EVENTS%PATHWAY INTERACTION DATABASE NCI-NATURE CURATED DATA%CLASS I PI3K SIGNALING EVENTS		43	0.33344716	0.9776278	0.51124746	0.81831086	1.0	981	tags=14%, list=6%, signal=15%	
SPHINGOSINE METABOLIC PROCESS%GOBP%GO:0006670	SPHINGOSINE METABOLIC PROCESS%GOBP%GO:0006670		19	0.39329198	0.97728205	0.5	0.8189642	1.0	3210	tags=26%, list=20%, signal=33%	
REGULATION OF SPROUTING ANGIOGENESIS%GOBP%GO:1903670	REGULATION OF SPROUTING ANGIOGENESIS%GOBP%GO:1903670		34	0.34708697	0.97710884	0.4923077	0.8191018	1.0	1241	tags=12%, list=8%, signal=13%	
LEVORPHANOL ACTION PATHWAY%SMPDB%SMP0000673	LEVORPHANOL ACTION PATHWAY%SMPDB%SMP0000673		18	0.3978525	0.9768012	0.47070312	0.8196582	1.0	1666	tags=11%, list=10%, signal=12%	
DIMETHYLTHIAMBUTENE ACTION PATHWAY%SMPDB%SMP0000680	DIMETHYLTHIAMBUTENE ACTION PATHWAY%SMPDB%SMP0000680		18	0.3978525	0.97673994	0.482	0.8194263	1.0	1666	tags=11%, list=10%, signal=12%	
PEPTIDE ANTIGEN ASSEMBLY WITH MHC PROTEIN COMPLEX%GOBP%GO:0002501	PEPTIDE ANTIGEN ASSEMBLY WITH MHC PROTEIN COMPLEX%GOBP%GO:0002501		19	0.38986424	0.9766937	0.4827586	0.8191725	1.0	6008	tags=58%, list=37%, signal=91%	
GLYCOSYLATION AND RELATED CONGENITAL DEFECTS%WIKIPATHWAYS_20250810%WP4521%HOMO SAPIENS	GLYCOSYLATION AND RELATED CONGENITAL DEFECTS%WIKIPATHWAYS_20250810%WP4521%HOMO SAPIENS		21	0.3827616	0.9766548	0.4908722	0.8188957	1.0	3566	tags=43%, list=22%, signal=55%	
LEVOBUPIVACAINE ACTION PATHWAY%PATHWHIZ%PW000403	LEVOBUPIVACAINE ACTION PATHWAY%PATHWHIZ%PW000403		18	0.3978525	0.9765293	0.48421052	0.8188688	1.0	1666	tags=11%, list=10%, signal=12%	
REGULATION OF CYTOKINE PRODUCTION INVOLVED IN INFLAMMATORY RESPONSE%GOBP%GO:1900015	REGULATION OF CYTOKINE PRODUCTION INVOLVED IN INFLAMMATORY RESPONSE%GOBP%GO:1900015		42	0.32825327	0.97636336	0.51224947	0.81898147	1.0	3206	tags=26%, list=20%, signal=32%	
FLUOXETINE ACTION PATHWAY%PATHWHIZ%PW000428	FLUOXETINE ACTION PATHWAY%PATHWHIZ%PW000428		19	0.38950792	0.9763042	0.47346073	0.8187653	1.0	1666	tags=11%, list=10%, signal=12%	
REGULATION OF T CELL DIFFERENTIATION%GOBP%GO:0045580	REGULATION OF T CELL DIFFERENTIATION%GOBP%GO:0045580		113	0.2841588	0.9762786	0.5260771	0.81844	1.0	2938	tags=19%, list=18%, signal=24%	
RNA POLYMERASE II HIV PROMOTER ESCAPE%REACTOME%R-HSA-167162.5	RNA POLYMERASE II HIV PROMOTER ESCAPE%REACTOME%R-HSA-167162.5		44	0.32353395	0.97626853	0.48366013	0.8180663	1.0	3415	tags=32%, list=21%, signal=40%	
MRNA SPLICE SITE RECOGNITION%GOBP%GO:0006376	MRNA SPLICE SITE RECOGNITION%GOBP%GO:0006376		25	0.37182304	0.97624016	0.47357723	0.81775135	1.0	2444	tags=32%, list=15%, signal=38%	
RNA POLYMERASE III TRANSCRIPTION INITIATION%REACTOME%R-HSA-76046.4	RNA POLYMERASE III TRANSCRIPTION INITIATION%REACTOME%R-HSA-76046.4		36	0.34534264	0.9761826	0.49064448	0.81752205	1.0	2999	tags=28%, list=18%, signal=34%	
CELLULAR COMPONENT ASSEMBLY INVOLVED IN MORPHOGENESIS%GOBP%GO:0010927	CELLULAR COMPONENT ASSEMBLY INVOLVED IN MORPHOGENESIS%GOBP%GO:0010927		62	0.30432427	0.976057	0.49671772	0.8175069	1.0	3622	tags=26%, list=22%, signal=33%	
BASIGIN INTERACTIONS%REACTOME DATABASE ID RELEASE 93%210991	BASIGIN INTERACTIONS%REACTOME DATABASE ID RELEASE 93%210991		20	0.39158684	0.975813	0.4711934	0.81783265	1.0	2398	tags=30%, list=15%, signal=35%	
DEVELOPMENTAL CELL GROWTH%GOBP%GO:0048588	DEVELOPMENTAL CELL GROWTH%GOBP%GO:0048588		50	0.32485384	0.9754726	0.5153509	0.81843215	1.0	1981	tags=14%, list=12%, signal=16%	
POSITIVE REGULATION OF PEPTIDYL-SERINE PHOSPHORYLATION%GOBP%GO:0033138	POSITIVE REGULATION OF PEPTIDYL-SERINE PHOSPHORYLATION%GOBP%GO:0033138		15	0.42065737	0.97533864	0.4871287	0.8184557	1.0	1985	tags=33%, list=12%, signal=38%	
REGULATION OF ACTIN POLYMERIZATION OR DEPOLYMERIZATION%GOBP%GO:0008064	REGULATION OF ACTIN POLYMERIZATION OR DEPOLYMERIZATION%GOBP%GO:0008064		90	0.29140693	0.97532517	0.49779737	0.8181004	1.0	3404	tags=29%, list=21%, signal=36%	
NEURON APOPTOTIC PROCESS%GOBP%GO:0051402	NEURON APOPTOTIC PROCESS%GOBP%GO:0051402		22	0.37932566	0.97488815	0.4918033	0.8190756	1.0	1981	tags=18%, list=12%, signal=21%	
CARDIOCYTE DIFFERENTIATION%GOBP%GO:0035051	CARDIOCYTE DIFFERENTIATION%GOBP%GO:0035051		52	0.3155278	0.97479826	0.5	0.818945	1.0	2180	tags=13%, list=13%, signal=15%	
RNA POLYMERASE III TRANSCRIPTION INITIATION FROM TYPE 3 PROMOTER%REACTOME%R-HSA-76071.4	RNA POLYMERASE III TRANSCRIPTION INITIATION FROM TYPE 3 PROMOTER%REACTOME%R-HSA-76071.4		28	0.35423076	0.9745041	0.5010482	0.8193913	1.0	2999	tags=32%, list=18%, signal=39%	
TRAMADOL ACTION ACTION PATHWAY%SMPDB%SMP0000671	TRAMADOL ACTION ACTION PATHWAY%SMPDB%SMP0000671		18	0.3978525	0.97424835	0.4796748	0.81979203	1.0	1666	tags=11%, list=10%, signal=12%	
BUPIVACAINE ACTION PATHWAY%SMPDB%SMP0000393	BUPIVACAINE ACTION PATHWAY%SMPDB%SMP0000393		18	0.3978525	0.9741479	0.5030181	0.8196998	1.0	1666	tags=11%, list=10%, signal=12%	
POSITIVE REGULATION OF HEMOPOIESIS%GOBP%GO:1903708	POSITIVE REGULATION OF HEMOPOIESIS%GOBP%GO:1903708		120	0.27750158	0.9740163	0.5209713	0.81971407	1.0	2716	tags=19%, list=17%, signal=23%	
NEURON PROJECTION GUIDANCE%GOBP%GO:0097485	NEURON PROJECTION GUIDANCE%GOBP%GO:0097485		143	0.27314147	0.9737669	0.5458937	0.82007444	1.0	1747	tags=10%, list=11%, signal=12%	
PROPOXYPHENE ACTION PATHWAY%PATHWHIZ%PW000649	PROPOXYPHENE ACTION PATHWAY%PATHWHIZ%PW000649		18	0.3978525	0.97365296	0.4833006	0.81999665	1.0	1666	tags=11%, list=10%, signal=12%	
ION HOMEOSTASIS%REACTOME DATABASE ID RELEASE 93%5578775	ION HOMEOSTASIS%REACTOME DATABASE ID RELEASE 93%5578775		40	0.33318564	0.9736089	0.45010182	0.8197294	1.0	4117	tags=33%, list=25%, signal=43%	
RECEPTOR RECYCLING%GOBP%GO:0001881	RECEPTOR RECYCLING%GOBP%GO:0001881		19	0.38853532	0.9735888	0.49482402	0.8193876	1.0	1125	tags=26%, list=7%, signal=28%	
VITAMIN D RECEPTOR PATHWAY%WIKIPATHWAYS_20250810%WP2877%HOMO SAPIENS	VITAMIN D RECEPTOR PATHWAY%WIKIPATHWAYS_20250810%WP2877%HOMO SAPIENS		104	0.2857859	0.97353697	0.5115741	0.81916493	1.0	4994	tags=33%, list=30%, signal=47%	
TARGETED THERAPY IN BREAST CANCER%WIKIPATHWAYS_20250810%WP5496%HOMO SAPIENS	TARGETED THERAPY IN BREAST CANCER%WIKIPATHWAYS_20250810%WP5496%HOMO SAPIENS		20	0.3966802	0.973366	0.5205761	0.8193061	1.0	67	tags=10%, list=0%, signal=10%	
MAJOR PATHWAY OF RRNA PROCESSING IN THE NUCLEOLUS AND CYTOSOL%REACTOME%R-HSA-6791226.5	MAJOR PATHWAY OF RRNA PROCESSING IN THE NUCLEOLUS AND CYTOSOL%REACTOME%R-HSA-6791226.5		164	0.26820692	0.973225	0.5298507	0.8193085	1.0	3663	tags=35%, list=22%, signal=45%	
FENTANYL ACTION PATHWAY%PATHWHIZ%PW000421	FENTANYL ACTION PATHWAY%PATHWHIZ%PW000421		18	0.3978525	0.9731699	0.5178197	0.81907743	1.0	1666	tags=11%, list=10%, signal=12%	
ORGANIC ACID BIOSYNTHETIC PROCESS%GOBP%GO:0016053	ORGANIC ACID BIOSYNTHETIC PROCESS%GOBP%GO:0016053		170	0.26749787	0.9730269	0.495283	0.8191137	1.0	3771	tags=23%, list=23%, signal=29%	
OXYMORPHONE ACTION PATHWAY%PATHWHIZ%PW000418	OXYMORPHONE ACTION PATHWAY%PATHWHIZ%PW000418		18	0.3978525	0.97293764	0.4767677	0.8189808	1.0	1666	tags=11%, list=10%, signal=12%	
TRANSLATIONAL ELONGATION%GOBP%GO:0006414	TRANSLATIONAL ELONGATION%GOBP%GO:0006414		52	0.31837717	0.972831	0.49435666	0.8188992	1.0	2564	tags=33%, list=16%, signal=39%	
VERY LONG-CHAIN FATTY ACID METABOLIC PROCESS%GOBP%GO:0000038	VERY LONG-CHAIN FATTY ACID METABOLIC PROCESS%GOBP%GO:0000038		27	0.3673282	0.97262144	0.5042194	0.81919277	1.0	356	tags=7%, list=2%, signal=8%	
REGULATION OF RHOA ACTIVITY%PATHWAY INTERACTION DATABASE NCI-NATURE CURATED DATA%REGULATION OF RHOA ACTIVITY	REGULATION OF RHOA ACTIVITY%PATHWAY INTERACTION DATABASE NCI-NATURE CURATED DATA%REGULATION OF RHOA ACTIVITY		42	0.32360673	0.9725554	0.50551873	0.819023	1.0	3806	tags=29%, list=23%, signal=37%	
CELL GROWTH%GOBP%GO:0016049	CELL GROWTH%GOBP%GO:0016049		51	0.3241831	0.9725393	0.4817987	0.81867266	1.0	1981	tags=14%, list=12%, signal=16%	
INTERLEUKIN RECEPTOR SHC SIGNALING%REACTOME DATABASE ID RELEASE 93%912526	INTERLEUKIN RECEPTOR SHC SIGNALING%REACTOME DATABASE ID RELEASE 93%912526		16	0.41381294	0.9724527	0.4989899	0.8185205	1.0	194	tags=13%, list=1%, signal=13%	
ANGIOTENSIN II RECEPTOR TYPE 1 PATHWAY%WIKIPATHWAYS_20250810%WP5036%HOMO SAPIENS	ANGIOTENSIN II RECEPTOR TYPE 1 PATHWAY%WIKIPATHWAYS_20250810%WP5036%HOMO SAPIENS		21	0.38865244	0.9724199	0.503055	0.81822675	1.0	1809	tags=29%, list=11%, signal=32%	
PKA ACTIVATION%REACTOME%R-HSA-163615.6	PKA ACTIVATION%REACTOME%R-HSA-163615.6		17	0.40807328	0.97194576	0.5	0.8193061	1.0	4788	tags=53%, list=29%, signal=75%	
COCAINE ACTION PATHWAY%SMPDB%SMP0000395	COCAINE ACTION PATHWAY%SMPDB%SMP0000395		18	0.3978525	0.97171706	0.50829875	0.8196196	1.0	1666	tags=11%, list=10%, signal=12%	
WARBURG EFFECT%PATHWHIZ%PW000630	WARBURG EFFECT%PATHWHIZ%PW000630		38	0.33632103	0.971708	0.4957806	0.81924343	1.0	1989	tags=21%, list=12%, signal=24%	
PENTAZOCINE ACTION PATHWAY%SMPDB%SMP0000686	PENTAZOCINE ACTION PATHWAY%SMPDB%SMP0000686		18	0.3978525	0.9716596	0.5101626	0.8189888	1.0	1666	tags=11%, list=10%, signal=12%	
PID_RB_1PATHWAY%MSIGDB_C2%PID_RB_1PATHWAY	PID_RB_1PATHWAY%MSIGDB_C2%PID_RB_1PATHWAY		48	0.32279274	0.9716158	0.50337076	0.8187307	1.0	2958	tags=27%, list=18%, signal=33%	
METHADONE ACTION PATHWAY%PATHWHIZ%PW000414	METHADONE ACTION PATHWAY%PATHWHIZ%PW000414		18	0.3978525	0.97127014	0.49390244	0.8194044	1.0	1666	tags=11%, list=10%, signal=12%	
UBIQUITIN PROTEASOME PATHWAY%PANTHER PATHWAY%P00060	UBIQUITIN PROTEASOME PATHWAY%PANTHER PATHWAY%P00060		26	0.37036893	0.9711977	0.49048626	0.819239	1.0	608	tags=12%, list=4%, signal=12%	
CITALOPRAM ACTION PATHWAY%PATHWHIZ%PW000426	CITALOPRAM ACTION PATHWAY%PATHWHIZ%PW000426		21	0.38528156	0.9711926	0.48931623	0.81886256	1.0	1666	tags=10%, list=10%, signal=11%	
NALTREXONE ACTION PATHWAY%PATHWHIZ%PW000664	NALTREXONE ACTION PATHWAY%PATHWHIZ%PW000664		18	0.3978525	0.97100186	0.49492902	0.8190501	1.0	1666	tags=11%, list=10%, signal=12%	
HYDROCODONE ACTION PATHWAY%SMPDB%SMP0000411	HYDROCODONE ACTION PATHWAY%SMPDB%SMP0000411		18	0.3978525	0.9706389	0.48602152	0.8197327	1.0	1666	tags=11%, list=10%, signal=12%	
MRNA 3'-END PROCESSING%REACTOME%R-HSA-72187.7	MRNA 3'-END PROCESSING%REACTOME%R-HSA-72187.7		48	0.32100785	0.97026736	0.5105042	0.82043827	1.0	2694	tags=33%, list=16%, signal=40%	
IMIPRAMINE ACTION PATHWAY%SMPDB%SMP0000422	IMIPRAMINE ACTION PATHWAY%SMPDB%SMP0000422		18	0.39785248	0.970158	0.4989605	0.82038236	1.0	1666	tags=11%, list=10%, signal=12%	
TRAIL%IOB%TRAIL	TRAIL%IOB%TRAIL		40	0.33652258	0.9701237	0.48583877	0.8200827	1.0	1857	tags=18%, list=11%, signal=20%	
ETHYLMORPHINE ACTION PATHWAY%SMPDB%SMP0000681	ETHYLMORPHINE ACTION PATHWAY%SMPDB%SMP0000681		18	0.3978525	0.97010386	0.49278352	0.81974685	1.0	1666	tags=11%, list=10%, signal=12%	
ANILERIDINE ACTION PATHWAY%SMPDB%SMP0000674	ANILERIDINE ACTION PATHWAY%SMPDB%SMP0000674		18	0.3978525	0.9691231	0.5072165	0.82230955	1.0	1666	tags=11%, list=10%, signal=12%	
REGULATION OF MUSCLE CELL APOPTOTIC PROCESS%GOBP%GO:0010660	REGULATION OF MUSCLE CELL APOPTOTIC PROCESS%GOBP%GO:0010660		31	0.35063356	0.9689011	0.5112016	0.8225636	1.0	2495	tags=19%, list=15%, signal=23%	
MYELOID CELL ACTIVATION INVOLVED IN IMMUNE RESPONSE%GOBP%GO:0002275	MYELOID CELL ACTIVATION INVOLVED IN IMMUNE RESPONSE%GOBP%GO:0002275		31	0.34834868	0.96875656	0.508	0.8226093	1.0	2590	tags=29%, list=16%, signal=34%	
HALLMARK_TNFA_SIGNALING_VIA_NFKB%MSIGDBHALLMARK%HALLMARK_TNFA_SIGNALING_VIA_NFKB	HALLMARK_TNFA_SIGNALING_VIA_NFKB%MSIGDBHALLMARK%HALLMARK_TNFA_SIGNALING_VIA_NFKB		151	0.26930282	0.96852815	0.5125285	0.8229469	1.0	5241	tags=42%, list=32%, signal=62%	
SYNTHESIS OF DNA%REACTOME DATABASE ID RELEASE 93%69239	SYNTHESIS OF DNA%REACTOME DATABASE ID RELEASE 93%69239		99	0.28563678	0.9683359	0.5292793	0.82313645	1.0	2844	tags=27%, list=17%, signal=33%	
ANTIGEN PROCESSING AND PRESENTATION%GOBP%GO:0019882	ANTIGEN PROCESSING AND PRESENTATION%GOBP%GO:0019882		65	0.3036473	0.9683357	0.5245536	0.8227406	1.0	4648	tags=34%, list=28%, signal=47%	
MHC PROTEIN COMPLEX ASSEMBLY%GOBP%GO:0002396	MHC PROTEIN COMPLEX ASSEMBLY%GOBP%GO:0002396		19	0.38986424	0.96815324	0.472	0.82289034	1.0	6008	tags=58%, list=37%, signal=91%	
T CELL ACTIVATION%PANTHER PATHWAY%P00053	T CELL ACTIVATION%PANTHER PATHWAY%P00053		58	0.30762345	0.9679827	0.51687765	0.8229934	1.0	67	tags=7%, list=0%, signal=7%	
HYDROMORPHONE ACTION PATHWAY%PATHWHIZ%PW000416	HYDROMORPHONE ACTION PATHWAY%PATHWHIZ%PW000416		18	0.3978525	0.96796083	0.49712092	0.8226649	1.0	1666	tags=11%, list=10%, signal=12%	
NEURON FUNCTION%SMPDB%SMP0000224	NEURON FUNCTION%SMPDB%SMP0000224		18	0.3978525	0.96795505	0.49304175	0.8222845	1.0	1666	tags=11%, list=10%, signal=12%	
DIPHENOXYLATE ACTION PATHWAY%SMPDB%SMP0000675	DIPHENOXYLATE ACTION PATHWAY%SMPDB%SMP0000675		18	0.3978525	0.9676427	0.5105042	0.82282823	1.0	1666	tags=11%, list=10%, signal=12%	
RUNX1 REGULATES GENES INVOLVED IN MEGAKARYOCYTE DIFFERENTIATION AND PLATELET FUNCTION%REACTOME DATABASE ID RELEASE 93%8936459	RUNX1 REGULATES GENES INVOLVED IN MEGAKARYOCYTE DIFFERENTIATION AND PLATELET FUNCTION%REACTOME DATABASE ID RELEASE 93%8936459		44	0.32865986	0.9672947	0.5054466	0.8235169	1.0	2379	tags=23%, list=14%, signal=27%	
NEGATIVE REGULATION OF VASCULATURE DEVELOPMENT%GOBP%GO:1901343	NEGATIVE REGULATION OF VASCULATURE DEVELOPMENT%GOBP%GO:1901343		71	0.29692453	0.9670778	0.51428574	0.8237469	1.0	3141	tags=21%, list=19%, signal=26%	
NEGATIVE REGULATION OF HIPPO SIGNALING%GOBP%GO:0035331	NEGATIVE REGULATION OF HIPPO SIGNALING%GOBP%GO:0035331		22	0.37850484	0.9667144	0.50695825	0.82450294	1.0	3244	tags=36%, list=20%, signal=45%	
CELLULAR ANATOMICAL ENTITY MORPHOGENESIS%GOBP%GO:0032989	CELLULAR ANATOMICAL ENTITY MORPHOGENESIS%GOBP%GO:0032989		62	0.30432427	0.9665812	0.5031579	0.8244992	1.0	3622	tags=26%, list=22%, signal=33%	
NEGATIVE REGULATION OF DNA-BINDING TRANSCRIPTION FACTOR ACTIVITY%GOBP%GO:0043433	NEGATIVE REGULATION OF DNA-BINDING TRANSCRIPTION FACTOR ACTIVITY%GOBP%GO:0043433		52	0.3128171	0.96657157	0.50727654	0.8241367	1.0	3477	tags=35%, list=21%, signal=44%	
ANDROGENRECEPTOR%IOB%ANDROGENRECEPTOR	ANDROGENRECEPTOR%IOB%ANDROGENRECEPTOR		85	0.29111168	0.96647763	0.50672644	0.82405806	1.0	1126	tags=16%, list=7%, signal=18%	
NALBUPHINE ACTION PATHWAY%SMPDB%SMP0000691	NALBUPHINE ACTION PATHWAY%SMPDB%SMP0000691		18	0.3978525	0.96633136	0.51148224	0.824113	1.0	1666	tags=11%, list=10%, signal=12%	
CILIARY LANDSCAPE%WIKIPATHWAYS_20250810%WP4352%HOMO SAPIENS	CILIARY LANDSCAPE%WIKIPATHWAYS_20250810%WP4352%HOMO SAPIENS		163	0.26501706	0.966061	0.5610329	0.8245298	1.0	3254	tags=28%, list=20%, signal=34%	
INTERLEUKIN-2 FAMILY SIGNALING%REACTOME%R-HSA-451927.7	INTERLEUKIN-2 FAMILY SIGNALING%REACTOME%R-HSA-451927.7		31	0.34949368	0.96600276	0.5	0.8243037	1.0	194	tags=6%, list=1%, signal=7%	
REGULATION OF TUMOR NECROSIS FACTOR PRODUCTION%GOBP%GO:0032680	REGULATION OF TUMOR NECROSIS FACTOR PRODUCTION%GOBP%GO:0032680		99	0.28440568	0.9656305	0.512761	0.82500833	1.0	3089	tags=21%, list=19%, signal=26%	
ORGANOPHOSPHATE ESTER TRANSPORT%GOBP%GO:0015748	ORGANOPHOSPHATE ESTER TRANSPORT%GOBP%GO:0015748		111	0.2810076	0.96539474	0.53810626	0.82534856	1.0	3777	tags=29%, list=23%, signal=37%	
REGULATION OF MEMBRANE PROTEIN ECTODOMAIN PROTEOLYSIS%GOBP%GO:0051043	REGULATION OF MEMBRANE PROTEIN ECTODOMAIN PROTEOLYSIS%GOBP%GO:0051043		23	0.37416652	0.9650428	0.5089463	0.82600665	1.0	3125	tags=39%, list=19%, signal=48%	
CHLOROPROCAINE ACTION PATHWAY%SMPDB%SMP0000394	CHLOROPROCAINE ACTION PATHWAY%SMPDB%SMP0000394		18	0.3978525	0.96501726	0.51262134	0.8257035	1.0	1666	tags=11%, list=10%, signal=12%	
POSITIVE REGULATION OF INTERLEUKIN-6 PRODUCTION%GOBP%GO:0032755	POSITIVE REGULATION OF INTERLEUKIN-6 PRODUCTION%GOBP%GO:0032755		56	0.31326598	0.96481496	0.51131225	0.82592094	1.0	3206	tags=27%, list=20%, signal=33%	
FORMATION OF NEURONAL PROGENITOR AND NEURONAL BAF (NPBAF AND NBAF)%REACTOME DATABASE ID RELEASE 93%9934037	FORMATION OF NEURONAL PROGENITOR AND NEURONAL BAF (NPBAF AND NBAF)%REACTOME DATABASE ID RELEASE 93%9934037		22	0.37670407	0.964813	0.49064448	0.8255311	1.0	1685	tags=18%, list=10%, signal=20%	
SENSORY PERCEPTION%REACTOME DATABASE ID RELEASE 93%9709957	SENSORY PERCEPTION%REACTOME DATABASE ID RELEASE 93%9709957		143	0.27126724	0.96471465	0.5320088	0.8254228	1.0	4135	tags=24%, list=25%, signal=32%	
CELLULAR RESPONSE TO KETONE%GOBP%GO:1901655	CELLULAR RESPONSE TO KETONE%GOBP%GO:1901655		48	0.3171191	0.96459025	0.5185185	0.82538724	1.0	2412	tags=17%, list=15%, signal=19%	
ACTIVATION OF GABAB RECEPTORS%REACTOME DATABASE ID RELEASE 93%991365	ACTIVATION OF GABAB RECEPTORS%REACTOME DATABASE ID RELEASE 93%991365		34	0.33867407	0.96420985	0.5042373	0.8261458	1.0	4788	tags=32%, list=29%, signal=46%	
NEGATIVE REGULATION OF PRODUCTION OF MOLECULAR MEDIATOR OF IMMUNE RESPONSE%GOBP%GO:0002701	NEGATIVE REGULATION OF PRODUCTION OF MOLECULAR MEDIATOR OF IMMUNE RESPONSE%GOBP%GO:0002701		19	0.3902773	0.9640581	0.4979757	0.82621187	1.0	5688	tags=42%, list=35%, signal=64%	
RESPONSE TO LIGHT STIMULUS%GOBP%GO:0009416	RESPONSE TO LIGHT STIMULUS%GOBP%GO:0009416		156	0.26845905	0.96403897	0.5648148	0.82588065	1.0	2205	tags=20%, list=13%, signal=23%	
LEVOMETHADYL ACETATE ACTION ACTION PATHWAY%SMPDB%SMP0000677	LEVOMETHADYL ACETATE ACTION ACTION PATHWAY%SMPDB%SMP0000677		18	0.3978525	0.96394134	0.5081633	0.8257802	1.0	1666	tags=11%, list=10%, signal=12%	
MIR TARGETED GENES IN SQUAMOUS CELL%WIKIPATHWAYS_20250810%WP2006%HOMO SAPIENS	MIR TARGETED GENES IN SQUAMOUS CELL%WIKIPATHWAYS_20250810%WP2006%HOMO SAPIENS		103	0.27929312	0.96390975	0.51536644	0.82549894	1.0	3495	tags=30%, list=21%, signal=38%	
GLYCOLIPID CATABOLIC PROCESS%GOBP%GO:0019377	GLYCOLIPID CATABOLIC PROCESS%GOBP%GO:0019377		15	0.41404748	0.9638951	0.5070994	0.82514405	1.0	3555	tags=53%, list=22%, signal=68%	
EPHRIN SIGNALING%REACTOME%R-HSA-3928664.4	EPHRIN SIGNALING%REACTOME%R-HSA-3928664.4		18	0.3995337	0.9637121	0.5349301	0.8252998	1.0	1747	tags=22%, list=11%, signal=25%	
ALVIMOPAN ACTION PATHWAY%SMPDB%SMP0000685	ALVIMOPAN ACTION PATHWAY%SMPDB%SMP0000685		18	0.3978525	0.96355367	0.50300604	0.82539153	1.0	1666	tags=11%, list=10%, signal=12%	
DIHYDROMORPHINE ACTION PATHWAY%PATHWHIZ%PW000666	DIHYDROMORPHINE ACTION PATHWAY%PATHWHIZ%PW000666		18	0.3978525	0.96341777	0.50663716	0.82539636	1.0	1666	tags=11%, list=10%, signal=12%	
REMIFENTANIL ACTION PATHWAY%PATHWHIZ%PW000422	REMIFENTANIL ACTION PATHWAY%PATHWHIZ%PW000422		18	0.3978525	0.9634128	0.49795082	0.82502615	1.0	1666	tags=11%, list=10%, signal=12%	
DAP12 SIGNALING%REACTOME DATABASE ID RELEASE 93%2424491	DAP12 SIGNALING%REACTOME DATABASE ID RELEASE 93%2424491		22	0.37982446	0.9634024	0.49791667	0.82466936	1.0	957	tags=14%, list=6%, signal=14%	
LIPID HOMEOSTASIS%GOBP%GO:0055088	LIPID HOMEOSTASIS%GOBP%GO:0055088		102	0.2840738	0.9632445	0.5520581	0.8247604	1.0	3861	tags=29%, list=24%, signal=38%	
FORMATION OF THE NON-CANONICAL BAF (NCBAF) COMPLEX%REACTOME%R-HSA-9933947.1	FORMATION OF THE NON-CANONICAL BAF (NCBAF) COMPLEX%REACTOME%R-HSA-9933947.1		15	0.40387017	0.9631327	0.49186993	0.8246956	1.0	1969	tags=27%, list=12%, signal=30%	
NEPHROTIC SYNDROME%WIKIPATHWAYS_20250810%WP4758%HOMO SAPIENS	NEPHROTIC SYNDROME%WIKIPATHWAYS_20250810%WP4758%HOMO SAPIENS		35	0.3401035	0.9630627	0.49190283	0.8245199	1.0	2036	tags=17%, list=12%, signal=20%	
ROPIVACAINE ACTION PATHWAY%PATHWHIZ%PW000410	ROPIVACAINE ACTION PATHWAY%PATHWHIZ%PW000410		18	0.3978525	0.96275806	0.4902386	0.8250286	1.0	1666	tags=11%, list=10%, signal=12%	
PRILOCAINE ACTION PATHWAY%PATHWHIZ%PW000407	PRILOCAINE ACTION PATHWAY%PATHWHIZ%PW000407		18	0.3978525	0.9626619	0.5094697	0.8249433	1.0	1666	tags=11%, list=10%, signal=12%	
PRE-NOTCH TRANSCRIPTION AND TRANSLATION%REACTOME DATABASE ID RELEASE 93%1912408	PRE-NOTCH TRANSCRIPTION AND TRANSLATION%REACTOME DATABASE ID RELEASE 93%1912408		45	0.32441497	0.9626153	0.5042553	0.82469386	1.0	3354	tags=24%, list=20%, signal=31%	
KETOBEMIDONE ACTION PATHWAY%SMPDB%SMP0000690	KETOBEMIDONE ACTION PATHWAY%SMPDB%SMP0000690		18	0.3978525	0.9625592	0.4969574	0.8244733	1.0	1666	tags=11%, list=10%, signal=12%	
ESTABLISHMENT OR MAINTENANCE OF BIPOLAR CELL POLARITY%GOBP%GO:0061245	ESTABLISHMENT OR MAINTENANCE OF BIPOLAR CELL POLARITY%GOBP%GO:0061245		36	0.33779943	0.9624205	0.5285412	0.8244871	1.0	1980	tags=25%, list=12%, signal=28%	
CLEAR CELL RENAL CELL CARCINOMA PATHWAYS%WIKIPATHWAYS_20250810%WP4018%HOMO SAPIENS	CLEAR CELL RENAL CELL CARCINOMA PATHWAYS%WIKIPATHWAYS_20250810%WP4018%HOMO SAPIENS		56	0.3068199	0.9617353	0.54767185	0.8261429	1.0	2247	tags=18%, list=14%, signal=21%	
POSITIVE REGULATION OF AUTOPHAGY OF MITOCHONDRION%GOBP%GO:1903599	POSITIVE REGULATION OF AUTOPHAGY OF MITOCHONDRION%GOBP%GO:1903599		21	0.38190848	0.96164006	0.5040486	0.8260398	1.0	996	tags=14%, list=6%, signal=15%	
REGULATION OF SODIUM ION TRANSPORT%GOBP%GO:0002028	REGULATION OF SODIUM ION TRANSPORT%GOBP%GO:0002028		46	0.32182562	0.96162677	0.49253732	0.82569367	1.0	2805	tags=24%, list=17%, signal=29%	
HIV TRANSCRIPTION INITIATION%REACTOME%R-HSA-167161.4	HIV TRANSCRIPTION INITIATION%REACTOME%R-HSA-167161.4		44	0.32353395	0.96159124	0.5208333	0.825409	1.0	3415	tags=32%, list=21%, signal=40%	
PROXIMAL TUBULE TRANSPORT%WIKIPATHWAYS_20250810%WP4917%HOMO SAPIENS	PROXIMAL TUBULE TRANSPORT%WIKIPATHWAYS_20250810%WP4917%HOMO SAPIENS		26	0.3631538	0.96155643	0.49514562	0.82513523	1.0	4471	tags=35%, list=27%, signal=47%	
NEGATIVE REGULATION OF FGFR2 SIGNALING%REACTOME%R-HSA-5654727.3	NEGATIVE REGULATION OF FGFR2 SIGNALING%REACTOME%R-HSA-5654727.3		20	0.3869143	0.9613843	0.5020492	0.8252649	1.0	1488	tags=20%, list=9%, signal=22%	
CELLULAR RESPONSE TO XENOBIOTIC STIMULUS%GOBP%GO:0071466	CELLULAR RESPONSE TO XENOBIOTIC STIMULUS%GOBP%GO:0071466		85	0.2874137	0.96130824	0.51927435	0.825083	1.0	1510	tags=11%, list=9%, signal=12%	
GNRH SIGNALING PATHWAY%PATHWHIZ%PW064816	GNRH SIGNALING PATHWAY%PATHWHIZ%PW064816		40	0.32892695	0.9610492	0.51975054	0.8254585	1.0	2677	tags=23%, list=16%, signal=27%	
NEGATIVE REGULATION OF T CELL MEDIATED IMMUNITY%GOBP%GO:0002710	NEGATIVE REGULATION OF T CELL MEDIATED IMMUNITY%GOBP%GO:0002710		19	0.39202324	0.96079314	0.52400833	0.8258443	1.0	2656	tags=21%, list=16%, signal=25%	
LIDOCAINE (LOCAL ANAESTHETIC) ACTION PATHWAY%SMPDB%SMP0000398	LIDOCAINE (LOCAL ANAESTHETIC) ACTION PATHWAY%SMPDB%SMP0000398		18	0.3978525	0.9606686	0.5342742	0.8258583	1.0	1666	tags=11%, list=10%, signal=12%	
HEMATOPOIETIC STEM CELL DIFFERENTIATION%WIKIPATHWAYS_20250810%WP2849%HOMO SAPIENS	HEMATOPOIETIC STEM CELL DIFFERENTIATION%WIKIPATHWAYS_20250810%WP2849%HOMO SAPIENS		33	0.34443063	0.9606433	0.51746726	0.8255354	1.0	5346	tags=36%, list=33%, signal=54%	
CELL CYCLE G1/S PHASE TRANSITION%GOBP%GO:0044843	CELL CYCLE G1/S PHASE TRANSITION%GOBP%GO:0044843		61	0.30574912	0.9601562	0.5329087	0.8265612	1.0	2798	tags=23%, list=17%, signal=28%	
SENSORY PERCEPTION OF PAIN%GOBP%GO:0019233	SENSORY PERCEPTION OF PAIN%GOBP%GO:0019233		21	0.3841528	0.9600433	0.5090543	0.82650465	1.0	652	tags=10%, list=4%, signal=10%	
POSITIVE REGULATION OF LEUKOCYTE DIFFERENTIATION%GOBP%GO:1902107	POSITIVE REGULATION OF LEUKOCYTE DIFFERENTIATION%GOBP%GO:1902107		120	0.27750158	0.9600303	0.5386534	0.82615554	1.0	2716	tags=19%, list=17%, signal=23%	
SIGNALING BY NOTCH1%REACTOME DATABASE ID RELEASE 93%1980143	SIGNALING BY NOTCH1%REACTOME DATABASE ID RELEASE 93%1980143		66	0.3002602	0.9594368	0.5379464	0.8275575	1.0	4072	tags=42%, list=25%, signal=56%	
DEVELOPMENTAL GROWTH INVOLVED IN MORPHOGENESIS%GOBP%GO:0060560	DEVELOPMENTAL GROWTH INVOLVED IN MORPHOGENESIS%GOBP%GO:0060560		55	0.31568864	0.9592255	0.52878463	0.82778376	1.0	1981	tags=15%, list=12%, signal=16%	
NEGATIVE REGULATION OF WNT SIGNALING PATHWAY%GOBP%GO:0030178	NEGATIVE REGULATION OF WNT SIGNALING PATHWAY%GOBP%GO:0030178		116	0.27535623	0.9590976	0.56659144	0.82777506	1.0	2705	tags=21%, list=16%, signal=25%	
CYCLIN DEPENDENT KINASE 4 6 INHIBITORS IN BREAST CANCER%WIKIPATHWAYS_20250810%WP5497%HOMO SAPIENS	CYCLIN DEPENDENT KINASE 4 6 INHIBITORS IN BREAST CANCER%WIKIPATHWAYS_20250810%WP5497%HOMO SAPIENS		29	0.3562747	0.9590769	0.5011389	0.82746494	1.0	2750	tags=24%, list=17%, signal=29%	
REGULATION OF TUMOR NECROSIS FACTOR SUPERFAMILY CYTOKINE PRODUCTION%GOBP%GO:1903555	REGULATION OF TUMOR NECROSIS FACTOR SUPERFAMILY CYTOKINE PRODUCTION%GOBP%GO:1903555		103	0.28149837	0.95885044	0.5550661	0.8277623	1.0	3089	tags=21%, list=19%, signal=26%	
NEGATIVE REGULATION OF BLOOD VESSEL MORPHOGENESIS%GOBP%GO:2000181	NEGATIVE REGULATION OF BLOOD VESSEL MORPHOGENESIS%GOBP%GO:2000181		71	0.29692453	0.95877886	0.55756205	0.82759196	1.0	3141	tags=21%, list=19%, signal=26%	
PROCAINE ACTION PATHWAY%PATHWHIZ%PW000408	PROCAINE ACTION PATHWAY%PATHWHIZ%PW000408		18	0.3978525	0.9587483	0.5193133	0.8273004	1.0	1666	tags=11%, list=10%, signal=12%	
MEPIVACAINE ACTION PATHWAY%PATHWHIZ%PW000405	MEPIVACAINE ACTION PATHWAY%PATHWHIZ%PW000405		18	0.3978525	0.95868987	0.5544148	0.82708657	1.0	1666	tags=11%, list=10%, signal=12%	
DESIPRAMINE ACTION PATHWAY%PATHWHIZ%PW000425	DESIPRAMINE ACTION PATHWAY%PATHWHIZ%PW000425		18	0.3978525	0.9584733	0.5111562	0.827343	1.0	1666	tags=11%, list=10%, signal=12%	
FLT3 SIGNALING%REACTOME%R-HSA-9607240.8	FLT3 SIGNALING%REACTOME%R-HSA-9607240.8		35	0.33892706	0.95846134	0.5301455	0.82699037	1.0	1933	tags=17%, list=12%, signal=19%	
POSITIVE REGULATION OF STEM CELL POPULATION MAINTENANCE%GOBP%GO:1902459	POSITIVE REGULATION OF STEM CELL POPULATION MAINTENANCE%GOBP%GO:1902459		39	0.33281377	0.95832515	0.527115	0.827035	1.0	1969	tags=21%, list=12%, signal=23%	
AXON GUIDANCE MEDIATED BY SLIT ROBO%PANTHER PATHWAY%P00008	AXON GUIDANCE MEDIATED BY SLIT ROBO%PANTHER PATHWAY%P00008		17	0.39880973	0.958283	0.5212766	0.82678527	1.0	957	tags=12%, list=6%, signal=12%	
REGULATION OF ACTIN DYNAMICS FOR PHAGOCYTIC CUP FORMATION%REACTOME%R-HSA-2029482.4	REGULATION OF ACTIN DYNAMICS FOR PHAGOCYTIC CUP FORMATION%REACTOME%R-HSA-2029482.4		60	0.3086128	0.9581108	0.5377778	0.82695	1.0	4074	tags=37%, list=25%, signal=49%	
OXYCODONE ACTION PATHWAY%SMPDB%SMP0000409	OXYCODONE ACTION PATHWAY%SMPDB%SMP0000409		18	0.3978525	0.95804876	0.5244898	0.8267478	1.0	1666	tags=11%, list=10%, signal=12%	
VALIDATED TRANSCRIPTIONAL TARGETS OF DELTANP63 ISOFORMS%PATHWAY INTERACTION DATABASE NCI-NATURE CURATED DATA%VALIDATED TRANSCRIPTIONAL TARGETS OF DELTANP63 ISOFORMS	VALIDATED TRANSCRIPTIONAL TARGETS OF DELTANP63 ISOFORMS%PATHWAY INTERACTION DATABASE NCI-NATURE CURATED DATA%VALIDATED TRANSCRIPTIONAL TARGETS OF DELTANP63 ISOFORMS		40	0.3341892	0.95799786	0.53944564	0.826511	1.0	3788	tags=38%, list=23%, signal=49%	
HDR THROUGH HOMOLOGOUS RECOMBINATION (HRR) OR SINGLE STRAND ANNEALING (SSA)%REACTOME%R-HSA-5693567.4	HDR THROUGH HOMOLOGOUS RECOMBINATION (HRR) OR SINGLE STRAND ANNEALING (SSA)%REACTOME%R-HSA-5693567.4		99	0.2863805	0.95780313	0.5840708	0.8267235	1.0	1857	tags=15%, list=11%, signal=17%	
REGULATION OF CYTOKINE PRODUCTION INVOLVED IN IMMUNE RESPONSE%GOBP%GO:0002718	REGULATION OF CYTOKINE PRODUCTION INVOLVED IN IMMUNE RESPONSE%GOBP%GO:0002718		61	0.3033218	0.9574933	0.5696466	0.82726943	1.0	3994	tags=31%, list=24%, signal=41%	
N-GLYCAN TRIMMING IN THE ER AND CALNEXIN CALRETICULIN CYCLE%REACTOME DATABASE ID RELEASE 93%532668	N-GLYCAN TRIMMING IN THE ER AND CALNEXIN CALRETICULIN CYCLE%REACTOME DATABASE ID RELEASE 93%532668		34	0.34458905	0.9574133	0.5285412	0.8271079	1.0	3247	tags=35%, list=20%, signal=44%	
ESTABLISHMENT OR MAINTENANCE OF APICAL/BASAL CELL POLARITY%GOBP%GO:0035088	ESTABLISHMENT OR MAINTENANCE OF APICAL/BASAL CELL POLARITY%GOBP%GO:0035088		36	0.33779943	0.9572468	0.5282609	0.8272057	1.0	1980	tags=25%, list=12%, signal=28%	
BIOCARTA_CASPASE_PATHWAY%MSIGDB_C2%BIOCARTA_CASPASE_PATHWAY	BIOCARTA_CASPASE_PATHWAY%MSIGDB_C2%BIOCARTA_CASPASE_PATHWAY		16	0.40250924	0.9571707	0.50739956	0.82705855	1.0	3896	tags=25%, list=24%, signal=33%	
HALLMARK_IL6_JAK_STAT3_SIGNALING%MSIGDBHALLMARK%HALLMARK_IL6_JAK_STAT3_SIGNALING	HALLMARK_IL6_JAK_STAT3_SIGNALING%MSIGDBHALLMARK%HALLMARK_IL6_JAK_STAT3_SIGNALING		69	0.2997765	0.95715463	0.5641026	0.82671636	1.0	4002	tags=32%, list=24%, signal=42%	
PROPARACAINE ACTION PATHWAY%PATHWHIZ%PW000409	PROPARACAINE ACTION PATHWAY%PATHWHIZ%PW000409		18	0.3978525	0.95712095	0.525	0.8264414	1.0	1666	tags=11%, list=10%, signal=12%	
FATTY-ACYL-COA BIOSYNTHETIC PROCESS%GOBP%GO:0046949	FATTY-ACYL-COA BIOSYNTHETIC PROCESS%GOBP%GO:0046949		23	0.37910196	0.957092	0.5214724	0.82614017	1.0	2928	tags=17%, list=18%, signal=21%	
NEGATIVE REGULATION OF ANGIOGENESIS%GOBP%GO:0016525	NEGATIVE REGULATION OF ANGIOGENESIS%GOBP%GO:0016525		70	0.29868126	0.95693785	0.5285714	0.8261988	1.0	3141	tags=21%, list=19%, signal=26%	
SEMAPHORIN INTERACTIONS%REACTOME%R-HSA-373755.3	SEMAPHORIN INTERACTIONS%REACTOME%R-HSA-373755.3		62	0.3078181	0.9569352	0.52967036	0.82582366	1.0	2433	tags=27%, list=15%, signal=32%	
ORGANELLE MEMBRANE FUSION%GOBP%GO:0090174	ORGANELLE MEMBRANE FUSION%GOBP%GO:0090174		86	0.28525138	0.956705	0.5586957	0.82612735	1.0	2147	tags=17%, list=13%, signal=20%	
METHADYL ACETATE ACTION PATHWAY%PATHWHIZ%PW000655	METHADYL ACETATE ACTION PATHWAY%PATHWHIZ%PW000655		18	0.3978525	0.9566157	0.5135135	0.8260225	1.0	1666	tags=11%, list=10%, signal=12%	
GLYCOSAMINOGLYCAN SYNTHESIS IN FIBROBLASTS%WIKIPATHWAYS_20250810%WP5395%HOMO SAPIENS	GLYCOSAMINOGLYCAN SYNTHESIS IN FIBROBLASTS%WIKIPATHWAYS_20250810%WP5395%HOMO SAPIENS		31	0.35049036	0.95645636	0.5408805	0.82613003	1.0	2340	tags=19%, list=14%, signal=23%	
ESCITALOPRAM ACTION PATHWAY%PATHWHIZ%PW000427	ESCITALOPRAM ACTION PATHWAY%PATHWHIZ%PW000427		18	0.3978525	0.9562755	0.49568966	0.82630277	1.0	1666	tags=11%, list=10%, signal=12%	
GLIAL CELL DEVELOPMENT%GOBP%GO:0021782	GLIAL CELL DEVELOPMENT%GOBP%GO:0021782		49	0.31755254	0.95586115	0.52412283	0.8271783	1.0	2370	tags=20%, list=14%, signal=24%	
REGULATION OF PROTEIN TARGETING TO MITOCHONDRION%GOBP%GO:1903214	REGULATION OF PROTEIN TARGETING TO MITOCHONDRION%GOBP%GO:1903214		33	0.35021526	0.9557811	0.51804674	0.8270398	1.0	3513	tags=39%, list=21%, signal=50%	
RNA POLYMERASE II TRANSCRIPTION INITIATION AND PROMOTER CLEARANCE%REACTOME%R-HSA-76042.5	RNA POLYMERASE II TRANSCRIPTION INITIATION AND PROMOTER CLEARANCE%REACTOME%R-HSA-76042.5		44	0.32353395	0.95574117	0.545055	0.82677674	1.0	3415	tags=32%, list=21%, signal=40%	
REGULATION OF RETINOBLASTOMA PROTEIN%PATHWAY INTERACTION DATABASE NCI-NATURE CURATED DATA%REGULATION OF RETINOBLASTOMA PROTEIN	REGULATION OF RETINOBLASTOMA PROTEIN%PATHWAY INTERACTION DATABASE NCI-NATURE CURATED DATA%REGULATION OF RETINOBLASTOMA PROTEIN		54	0.31216052	0.95559365	0.57743365	0.82682586	1.0	3354	tags=30%, list=20%, signal=37%	
NEUREXINS AND NEUROLIGINS%REACTOME%R-HSA-6794361.6	NEUREXINS AND NEUROLIGINS%REACTOME%R-HSA-6794361.6		51	0.31397644	0.95533353	0.5221445	0.82720137	1.0	2888	tags=18%, list=18%, signal=21%	
REGULATION OF B CELL ACTIVATION%GOBP%GO:0050864	REGULATION OF B CELL ACTIVATION%GOBP%GO:0050864		74	0.29398465	0.95517457	0.5225225	0.8273036	1.0	4629	tags=35%, list=28%, signal=49%	
TRANSPOSABLE ELEMENT SILENCING%GOBP%GO:0010526	TRANSPOSABLE ELEMENT SILENCING%GOBP%GO:0010526		30	0.35502273	0.95504206	0.5062241	0.8273194	1.0	209	tags=7%, list=1%, signal=7%	
REGULATION OF LIPID STORAGE%GOBP%GO:0010883	REGULATION OF LIPID STORAGE%GOBP%GO:0010883		32	0.34412327	0.954999	0.5352381	0.82706785	1.0	2281	tags=25%, list=14%, signal=29%	
PORPHYRIN METABOLISM%REACTOME DATABASE ID RELEASE 93%189445	PORPHYRIN METABOLISM%REACTOME DATABASE ID RELEASE 93%189445		15	0.40143874	0.95498407	0.4979757	0.8267365	1.0	1678	tags=33%, list=10%, signal=37%	
RECEPTOR LOCALIZATION TO SYNAPSE%GOBP%GO:0097120	RECEPTOR LOCALIZATION TO SYNAPSE%GOBP%GO:0097120		23	0.361742	0.9549183	0.5550935	0.8265488	1.0	1522	tags=13%, list=9%, signal=14%	
CRANIAL NERVE DEVELOPMENT%GOBP%GO:0021545	CRANIAL NERVE DEVELOPMENT%GOBP%GO:0021545		19	0.39017016	0.9543065	0.55157894	0.82798547	1.0	2216	tags=21%, list=14%, signal=24%	
CONSTITUTIVE SIGNALING BY AKT1 E17K IN CANCER%REACTOME%R-HSA-5674400.3	CONSTITUTIVE SIGNALING BY AKT1 E17K IN CANCER%REACTOME%R-HSA-5674400.3		23	0.36491942	0.95396733	0.522541	0.82858723	1.0	2478	tags=35%, list=15%, signal=41%	
REGULATION OF EXOCYTOSIS%GOBP%GO:0017157	REGULATION OF EXOCYTOSIS%GOBP%GO:0017157		116	0.2741609	0.95370674	0.55580866	0.82898116	1.0	2962	tags=22%, list=18%, signal=27%	
PRESENILIN ACTION IN NOTCH AND WNT SIGNALING%PATHWAY INTERACTION DATABASE NCI-NATURE CURATED DATA%PRESENILIN ACTION IN NOTCH AND WNT SIGNALING	PRESENILIN ACTION IN NOTCH AND WNT SIGNALING%PATHWAY INTERACTION DATABASE NCI-NATURE CURATED DATA%PRESENILIN ACTION IN NOTCH AND WNT SIGNALING		41	0.32424197	0.9534755	0.52842104	0.8293183	1.0	2370	tags=22%, list=14%, signal=26%	
RNA POLYMERASE II TRANSCRIPTION PRE-INITIATION AND PROMOTER OPENING%REACTOME%R-HSA-73779.4	RNA POLYMERASE II TRANSCRIPTION PRE-INITIATION AND PROMOTER OPENING%REACTOME%R-HSA-73779.4		44	0.32353395	0.9533636	0.52	0.8292633	1.0	3415	tags=32%, list=21%, signal=40%	
PID_RET_PATHWAY%MSIGDB_C2%PID_RET_PATHWAY	PID_RET_PATHWAY%MSIGDB_C2%PID_RET_PATHWAY		29	0.35356855	0.9532753	0.51527494	0.82913685	1.0	2022	tags=31%, list=12%, signal=35%	
HALLMARK_EPITHELIAL_MESENCHYMAL_TRANSITION%MSIGDBHALLMARK%HALLMARK_EPITHELIAL_MESENCHYMAL_TRANSITION	HALLMARK_EPITHELIAL_MESENCHYMAL_TRANSITION%MSIGDBHALLMARK%HALLMARK_EPITHELIAL_MESENCHYMAL_TRANSITION		151	0.2623012	0.95319986	0.60879123	0.8289675	1.0	2746	tags=19%, list=17%, signal=23%	
RNA POLYMERASE II TRANSCRIBES SNRNA GENES%REACTOME%R-HSA-6807505.4	RNA POLYMERASE II TRANSCRIBES SNRNA GENES%REACTOME%R-HSA-6807505.4		71	0.29150176	0.95302296	0.5405983	0.8291324	1.0	1858	tags=21%, list=11%, signal=24%	
REGULATION OF SYNAPTIC PLASTICITY%GOBP%GO:0048167	REGULATION OF SYNAPTIC PLASTICITY%GOBP%GO:0048167		109	0.27618372	0.9529831	0.5863636	0.8288682	1.0	3076	tags=19%, list=19%, signal=24%	
G-PROTEIN MEDIATED EVENTS%REACTOME%R-HSA-112040.3	G-PROTEIN MEDIATED EVENTS%REACTOME%R-HSA-112040.3		50	0.3114186	0.95278126	0.5465587	0.82908756	1.0	3524	tags=26%, list=21%, signal=33%	
REGULATION OF ANTIGEN PROCESSING AND PRESENTATION%GOBP%GO:0002577	REGULATION OF ANTIGEN PROCESSING AND PRESENTATION%GOBP%GO:0002577		19	0.38132074	0.9527698	0.56563705	0.82874405	1.0	4808	tags=37%, list=29%, signal=52%	
CRISTAE FORMATION%REACTOME%R-HSA-8949613.3	CRISTAE FORMATION%REACTOME%R-HSA-8949613.3		29	0.34776786	0.9526648	0.5366876	0.8286752	1.0	3730	tags=41%, list=23%, signal=53%	
PID_PS1_PATHWAY%MSIGDB_C2%PID_PS1_PATHWAY	PID_PS1_PATHWAY%MSIGDB_C2%PID_PS1_PATHWAY		34	0.34561393	0.9526616	0.52263373	0.8283053	1.0	968	tags=15%, list=6%, signal=16%	
NEGATIVE REGULATION OF FIBROBLAST PROLIFERATION%GOBP%GO:0048147	NEGATIVE REGULATION OF FIBROBLAST PROLIFERATION%GOBP%GO:0048147		18	0.38878763	0.95262074	0.5216495	0.82804084	1.0	4430	tags=50%, list=27%, signal=68%	
POTASSIUM ION IMPORT ACROSS PLASMA MEMBRANE%GOBP%GO:1990573	POTASSIUM ION IMPORT ACROSS PLASMA MEMBRANE%GOBP%GO:1990573		29	0.35044104	0.9525502	0.537037	0.82789	1.0	3894	tags=28%, list=24%, signal=36%	
RNA POLYMERASE II TRANSCRIPTION INITIATION%REACTOME%R-HSA-75953.4	RNA POLYMERASE II TRANSCRIPTION INITIATION%REACTOME%R-HSA-75953.4		44	0.32353395	0.9524089	0.5398773	0.82794034	1.0	3415	tags=32%, list=21%, signal=40%	
NEGATIVE REGULATION OF LEUKOCYTE PROLIFERATION%GOBP%GO:0070664	NEGATIVE REGULATION OF LEUKOCYTE PROLIFERATION%GOBP%GO:0070664		55	0.3103107	0.9519632	0.54102	0.8289012	1.0	4121	tags=27%, list=25%, signal=36%	
RESPONSE TO INTERLEUKIN-1%GOBP%GO:0070555	RESPONSE TO INTERLEUKIN-1%GOBP%GO:0070555		64	0.29745921	0.95188516	0.53741497	0.82874626	1.0	1654	tags=16%, list=10%, signal=17%	
PREFOLDIN MEDIATED TRANSFER OF SUBSTRATE TO CCT TRIC%REACTOME DATABASE ID RELEASE 93%389957	PREFOLDIN MEDIATED TRANSFER OF SUBSTRATE TO CCT TRIC%REACTOME DATABASE ID RELEASE 93%389957		23	0.368012	0.951821	0.52412283	0.82854605	1.0	2645	tags=30%, list=16%, signal=36%	
NEGATIVE REGULATION OF ADAPTIVE IMMUNE RESPONSE BASED ON SOMATIC RECOMBINATION OF IMMUNE RECEPTORS BUILT FROM IMMUNOGLOBULIN SUPERFAMILY DOMAINS%GOBP%GO:0002823	NEGATIVE REGULATION OF ADAPTIVE IMMUNE RESPONSE BASED ON SOMATIC RECOMBINATION OF IMMUNE RECEPTORS BUILT FROM IMMUNOGLOBULIN SUPERFAMILY DOMAINS%GOBP%GO:0002823		35	0.33283216	0.9516949	0.5204918	0.82854086	1.0	2938	tags=23%, list=18%, signal=28%	
NUCLEAR RECEPTOR TRANSCRIPTION PATHWAY%REACTOME DATABASE ID RELEASE 93%383280	NUCLEAR RECEPTOR TRANSCRIPTION PATHWAY%REACTOME DATABASE ID RELEASE 93%383280		35	0.3392315	0.95163226	0.5229167	0.8283463	1.0	1229	tags=14%, list=7%, signal=15%	
PID_TCR_PATHWAY%MSIGDB_C2%PID_TCR_PATHWAY	PID_TCR_PATHWAY%MSIGDB_C2%PID_TCR_PATHWAY		50	0.313815	0.9516154	0.5242105	0.8280175	1.0	914	tags=12%, list=6%, signal=13%	
TP53 NETWORK%WIKIPATHWAYS_20250810%WP1742%HOMO SAPIENS	TP53 NETWORK%WIKIPATHWAYS_20250810%WP1742%HOMO SAPIENS		15	0.41065103	0.9514994	0.516	0.8279971	1.0	2478	tags=20%, list=15%, signal=24%	
PIGMENTATION%GOBP%GO:0043473	PIGMENTATION%GOBP%GO:0043473		61	0.2964849	0.951458	0.55829597	0.8277516	1.0	2543	tags=28%, list=15%, signal=33%	
NUCLEAR EVENTS (KINASE AND TRANSCRIPTION FACTOR ACTIVATION)%REACTOME DATABASE ID RELEASE 93%198725	NUCLEAR EVENTS (KINASE AND TRANSCRIPTION FACTOR ACTIVATION)%REACTOME DATABASE ID RELEASE 93%198725		53	0.3079276	0.9511296	0.5327511	0.82831895	1.0	2845	tags=30%, list=17%, signal=36%	
POSITIVE REGULATION OF IMMUNOGLOBULIN MEDIATED IMMUNE RESPONSE%GOBP%GO:0002891	POSITIVE REGULATION OF IMMUNOGLOBULIN MEDIATED IMMUNE RESPONSE%GOBP%GO:0002891		17	0.38470417	0.95112747	0.4978903	0.8279445	1.0	2939	tags=35%, list=18%, signal=43%	
REGULATION OF SKELETAL MUSCLE CELL DIFFERENTIATION%GOBP%GO:2001014	REGULATION OF SKELETAL MUSCLE CELL DIFFERENTIATION%GOBP%GO:2001014		16	0.40353522	0.9511013	0.5289256	0.827647	1.0	2216	tags=25%, list=14%, signal=29%	
RNA POLYMERASE II PROMOTER ESCAPE%REACTOME DATABASE ID RELEASE 93%73776	RNA POLYMERASE II PROMOTER ESCAPE%REACTOME DATABASE ID RELEASE 93%73776		44	0.32353395	0.95060235	0.5508475	0.82874584	1.0	3415	tags=32%, list=21%, signal=40%	
NEGATIVE REGULATION OF LYMPHOCYTE PROLIFERATION%GOBP%GO:0050672	NEGATIVE REGULATION OF LYMPHOCYTE PROLIFERATION%GOBP%GO:0050672		48	0.3155093	0.9504991	0.537155	0.8286601	1.0	4121	tags=29%, list=25%, signal=39%	
GSK3B AND BTRC:CUL1-MEDIATED-DEGRADATION OF NFE2L2%REACTOME%R-HSA-9762114.3	GSK3B AND BTRC:CUL1-MEDIATED-DEGRADATION OF NFE2L2%REACTOME%R-HSA-9762114.3		40	0.32790744	0.94968003	0.53541666	0.8307273	1.0	2844	tags=38%, list=17%, signal=45%	
CELLULAR RESPONSE TO CHEMICAL STRESS%GOBP%GO:0062197	CELLULAR RESPONSE TO CHEMICAL STRESS%GOBP%GO:0062197		176	0.25843248	0.9496363	0.60745615	0.8304984	1.0	2508	tags=21%, list=15%, signal=25%	
MITOPHAGY%GOBP%GO:0000423	MITOPHAGY%GOBP%GO:0000423		44	0.31534764	0.94952863	0.52916664	0.8304413	1.0	1073	tags=11%, list=7%, signal=12%	
PID_INTEGRIN1_PATHWAY%MSIGDB_C2%PID_INTEGRIN1_PATHWAY	PID_INTEGRIN1_PATHWAY%MSIGDB_C2%PID_INTEGRIN1_PATHWAY		47	0.31793234	0.94927424	0.552017	0.8307984	1.0	2696	tags=26%, list=16%, signal=30%	
GABA B RECEPTOR ACTIVATION%REACTOME DATABASE ID RELEASE 93%977444	GABA B RECEPTOR ACTIVATION%REACTOME DATABASE ID RELEASE 93%977444		34	0.33867407	0.94923186	0.53488374	0.83054537	1.0	4788	tags=32%, list=29%, signal=46%	
ORGANIC CATION TRANSPORT%GOBP%GO:0015695	ORGANIC CATION TRANSPORT%GOBP%GO:0015695		61	0.30288035	0.948764	0.5643341	0.8315476	1.0	3432	tags=25%, list=21%, signal=31%	
TUBE FORMATION%GOBP%GO:0035148	TUBE FORMATION%GOBP%GO:0035148		48	0.3101934	0.94867057	0.5720165	0.8314498	1.0	1809	tags=17%, list=11%, signal=19%	
VASCULAR TRANSPORT%GOBP%GO:0010232	VASCULAR TRANSPORT%GOBP%GO:0010232		75	0.29073566	0.9479058	0.58863634	0.8333071	1.0	3777	tags=28%, list=23%, signal=36%	
NEGATIVE REGULATION OF CANONICAL WNT SIGNALING PATHWAY%GOBP%GO:0090090	NEGATIVE REGULATION OF CANONICAL WNT SIGNALING PATHWAY%GOBP%GO:0090090		93	0.28153557	0.94770306	0.5661765	0.83351696	1.0	2705	tags=23%, list=16%, signal=27%	
GM-CSF%IOB%GM-CSF	GM-CSF%IOB%GM-CSF		46	0.32113785	0.94738597	0.5597484	0.834045	1.0	2490	tags=22%, list=15%, signal=26%	
TOLL LIKE RECEPTOR 2 (TLR2) CASCADE%REACTOME DATABASE ID RELEASE 93%181438	TOLL LIKE RECEPTOR 2 (TLR2) CASCADE%REACTOME DATABASE ID RELEASE 93%181438		100	0.27686784	0.94713026	0.5694444	0.8344425	1.0	1992	tags=20%, list=12%, signal=23%	
PINK1-PRKN MEDIATED MITOPHAGY%REACTOME%R-HSA-5205685.9	PINK1-PRKN MEDIATED MITOPHAGY%REACTOME%R-HSA-5205685.9		28	0.34946635	0.9470971	0.5491453	0.8341562	1.0	1257	tags=18%, list=8%, signal=19%	
MYD88:MAL(TIRAP) CASCADE INITIATED ON PLASMA MEMBRANE%REACTOME%R-HSA-166058.5	MYD88:MAL(TIRAP) CASCADE INITIATED ON PLASMA MEMBRANE%REACTOME%R-HSA-166058.5		100	0.27686784	0.94669497	0.5772727	0.83491576	1.0	1992	tags=20%, list=12%, signal=23%	
INTRINSIC APOPTOTIC SIGNALING PATHWAY BY P53 CLASS MEDIATOR%GOBP%GO:0072332	INTRINSIC APOPTOTIC SIGNALING PATHWAY BY P53 CLASS MEDIATOR%GOBP%GO:0072332		36	0.3334226	0.9464871	0.5349794	0.8351547	1.0	2141	tags=28%, list=13%, signal=32%	
NEGATIVE REGULATION OF RECEPTOR SIGNALING PATHWAY VIA STAT%GOBP%GO:1904893	NEGATIVE REGULATION OF RECEPTOR SIGNALING PATHWAY VIA STAT%GOBP%GO:1904893		17	0.39415908	0.9460184	0.52754235	0.8361524	1.0	369	tags=12%, list=2%, signal=12%	
RIBOSOMAL LARGE SUBUNIT BIOGENESIS%GOBP%GO:0042273	RIBOSOMAL LARGE SUBUNIT BIOGENESIS%GOBP%GO:0042273		65	0.29742792	0.94582844	0.5548387	0.83634204	1.0	3592	tags=34%, list=22%, signal=43%	
TRANSCRIPTIONAL REGULATION BY VENTX%REACTOME%R-HSA-8853884.3	TRANSCRIPTIONAL REGULATION BY VENTX%REACTOME%R-HSA-8853884.3		35	0.33450314	0.9456662	0.5390946	0.83644307	1.0	1510	tags=23%, list=9%, signal=25%	
DOWNREGULATION OF ERBB2 SIGNALING%REACTOME%R-HSA-8863795.3	DOWNREGULATION OF ERBB2 SIGNALING%REACTOME%R-HSA-8863795.3		26	0.35712656	0.9450298	0.54565215	0.83795166	1.0	4015	tags=46%, list=24%, signal=61%	
CONSTITUTIVE SIGNALING BY NOTCH1 HD+PEST DOMAIN MUTANTS%REACTOME DATABASE ID RELEASE 93%2894862	CONSTITUTIVE SIGNALING BY NOTCH1 HD+PEST DOMAIN MUTANTS%REACTOME DATABASE ID RELEASE 93%2894862		52	0.30751148	0.9447696	0.5507559	0.83830434	1.0	4072	tags=46%, list=25%, signal=61%	
RHO PROTEIN SIGNAL TRANSDUCTION%GOBP%GO:0007266	RHO PROTEIN SIGNAL TRANSDUCTION%GOBP%GO:0007266		52	0.30942056	0.9447172	0.55236137	0.8380831	1.0	3311	tags=37%, list=20%, signal=46%	
KIDNEY MORPHOGENESIS%GOBP%GO:0060993	KIDNEY MORPHOGENESIS%GOBP%GO:0060993		23	0.36822203	0.94428396	0.54393303	0.83900833	1.0	6	tags=4%, list=0%, signal=4%	
MONONUCLEAR CELL MIGRATION%GOBP%GO:0071674	MONONUCLEAR CELL MIGRATION%GOBP%GO:0071674		63	0.296315	0.94411314	0.5660377	0.8391126	1.0	5835	tags=40%, list=36%, signal=61%	
TRANSPORT ACROSS BLOOD-BRAIN BARRIER%GOBP%GO:0150104	TRANSPORT ACROSS BLOOD-BRAIN BARRIER%GOBP%GO:0150104		75	0.29073566	0.9440957	0.5608696	0.83878887	1.0	3777	tags=28%, list=23%, signal=36%	
REGULATION OF MONOCYTE CHEMOTAXIS%GOBP%GO:0090025	REGULATION OF MONOCYTE CHEMOTAXIS%GOBP%GO:0090025		22	0.37123352	0.9433402	0.54362416	0.84065145	1.0	2752	tags=27%, list=17%, signal=33%	
HALLMARK_NOTCH_SIGNALING%MSIGDBHALLMARK%HALLMARK_NOTCH_SIGNALING	HALLMARK_NOTCH_SIGNALING%MSIGDBHALLMARK%HALLMARK_NOTCH_SIGNALING		21	0.37353843	0.94333214	0.5520833	0.84029806	1.0	3846	tags=33%, list=23%, signal=43%	
XENOBIOTIC TRANSPORT%GOBP%GO:0042908	XENOBIOTIC TRANSPORT%GOBP%GO:0042908		36	0.32718697	0.94330674	0.5508475	0.8399859	1.0	4407	tags=31%, list=27%, signal=42%	
HALLMARK_IL2_STAT5_SIGNALING%MSIGDBHALLMARK%HALLMARK_IL2_STAT5_SIGNALING	HALLMARK_IL2_STAT5_SIGNALING%MSIGDBHALLMARK%HALLMARK_IL2_STAT5_SIGNALING		147	0.26173705	0.94274855	0.62676054	0.84123445	1.0	3356	tags=22%, list=20%, signal=27%	
TOLL LIKE RECEPTOR TLR1:TLR2 CASCADE%REACTOME DATABASE ID RELEASE 93%168179	TOLL LIKE RECEPTOR TLR1:TLR2 CASCADE%REACTOME DATABASE ID RELEASE 93%168179		100	0.27686784	0.94274414	0.6036036	0.84086573	1.0	1992	tags=20%, list=12%, signal=23%	
RESPONSE TO HYDROGEN PEROXIDE%GOBP%GO:0042542	RESPONSE TO HYDROGEN PEROXIDE%GOBP%GO:0042542		36	0.327951	0.9427301	0.56573707	0.8405307	1.0	1707	tags=22%, list=10%, signal=25%	
RHO GTPASES ACTIVATE WASPS AND WAVES%REACTOME DATABASE ID RELEASE 93%5663213	RHO GTPASES ACTIVATE WASPS AND WAVES%REACTOME DATABASE ID RELEASE 93%5663213		32	0.34354365	0.9424703	0.53691274	0.84091246	1.0	2438	tags=25%, list=15%, signal=29%	
NEUROTRANSMITTER SECRETION%GOBP%GO:0007269	NEUROTRANSMITTER SECRETION%GOBP%GO:0007269		52	0.30826896	0.9423134	0.5565032	0.8409807	1.0	4775	tags=35%, list=29%, signal=49%	
MYD88 DEPENDENT CASCADE INITIATED ON ENDOSOME%REACTOME DATABASE ID RELEASE 93%975155	MYD88 DEPENDENT CASCADE INITIATED ON ENDOSOME%REACTOME DATABASE ID RELEASE 93%975155		93	0.283172	0.94196236	0.57522124	0.84164435	1.0	1948	tags=22%, list=12%, signal=24%	
REGULATION OF ACUTE INFLAMMATORY RESPONSE%GOBP%GO:0002673	REGULATION OF ACUTE INFLAMMATORY RESPONSE%GOBP%GO:0002673		24	0.36855686	0.941955	0.5458248	0.8412864	1.0	4157	tags=25%, list=25%, signal=33%	
PROTEIN TRANSMEMBRANE TRANSPORT%GOBP%GO:0071806	PROTEIN TRANSMEMBRANE TRANSPORT%GOBP%GO:0071806		50	0.31245476	0.94173926	0.5724138	0.8415271	1.0	2942	tags=34%, list=18%, signal=41%	
POSITIVE REGULATION OF MUSCLE CELL DIFFERENTIATION%GOBP%GO:0051149	POSITIVE REGULATION OF MUSCLE CELL DIFFERENTIATION%GOBP%GO:0051149		39	0.3271787	0.941512	0.557652	0.84179956	1.0	2677	tags=23%, list=16%, signal=28%	
HIPPO YAP SIGNALING%WIKIPATHWAYS_20250810%WP4537%HOMO SAPIENS	HIPPO YAP SIGNALING%WIKIPATHWAYS_20250810%WP4537%HOMO SAPIENS		15	0.40636367	0.94136333	0.5472103	0.8418465	1.0	2955	tags=27%, list=18%, signal=32%	
PHOSPHOLIPASE C-ACTIVATING G PROTEIN-COUPLED RECEPTOR SIGNALING PATHWAY%GOBP%GO:0007200	PHOSPHOLIPASE C-ACTIVATING G PROTEIN-COUPLED RECEPTOR SIGNALING PATHWAY%GOBP%GO:0007200		76	0.28701797	0.94133544	0.57758623	0.84155595	1.0	1918	tags=12%, list=12%, signal=13%	
MITOTIC CYTOKINESIS%GOBP%GO:0000281	MITOTIC CYTOKINESIS%GOBP%GO:0000281		77	0.2847979	0.94112927	0.5812357	0.84174913	1.0	2433	tags=23%, list=15%, signal=27%	
B-WICH COMPLEX POSITIVELY REGULATES RRNA EXPRESSION%REACTOME DATABASE ID RELEASE 93%5250924	B-WICH COMPLEX POSITIVELY REGULATES RRNA EXPRESSION%REACTOME DATABASE ID RELEASE 93%5250924		42	0.31738997	0.94077057	0.56060606	0.8424012	1.0	1857	tags=21%, list=11%, signal=24%	
NEGATIVE REGULATION OF PEPTIDE HORMONE SECRETION%GOBP%GO:0090278	NEGATIVE REGULATION OF PEPTIDE HORMONE SECRETION%GOBP%GO:0090278		17	0.3934237	0.94075376	0.5346535	0.8420766	1.0	3573	tags=35%, list=22%, signal=45%	
VIRAL TRANSLATION%GOBP%GO:0019081	VIRAL TRANSLATION%GOBP%GO:0019081		15	0.40190443	0.9407027	0.5230126	0.84185755	1.0	1576	tags=27%, list=10%, signal=29%	
PAR1-MEDIATED THROMBIN SIGNALING EVENTS%PATHWAY INTERACTION DATABASE NCI-NATURE CURATED DATA%PAR1-MEDIATED THROMBIN SIGNALING EVENTS	PAR1-MEDIATED THROMBIN SIGNALING EVENTS%PATHWAY INTERACTION DATABASE NCI-NATURE CURATED DATA%PAR1-MEDIATED THROMBIN SIGNALING EVENTS		40	0.32065213	0.9406524	0.5615866	0.8416297	1.0	1903	tags=23%, list=12%, signal=25%	
ENDOTHELIAL CELL MIGRATION%GOBP%GO:0043542	ENDOTHELIAL CELL MIGRATION%GOBP%GO:0043542		53	0.3039217	0.94027317	0.5630435	0.8423595	1.0	4331	tags=42%, list=26%, signal=56%	
NEGATIVE REGULATION OF MONONUCLEAR CELL PROLIFERATION%GOBP%GO:0032945	NEGATIVE REGULATION OF MONONUCLEAR CELL PROLIFERATION%GOBP%GO:0032945		48	0.3155093	0.9402105	0.54385966	0.84215766	1.0	4121	tags=29%, list=25%, signal=39%	
TGF BETA RECEPTOR SIGNALING%WIKIPATHWAYS_20250810%WP560%HOMO SAPIENS	TGF BETA RECEPTOR SIGNALING%WIKIPATHWAYS_20250810%WP560%HOMO SAPIENS		41	0.31731474	0.94015056	0.5677966	0.8419771	1.0	67	tags=5%, list=0%, signal=5%	
VESICLE-MEDIATED TRANSPORT IN SYNAPSE%GOBP%GO:0099003	VESICLE-MEDIATED TRANSPORT IN SYNAPSE%GOBP%GO:0099003		79	0.29061925	0.9398043	0.5938967	0.84261745	1.0	3085	tags=23%, list=19%, signal=28%	
NEGATIVE REGULATION OF PROTEIN BINDING%GOBP%GO:0032091	NEGATIVE REGULATION OF PROTEIN BINDING%GOBP%GO:0032091		23	0.36358553	0.9396431	0.5477707	0.84271747	1.0	188	tags=13%, list=1%, signal=13%	
DAP12 INTERACTIONS%REACTOME DATABASE ID RELEASE 93%2172127	DAP12 INTERACTIONS%REACTOME DATABASE ID RELEASE 93%2172127		26	0.35429102	0.9396344	0.5526882	0.84236795	1.0	957	tags=12%, list=6%, signal=12%	
SYNTHESIS OF CERAMIDES AND 1 DEOXYCERAMIDES%WIKIPATHWAYS_20250810%WP5194%HOMO SAPIENS	SYNTHESIS OF CERAMIDES AND 1 DEOXYCERAMIDES%WIKIPATHWAYS_20250810%WP5194%HOMO SAPIENS		17	0.3966315	0.9395897	0.5502008	0.8421229	1.0	3640	tags=35%, list=22%, signal=45%	
PHASE II - CONJUGATION OF COMPOUNDS%REACTOME%R-HSA-156580.4	PHASE II - CONJUGATION OF COMPOUNDS%REACTOME%R-HSA-156580.4		57	0.30008858	0.9390056	0.5386364	0.8434644	1.0	4651	tags=33%, list=28%, signal=46%	
RESPIRATORY CHAIN COMPLEX IV ASSEMBLY%GOBP%GO:0008535	RESPIRATORY CHAIN COMPLEX IV ASSEMBLY%GOBP%GO:0008535		25	0.35741985	0.93896246	0.5373444	0.84321725	1.0	3924	tags=52%, list=24%, signal=68%	
NEGATIVE REGULATION OF INSULIN SECRETION%GOBP%GO:0046676	NEGATIVE REGULATION OF INSULIN SECRETION%GOBP%GO:0046676		15	0.40525687	0.93893677	0.57254905	0.8429089	1.0	3573	tags=40%, list=22%, signal=51%	
FATTY ACID BETA OXIDATION%WIKIPATHWAYS_20250810%WP143%HOMO SAPIENS	FATTY ACID BETA OXIDATION%WIKIPATHWAYS_20250810%WP143%HOMO SAPIENS		22	0.363722	0.9387628	0.52642274	0.8430568	1.0	2771	tags=36%, list=17%, signal=44%	
NEGATIVE REGULATION OF RESPONSE TO CYTOKINE STIMULUS%GOBP%GO:0060761	NEGATIVE REGULATION OF RESPONSE TO CYTOKINE STIMULUS%GOBP%GO:0060761		60	0.29848772	0.93862385	0.60453403	0.84310955	1.0	1192	tags=10%, list=7%, signal=11%	
SIGNALING BY RETINOIC ACID%REACTOME%R-HSA-5362517.5	SIGNALING BY RETINOIC ACID%REACTOME%R-HSA-5362517.5		32	0.34363526	0.9384129	0.5635246	0.8433559	1.0	1229	tags=13%, list=7%, signal=13%	
EXOCYTOSIS%GOBP%GO:0006887	EXOCYTOSIS%GOBP%GO:0006887		151	0.2600841	0.93827987	0.63503647	0.843385	1.0	2977	tags=24%, list=18%, signal=29%	
CANONICAL AND NON CANONICAL NOTCH SIGNALING%WIKIPATHWAYS_20250810%WP3845%HOMO SAPIENS	CANONICAL AND NON CANONICAL NOTCH SIGNALING%WIKIPATHWAYS_20250810%WP3845%HOMO SAPIENS		17	0.39792913	0.93820846	0.5622318	0.84323126	1.0	620	tags=18%, list=4%, signal=18%	
SIGNAL RELEASE FROM SYNAPSE%GOBP%GO:0099643	SIGNAL RELEASE FROM SYNAPSE%GOBP%GO:0099643		52	0.30826896	0.93786746	0.57230145	0.84382004	1.0	4775	tags=35%, list=29%, signal=49%	
PLASMA MEMBRANE ESTROGEN RECEPTOR SIGNALING%PATHWAY INTERACTION DATABASE NCI-NATURE CURATED DATA%PLASMA MEMBRANE ESTROGEN RECEPTOR SIGNALING	PLASMA MEMBRANE ESTROGEN RECEPTOR SIGNALING%PATHWAY INTERACTION DATABASE NCI-NATURE CURATED DATA%PLASMA MEMBRANE ESTROGEN RECEPTOR SIGNALING		40	0.31803077	0.93772984	0.55172414	0.8438455	1.0	2600	tags=25%, list=16%, signal=30%	
SIGNALING BY NOTCH1 PEST DOMAIN MUTANTS IN CANCER%REACTOME%R-HSA-2644602.3	SIGNALING BY NOTCH1 PEST DOMAIN MUTANTS IN CANCER%REACTOME%R-HSA-2644602.3		52	0.30751148	0.9377269	0.55932206	0.8434785	1.0	4072	tags=46%, list=25%, signal=61%	
G ALPHA (Q) SIGNALLING EVENTS%REACTOME%R-HSA-416476.8	G ALPHA (Q) SIGNALLING EVENTS%REACTOME%R-HSA-416476.8		141	0.26632693	0.93748003	0.62589926	0.84384054	1.0	1918	tags=11%, list=12%, signal=13%	
MITOCHONDRIAL FUSION%GOBP%GO:0008053	MITOCHONDRIAL FUSION%GOBP%GO:0008053		18	0.3885193	0.93747157	0.54191035	0.84349316	1.0	873	tags=22%, list=5%, signal=23%	
SULFUR COMPOUND BIOSYNTHETIC PROCESS%GOBP%GO:0044272	SULFUR COMPOUND BIOSYNTHETIC PROCESS%GOBP%GO:0044272		76	0.28583047	0.9373501	0.5936073	0.8434699	1.0	2928	tags=20%, list=18%, signal=24%	
REGULATION OF VIRAL LIFE CYCLE%GOBP%GO:1903900	REGULATION OF VIRAL LIFE CYCLE%GOBP%GO:1903900		89	0.2794994	0.9370943	0.6363636	0.84390205	1.0	2375	tags=19%, list=14%, signal=22%	
POSITIVE REGULATION OF REPRODUCTIVE PROCESS%GOBP%GO:2000243	POSITIVE REGULATION OF REPRODUCTIVE PROCESS%GOBP%GO:2000243		32	0.34319574	0.93704	0.5653105	0.84369576	1.0	5183	tags=41%, list=32%, signal=59%	
REGULATION OF TYROSINE PHOSPHORYLATION OF STAT PROTEIN%GOBP%GO:0042509	REGULATION OF TYROSINE PHOSPHORYLATION OF STAT PROTEIN%GOBP%GO:0042509		16	0.38734683	0.9368624	0.5338809	0.8438419	1.0	3495	tags=38%, list=21%, signal=48%	
POSITIVE REGULATION OF MIRNA TRANSCRIPTION%GOBP%GO:1902895	POSITIVE REGULATION OF MIRNA TRANSCRIPTION%GOBP%GO:1902895		43	0.31631154	0.9368108	0.58848614	0.84361494	1.0	1809	tags=16%, list=11%, signal=18%	
RESPONSE TO UV%GOBP%GO:0009411	RESPONSE TO UV%GOBP%GO:0009411		103	0.277745	0.93654656	0.5991379	0.8440585	1.0	1983	tags=21%, list=12%, signal=24%	
VESICLE BUDDING FROM MEMBRANE%GOBP%GO:0006900	VESICLE BUDDING FROM MEMBRANE%GOBP%GO:0006900		71	0.2916038	0.9365272	0.604119	0.84375393	1.0	3054	tags=30%, list=19%, signal=36%	
REGULATION OF COLD-INDUCED THERMOGENESIS%GOBP%GO:0120161	REGULATION OF COLD-INDUCED THERMOGENESIS%GOBP%GO:0120161		120	0.27086076	0.93648285	0.62052506	0.8435225	1.0	3014	tags=22%, list=18%, signal=26%	
NETWORK MAP OF SARS COV 2 SIGNALING%WIKIPATHWAYS_20250810%WP5115%HOMO SAPIENS	NETWORK MAP OF SARS COV 2 SIGNALING%WIKIPATHWAYS_20250810%WP5115%HOMO SAPIENS		158	0.2604122	0.9362409	0.6369863	0.84383684	1.0	3206	tags=21%, list=20%, signal=26%	
SEROTONIN HTR1 GROUP AND FOS PATHWAY%WIKIPATHWAYS_20250810%WP722%HOMO SAPIENS	SEROTONIN HTR1 GROUP AND FOS PATHWAY%WIKIPATHWAYS_20250810%WP722%HOMO SAPIENS		25	0.35427052	0.93608254	0.54229933	0.84394366	1.0	1897	tags=20%, list=12%, signal=23%	
ALCOHOL BIOSYNTHETIC PROCESS%GOBP%GO:0046165	ALCOHOL BIOSYNTHETIC PROCESS%GOBP%GO:0046165		63	0.2996538	0.93546736	0.56448203	0.8453743	1.0	4647	tags=35%, list=28%, signal=49%	
C4-DICARBOXYLATE TRANSPORT%GOBP%GO:0015740	C4-DICARBOXYLATE TRANSPORT%GOBP%GO:0015740		18	0.38315362	0.9354271	0.54968286	0.84511346	1.0	1965	tags=22%, list=12%, signal=25%	
RESPONSE TO ESTROGEN%GOBP%GO:0043627	RESPONSE TO ESTROGEN%GOBP%GO:0043627		29	0.3395539	0.93521726	0.55982906	0.8453707	1.0	4851	tags=31%, list=30%, signal=44%	
EUKARYOTIC TRANSCRIPTION INITIATION%WIKIPATHWAYS_20250810%WP405%HOMO SAPIENS	EUKARYOTIC TRANSCRIPTION INITIATION%WIKIPATHWAYS_20250810%WP405%HOMO SAPIENS		31	0.33687046	0.93496835	0.55626327	0.8457415	1.0	3415	tags=35%, list=21%, signal=45%	
HEDGEHOG 'OFF' STATE%REACTOME%R-HSA-5610787.3	HEDGEHOG 'OFF' STATE%REACTOME%R-HSA-5610787.3		84	0.28358665	0.9348768	0.58458245	0.8456351	1.0	4103	tags=39%, list=25%, signal=52%	
POSITIVE REGULATION OF PROTEIN LOCALIZATION TO MEMBRANE%GOBP%GO:1905477	POSITIVE REGULATION OF PROTEIN LOCALIZATION TO MEMBRANE%GOBP%GO:1905477		63	0.2970965	0.93480814	0.5732484	0.8454692	1.0	2354	tags=19%, list=14%, signal=22%	
BILE ACID METABOLIC PROCESS%GOBP%GO:0008206	BILE ACID METABOLIC PROCESS%GOBP%GO:0008206		26	0.355434	0.9347817	0.60714287	0.8451763	1.0	1542	tags=15%, list=9%, signal=17%	
PID_DELTA_NP63_PATHWAY%MSIGDB_C2%PID_DELTA_NP63_PATHWAY	PID_DELTA_NP63_PATHWAY%MSIGDB_C2%PID_DELTA_NP63_PATHWAY		32	0.33594778	0.93472445	0.5521739	0.84496677	1.0	3788	tags=38%, list=23%, signal=49%	
GLUCOSE 6-PHOSPHATE METABOLIC PROCESS%GOBP%GO:0051156	GLUCOSE 6-PHOSPHATE METABOLIC PROCESS%GOBP%GO:0051156		16	0.3890719	0.9347074	0.5533597	0.844649	1.0	3171	tags=44%, list=19%, signal=54%	
SIGNALING BY NOTCH1 IN CANCER%REACTOME%R-HSA-2644603.5	SIGNALING BY NOTCH1 IN CANCER%REACTOME%R-HSA-2644603.5		52	0.30751148	0.93456674	0.57543105	0.8447045	1.0	4072	tags=46%, list=25%, signal=61%	
POSITIVE REGULATION OF MONOATOMIC ION TRANSMEMBRANE TRANSPORT%GOBP%GO:0034767	POSITIVE REGULATION OF MONOATOMIC ION TRANSMEMBRANE TRANSPORT%GOBP%GO:0034767		70	0.28671443	0.9344378	0.5942721	0.84469366	1.0	2569	tags=17%, list=16%, signal=20%	
SIGNALING BY FGFR3%REACTOME%R-HSA-5654741.4	SIGNALING BY FGFR3%REACTOME%R-HSA-5654741.4		27	0.34562594	0.9342958	0.56846476	0.84472364	1.0	705	tags=15%, list=4%, signal=15%	
EPHB FORWARD SIGNALING%PATHWAY INTERACTION DATABASE NCI-NATURE CURATED DATA%EPHB FORWARD SIGNALING	EPHB FORWARD SIGNALING%PATHWAY INTERACTION DATABASE NCI-NATURE CURATED DATA%EPHB FORWARD SIGNALING		38	0.3241485	0.9342544	0.561674	0.8444713	1.0	2497	tags=29%, list=15%, signal=34%	
COLLAGEN BIOSYNTHESIS AND MODIFYING ENZYMES%REACTOME%R-HSA-1650814.6	COLLAGEN BIOSYNTHESIS AND MODIFYING ENZYMES%REACTOME%R-HSA-1650814.6		62	0.29493916	0.934211	0.57042253	0.8442146	1.0	3869	tags=27%, list=24%, signal=36%	
REGULATION OF TP53 ACTIVITY THROUGH PHOSPHORYLATION%REACTOME%R-HSA-6804756.4	REGULATION OF TP53 ACTIVITY THROUGH PHOSPHORYLATION%REACTOME%R-HSA-6804756.4		85	0.28092715	0.9339773	0.61625284	0.8445406	1.0	3687	tags=29%, list=22%, signal=38%	
RESPIRATORY SYNCYTIAL VIRUS (RSV) GENOME REPLICATION, TRANSCRIPTION AND TRANSLATION%REACTOME%R-HSA-9820965.1	RESPIRATORY SYNCYTIAL VIRUS (RSV) GENOME REPLICATION, TRANSCRIPTION AND TRANSLATION%REACTOME%R-HSA-9820965.1		16	0.4007062	0.93393785	0.56557375	0.84429157	1.0	2316	tags=25%, list=14%, signal=29%	
TOLL LIKE RECEPTOR 7 8 (TLR7 8) CASCADE%REACTOME DATABASE ID RELEASE 93%168181	TOLL LIKE RECEPTOR 7 8 (TLR7 8) CASCADE%REACTOME DATABASE ID RELEASE 93%168181		97	0.27648026	0.9338423	0.5941043	0.84419763	1.0	1948	tags=21%, list=12%, signal=23%	
RMTS METHYLATE HISTONE ARGININES%REACTOME DATABASE ID RELEASE 93%3214858	RMTS METHYLATE HISTONE ARGININES%REACTOME DATABASE ID RELEASE 93%3214858		32	0.3354457	0.9337604	0.52665246	0.8440645	1.0	2716	tags=31%, list=17%, signal=37%	
MYELOID LEUKOCYTE ACTIVATION%GOBP%GO:0002274	MYELOID LEUKOCYTE ACTIVATION%GOBP%GO:0002274		71	0.29181746	0.9337509	0.6004141	0.84371907	1.0	1025	tags=11%, list=6%, signal=12%	
MITOTIC CELL CYCLE PHASE TRANSITION%GOBP%GO:0044772	MITOTIC CELL CYCLE PHASE TRANSITION%GOBP%GO:0044772		102	0.27481365	0.9336132	0.6225166	0.8437469	1.0	2905	tags=23%, list=18%, signal=27%	
SINGLE FERTILIZATION%GOBP%GO:0007338	SINGLE FERTILIZATION%GOBP%GO:0007338		48	0.3068473	0.9334374	0.5847826	0.843891	1.0	4392	tags=31%, list=27%, signal=43%	
POSITIVE REGULATION OF B CELL MEDIATED IMMUNITY%GOBP%GO:0002714	POSITIVE REGULATION OF B CELL MEDIATED IMMUNITY%GOBP%GO:0002714		17	0.38470417	0.9332863	0.5616162	0.8439157	1.0	2939	tags=35%, list=18%, signal=43%	
PERTURBATIONS TO HOST CELL AUTOPHAGY INDUCED BY SARS COV 2 PROTEINS%WIKIPATHWAYS_20250810%WP4936%HOMO SAPIENS	PERTURBATIONS TO HOST CELL AUTOPHAGY INDUCED BY SARS COV 2 PROTEINS%WIKIPATHWAYS_20250810%WP4936%HOMO SAPIENS		33	0.33158243	0.93321013	0.5734694	0.84376115	1.0	2490	tags=33%, list=15%, signal=39%	
TOLL LIKE RECEPTOR TLR6:TLR2 CASCADE%REACTOME DATABASE ID RELEASE 93%168188	TOLL LIKE RECEPTOR TLR6:TLR2 CASCADE%REACTOME DATABASE ID RELEASE 93%168188		100	0.27686784	0.93303645	0.6389497	0.84391546	1.0	1992	tags=20%, list=12%, signal=23%	
NALOXONE ACTION PATHWAY%SMPDB%SMP0000688	NALOXONE ACTION PATHWAY%SMPDB%SMP0000688		18	0.3978525	0.9330113	0.5582822	0.843627	1.0	1666	tags=11%, list=10%, signal=12%	
REGULATION OF RECEPTOR SIGNALING PATHWAY VIA JAK-STAT%GOBP%GO:0046425	REGULATION OF RECEPTOR SIGNALING PATHWAY VIA JAK-STAT%GOBP%GO:0046425		46	0.30713943	0.93298054	0.55991286	0.8433461	1.0	3551	tags=28%, list=22%, signal=36%	
PRESYNAPTIC ENDOCYTOSIS%GOBP%GO:0140238	PRESYNAPTIC ENDOCYTOSIS%GOBP%GO:0140238		32	0.3383758	0.9327653	0.57171714	0.8435917	1.0	1981	tags=22%, list=12%, signal=25%	
P75(NTR)-MEDIATED SIGNALING%PATHWAY INTERACTION DATABASE NCI-NATURE CURATED DATA%P75(NTR)-MEDIATED SIGNALING	P75(NTR)-MEDIATED SIGNALING%PATHWAY INTERACTION DATABASE NCI-NATURE CURATED DATA%P75(NTR)-MEDIATED SIGNALING		59	0.29786095	0.9320279	0.58429563	0.8453545	1.0	3896	tags=32%, list=24%, signal=42%	
3Q29 COPY NUMBER VARIATION SYNDROME%WIKIPATHWAYS_20250810%WP4906%HOMO SAPIENS	3Q29 COPY NUMBER VARIATION SYNDROME%WIKIPATHWAYS_20250810%WP4906%HOMO SAPIENS		40	0.3210872	0.9320252	0.55263156	0.8449945	1.0	2471	tags=28%, list=15%, signal=32%	
POSITIVE REGULATION OF TRANSPORTER ACTIVITY%GOBP%GO:0032411	POSITIVE REGULATION OF TRANSPORTER ACTIVITY%GOBP%GO:0032411		28	0.34211245	0.93158054	0.5365854	0.84592336	1.0	3081	tags=29%, list=19%, signal=35%	
CELLULAR RESPONSE TO TOXIC SUBSTANCE%GOBP%GO:0097237	CELLULAR RESPONSE TO TOXIC SUBSTANCE%GOBP%GO:0097237		40	0.315242	0.9314278	0.56060606	0.8460183	1.0	4268	tags=40%, list=26%, signal=54%	
NEGATIVE REGULATION OF NF-KAPPAB TRANSCRIPTION FACTOR ACTIVITY%GOBP%GO:0032088	NEGATIVE REGULATION OF NF-KAPPAB TRANSCRIPTION FACTOR ACTIVITY%GOBP%GO:0032088		35	0.3272797	0.9311771	0.57236844	0.84638566	1.0	3477	tags=37%, list=21%, signal=47%	
GLUTAMINE FAMILY AMINO ACID METABOLIC PROCESS%GOBP%GO:0009064	GLUTAMINE FAMILY AMINO ACID METABOLIC PROCESS%GOBP%GO:0009064		38	0.32638887	0.93097126	0.54923415	0.8466224	1.0	4227	tags=29%, list=26%, signal=39%	
SYNAPTIC VESICLE ENDOCYTOSIS%GOBP%GO:0048488	SYNAPTIC VESICLE ENDOCYTOSIS%GOBP%GO:0048488		32	0.3383758	0.9308712	0.54565215	0.84656245	1.0	1981	tags=22%, list=12%, signal=25%	
MAINTENANCE OF PROTEIN LOCALIZATION IN ORGANELLE%GOBP%GO:0072595	MAINTENANCE OF PROTEIN LOCALIZATION IN ORGANELLE%GOBP%GO:0072595		30	0.33742028	0.9308135	0.5619658	0.84636503	1.0	4145	tags=40%, list=25%, signal=53%	
TRANSCRIPTION INITIATION AT RNA POLYMERASE II PROMOTER%GOBP%GO:0006367	TRANSCRIPTION INITIATION AT RNA POLYMERASE II PROMOTER%GOBP%GO:0006367		130	0.26586795	0.9306264	0.6138107	0.8465403	1.0	2547	tags=22%, list=16%, signal=25%	
CELLULAR DETOXIFICATION%GOBP%GO:1990748	CELLULAR DETOXIFICATION%GOBP%GO:1990748		36	0.32818404	0.9305777	0.5775281	0.8463066	1.0	4268	tags=42%, list=26%, signal=56%	
HIF-2-ALPHA TRANSCRIPTION FACTOR NETWORK%PATHWAY INTERACTION DATABASE NCI-NATURE CURATED DATA%HIF-2-ALPHA TRANSCRIPTION FACTOR NETWORK	HIF-2-ALPHA TRANSCRIPTION FACTOR NETWORK%PATHWAY INTERACTION DATABASE NCI-NATURE CURATED DATA%HIF-2-ALPHA TRANSCRIPTION FACTOR NETWORK		29	0.33903062	0.9303239	0.5588235	0.846673	1.0	2878	tags=28%, list=18%, signal=33%	
BLOOD VESSEL ENDOTHELIAL CELL MIGRATION%GOBP%GO:0043534	BLOOD VESSEL ENDOTHELIAL CELL MIGRATION%GOBP%GO:0043534		22	0.361657	0.93026483	0.5572034	0.8464633	1.0	3015	tags=32%, list=18%, signal=39%	
GRANULOCYTE ACTIVATION%GOBP%GO:0036230	GRANULOCYTE ACTIVATION%GOBP%GO:0036230		18	0.37570736	0.9302371	0.5484536	0.8461633	1.0	2590	tags=28%, list=16%, signal=33%	
PHOTOPERIODISM%GOBP%GO:0009648	PHOTOPERIODISM%GOBP%GO:0009648		19	0.38130257	0.93021256	0.5426357	0.8458691	1.0	2158	tags=32%, list=13%, signal=36%	
PROTEIN LOCALIZATION TO PHAGOPHORE ASSEMBLY SITE%GOBP%GO:0034497	PROTEIN LOCALIZATION TO PHAGOPHORE ASSEMBLY SITE%GOBP%GO:0034497		15	0.3985907	0.9301869	0.54527557	0.8455747	1.0	1836	tags=27%, list=11%, signal=30%	
ACTIN FILAMENT BUNDLE ORGANIZATION%GOBP%GO:0061572	ACTIN FILAMENT BUNDLE ORGANIZATION%GOBP%GO:0061572		49	0.30603454	0.92997825	0.59219086	0.845809	1.0	3962	tags=29%, list=24%, signal=38%	
PROCESSING OF CAPPED INTRONLESS PRE-MRNA%REACTOME DATABASE ID RELEASE 93%75067	PROCESSING OF CAPPED INTRONLESS PRE-MRNA%REACTOME DATABASE ID RELEASE 93%75067		25	0.34684846	0.9299674	0.54811716	0.8454743	1.0	2883	tags=36%, list=18%, signal=44%	
LIPID OXIDATION%GOBP%GO:0034440	LIPID OXIDATION%GOBP%GO:0034440		62	0.2935694	0.929924	0.6157407	0.8452243	1.0	3117	tags=27%, list=19%, signal=34%	
PROTEIN ALKYLATION%GOBP%GO:0008213	PROTEIN ALKYLATION%GOBP%GO:0008213		36	0.3217041	0.9295794	0.6008584	0.8458548	1.0	2304	tags=22%, list=14%, signal=26%	
PHOSPHOLIPID METABOLISM%REACTOME DATABASE ID RELEASE 93%1483257	PHOSPHOLIPID METABOLISM%REACTOME DATABASE ID RELEASE 93%1483257		186	0.25282693	0.9293925	0.66899765	0.8460455	1.0	2002	tags=14%, list=12%, signal=16%	
SECRETORY GRANULE ORGANIZATION%GOBP%GO:0033363	SECRETORY GRANULE ORGANIZATION%GOBP%GO:0033363		41	0.31870696	0.92938477	0.60084033	0.8456972	1.0	1931	tags=20%, list=12%, signal=22%	
PROTEIN DEPOLYMERIZATION%GOBP%GO:0051261	PROTEIN DEPOLYMERIZATION%GOBP%GO:0051261		29	0.34466672	0.92937446	0.57349896	0.8453658	1.0	3595	tags=41%, list=22%, signal=53%	
BIOCARTA_NKCELLS_PATHWAY%MSIGDB_C2%BIOCARTA_NKCELLS_PATHWAY	BIOCARTA_NKCELLS_PATHWAY%MSIGDB_C2%BIOCARTA_NKCELLS_PATHWAY		16	0.3858561	0.9289991	0.5346535	0.8460607	1.0	957	tags=19%, list=6%, signal=20%	
CONSTITUTIVE SIGNALING BY NOTCH1 PEST DOMAIN MUTANTS%REACTOME DATABASE ID RELEASE 93%2644606	CONSTITUTIVE SIGNALING BY NOTCH1 PEST DOMAIN MUTANTS%REACTOME DATABASE ID RELEASE 93%2644606		52	0.30751148	0.9288977	0.59080964	0.8459846	1.0	4072	tags=46%, list=25%, signal=61%	
JAK STAT SIGNALING IN THE REGULATION OF BETA CELLS%WIKIPATHWAYS_20250810%WP5358%HOMO SAPIENS	JAK STAT SIGNALING IN THE REGULATION OF BETA CELLS%WIKIPATHWAYS_20250810%WP5358%HOMO SAPIENS		23	0.36025515	0.9288667	0.57473683	0.8456966	1.0	560	tags=9%, list=3%, signal=9%	
SIGNALING BY NOTCH1 HD+PEST DOMAIN MUTANTS IN CANCER%REACTOME%R-HSA-2894858.3	SIGNALING BY NOTCH1 HD+PEST DOMAIN MUTANTS IN CANCER%REACTOME%R-HSA-2894858.3		52	0.30751148	0.9288145	0.5833333	0.84547925	1.0	4072	tags=46%, list=25%, signal=61%	
MAMMARY GLAND EPITHELIUM DEVELOPMENT%GOBP%GO:0061180	MAMMARY GLAND EPITHELIUM DEVELOPMENT%GOBP%GO:0061180		18	0.38106737	0.92856425	0.56889766	0.8458203	1.0	2249	tags=22%, list=14%, signal=26%	
REGULATION OF ACTIN FILAMENT LENGTH%GOBP%GO:0030832	REGULATION OF ACTIN FILAMENT LENGTH%GOBP%GO:0030832		93	0.27808645	0.9281963	0.5995475	0.84652114	1.0	2811	tags=24%, list=17%, signal=28%	
SPHINGOLIPID METABOLISM IN SENESCENCE%WIKIPATHWAYS_20250810%WP5121%HOMO SAPIENS	SPHINGOLIPID METABOLISM IN SENESCENCE%WIKIPATHWAYS_20250810%WP5121%HOMO SAPIENS		20	0.37779158	0.9280874	0.54805726	0.84648347	1.0	3329	tags=30%, list=20%, signal=38%	
REGULATION OF ANOIKIS%GOBP%GO:2000209	REGULATION OF ANOIKIS%GOBP%GO:2000209		19	0.37144262	0.9279276	0.563147	0.8465521	1.0	1655	tags=26%, list=10%, signal=29%	
RESPONSE TO EXOGENOUS DSRNA%GOBP%GO:0043330	RESPONSE TO EXOGENOUS DSRNA%GOBP%GO:0043330		16	0.39762416	0.9278824	0.55490196	0.84631455	1.0	2398	tags=38%, list=15%, signal=44%	
PROTEIN N-LINKED GLYCOSYLATION VIA ASPARAGINE%GOBP%GO:0018279	PROTEIN N-LINKED GLYCOSYLATION VIA ASPARAGINE%GOBP%GO:0018279		38	0.3234222	0.9275188	0.5908142	0.8470001	1.0	2642	tags=29%, list=16%, signal=34%	
MITOCHONDRIAL RNA PROCESSING%GOBP%GO:0000963	MITOCHONDRIAL RNA PROCESSING%GOBP%GO:0000963		26	0.3488147	0.9275035	0.5530146	0.84667665	1.0	510	tags=15%, list=3%, signal=16%	
REGULATION OF STEROL BIOSYNTHETIC PROCESS%GOBP%GO:0106118	REGULATION OF STEROL BIOSYNTHETIC PROCESS%GOBP%GO:0106118		22	0.3627486	0.926831	0.57520324	0.84826654	1.0	2856	tags=18%, list=17%, signal=22%	
SARS COV 2 MITOCHONDRIAL CHRONIC OXIDATIVE STRESS AND ENDOTHELIAL DYSFUNCTION%WIKIPATHWAYS_20250810%WP5183%HOMO SAPIENS	SARS COV 2 MITOCHONDRIAL CHRONIC OXIDATIVE STRESS AND ENDOTHELIAL DYSFUNCTION%WIKIPATHWAYS_20250810%WP5183%HOMO SAPIENS		17	0.3862972	0.9265046	0.55744684	0.84882295	1.0	2329	tags=41%, list=14%, signal=48%	
BINDING AND UPTAKE OF LIGANDS BY SCAVENGER RECEPTORS%REACTOME%R-HSA-2173782.3	BINDING AND UPTAKE OF LIGANDS BY SCAVENGER RECEPTORS%REACTOME%R-HSA-2173782.3		35	0.3284092	0.926325	0.56378603	0.8489845	1.0	3998	tags=29%, list=24%, signal=38%	
MITF-M-REGULATED MELANOCYTE DEVELOPMENT%REACTOME%R-HSA-9730414.5	MITF-M-REGULATED MELANOCYTE DEVELOPMENT%REACTOME%R-HSA-9730414.5		132	0.25828168	0.92628276	0.6674312	0.8487429	1.0	2829	tags=20%, list=17%, signal=24%	
LEUKOCYTE CHEMOTAXIS%GOBP%GO:0030595	LEUKOCYTE CHEMOTAXIS%GOBP%GO:0030595		82	0.27727535	0.92606044	0.63990825	0.8490226	1.0	2590	tags=13%, list=16%, signal=16%	
CYTOSKELETON-DEPENDENT CYTOKINESIS%GOBP%GO:0061640	CYTOSKELETON-DEPENDENT CYTOKINESIS%GOBP%GO:0061640		98	0.27268577	0.92602706	0.63844395	0.8487515	1.0	2433	tags=21%, list=15%, signal=25%	
MRNA CIS SPLICING, VIA SPLICEOSOME%GOBP%GO:0045292	MRNA CIS SPLICING, VIA SPLICEOSOME%GOBP%GO:0045292		18	0.39057794	0.92598754	0.56993735	0.8484959	1.0	2014	tags=22%, list=12%, signal=25%	
ANAPHASE-PROMOTING COMPLEX-DEPENDENT CATABOLIC PROCESS%GOBP%GO:0031145	ANAPHASE-PROMOTING COMPLEX-DEPENDENT CATABOLIC PROCESS%GOBP%GO:0031145		20	0.37050807	0.9258521	0.562753	0.8484988	1.0	2767	tags=35%, list=17%, signal=42%	
APC C:CDC20 MEDIATED DEGRADATION OF CYCLIN B%REACTOME DATABASE ID RELEASE 93%174048	APC C:CDC20 MEDIATED DEGRADATION OF CYCLIN B%REACTOME DATABASE ID RELEASE 93%174048		22	0.35362887	0.9257653	0.55093557	0.84837866	1.0	3638	tags=41%, list=22%, signal=52%	
VALIDATED NUCLEAR ESTROGEN RECEPTOR ALPHA NETWORK%PATHWAY INTERACTION DATABASE NCI-NATURE CURATED DATA%VALIDATED NUCLEAR ESTROGEN RECEPTOR ALPHA NETWORK	VALIDATED NUCLEAR ESTROGEN RECEPTOR ALPHA NETWORK%PATHWAY INTERACTION DATABASE NCI-NATURE CURATED DATA%VALIDATED NUCLEAR ESTROGEN RECEPTOR ALPHA NETWORK		55	0.30251685	0.92564106	0.5943601	0.8483714	1.0	3905	tags=29%, list=24%, signal=38%	
REGULATION OF SIGNAL TRANSDUCTION BY P53 CLASS MEDIATOR%GOBP%GO:1901796	REGULATION OF SIGNAL TRANSDUCTION BY P53 CLASS MEDIATOR%GOBP%GO:1901796		89	0.27783147	0.9255577	0.6318182	0.8482448	1.0	3687	tags=36%, list=22%, signal=46%	
REGULATION OF METAL ION TRANSPORT%GOBP%GO:0010959	REGULATION OF METAL ION TRANSPORT%GOBP%GO:0010959		195	0.24949478	0.92523515	0.70327103	0.8487633	1.0	2590	tags=14%, list=16%, signal=16%	
SKIN EPIDERMIS DEVELOPMENT%GOBP%GO:0098773	SKIN EPIDERMIS DEVELOPMENT%GOBP%GO:0098773		27	0.34915394	0.92508644	0.55144036	0.848826	1.0	4796	tags=41%, list=29%, signal=57%	
REGULATION OF CD8-POSITIVE, ALPHA-BETA T CELL ACTIVATION%GOBP%GO:2001185	REGULATION OF CD8-POSITIVE, ALPHA-BETA T CELL ACTIVATION%GOBP%GO:2001185		18	0.37996846	0.9246297	0.57758623	0.8497893	1.0	36	tags=6%, list=0%, signal=6%	
GENERAL TRANSCRIPTION REGULATION%PANTHER PATHWAY%P00023	GENERAL TRANSCRIPTION REGULATION%PANTHER PATHWAY%P00023		27	0.34640926	0.92458004	0.59166664	0.84957737	1.0	3142	tags=26%, list=19%, signal=32%	
RESPONSE TO INTERFERON-BETA%GOBP%GO:0035456	RESPONSE TO INTERFERON-BETA%GOBP%GO:0035456		24	0.34851024	0.9239802	0.5821501	0.85087544	1.0	2358	tags=25%, list=14%, signal=29%	
IFN-GAMMA PATHWAY%PATHWAY INTERACTION DATABASE NCI-NATURE CURATED DATA%IFN-GAMMA PATHWAY	IFN-GAMMA PATHWAY%PATHWAY INTERACTION DATABASE NCI-NATURE CURATED DATA%IFN-GAMMA PATHWAY		40	0.31727937	0.9238878	0.5983437	0.8507856	1.0	1966	tags=23%, list=12%, signal=25%	
REGULATION OF MONOATOMIC CATION TRANSMEMBRANE TRANSPORT%GOBP%GO:1904062	REGULATION OF MONOATOMIC CATION TRANSMEMBRANE TRANSPORT%GOBP%GO:1904062		151	0.25595546	0.9234958	0.6796116	0.8514907	1.0	3081	tags=18%, list=19%, signal=22%	
MOLYBDENUM COFACTOR DEFICIENCY%SMPDB%SMP0000203	MOLYBDENUM COFACTOR DEFICIENCY%SMPDB%SMP0000203		33	0.32471555	0.9234117	0.56292903	0.8513807	1.0	2441	tags=24%, list=15%, signal=28%	
REGULATION OF INTERLEUKIN-10 PRODUCTION%GOBP%GO:0032653	REGULATION OF INTERLEUKIN-10 PRODUCTION%GOBP%GO:0032653		36	0.33039927	0.9233869	0.57949793	0.8510796	1.0	2938	tags=22%, list=18%, signal=27%	
MUSCLE TISSUE DEVELOPMENT%GOBP%GO:0060537	MUSCLE TISSUE DEVELOPMENT%GOBP%GO:0060537		123	0.26583967	0.9232903	0.63033175	0.8509943	1.0	2465	tags=15%, list=15%, signal=17%	
NUCLEOTIDE-EXCISION REPAIR%GOBP%GO:0006289	NUCLEOTIDE-EXCISION REPAIR%GOBP%GO:0006289		49	0.3039605	0.9230928	0.5958904	0.8512245	1.0	1652	tags=22%, list=10%, signal=25%	
RESPIRATORY TUBE DEVELOPMENT%GOBP%GO:0030323	RESPIRATORY TUBE DEVELOPMENT%GOBP%GO:0030323		37	0.32234633	0.92271197	0.5960699	0.8519075	1.0	774	tags=5%, list=5%, signal=6%	
DIOL BIOSYNTHETIC PROCESS%GOBP%GO:0034312	DIOL BIOSYNTHETIC PROCESS%GOBP%GO:0034312		18	0.37516603	0.9224515	0.5686275	0.85224247	1.0	1591	tags=17%, list=10%, signal=18%	
PLC BETA MEDIATED EVENTS%REACTOME DATABASE ID RELEASE 93%112043	PLC BETA MEDIATED EVENTS%REACTOME DATABASE ID RELEASE 93%112043		46	0.30633283	0.9219888	0.5908142	0.853145	1.0	3524	tags=26%, list=21%, signal=33%	
CHROMOSOMAL AND MICROSATELLITE INSTABILITY IN COLORECTAL CANCER %WIKIPATHWAYS_20250810%WP4216%HOMO SAPIENS	CHROMOSOMAL AND MICROSATELLITE INSTABILITY IN COLORECTAL CANCER %WIKIPATHWAYS_20250810%WP4216%HOMO SAPIENS		60	0.2968276	0.9219683	0.5965665	0.8528346	1.0	1838	tags=17%, list=11%, signal=19%	
REGULATION OF MORPHOGENESIS OF A BRANCHING STRUCTURE%GOBP%GO:0060688	REGULATION OF MORPHOGENESIS OF A BRANCHING STRUCTURE%GOBP%GO:0060688		23	0.36180222	0.92171186	0.5887265	0.8532146	1.0	2722	tags=17%, list=17%, signal=21%	
DNA METHYLATION-DEPENDENT CONSTITUTIVE HETEROCHROMATIN FORMATION%GOBP%GO:0006346	DNA METHYLATION-DEPENDENT CONSTITUTIVE HETEROCHROMATIN FORMATION%GOBP%GO:0006346		28	0.33981392	0.9215082	0.5849057	0.85340106	1.0	1826	tags=21%, list=11%, signal=24%	
XENOBIOTIC METABOLIC PROCESS%GOBP%GO:0006805	XENOBIOTIC METABOLIC PROCESS%GOBP%GO:0006805		64	0.28250015	0.9213245	0.6134259	0.8535738	1.0	1437	tags=11%, list=9%, signal=12%	
POSITIVE REGULATION OF CELL-SUBSTRATE ADHESION%GOBP%GO:0010811	POSITIVE REGULATION OF CELL-SUBSTRATE ADHESION%GOBP%GO:0010811		77	0.28463593	0.92130023	0.6146993	0.8532728	1.0	2635	tags=21%, list=16%, signal=25%	
POSITIVE REGULATION OF TRANSCRIPTION ELONGATION BY RNA POLYMERASE II%GOBP%GO:0032968	POSITIVE REGULATION OF TRANSCRIPTION ELONGATION BY RNA POLYMERASE II%GOBP%GO:0032968		46	0.30986458	0.9210771	0.60618556	0.85355246	1.0	694	tags=13%, list=4%, signal=14%	
SYNAPTIC VESICLE CYCLE%GOBP%GO:0099504	SYNAPTIC VESICLE CYCLE%GOBP%GO:0099504		77	0.2830745	0.9209268	0.6572668	0.85363126	1.0	3085	tags=22%, list=19%, signal=27%	
NEGATIVE REGULATION OF KINASE ACTIVITY%GOBP%GO:0033673	NEGATIVE REGULATION OF KINASE ACTIVITY%GOBP%GO:0033673		63	0.29561475	0.9209201	0.618267	0.8532934	1.0	2748	tags=21%, list=17%, signal=25%	
ACTIN FILAMENT BUNDLE ASSEMBLY%GOBP%GO:0051017	ACTIN FILAMENT BUNDLE ASSEMBLY%GOBP%GO:0051017		46	0.31071198	0.9208277	0.58458245	0.85318965	1.0	3962	tags=30%, list=24%, signal=40%	
HALLMARK_APICAL_SURFACE%MSIGDBHALLMARK%HALLMARK_APICAL_SURFACE	HALLMARK_APICAL_SURFACE%MSIGDBHALLMARK%HALLMARK_APICAL_SURFACE		32	0.33299372	0.9204023	0.61054766	0.8540608	1.0	4156	tags=38%, list=25%, signal=50%	
MONOCARBOXYLIC ACID CATABOLIC PROCESS%GOBP%GO:0072329	MONOCARBOXYLIC ACID CATABOLIC PROCESS%GOBP%GO:0072329		80	0.28046542	0.919925	0.63752663	0.8550379	1.0	3180	tags=23%, list=19%, signal=28%	
NEGATIVE REGULATION OF CELL-SUBSTRATE ADHESION%GOBP%GO:0010812	NEGATIVE REGULATION OF CELL-SUBSTRATE ADHESION%GOBP%GO:0010812		49	0.306149	0.9196893	0.58921164	0.85534436	1.0	2422	tags=20%, list=15%, signal=24%	
FORMATION OF WDR5-CONTAINING HISTONE-MODIFYING COMPLEXES%REACTOME%R-HSA-9772755.2	FORMATION OF WDR5-CONTAINING HISTONE-MODIFYING COMPLEXES%REACTOME%R-HSA-9772755.2		40	0.31597242	0.9188258	0.5990991	0.8574605	1.0	2067	tags=28%, list=13%, signal=31%	
PLATELET ACTIVATION%GOBP%GO:0030168	PLATELET ACTIVATION%GOBP%GO:0030168		64	0.2927569	0.9187707	0.62068963	0.85725033	1.0	3537	tags=30%, list=22%, signal=38%	
NEGATIVE REGULATION OF VIRAL GENOME REPLICATION%GOBP%GO:0045071	NEGATIVE REGULATION OF VIRAL GENOME REPLICATION%GOBP%GO:0045071		39	0.3130455	0.91836876	0.5914634	0.85799295	1.0	1521	tags=13%, list=9%, signal=14%	
PEROXISOMAL PROTEIN IMPORT%REACTOME%R-HSA-9033241.5	PEROXISOMAL PROTEIN IMPORT%REACTOME%R-HSA-9033241.5		52	0.30174905	0.91829044	0.63242006	0.8578604	1.0	961	tags=13%, list=6%, signal=14%	
AXON GUIDANCE%GOBP%GO:0007411	AXON GUIDANCE%GOBP%GO:0007411		142	0.25869834	0.91822785	0.6765376	0.857671	1.0	2330	tags=12%, list=14%, signal=14%	
NEGATIVE REGULATION OF CANONICAL NF-KAPPAB SIGNAL TRANSDUCTION%GOBP%GO:0043124	NEGATIVE REGULATION OF CANONICAL NF-KAPPAB SIGNAL TRANSDUCTION%GOBP%GO:0043124		67	0.28492334	0.9177802	0.62203026	0.85855675	1.0	3089	tags=28%, list=19%, signal=35%	
GLUCOCORTICOID RECEPTOR REGULATORY NETWORK%PATHWAY INTERACTION DATABASE NCI-NATURE CURATED DATA%GLUCOCORTICOID RECEPTOR REGULATORY NETWORK	GLUCOCORTICOID RECEPTOR REGULATORY NETWORK%PATHWAY INTERACTION DATABASE NCI-NATURE CURATED DATA%GLUCOCORTICOID RECEPTOR REGULATORY NETWORK		63	0.28704005	0.91757077	0.6331096	0.8587478	1.0	3264	tags=30%, list=20%, signal=38%	
TAXIS%GOBP%GO:0042330	TAXIS%GOBP%GO:0042330		192	0.24470222	0.91730267	0.734375	0.85914224	1.0	2740	tags=15%, list=17%, signal=17%	
TRAF6 MEDIATED INDUCTION OF NFKB AND MAP KINASES UPON TLR7 8 OR 9 ACTIVATION%REACTOME DATABASE ID RELEASE 93%975138	TRAF6 MEDIATED INDUCTION OF NFKB AND MAP KINASES UPON TLR7 8 OR 9 ACTIVATION%REACTOME DATABASE ID RELEASE 93%975138		92	0.2694598	0.9172907	0.66593885	0.858819	1.0	1948	tags=21%, list=12%, signal=23%	
MYOFIBRIL ASSEMBLY%GOBP%GO:0030239	MYOFIBRIL ASSEMBLY%GOBP%GO:0030239		34	0.32106993	0.91728526	0.61715484	0.858474	1.0	3622	tags=29%, list=22%, signal=38%	
SIGNALING BY FGFR1%REACTOME DATABASE ID RELEASE 93%5654736	SIGNALING BY FGFR1%REACTOME DATABASE ID RELEASE 93%5654736		35	0.32700512	0.91713923	0.6335541	0.8585278	1.0	705	tags=14%, list=4%, signal=15%	
NEGATIVE REGULATION OF PROTEIN LOCALIZATION TO PLASMA MEMBRANE%GOBP%GO:1903077	NEGATIVE REGULATION OF PROTEIN LOCALIZATION TO PLASMA MEMBRANE%GOBP%GO:1903077		26	0.34007055	0.9167451	0.5447316	0.8592642	1.0	2617	tags=23%, list=16%, signal=27%	
ENDOPLASMIC RETICULUM UNFOLDED PROTEIN RESPONSE%GOBP%GO:0030968	ENDOPLASMIC RETICULUM UNFOLDED PROTEIN RESPONSE%GOBP%GO:0030968		47	0.30924794	0.91644174	0.6318083	0.8597497	1.0	3269	tags=30%, list=20%, signal=37%	
XANTHINURIA TYPE I%SMPDB%SMP0000512	XANTHINURIA TYPE I%SMPDB%SMP0000512		33	0.32471555	0.9163443	0.6217304	0.8596767	1.0	2441	tags=24%, list=15%, signal=28%	
HOMOLOGY DIRECTED REPAIR%REACTOME%R-HSA-5693538.4	HOMOLOGY DIRECTED REPAIR%REACTOME%R-HSA-5693538.4		104	0.27138847	0.9159164	0.6748879	0.860551	1.0	1857	tags=14%, list=11%, signal=16%	
CYTOKINESIS%GOBP%GO:0000910	CYTOKINESIS%GOBP%GO:0000910		100	0.26916948	0.9158904	0.6528736	0.86026376	1.0	2433	tags=21%, list=15%, signal=25%	
REGULATION OF NF-KAPPA B SIGNALING%REACTOME DATABASE ID RELEASE 93%9758274	REGULATION OF NF-KAPPA B SIGNALING%REACTOME DATABASE ID RELEASE 93%9758274		17	0.38109592	0.91552055	0.5883534	0.8609424	1.0	1510	tags=29%, list=9%, signal=32%	
METABOLIC REPROGRAMMING IN PANCREATIC CANCER%WIKIPATHWAYS_20250810%WP5220%HOMO SAPIENS	METABOLIC REPROGRAMMING IN PANCREATIC CANCER%WIKIPATHWAYS_20250810%WP5220%HOMO SAPIENS		26	0.3462485	0.9145784	0.6060606	0.8631927	1.0	2297	tags=31%, list=14%, signal=36%	
CARDIAC MUSCLE TISSUE DEVELOPMENT%GOBP%GO:0048738	CARDIAC MUSCLE TISSUE DEVELOPMENT%GOBP%GO:0048738		83	0.2738951	0.9142844	0.66744184	0.8636761	1.0	2180	tags=13%, list=13%, signal=15%	
POSITIVE REGULATION OF TYROSINE PHOSPHORYLATION OF STAT PROTEIN%GOBP%GO:0042531	POSITIVE REGULATION OF TYROSINE PHOSPHORYLATION OF STAT PROTEIN%GOBP%GO:0042531		15	0.39698124	0.91424394	0.5824847	0.8634293	1.0	3495	tags=40%, list=21%, signal=51%	
WNT SIGNALING PATHWAY, PLANAR CELL POLARITY PATHWAY%GOBP%GO:0060071	WNT SIGNALING PATHWAY, PLANAR CELL POLARITY PATHWAY%GOBP%GO:0060071		26	0.34385082	0.9141641	0.6170678	0.8632888	1.0	2429	tags=23%, list=15%, signal=27%	
MYOADENYLATE DEAMINASE DEFICIENCY%PATHWHIZ%PW000513	MYOADENYLATE DEAMINASE DEFICIENCY%PATHWHIZ%PW000513		33	0.32471555	0.91402805	0.5888651	0.863308	1.0	2441	tags=24%, list=15%, signal=28%	
DOWNREGULATION OF TGF-BETA RECEPTOR SIGNALING%REACTOME DATABASE ID RELEASE 93%2173788	DOWNREGULATION OF TGF-BETA RECEPTOR SIGNALING%REACTOME DATABASE ID RELEASE 93%2173788		25	0.34930024	0.9140142	0.57488984	0.8629781	1.0	705	tags=16%, list=4%, signal=17%	
LATE ENDOSOME TO LYSOSOME TRANSPORT%GOBP%GO:1902774	LATE ENDOSOME TO LYSOSOME TRANSPORT%GOBP%GO:1902774		16	0.38236436	0.91384965	0.5610766	0.86305666	1.0	1771	tags=25%, list=11%, signal=28%	
NEGATIVE REGULATION OF LYMPHOCYTE DIFFERENTIATION%GOBP%GO:0045620	NEGATIVE REGULATION OF LYMPHOCYTE DIFFERENTIATION%GOBP%GO:0045620		33	0.32489198	0.9135592	0.6072187	0.8635508	1.0	1374	tags=12%, list=8%, signal=13%	
NEGATIVE REGULATION OF CATALYTIC ACTIVITY%GOBP%GO:0043086	NEGATIVE REGULATION OF CATALYTIC ACTIVITY%GOBP%GO:0043086		119	0.25888062	0.9134897	0.6936937	0.86339456	1.0	2818	tags=22%, list=17%, signal=26%	
SPINAL CORD DEVELOPMENT%GOBP%GO:0021510	SPINAL CORD DEVELOPMENT%GOBP%GO:0021510		27	0.3394759	0.9132286	0.60960335	0.86376077	1.0	2727	tags=22%, list=17%, signal=27%	
REGULATION OF SODIUM ION TRANSMEMBRANE TRANSPORT%GOBP%GO:1902305	REGULATION OF SODIUM ION TRANSMEMBRANE TRANSPORT%GOBP%GO:1902305		27	0.33721006	0.9131546	0.5918803	0.8635924	1.0	2354	tags=26%, list=14%, signal=30%	
PROTEIN METHYLATION%GOBP%GO:0006479	PROTEIN METHYLATION%GOBP%GO:0006479		36	0.3217041	0.9127457	0.6029106	0.8644116	1.0	2304	tags=22%, list=14%, signal=26%	
SIGNALING BY NOTCH3%REACTOME DATABASE ID RELEASE 93%9012852	SIGNALING BY NOTCH3%REACTOME DATABASE ID RELEASE 93%9012852		43	0.31006756	0.91262186	0.6296296	0.8643918	1.0	4072	tags=44%, list=25%, signal=59%	
CYCLIC NUCLEOTIDE BIOSYNTHETIC PROCESS%GOBP%GO:0009190	CYCLIC NUCLEOTIDE BIOSYNTHETIC PROCESS%GOBP%GO:0009190		15	0.38590452	0.912355	0.5875486	0.8647934	1.0	4788	tags=47%, list=29%, signal=66%	
AMIDE TRANSPORT%GOBP%GO:0042886	AMIDE TRANSPORT%GOBP%GO:0042886		59	0.29173175	0.91216326	0.61318684	0.864966	1.0	3012	tags=27%, list=18%, signal=33%	
TRANSITION METAL ION TRANSPORT%GOBP%GO:0000041	TRANSITION METAL ION TRANSPORT%GOBP%GO:0000041		64	0.28588045	0.9120886	0.67234045	0.8648171	1.0	2808	tags=22%, list=17%, signal=26%	
PEPTIDE LIGAND-BINDING RECEPTORS%REACTOME DATABASE ID RELEASE 93%375276	PEPTIDE LIGAND-BINDING RECEPTORS%REACTOME DATABASE ID RELEASE 93%375276		89	0.27112627	0.91184413	0.64798206	0.86513066	1.0	6205	tags=43%, list=38%, signal=68%	
REGULATION OF CARDIAC MUSCLE CONTRACTION BY CALCIUM ION SIGNALING%GOBP%GO:0010882	REGULATION OF CARDIAC MUSCLE CONTRACTION BY CALCIUM ION SIGNALING%GOBP%GO:0010882		22	0.36187336	0.91122127	0.6079665	0.8665316	1.0	821	tags=14%, list=5%, signal=14%	
DISORDERS OF TRANSMEMBRANE TRANSPORTERS%REACTOME%R-HSA-5619115.5	DISORDERS OF TRANSMEMBRANE TRANSPORTERS%REACTOME%R-HSA-5619115.5		127	0.2592068	0.9110701	0.69196427	0.86657107	1.0	3247	tags=28%, list=20%, signal=34%	
POSITIVE REGULATION OF PROTEIN-CONTAINING COMPLEX DISASSEMBLY%GOBP%GO:0043243	POSITIVE REGULATION OF PROTEIN-CONTAINING COMPLEX DISASSEMBLY%GOBP%GO:0043243		29	0.32976127	0.9108807	0.62785864	0.8667423	1.0	3719	tags=31%, list=23%, signal=40%	
BETA1 INTEGRIN CELL SURFACE INTERACTIONS%PATHWAY INTERACTION DATABASE NCI-NATURE CURATED DATA%BETA1 INTEGRIN CELL SURFACE INTERACTIONS	BETA1 INTEGRIN CELL SURFACE INTERACTIONS%PATHWAY INTERACTION DATABASE NCI-NATURE CURATED DATA%BETA1 INTEGRIN CELL SURFACE INTERACTIONS		62	0.28768548	0.91083276	0.6723769	0.86651784	1.0	2723	tags=23%, list=17%, signal=27%	
PROTEIN LOCALIZATION TO EXTRACELLULAR REGION%GOBP%GO:0071692	PROTEIN LOCALIZATION TO EXTRACELLULAR REGION%GOBP%GO:0071692		55	0.29301342	0.9106974	0.6236559	0.866545	1.0	1966	tags=20%, list=12%, signal=23%	
PURINE NUCLEOSIDE PHOSPHORYLASE DEFICIENCY%SMPDB%SMP0000210	PURINE NUCLEOSIDE PHOSPHORYLASE DEFICIENCY%SMPDB%SMP0000210		33	0.32471555	0.91061753	0.6101695	0.8664122	1.0	2441	tags=24%, list=15%, signal=28%	
AICA-RIBOSIDURIA%PATHWHIZ%PW000082	AICA-RIBOSIDURIA%PATHWHIZ%PW000082		33	0.32471555	0.91048527	0.6226013	0.86641794	1.0	2441	tags=24%, list=15%, signal=28%	
NEGATIVE REGULATION OF CALCIUM ION TRANSPORT%GOBP%GO:0051926	NEGATIVE REGULATION OF CALCIUM ION TRANSPORT%GOBP%GO:0051926		26	0.3373908	0.9104696	0.6200417	0.86610115	1.0	1201	tags=12%, list=7%, signal=12%	
POSITIVE REGULATION OF INTERLEUKIN-4 PRODUCTION%GOBP%GO:0032753	POSITIVE REGULATION OF INTERLEUKIN-4 PRODUCTION%GOBP%GO:0032753		19	0.3606895	0.91014826	0.58230454	0.86659706	1.0	5016	tags=37%, list=31%, signal=53%	
METANEPHROS DEVELOPMENT%GOBP%GO:0001656	METANEPHROS DEVELOPMENT%GOBP%GO:0001656		28	0.33631605	0.91013134	0.5944206	0.8662791	1.0	6	tags=4%, list=0%, signal=4%	
SKELETAL MUSCLE CONTRACTION%GOBP%GO:0003009	SKELETAL MUSCLE CONTRACTION%GOBP%GO:0003009		15	0.39391214	0.91006815	0.58064514	0.8661012	1.0	5066	tags=53%, list=31%, signal=77%	
REGULATION OF GENE SILENCING BY REGULATORY NCRNA%GOBP%GO:0060966	REGULATION OF GENE SILENCING BY REGULATORY NCRNA%GOBP%GO:0060966		21	0.36190102	0.91003335	0.5917526	0.86583537	1.0	2466	tags=24%, list=15%, signal=28%	
RESPONSE TO AMINO ACID STARVATION%GOBP%GO:1990928	RESPONSE TO AMINO ACID STARVATION%GOBP%GO:1990928		46	0.31009212	0.9100145	0.6036036	0.86552286	1.0	2777	tags=33%, list=17%, signal=39%	
SIGNALING BY TGFBR3%REACTOME DATABASE ID RELEASE 93%9839373	SIGNALING BY TGFBR3%REACTOME DATABASE ID RELEASE 93%9839373		40	0.314454	0.9099216	0.60751563	0.86542016	1.0	3099	tags=30%, list=19%, signal=37%	
ADENOSINE DEAMINASE DEFICIENCY%PATHWHIZ%PW000075	ADENOSINE DEAMINASE DEFICIENCY%PATHWHIZ%PW000075		33	0.32471555	0.9098532	0.60264903	0.86524194	1.0	2441	tags=24%, list=15%, signal=28%	
FILOPODIUM ASSEMBLY%GOBP%GO:0046847	FILOPODIUM ASSEMBLY%GOBP%GO:0046847		16	0.38992155	0.90953565	0.59375	0.8657623	1.0	2146	tags=13%, list=13%, signal=14%	
LATE PHASE OF HIV LIFE CYCLE%REACTOME%R-HSA-162599.4	LATE PHASE OF HIV LIFE CYCLE%REACTOME%R-HSA-162599.4		125	0.25777605	0.9095077	0.70454544	0.86547846	1.0	3266	tags=28%, list=20%, signal=35%	
REGULATION OF NUCLEAR SMAD2 3 SIGNALING%PATHWAY INTERACTION DATABASE NCI-NATURE CURATED DATA%REGULATION OF NUCLEAR SMAD2 3 SIGNALING	REGULATION OF NUCLEAR SMAD2 3 SIGNALING%PATHWAY INTERACTION DATABASE NCI-NATURE CURATED DATA%REGULATION OF NUCLEAR SMAD2 3 SIGNALING		70	0.28171664	0.9093861	0.650108	0.865474	1.0	2958	tags=27%, list=18%, signal=33%	
COPI-DEPENDENT GOLGI-TO-ER RETROGRADE TRAFFIC%REACTOME DATABASE ID RELEASE 93%6811434	COPI-DEPENDENT GOLGI-TO-ER RETROGRADE TRAFFIC%REACTOME DATABASE ID RELEASE 93%6811434		75	0.28426078	0.90923595	0.64081633	0.86553645	1.0	3024	tags=24%, list=18%, signal=29%	
HAIR CYCLE PROCESS%GOBP%GO:0022405	HAIR CYCLE PROCESS%GOBP%GO:0022405		15	0.39121512	0.9088681	0.5912863	0.8661806	1.0	5173	tags=47%, list=32%, signal=68%	
AMINO SUGAR METABOLIC PROCESS%GOBP%GO:0006040	AMINO SUGAR METABOLIC PROCESS%GOBP%GO:0006040		32	0.32923505	0.9087547	0.60470086	0.86612725	1.0	158	tags=6%, list=1%, signal=6%	
PURINE METABOLISM%PATHWHIZ%PW000052	PURINE METABOLISM%PATHWHIZ%PW000052		33	0.32471555	0.9082079	0.6236786	0.8672505	1.0	2441	tags=24%, list=15%, signal=28%	
FORMATION OF THE CANONICAL BAF (CBAF) COMPLEX%REACTOME DATABASE ID RELEASE 93%9933937	FORMATION OF THE CANONICAL BAF (CBAF) COMPLEX%REACTOME DATABASE ID RELEASE 93%9933937		17	0.37497464	0.9077603	0.5582329	0.8681417	1.0	152	tags=12%, list=1%, signal=12%	
REGULATION OF LIPID BIOSYNTHETIC PROCESS%GOBP%GO:0046890	REGULATION OF LIPID BIOSYNTHETIC PROCESS%GOBP%GO:0046890		124	0.25991598	0.90770876	0.69848156	0.8679309	1.0	3457	tags=24%, list=21%, signal=30%	
MTORC1-MEDIATED SIGNALLING%REACTOME DATABASE ID RELEASE 93%166208	MTORC1-MEDIATED SIGNALLING%REACTOME DATABASE ID RELEASE 93%166208		22	0.35249224	0.9076763	0.5931864	0.86766547	1.0	2553	tags=32%, list=16%, signal=38%	
NEGATIVE REGULATION OF PHOSPHORYLATION%GOBP%GO:0042326	NEGATIVE REGULATION OF PHOSPHORYLATION%GOBP%GO:0042326		101	0.2653811	0.9074946	0.6833713	0.86780053	1.0	2422	tags=18%, list=15%, signal=21%	
MEMBRANE LIPID BIOSYNTHETIC PROCESS%GOBP%GO:0046467	MEMBRANE LIPID BIOSYNTHETIC PROCESS%GOBP%GO:0046467		114	0.2641695	0.9072039	0.67727274	0.8682413	1.0	3263	tags=26%, list=20%, signal=33%	
PHOSPHATIDYLGLYCEROL METABOLIC PROCESS%GOBP%GO:0046471	PHOSPHATIDYLGLYCEROL METABOLIC PROCESS%GOBP%GO:0046471		22	0.35345843	0.9070301	0.60437375	0.86835676	1.0	4151	tags=36%, list=25%, signal=49%	
XANTHINE DEHYDROGENASE DEFICIENCY (XANTHINURIA)%SMPDB%SMP0000220	XANTHINE DEHYDROGENASE DEFICIENCY (XANTHINURIA)%SMPDB%SMP0000220		33	0.32471555	0.9066478	0.6167401	0.86901313	1.0	2441	tags=24%, list=15%, signal=28%	
MITOCHONDRIAL DNA DEPLETION SYNDROME-3%SMPDB%SMP0000536	MITOCHONDRIAL DNA DEPLETION SYNDROME-3%SMPDB%SMP0000536		33	0.32471555	0.90641224	0.60897434	0.8693136	1.0	2441	tags=24%, list=15%, signal=28%	
SUBSTANTIA NIGRA DEVELOPMENT%GOBP%GO:0021762	SUBSTANTIA NIGRA DEVELOPMENT%GOBP%GO:0021762		35	0.32020858	0.9060465	0.61041665	0.8700066	1.0	2927	tags=34%, list=18%, signal=42%	
PID_INTEGRIN_A9B1_PATHWAY%MSIGDB_C2%PID_INTEGRIN_A9B1_PATHWAY	PID_INTEGRIN_A9B1_PATHWAY%MSIGDB_C2%PID_INTEGRIN_A9B1_PATHWAY		15	0.38818893	0.9059788	0.6034115	0.86983734	1.0	957	tags=27%, list=6%, signal=28%	
ADENINE PHOSPHORIBOSYLTRANSFERASE DEFICIENCY (APRT)%PATHWHIZ%PW000511	ADENINE PHOSPHORIBOSYLTRANSFERASE DEFICIENCY (APRT)%PATHWHIZ%PW000511		33	0.32471555	0.90596384	0.6004141	0.8695194	1.0	2441	tags=24%, list=15%, signal=28%	
ESTABLISHMENT OF PROTEIN LOCALIZATION TO EXTRACELLULAR REGION%GOBP%GO:0035592	ESTABLISHMENT OF PROTEIN LOCALIZATION TO EXTRACELLULAR REGION%GOBP%GO:0035592		52	0.29282445	0.9056767	0.64705884	0.8699738	1.0	1966	tags=19%, list=12%, signal=22%	
GLYCOSYL COMPOUND METABOLIC PROCESS%GOBP%GO:1901657	GLYCOSYL COMPOUND METABOLIC PROCESS%GOBP%GO:1901657		53	0.29429367	0.90564793	0.6504237	0.86969143	1.0	2952	tags=25%, list=18%, signal=30%	
REGULATION OF CHOLESTEROL BIOSYNTHETIC PROCESS%GOBP%GO:0045540	REGULATION OF CHOLESTEROL BIOSYNTHETIC PROCESS%GOBP%GO:0045540		22	0.3627486	0.90560335	0.60040987	0.8694593	1.0	2856	tags=18%, list=17%, signal=22%	
CHEMOTAXIS%GOBP%GO:0006935	CHEMOTAXIS%GOBP%GO:0006935		192	0.24470222	0.9055719	0.7714932	0.86918956	1.0	2740	tags=15%, list=17%, signal=17%	
NEGATIVE REGULATION OF INTRACELLULAR PROTEIN TRANSPORT%GOBP%GO:0090317	NEGATIVE REGULATION OF INTRACELLULAR PROTEIN TRANSPORT%GOBP%GO:0090317		26	0.3390767	0.9052906	0.588843	0.8695447	1.0	3074	tags=31%, list=19%, signal=38%	
TRANSCRIPTION OF THE HIV GENOME%REACTOME%R-HSA-167172.4	TRANSCRIPTION OF THE HIV GENOME%REACTOME%R-HSA-167172.4		65	0.28236708	0.9052161	0.6659483	0.869399	1.0	1869	tags=18%, list=11%, signal=21%	
BIOCARTA_G2_PATHWAY%MSIGDB_C2%BIOCARTA_G2_PATHWAY	BIOCARTA_G2_PATHWAY%MSIGDB_C2%BIOCARTA_G2_PATHWAY		19	0.3694746	0.90521306	0.611691	0.86904967	1.0	4133	tags=47%, list=25%, signal=63%	
IL5 SIGNALING%WIKIPATHWAYS_20250810%WP127%HOMO SAPIENS	IL5 SIGNALING%WIKIPATHWAYS_20250810%WP127%HOMO SAPIENS		25	0.33897743	0.90517884	0.63394684	0.86880267	1.0	323	tags=12%, list=2%, signal=12%	
NETRIN-MEDIATED SIGNALING EVENTS%PATHWAY INTERACTION DATABASE NCI-NATURE CURATED DATA%NETRIN-MEDIATED SIGNALING EVENTS	NETRIN-MEDIATED SIGNALING EVENTS%PATHWAY INTERACTION DATABASE NCI-NATURE CURATED DATA%NETRIN-MEDIATED SIGNALING EVENTS		32	0.33606207	0.90506554	0.5927419	0.86874884	1.0	981	tags=13%, list=6%, signal=13%	
NEGATIVE REGULATION OF PROTEIN LOCALIZATION TO MEMBRANE%GOBP%GO:1905476	NEGATIVE REGULATION OF PROTEIN LOCALIZATION TO MEMBRANE%GOBP%GO:1905476		27	0.33685422	0.9047527	0.6032064	0.86924714	1.0	2617	tags=22%, list=16%, signal=26%	
SUMOYLATION OF TRANSCRIPTION FACTORS%REACTOME%R-HSA-3232118.9	SUMOYLATION OF TRANSCRIPTION FACTORS%REACTOME%R-HSA-3232118.9		17	0.38702548	0.9045921	0.59961313	0.86932355	1.0	2280	tags=35%, list=14%, signal=41%	
T CELL ACTIVATION%GOBP%GO:0042110	T CELL ACTIVATION%GOBP%GO:0042110		160	0.24977845	0.9041966	0.74615383	0.87003887	1.0	3159	tags=20%, list=19%, signal=25%	
FERROPTOSIS%WIKIPATHWAYS_20250810%WP4313%HOMO SAPIENS	FERROPTOSIS%WIKIPATHWAYS_20250810%WP4313%HOMO SAPIENS		43	0.30838835	0.9038809	0.6347305	0.8705497	1.0	4351	tags=30%, list=27%, signal=41%	
NEGATIVE REGULATION OF INFLAMMATORY RESPONSE%GOBP%GO:0050728	NEGATIVE REGULATION OF INFLAMMATORY RESPONSE%GOBP%GO:0050728		111	0.26135856	0.90367055	0.71867615	0.87074697	1.0	3125	tags=23%, list=19%, signal=29%	
PROTEIN O-LINKED GLYCOSYLATION VIA XYLOSE%GOBP%GO:0180064	PROTEIN O-LINKED GLYCOSYLATION VIA XYLOSE%GOBP%GO:0180064		46	0.30216917	0.90343237	0.6415094	0.87107056	1.0	3529	tags=26%, list=22%, signal=33%	
POSITIVE REGULATION OF LEUKOCYTE CELL-CELL ADHESION%GOBP%GO:1903039	POSITIVE REGULATION OF LEUKOCYTE CELL-CELL ADHESION%GOBP%GO:1903039		192	0.2420234	0.90329456	0.7906977	0.87113506	1.0	2412	tags=14%, list=15%, signal=16%	
NEGATIVE REGULATION OF T CELL PROLIFERATION%GOBP%GO:0042130	NEGATIVE REGULATION OF T CELL PROLIFERATION%GOBP%GO:0042130		39	0.30877635	0.9032342	0.63061225	0.87091625	1.0	4121	tags=31%, list=25%, signal=41%	
P38 MAPK PATHWAY%PANTHER PATHWAY%P05918	P38 MAPK PATHWAY%PANTHER PATHWAY%P05918		27	0.34135392	0.90322924	0.6020408	0.8705753	1.0	1884	tags=30%, list=11%, signal=33%	
STRIATED MUSCLE TISSUE DEVELOPMENT%GOBP%GO:0014706	STRIATED MUSCLE TISSUE DEVELOPMENT%GOBP%GO:0014706		113	0.26095903	0.90292025	0.7076566	0.8710654	1.0	2370	tags=14%, list=14%, signal=16%	
NEGATIVE REGULATION OF NON-CANONICAL NF-KAPPAB SIGNAL TRANSDUCTION%GOBP%GO:1901223	NEGATIVE REGULATION OF NON-CANONICAL NF-KAPPAB SIGNAL TRANSDUCTION%GOBP%GO:1901223		20	0.36008602	0.9028727	0.6131687	0.87083536	1.0	3355	tags=50%, list=20%, signal=63%	
G1 S TRANSITION%REACTOME DATABASE ID RELEASE 93%69206	G1 S TRANSITION%REACTOME DATABASE ID RELEASE 93%69206		112	0.26187658	0.9026009	0.70428896	0.87125325	1.0	2844	tags=22%, list=17%, signal=27%	
FORMATION OF THE DYSTROPHIN-GLYCOPROTEIN COMPLEX (DGC)%REACTOME%R-HSA-9913351.2	FORMATION OF THE DYSTROPHIN-GLYCOPROTEIN COMPLEX (DGC)%REACTOME%R-HSA-9913351.2		29	0.3312412	0.9025262	0.6198704	0.87111074	1.0	3189	tags=21%, list=19%, signal=26%	
LESCH-NYHAN SYNDROME (LNS)%SMPDB%SMP0000364	LESCH-NYHAN SYNDROME (LNS)%SMPDB%SMP0000364		33	0.32471555	0.9023802	0.62655604	0.8711393	1.0	2441	tags=24%, list=15%, signal=28%	
CELLULAR SENESCENCE%REACTOME%R-HSA-2559583.7	CELLULAR SENESCENCE%REACTOME%R-HSA-2559583.7		134	0.2539231	0.9023802	0.72209024	0.870785	1.0	3684	tags=32%, list=22%, signal=41%	
POSITIVE REGULATION OF PROTEIN PROCESSING%GOBP%GO:0010954	POSITIVE REGULATION OF PROTEIN PROCESSING%GOBP%GO:0010954		17	0.37534297	0.9022736	0.5786026	0.87071	1.0	4074	tags=41%, list=25%, signal=55%	
UNFOLDED PROTEIN RESPONSE%WIKIPATHWAYS_20250810%WP4925%HOMO SAPIENS	UNFOLDED PROTEIN RESPONSE%WIKIPATHWAYS_20250810%WP4925%HOMO SAPIENS		18	0.3757664	0.90219456	0.6171079	0.8705576	1.0	1838	tags=28%, list=11%, signal=31%	
POSITIVE REGULATION OF PROTEIN MATURATION%GOBP%GO:1903319	POSITIVE REGULATION OF PROTEIN MATURATION%GOBP%GO:1903319		18	0.37518638	0.9021089	0.5803213	0.8704378	1.0	4074	tags=39%, list=25%, signal=52%	
THYROTROPIN-RELEASING HORMONE RECEPTOR SIGNALING PATHWAY%PANTHER PATHWAY%P04394	THYROTROPIN-RELEASING HORMONE RECEPTOR SIGNALING PATHWAY%PANTHER PATHWAY%P04394		45	0.30731687	0.90208536	0.62472886	0.8701446	1.0	3320	tags=22%, list=20%, signal=28%	
GOUT OR KELLEY-SEEGMILLER SYNDROME%SMPDB%SMP0000365	GOUT OR KELLEY-SEEGMILLER SYNDROME%SMPDB%SMP0000365		33	0.32471555	0.901974	0.60618556	0.870085	1.0	2441	tags=24%, list=15%, signal=28%	
RUFFLE ORGANIZATION%GOBP%GO:0031529	RUFFLE ORGANIZATION%GOBP%GO:0031529		17	0.3712508	0.901947	0.59090906	0.8698058	1.0	3324	tags=29%, list=20%, signal=37%	
T CELL MIGRATION%GOBP%GO:0072678	T CELL MIGRATION%GOBP%GO:0072678		19	0.3713051	0.90190566	0.5995763	0.8695674	1.0	2835	tags=21%, list=17%, signal=25%	
SIGNALING BY FGFR4%REACTOME%R-HSA-5654743.4	SIGNALING BY FGFR4%REACTOME%R-HSA-5654743.4		27	0.3443647	0.90157646	0.62839246	0.87011045	1.0	705	tags=15%, list=4%, signal=15%	
REGULATION OF EXTRACELLULAR MATRIX DISASSEMBLY%GOBP%GO:0010715	REGULATION OF EXTRACELLULAR MATRIX DISASSEMBLY%GOBP%GO:0010715		15	0.39064422	0.90146506	0.61782175	0.87007236	1.0	2373	tags=27%, list=14%, signal=31%	
ADENYLATE CYCLASE-MODULATING G PROTEIN-COUPLED RECEPTOR SIGNALING PATHWAY%GOBP%GO:0007188	ADENYLATE CYCLASE-MODULATING G PROTEIN-COUPLED RECEPTOR SIGNALING PATHWAY%GOBP%GO:0007188		135	0.2517027	0.9013304	0.7243736	0.8700999	1.0	4119	tags=21%, list=25%, signal=28%	
MOLTING CYCLE PROCESS%GOBP%GO:0022404	MOLTING CYCLE PROCESS%GOBP%GO:0022404		15	0.39121512	0.9011327	0.59772295	0.8702709	1.0	5173	tags=47%, list=32%, signal=68%	
WOUND HEALING%GOBP%GO:0042060	WOUND HEALING%GOBP%GO:0042060		186	0.2436412	0.9010387	0.7617925	0.8701875	1.0	3051	tags=22%, list=19%, signal=26%	
CELLULAR RESPONSE TO CORTICOSTEROID STIMULUS%GOBP%GO:0071384	CELLULAR RESPONSE TO CORTICOSTEROID STIMULUS%GOBP%GO:0071384		21	0.35672224	0.90088874	0.6078838	0.8702049	1.0	5023	tags=57%, list=31%, signal=82%	
REGULATION OF CDC42 ACTIVITY%PATHWAY INTERACTION DATABASE NCI-NATURE CURATED DATA%REGULATION OF CDC42 ACTIVITY	REGULATION OF CDC42 ACTIVITY%PATHWAY INTERACTION DATABASE NCI-NATURE CURATED DATA%REGULATION OF CDC42 ACTIVITY		27	0.33799493	0.90077966	0.63580245	0.87016374	1.0	265	tags=7%, list=2%, signal=8%	
PROTEIN SECRETION%GOBP%GO:0009306	PROTEIN SECRETION%GOBP%GO:0009306		50	0.295016	0.9006969	0.6531915	0.8700312	1.0	1966	tags=20%, list=12%, signal=23%	
NEGATIVE REGULATION OF CELL-CELL ADHESION%GOBP%GO:0022408	NEGATIVE REGULATION OF CELL-CELL ADHESION%GOBP%GO:0022408		127	0.25586355	0.9006737	0.7205882	0.86973965	1.0	4121	tags=28%, list=25%, signal=37%	
RAS PROTEIN SIGNAL TRANSDUCTION%GOBP%GO:0007265	RAS PROTEIN SIGNAL TRANSDUCTION%GOBP%GO:0007265		66	0.28148577	0.90058583	0.67016804	0.8696212	1.0	4181	tags=27%, list=25%, signal=36%	
PURINE-CONTAINING COMPOUND TRANSMEMBRANE TRANSPORT%GOBP%GO:0072530	PURINE-CONTAINING COMPOUND TRANSMEMBRANE TRANSPORT%GOBP%GO:0072530		22	0.35627517	0.9005839	0.60210526	0.8692736	1.0	4978	tags=50%, list=30%, signal=72%	
RESPONSE TO ALKALOID%GOBP%GO:0043279	RESPONSE TO ALKALOID%GOBP%GO:0043279		17	0.37530348	0.90057456	0.58246344	0.8689546	1.0	127	tags=6%, list=1%, signal=6%	
POSITIVE REGULATION OF T CELL ACTIVATION%GOBP%GO:0050870	POSITIVE REGULATION OF T CELL ACTIVATION%GOBP%GO:0050870		173	0.24494104	0.90048575	0.7606635	0.8688287	1.0	2533	tags=14%, list=15%, signal=17%	
VASCULAR ENDOTHELIAL CELL RESPONSE TO LAMINAR FLUID SHEAR STRESS%GOBP%GO:0097700	VASCULAR ENDOTHELIAL CELL RESPONSE TO LAMINAR FLUID SHEAR STRESS%GOBP%GO:0097700		20	0.35434848	0.90048283	0.6060606	0.868487	1.0	4788	tags=55%, list=29%, signal=78%	
PLATELET SENSITIZATION BY LDL%REACTOME%R-HSA-432142.4	PLATELET SENSITIZATION BY LDL%REACTOME%R-HSA-432142.4		15	0.37984413	0.8998914	0.6023622	0.869753	1.0	968	tags=20%, list=6%, signal=21%	
TIGHT JUNCTION INTERACTIONS%REACTOME DATABASE ID RELEASE 93%420029	TIGHT JUNCTION INTERACTIONS%REACTOME DATABASE ID RELEASE 93%420029		19	0.36395997	0.8998564	0.6309013	0.8694859	1.0	3141	tags=37%, list=19%, signal=46%	
DISASSEMBLY OF THE DESTRUCTION COMPLEX AND RECRUITMENT OF AXIN TO THE MEMBRANE%REACTOME DATABASE ID RELEASE 93%4641262	DISASSEMBLY OF THE DESTRUCTION COMPLEX AND RECRUITMENT OF AXIN TO THE MEMBRANE%REACTOME DATABASE ID RELEASE 93%4641262		26	0.3400902	0.8995743	0.6198347	0.8698614	1.0	2285	tags=27%, list=14%, signal=31%	
RECOGNITION OF DNA DAMAGE BY PCNA-CONTAINING REPLICATION COMPLEX%REACTOME%R-HSA-110314.5	RECOGNITION OF DNA DAMAGE BY PCNA-CONTAINING REPLICATION COMPLEX%REACTOME%R-HSA-110314.5		29	0.32428485	0.89944893	0.6340956	0.8698714	1.0	1692	tags=24%, list=10%, signal=27%	
RESPONSE TO VITAMIN%GOBP%GO:0033273	RESPONSE TO VITAMIN%GOBP%GO:0033273		16	0.37675098	0.8991671	0.607767	0.870293	1.0	5596	tags=50%, list=34%, signal=76%	
AUTOPHAGOSOME MATURATION%GOBP%GO:0097352	AUTOPHAGOSOME MATURATION%GOBP%GO:0097352		41	0.30820715	0.89900935	0.63863635	0.8703499	1.0	1771	tags=17%, list=11%, signal=19%	
NEGATIVE REGULATION OF CELL CYCLE G2/M PHASE TRANSITION%GOBP%GO:1902750	NEGATIVE REGULATION OF CELL CYCLE G2/M PHASE TRANSITION%GOBP%GO:1902750		60	0.2887718	0.8985598	0.6539326	0.8711911	1.0	2651	tags=20%, list=16%, signal=24%	
CELL-CELL JUNCTION ASSEMBLY%GOBP%GO:0007043	CELL-CELL JUNCTION ASSEMBLY%GOBP%GO:0007043		91	0.26865515	0.8985016	0.6978417	0.8710038	1.0	3230	tags=23%, list=20%, signal=29%	
HEMATOPOIETIC PROGENITOR CELL DIFFERENTIATION%GOBP%GO:0002244	HEMATOPOIETIC PROGENITOR CELL DIFFERENTIATION%GOBP%GO:0002244		26	0.33823287	0.8983463	0.6467066	0.87108916	1.0	2547	tags=27%, list=16%, signal=32%	
RECEPTOR METABOLIC PROCESS%GOBP%GO:0043112	RECEPTOR METABOLIC PROCESS%GOBP%GO:0043112		32	0.32072592	0.8982253	0.6112266	0.8710442	1.0	1125	tags=19%, list=7%, signal=20%	
KIDNEY EPITHELIUM DEVELOPMENT%GOBP%GO:0072073	KIDNEY EPITHELIUM DEVELOPMENT%GOBP%GO:0072073		42	0.30145532	0.8978165	0.6440678	0.8717718	1.0	6	tags=2%, list=0%, signal=2%	
MUSCLE CONTRACTION%REACTOME%R-HSA-397014.5	MUSCLE CONTRACTION%REACTOME%R-HSA-397014.5		147	0.2490285	0.8977805	0.78125	0.87151253	1.0	3550	tags=22%, list=22%, signal=28%	
TGF BETA RECEPTOR SIGNALING IN SKELETAL DYSPLASIAS%WIKIPATHWAYS_20250810%WP4816%HOMO SAPIENS	TGF BETA RECEPTOR SIGNALING IN SKELETAL DYSPLASIAS%WIKIPATHWAYS_20250810%WP4816%HOMO SAPIENS		42	0.3001564	0.8976581	0.62473345	0.8714809	1.0	67	tags=5%, list=0%, signal=5%	
REGULATION OF PROTEIN-CONTAINING COMPLEX DISASSEMBLY%GOBP%GO:0043244	REGULATION OF PROTEIN-CONTAINING COMPLEX DISASSEMBLY%GOBP%GO:0043244		89	0.27303094	0.8969782	0.6865342	0.87298614	1.0	2556	tags=18%, list=16%, signal=21%	
ASSOCIATION OF TRIC CCT WITH TARGET PROTEINS DURING BIOSYNTHESIS%REACTOME DATABASE ID RELEASE 93%390471	ASSOCIATION OF TRIC CCT WITH TARGET PROTEINS DURING BIOSYNTHESIS%REACTOME DATABASE ID RELEASE 93%390471		37	0.31249678	0.89692426	0.6330645	0.8727811	1.0	2645	tags=24%, list=16%, signal=29%	
CELLULAR RESPONSE TO PH%GOBP%GO:0071467	CELLULAR RESPONSE TO PH%GOBP%GO:0071467		20	0.365467	0.8969037	0.5939525	0.8724919	1.0	4135	tags=30%, list=25%, signal=40%	
FATTY ACID BETA-OXIDATION%GOBP%GO:0006635	FATTY ACID BETA-OXIDATION%GOBP%GO:0006635		48	0.2987116	0.8967945	0.65217394	0.8724364	1.0	3117	tags=29%, list=19%, signal=36%	
TOLL LIKE RECEPTOR 5 (TLR5) CASCADE%REACTOME DATABASE ID RELEASE 93%168176	TOLL LIKE RECEPTOR 5 (TLR5) CASCADE%REACTOME DATABASE ID RELEASE 93%168176		90	0.26474538	0.8966622	0.7260579	0.8724427	1.0	1948	tags=20%, list=12%, signal=23%	
EFFECTS OF PIP2 HYDROLYSIS%REACTOME DATABASE ID RELEASE 93%114508	EFFECTS OF PIP2 HYDROLYSIS%REACTOME DATABASE ID RELEASE 93%114508		26	0.34310013	0.8966302	0.6112266	0.8721665	1.0	3976	tags=35%, list=24%, signal=46%	
XANTHINURIA TYPE II%PATHWHIZ%PW000489	XANTHINURIA TYPE II%PATHWHIZ%PW000489		33	0.32471555	0.89651114	0.64285713	0.8721245	1.0	2441	tags=24%, list=15%, signal=28%	
LONG-CHAIN FATTY-ACYL-COA BIOSYNTHETIC PROCESS%GOBP%GO:0035338	LONG-CHAIN FATTY-ACYL-COA BIOSYNTHETIC PROCESS%GOBP%GO:0035338		16	0.37929174	0.89638454	0.63190186	0.8720987	1.0	220	tags=6%, list=1%, signal=6%	
POSITIVE REGULATION OF RESPONSE TO CYTOKINE STIMULUS%GOBP%GO:0060760	POSITIVE REGULATION OF RESPONSE TO CYTOKINE STIMULUS%GOBP%GO:0060760		47	0.29727638	0.89628005	0.6277533	0.87202317	1.0	2281	tags=19%, list=14%, signal=22%	
REGULATION OF ANDROGEN RECEPTOR SIGNALING PATHWAY%GOBP%GO:0060765	REGULATION OF ANDROGEN RECEPTOR SIGNALING PATHWAY%GOBP%GO:0060765		28	0.33483332	0.89588654	0.62955034	0.87276953	1.0	2945	tags=32%, list=18%, signal=39%	
SPHINGOLIPID DE NOVO BIOSYNTHESIS%REACTOME DATABASE ID RELEASE 93%1660661	SPHINGOLIPID DE NOVO BIOSYNTHESIS%REACTOME DATABASE ID RELEASE 93%1660661		34	0.31537583	0.8958424	0.6182573	0.8725383	1.0	3279	tags=26%, list=20%, signal=33%	
POSITIVE REGULATION OF NF-KAPPAB TRANSCRIPTION FACTOR ACTIVITY%GOBP%GO:0051092	POSITIVE REGULATION OF NF-KAPPAB TRANSCRIPTION FACTOR ACTIVITY%GOBP%GO:0051092		68	0.2804651	0.89488065	0.69848156	0.87475896	1.0	791	tags=12%, list=5%, signal=12%	
PROTEIN-PROTEIN INTERACTIONS AT SYNAPSES%REACTOME%R-HSA-6794362.6	PROTEIN-PROTEIN INTERACTIONS AT SYNAPSES%REACTOME%R-HSA-6794362.6		77	0.27063847	0.89433247	0.6923077	0.87585646	1.0	2888	tags=17%, list=18%, signal=20%	
EXOCYTIC PROCESS%GOBP%GO:0140029	EXOCYTIC PROCESS%GOBP%GO:0140029		42	0.30910632	0.8937238	0.66170216	0.8771197	1.0	2034	tags=19%, list=12%, signal=22%	
POSITIVE REGULATION OF PROTEIN LOCALIZATION TO CELL PERIPHERY%GOBP%GO:1904377	POSITIVE REGULATION OF PROTEIN LOCALIZATION TO CELL PERIPHERY%GOBP%GO:1904377		62	0.2832128	0.8936055	0.678337	0.87708133	1.0	2354	tags=18%, list=14%, signal=21%	
PID_AURORA_A_PATHWAY%MSIGDB_C2%PID_AURORA_A_PATHWAY	PID_AURORA_A_PATHWAY%MSIGDB_C2%PID_AURORA_A_PATHWAY		22	0.34841463	0.8931728	0.60358566	0.87790686	1.0	984	tags=23%, list=6%, signal=24%	
REGULATION OF INTERFERON-BETA PRODUCTION%GOBP%GO:0032648	REGULATION OF INTERFERON-BETA PRODUCTION%GOBP%GO:0032648		48	0.293232	0.8928457	0.65924275	0.8784221	1.0	3998	tags=42%, list=24%, signal=55%	
11P11 2 COPY NUMBER VARIATION SYNDROME %WIKIPATHWAYS_20250810%WP5348%HOMO SAPIENS	11P11 2 COPY NUMBER VARIATION SYNDROME %WIKIPATHWAYS_20250810%WP5348%HOMO SAPIENS		39	0.30759043	0.8921142	0.66972476	0.87999666	1.0	2385	tags=26%, list=15%, signal=30%	
VASCULAR ENDOTHELIAL CELL RESPONSE TO FLUID SHEAR STRESS%GOBP%GO:0097699	VASCULAR ENDOTHELIAL CELL RESPONSE TO FLUID SHEAR STRESS%GOBP%GO:0097699		23	0.3493319	0.891996	0.5953878	0.87997323	1.0	4788	tags=48%, list=29%, signal=67%	
CELLULAR RESPONSE TO ALKALOID%GOBP%GO:0071312	CELLULAR RESPONSE TO ALKALOID%GOBP%GO:0071312		16	0.37562713	0.8919925	0.6178862	0.8796351	1.0	127	tags=6%, list=1%, signal=6%	
SYNTHESIS OF ACTIVE UBIQUITIN: ROLES OF E1 AND E2 ENZYMES%REACTOME DATABASE ID RELEASE 93%8866652	SYNTHESIS OF ACTIVE UBIQUITIN: ROLES OF E1 AND E2 ENZYMES%REACTOME DATABASE ID RELEASE 93%8866652		28	0.3338081	0.8916682	0.62753034	0.8801372	1.0	705	tags=18%, list=4%, signal=19%	
NEUTROPHIL ACTIVATION%GOBP%GO:0042119	NEUTROPHIL ACTIVATION%GOBP%GO:0042119		15	0.3864125	0.89157695	0.6234568	0.88002515	1.0	2104	tags=27%, list=13%, signal=31%	
APOPTOSIS MODULATION AND SIGNALING%WIKIPATHWAYS_20250810%WP1772%HOMO SAPIENS	APOPTOSIS MODULATION AND SIGNALING%WIKIPATHWAYS_20250810%WP1772%HOMO SAPIENS		71	0.28026122	0.8914546	0.67763156	0.880002	1.0	905	tags=8%, list=6%, signal=9%	
THYROID STIMULATING HORMONE TSH SIGNALING%WIKIPATHWAYS_20250810%WP2032%HOMO SAPIENS	THYROID STIMULATING HORMONE TSH SIGNALING%WIKIPATHWAYS_20250810%WP2032%HOMO SAPIENS		47	0.29435715	0.8913551	0.6646091	0.8799123	1.0	2682	tags=23%, list=16%, signal=28%	
CHROMOSOME ORGANIZATION INVOLVED IN MEIOTIC CELL CYCLE%GOBP%GO:0070192	CHROMOSOME ORGANIZATION INVOLVED IN MEIOTIC CELL CYCLE%GOBP%GO:0070192		31	0.32010084	0.8913385	0.608871	0.87961227	1.0	774	tags=10%, list=5%, signal=10%	
PROTEIN K48-LINKED DEUBIQUITINATION%GOBP%GO:0071108	PROTEIN K48-LINKED DEUBIQUITINATION%GOBP%GO:0071108		20	0.35177273	0.89123243	0.6252505	0.87956184	1.0	2100	tags=30%, list=13%, signal=34%	
RNA POLYMERASE III TRANSCRIPTION%REACTOME DATABASE ID RELEASE 93%74158	RNA POLYMERASE III TRANSCRIPTION%REACTOME DATABASE ID RELEASE 93%74158		41	0.30486268	0.89114606	0.65368855	0.87942815	1.0	2999	tags=27%, list=18%, signal=33%	
BETA3 INTEGRIN CELL SURFACE INTERACTIONS%PATHWAY INTERACTION DATABASE NCI-NATURE CURATED DATA%BETA3 INTEGRIN CELL SURFACE INTERACTIONS	BETA3 INTEGRIN CELL SURFACE INTERACTIONS%PATHWAY INTERACTION DATABASE NCI-NATURE CURATED DATA%BETA3 INTEGRIN CELL SURFACE INTERACTIONS		37	0.3100421	0.8910058	0.6572052	0.87943834	1.0	2723	tags=24%, list=17%, signal=29%	
ADAPTIVE IMMUNE RESPONSE BASED ON SOMATIC RECOMBINATION OF IMMUNE RECEPTORS BUILT FROM IMMUNOGLOBULIN SUPERFAMILY DOMAINS%GOBP%GO:0002460	ADAPTIVE IMMUNE RESPONSE BASED ON SOMATIC RECOMBINATION OF IMMUNE RECEPTORS BUILT FROM IMMUNOGLOBULIN SUPERFAMILY DOMAINS%GOBP%GO:0002460		87	0.26789397	0.89069533	0.66818184	0.8799385	1.0	4195	tags=33%, list=26%, signal=45%	
RNA POLYMERASE III ABORTIVE AND RETRACTIVE INITIATION%REACTOME%R-HSA-749476.4	RNA POLYMERASE III ABORTIVE AND RETRACTIVE INITIATION%REACTOME%R-HSA-749476.4		41	0.30486268	0.89060956	0.6666667	0.87983835	1.0	2999	tags=27%, list=18%, signal=33%	
APOPTOSIS SIGNALING PATHWAY%PANTHER PATHWAY%P00006	APOPTOSIS SIGNALING PATHWAY%PANTHER PATHWAY%P00006		85	0.26370806	0.8905462	0.7339246	0.87964725	1.0	2133	tags=15%, list=13%, signal=17%	
MYOMETRIAL RELAXATION AND CONTRACTION PATHWAYS%WIKIPATHWAYS_20250810%WP289%HOMO SAPIENS	MYOMETRIAL RELAXATION AND CONTRACTION PATHWAYS%WIKIPATHWAYS_20250810%WP289%HOMO SAPIENS		99	0.25915733	0.89052016	0.7360179	0.8793631	1.0	3701	tags=25%, list=23%, signal=32%	
SUPEROXIDE METABOLIC PROCESS%GOBP%GO:0006801	SUPEROXIDE METABOLIC PROCESS%GOBP%GO:0006801		23	0.34362683	0.89002717	0.6474359	0.8803284	1.0	3809	tags=43%, list=23%, signal=57%	
REGULATORY CIRCUITS OF STAT3 SIGNALING%WIKIPATHWAYS_20250810%WP4538%HOMO SAPIENS	REGULATORY CIRCUITS OF STAT3 SIGNALING%WIKIPATHWAYS_20250810%WP4538%HOMO SAPIENS		59	0.28458512	0.89001	0.6919831	0.8800237	1.0	2521	tags=17%, list=15%, signal=20%	
COOPERATION OF PREFOLDIN AND TRIC CCT IN ACTIN AND TUBULIN FOLDING%REACTOME DATABASE ID RELEASE 93%389958	COOPERATION OF PREFOLDIN AND TRIC CCT IN ACTIN AND TUBULIN FOLDING%REACTOME DATABASE ID RELEASE 93%389958		25	0.34154317	0.88946414	0.6386037	0.88114065	1.0	2645	tags=28%, list=16%, signal=33%	
HALLMARK_HEME_METABOLISM%MSIGDBHALLMARK%HALLMARK_HEME_METABOLISM	HALLMARK_HEME_METABOLISM%MSIGDBHALLMARK%HALLMARK_HEME_METABOLISM		129	0.2515919	0.88935524	0.74352944	0.88107735	1.0	2877	tags=19%, list=18%, signal=23%	
NEURAL CREST DIFFERENTIATION%WIKIPATHWAYS_20250810%WP2064%HOMO SAPIENS	NEURAL CREST DIFFERENTIATION%WIKIPATHWAYS_20250810%WP2064%HOMO SAPIENS		61	0.28239787	0.8893324	0.69536424	0.88078946	1.0	2372	tags=21%, list=14%, signal=25%	
DDX58 IFIH1-MEDIATED INDUCTION OF INTERFERON-ALPHA BETA%REACTOME DATABASE ID RELEASE 93%168928	DDX58 IFIH1-MEDIATED INDUCTION OF INTERFERON-ALPHA BETA%REACTOME DATABASE ID RELEASE 93%168928		64	0.2833911	0.88932914	0.7037037	0.88044894	1.0	2612	tags=27%, list=16%, signal=31%	
PID_RXR_VDR_PATHWAY%MSIGDB_C2%PID_RXR_VDR_PATHWAY	PID_RXR_VDR_PATHWAY%MSIGDB_C2%PID_RXR_VDR_PATHWAY		17	0.37788624	0.8891072	0.60251045	0.8806688	1.0	2490	tags=29%, list=15%, signal=35%	
POSITIVE REGULATION OF CYCLASE ACTIVITY%GOBP%GO:0031281	POSITIVE REGULATION OF CYCLASE ACTIVITY%GOBP%GO:0031281		15	0.38511765	0.8887578	0.6225296	0.88123107	1.0	629	tags=13%, list=4%, signal=14%	
TOLL LIKE RECEPTOR 10 (TLR10) CASCADE%REACTOME%R-HSA-168142.3	TOLL LIKE RECEPTOR 10 (TLR10) CASCADE%REACTOME%R-HSA-168142.3		90	0.26474538	0.8885761	0.72077924	0.8813309	1.0	1948	tags=20%, list=12%, signal=23%	
REGULATION OF PHOSPHATIDYLINOSITOL 3-KINASE/PROTEIN KINASE B SIGNAL TRANSDUCTION%GOBP%GO:0051896	REGULATION OF PHOSPHATIDYLINOSITOL 3-KINASE/PROTEIN KINASE B SIGNAL TRANSDUCTION%GOBP%GO:0051896		190	0.24088673	0.88822895	0.78454334	0.8819145	1.0	2412	tags=15%, list=15%, signal=18%	
PEPTIDE TRANSPORT%GOBP%GO:0015833	PEPTIDE TRANSPORT%GOBP%GO:0015833		31	0.32054338	0.8879361	0.6723769	0.88234186	1.0	2294	tags=23%, list=14%, signal=26%	
POSITIVE REGULATION OF RECEPTOR-MEDIATED ENDOCYTOSIS%GOBP%GO:0048260	POSITIVE REGULATION OF RECEPTOR-MEDIATED ENDOCYTOSIS%GOBP%GO:0048260		40	0.30335066	0.8877576	0.6730769	0.88245994	1.0	1494	tags=18%, list=9%, signal=19%	
CELLULAR RESPONSE TO NUTRIENT%GOBP%GO:0031670	CELLULAR RESPONSE TO NUTRIENT%GOBP%GO:0031670		22	0.34988767	0.8876409	0.62027836	0.8824306	1.0	3396	tags=32%, list=21%, signal=40%	
POSITIVE REGULATION OF RESPONSE TO WOUNDING%GOBP%GO:1903036	POSITIVE REGULATION OF RESPONSE TO WOUNDING%GOBP%GO:1903036		47	0.29676247	0.8875111	0.64503044	0.8824025	1.0	3470	tags=30%, list=21%, signal=38%	
TRIGLYCERIDE CATABOLISM%REACTOME%R-HSA-163560.5	TRIGLYCERIDE CATABOLISM%REACTOME%R-HSA-163560.5		16	0.37451467	0.88743716	0.61646587	0.8822417	1.0	333	tags=13%, list=2%, signal=13%	
FATTY ACID CATABOLIC PROCESS%GOBP%GO:0009062	FATTY ACID CATABOLIC PROCESS%GOBP%GO:0009062		72	0.2692433	0.8872538	0.7212389	0.8823573	1.0	3180	tags=24%, list=19%, signal=29%	
IL3%NETPATH%IL3	IL3%NETPATH%IL3		32	0.32158864	0.88711315	0.6629956	0.8823867	1.0	2313	tags=19%, list=14%, signal=22%	
AORTA DEVELOPMENT%GOBP%GO:0035904	AORTA DEVELOPMENT%GOBP%GO:0035904		27	0.33448324	0.8869563	0.62550604	0.88245124	1.0	2216	tags=19%, list=14%, signal=21%	
LIPOPROTEIN METABOLIC PROCESS%GOBP%GO:0042157	LIPOPROTEIN METABOLIC PROCESS%GOBP%GO:0042157		37	0.31159788	0.8869088	0.63917524	0.88222384	1.0	1494	tags=16%, list=9%, signal=18%	
MITOCHONDRION LOCALIZATION%GOBP%GO:0051646	MITOCHONDRION LOCALIZATION%GOBP%GO:0051646		33	0.31666252	0.88685936	0.6535088	0.88200593	1.0	2434	tags=24%, list=15%, signal=28%	
REGULATION OF PEPTIDYL-SERINE PHOSPHORYLATION%GOBP%GO:0033135	REGULATION OF PEPTIDYL-SERINE PHOSPHORYLATION%GOBP%GO:0033135		22	0.35411	0.8866158	0.6247241	0.88230085	1.0	1985	tags=27%, list=12%, signal=31%	
REGULATION OF INFLAMMATORY RESPONSE TO ANTIGENIC STIMULUS%GOBP%GO:0002861	REGULATION OF INFLAMMATORY RESPONSE TO ANTIGENIC STIMULUS%GOBP%GO:0002861		28	0.32432473	0.88654304	0.6461233	0.8821526	1.0	4294	tags=46%, list=26%, signal=63%	
FGF SIGNALING PATHWAY%PATHWAY INTERACTION DATABASE NCI-NATURE CURATED DATA%FGF SIGNALING PATHWAY	FGF SIGNALING PATHWAY%PATHWAY INTERACTION DATABASE NCI-NATURE CURATED DATA%FGF SIGNALING PATHWAY		41	0.29846117	0.8862206	0.6752688	0.8826388	1.0	2782	tags=27%, list=17%, signal=32%	
ISOPRENOID BIOSYNTHETIC PROCESS%GOBP%GO:0008299	ISOPRENOID BIOSYNTHETIC PROCESS%GOBP%GO:0008299		19	0.36066726	0.885822	0.6356275	0.8833331	1.0	4550	tags=32%, list=28%, signal=44%	
CYTOPLASMIC PATTERN RECOGNITION RECEPTOR SIGNALING PATHWAY%GOBP%GO:0002753	CYTOPLASMIC PATTERN RECOGNITION RECEPTOR SIGNALING PATHWAY%GOBP%GO:0002753		59	0.28517509	0.88530433	0.69213974	0.8843568	1.0	3355	tags=29%, list=20%, signal=36%	
CELLULAR RESPONSE TO OXYGEN LEVELS%GOBP%GO:0071453	CELLULAR RESPONSE TO OXYGEN LEVELS%GOBP%GO:0071453		80	0.2672735	0.88482934	0.7222222	0.8852169	1.0	1905	tags=14%, list=12%, signal=15%	
OVARIAN FOLLICLE DEVELOPMENT%GOBP%GO:0001541	OVARIAN FOLLICLE DEVELOPMENT%GOBP%GO:0001541		17	0.3721764	0.8846446	0.6331237	0.8853558	1.0	5198	tags=41%, list=32%, signal=60%	
CARGO CONCENTRATION IN THE ER%REACTOME%R-HSA-5694530.3	CARGO CONCENTRATION IN THE ER%REACTOME%R-HSA-5694530.3		30	0.3272999	0.8844591	0.6618557	0.885492	1.0	1689	tags=17%, list=10%, signal=19%	
REGULATION OF T CELL PROLIFERATION%GOBP%GO:0042129	REGULATION OF T CELL PROLIFERATION%GOBP%GO:0042129		96	0.25886995	0.8844402	0.73913044	0.8851883	1.0	4509	tags=28%, list=27%, signal=39%	
HISTAMINE H2 RECEPTOR MEDIATED SIGNALING PATHWAY%PANTHER PATHWAY%P04386	HISTAMINE H2 RECEPTOR MEDIATED SIGNALING PATHWAY%PANTHER PATHWAY%P04386		18	0.36535886	0.8839828	0.6147705	0.8860172	1.0	2996	tags=22%, list=18%, signal=27%	
MYD88 CASCADE INITIATED ON PLASMA MEMBRANE%REACTOME DATABASE ID RELEASE 93%975871	MYD88 CASCADE INITIATED ON PLASMA MEMBRANE%REACTOME DATABASE ID RELEASE 93%975871		90	0.26474538	0.8836296	0.72707427	0.8865754	1.0	1948	tags=20%, list=12%, signal=23%	
N-GLYCAN ANTENNAE ELONGATION IN THE MEDIAL TRANS-GOLGI%REACTOME DATABASE ID RELEASE 93%975576	N-GLYCAN ANTENNAE ELONGATION IN THE MEDIAL TRANS-GOLGI%REACTOME DATABASE ID RELEASE 93%975576		24	0.3373365	0.8835694	0.63561076	0.8863944	1.0	3729	tags=33%, list=23%, signal=43%	
REGULATION OF JNK CASCADE%GOBP%GO:0046328	REGULATION OF JNK CASCADE%GOBP%GO:0046328		114	0.25047654	0.8831011	0.7694064	0.8872358	1.0	2141	tags=17%, list=13%, signal=19%	
ADENYLOSUCCINATE LYASE DEFICIENCY%SMPDB%SMP0000167	ADENYLOSUCCINATE LYASE DEFICIENCY%SMPDB%SMP0000167		33	0.32471555	0.88283414	0.64332604	0.88756216	1.0	2441	tags=24%, list=15%, signal=28%	
RETICULOPHAGY%GOBP%GO:0061709	RETICULOPHAGY%GOBP%GO:0061709		22	0.3436234	0.8822687	0.6554622	0.88870376	1.0	1054	tags=18%, list=6%, signal=19%	
ESTABLISHMENT OR MAINTENANCE OF EPITHELIAL CELL APICAL/BASAL POLARITY%GOBP%GO:0045197	ESTABLISHMENT OR MAINTENANCE OF EPITHELIAL CELL APICAL/BASAL POLARITY%GOBP%GO:0045197		33	0.31362706	0.88220745	0.6563786	0.8885234	1.0	1980	tags=24%, list=12%, signal=28%	
CELLULAR RESPONSE TO HYDROGEN PEROXIDE%GOBP%GO:0070301	CELLULAR RESPONSE TO HYDROGEN PEROXIDE%GOBP%GO:0070301		29	0.32752633	0.88214874	0.65981734	0.8883498	1.0	1707	tags=24%, list=10%, signal=27%	
INTERLEUKIN-3, INTERLEUKIN-5 AND GM-CSF SIGNALING%REACTOME DATABASE ID RELEASE 93%512988	INTERLEUKIN-3, INTERLEUKIN-5 AND GM-CSF SIGNALING%REACTOME DATABASE ID RELEASE 93%512988		33	0.31602144	0.88140017	0.65434784	0.8899385	1.0	333	tags=9%, list=2%, signal=9%	
CALCIUM REGULATION IN CARDIAC CELLS%WIKIPATHWAYS_20250810%WP536%HOMO SAPIENS	CALCIUM REGULATION IN CARDIAC CELLS%WIKIPATHWAYS_20250810%WP536%HOMO SAPIENS		95	0.26261705	0.8810192	0.76610976	0.89055884	1.0	4133	tags=25%, list=25%, signal=34%	
METABOLISM OF STEROIDS%REACTOME%R-HSA-8957322.4	METABOLISM OF STEROIDS%REACTOME%R-HSA-8957322.4		117	0.25226924	0.8809013	0.7777778	0.89054304	1.0	4051	tags=28%, list=25%, signal=37%	
REGULATION OF ISOTYPE SWITCHING%GOBP%GO:0045191	REGULATION OF ISOTYPE SWITCHING%GOBP%GO:0045191		15	0.37421614	0.88077503	0.62068963	0.8905141	1.0	2863	tags=33%, list=17%, signal=40%	
RAS ACTIVATION UPON CA2+ INFLUX THROUGH NMDA RECEPTOR%REACTOME DATABASE ID RELEASE 93%442982	RAS ACTIVATION UPON CA2+ INFLUX THROUGH NMDA RECEPTOR%REACTOME DATABASE ID RELEASE 93%442982		17	0.3653264	0.8805805	0.64605546	0.8906512	1.0	1966	tags=18%, list=12%, signal=20%	
REGULATION OF CELL CYCLE G1/S PHASE TRANSITION%GOBP%GO:1902806	REGULATION OF CELL CYCLE G1/S PHASE TRANSITION%GOBP%GO:1902806		129	0.25003374	0.88020575	0.783848	0.89126897	1.0	1685	tags=12%, list=10%, signal=14%	
REGULATION OF COLLAGEN BIOSYNTHETIC PROCESS%GOBP%GO:0032965	REGULATION OF COLLAGEN BIOSYNTHETIC PROCESS%GOBP%GO:0032965		15	0.38403407	0.8798866	0.6226415	0.89175206	1.0	2507	tags=27%, list=15%, signal=31%	
DNA STRAND ELONGATION%GOBP%GO:0022616	DNA STRAND ELONGATION%GOBP%GO:0022616		19	0.35912928	0.87952507	0.65800864	0.89234805	1.0	1166	tags=21%, list=7%, signal=23%	
FABRY DISEASE%SMPDB%SMP0000525	FABRY DISEASE%SMPDB%SMP0000525		21	0.34458378	0.87905073	0.6464844	0.8932221	1.0	3640	tags=33%, list=22%, signal=43%	
PROTEIN AUTOPHOSPHORYLATION%GOBP%GO:0046777	PROTEIN AUTOPHOSPHORYLATION%GOBP%GO:0046777		105	0.25578713	0.8788914	0.75116277	0.8932744	1.0	2525	tags=17%, list=15%, signal=20%	
DENGUE 2 INTERACTIONS WITH COMPLEMENT AND COAGULATION CASCADES%WIKIPATHWAYS_20250810%WP3896%HOMO SAPIENS	DENGUE 2 INTERACTIONS WITH COMPLEMENT AND COAGULATION CASCADES%WIKIPATHWAYS_20250810%WP3896%HOMO SAPIENS		34	0.3110102	0.87870216	0.68442625	0.89340276	1.0	4270	tags=26%, list=26%, signal=36%	
PACKAGING OF TELOMERE ENDS%REACTOME DATABASE ID RELEASE 93%171306	PACKAGING OF TELOMERE ENDS%REACTOME DATABASE ID RELEASE 93%171306		17	0.35887468	0.8785561	0.6260504	0.8934469	1.0	2379	tags=29%, list=14%, signal=34%	
PLASMA MEMBRANE INVAGINATION%GOBP%GO:0099024	PLASMA MEMBRANE INVAGINATION%GOBP%GO:0099024		33	0.31463233	0.87846726	0.668008	0.8933046	1.0	4122	tags=30%, list=25%, signal=40%	
SPHINGOLIPID BIOSYNTHETIC PROCESS%GOBP%GO:0030148	SPHINGOLIPID BIOSYNTHETIC PROCESS%GOBP%GO:0030148		86	0.26387018	0.8780366	0.7562642	0.89403063	1.0	3777	tags=26%, list=23%, signal=33%	
T CELL ACTIVATION INVOLVED IN IMMUNE RESPONSE%GOBP%GO:0002286	T CELL ACTIVATION INVOLVED IN IMMUNE RESPONSE%GOBP%GO:0002286		41	0.30353218	0.87800187	0.64468086	0.8937566	1.0	2314	tags=15%, list=14%, signal=17%	
COMPLEMENT AND COAGULATION CASCADES%WIKIPATHWAYS_20250810%WP558%HOMO SAPIENS	COMPLEMENT AND COAGULATION CASCADES%WIKIPATHWAYS_20250810%WP558%HOMO SAPIENS		34	0.3110102	0.8777016	0.6923077	0.89417386	1.0	4270	tags=26%, list=26%, signal=36%	
METACHROMATIC LEUKODYSTROPHY (MLD)%SMPDB%SMP0000347	METACHROMATIC LEUKODYSTROPHY (MLD)%SMPDB%SMP0000347		21	0.34458378	0.8774746	0.66530615	0.8943789	1.0	3640	tags=33%, list=22%, signal=43%	
NEGATIVE REGULATION OF FERROPTOSIS%GOBP%GO:0110076	NEGATIVE REGULATION OF FERROPTOSIS%GOBP%GO:0110076		17	0.36245552	0.87714934	0.6484848	0.8949084	1.0	3875	tags=53%, list=24%, signal=69%	
RESPONSE TO NERVE GROWTH FACTOR%GOBP%GO:1990089	RESPONSE TO NERVE GROWTH FACTOR%GOBP%GO:1990089		22	0.3413372	0.87712616	0.6452282	0.89462584	1.0	422	tags=14%, list=3%, signal=14%	
POSITIVE REGULATION OF PROTEIN PHOSPHORYLATION%GOBP%GO:0001934	POSITIVE REGULATION OF PROTEIN PHOSPHORYLATION%GOBP%GO:0001934		174	0.2422217	0.8769504	0.8416076	0.89471596	1.0	2552	tags=18%, list=16%, signal=21%	
REGULATION OF FATTY ACID BETA-OXIDATION%GOBP%GO:0031998	REGULATION OF FATTY ACID BETA-OXIDATION%GOBP%GO:0031998		15	0.3764167	0.8767715	0.64123714	0.89484817	1.0	4623	tags=40%, list=28%, signal=56%	
NEGATIVE REGULATION OF AMYLOID-BETA FORMATION%GOBP%GO:1902430	NEGATIVE REGULATION OF AMYLOID-BETA FORMATION%GOBP%GO:1902430		16	0.37427062	0.8764828	0.63083166	0.8952746	1.0	989	tags=13%, list=6%, signal=13%	
CORTICOTROPIN RELEASING HORMONE SIGNALING%WIKIPATHWAYS_20250810%WP2355%HOMO SAPIENS	CORTICOTROPIN RELEASING HORMONE SIGNALING%WIKIPATHWAYS_20250810%WP2355%HOMO SAPIENS		58	0.27571562	0.8764343	0.7050691	0.8950588	1.0	3148	tags=28%, list=19%, signal=34%	
PROTEIN LOCALIZATION TO ENDOPLASMIC RETICULUM%GOBP%GO:0070972	PROTEIN LOCALIZATION TO ENDOPLASMIC RETICULUM%GOBP%GO:0070972		21	0.35250968	0.87640625	0.6631356	0.8947724	1.0	1246	tags=19%, list=8%, signal=21%	
COLLAGEN FIBRIL ORGANIZATION%GOBP%GO:0030199	COLLAGEN FIBRIL ORGANIZATION%GOBP%GO:0030199		48	0.28846228	0.8761931	0.6913319	0.8949599	1.0	4213	tags=29%, list=26%, signal=39%	
RESPONSE TO KETONE%GOBP%GO:1901654	RESPONSE TO KETONE%GOBP%GO:1901654		64	0.27525696	0.87606424	0.7076566	0.8949575	1.0	1933	tags=16%, list=12%, signal=18%	
GAP-FILLING DNA REPAIR SYNTHESIS AND LIGATION IN GG-NER%REACTOME%R-HSA-5696397.3	GAP-FILLING DNA REPAIR SYNTHESIS AND LIGATION IN GG-NER%REACTOME%R-HSA-5696397.3		24	0.33219427	0.87606305	0.6688172	0.89461607	1.0	1692	tags=29%, list=10%, signal=32%	
SHC1 EVENTS IN ERBB2 SIGNALING%REACTOME DATABASE ID RELEASE 93%1250196	SHC1 EVENTS IN ERBB2 SIGNALING%REACTOME DATABASE ID RELEASE 93%1250196		16	0.371913	0.8753849	0.6434783	0.8960172	1.0	1025	tags=13%, list=6%, signal=13%	
NEGATIVE REGULATION OF VASCULAR ASSOCIATED SMOOTH MUSCLE CELL PROLIFERATION%GOBP%GO:1904706	NEGATIVE REGULATION OF VASCULAR ASSOCIATED SMOOTH MUSCLE CELL PROLIFERATION%GOBP%GO:1904706		16	0.36641932	0.87503535	0.6252588	0.8965838	1.0	899	tags=13%, list=5%, signal=13%	
REGULATION OF RECEPTOR INTERNALIZATION%GOBP%GO:0002090	REGULATION OF RECEPTOR INTERNALIZATION%GOBP%GO:0002090		40	0.30424836	0.87498814	0.6591928	0.8963601	1.0	3026	tags=28%, list=18%, signal=34%	
PSEUDOURIDINE SYNTHESIS%GOBP%GO:0001522	PSEUDOURIDINE SYNTHESIS%GOBP%GO:0001522		18	0.35695714	0.87492824	0.6314655	0.8961678	1.0	3029	tags=44%, list=18%, signal=54%	
POSITIVE REGULATION OF POTASSIUM ION TRANSMEMBRANE TRANSPORT%GOBP%GO:1901381	POSITIVE REGULATION OF POTASSIUM ION TRANSMEMBRANE TRANSPORT%GOBP%GO:1901381		15	0.38040662	0.8747106	0.6715481	0.89635557	1.0	2483	tags=20%, list=15%, signal=24%	
REGULATION OF ACTIVATED T CELL PROLIFERATION%GOBP%GO:0046006	REGULATION OF ACTIVATED T CELL PROLIFERATION%GOBP%GO:0046006		21	0.35028657	0.8744798	0.64959013	0.89661974	1.0	2938	tags=24%, list=18%, signal=29%	
CELLULAR RESPONSE TO NERVE GROWTH FACTOR STIMULUS%GOBP%GO:1990090	CELLULAR RESPONSE TO NERVE GROWTH FACTOR STIMULUS%GOBP%GO:1990090		22	0.3413372	0.8744511	0.6418219	0.8963441	1.0	422	tags=14%, list=3%, signal=14%	
CELLULAR RESPONSE TO AMINO ACID STARVATION%GOBP%GO:0034198	CELLULAR RESPONSE TO AMINO ACID STARVATION%GOBP%GO:0034198		44	0.29633227	0.8740844	0.6708075	0.8968938	1.0	2777	tags=32%, list=17%, signal=38%	
GAUCHER DISEASE%PATHWHIZ%PW000201	GAUCHER DISEASE%PATHWHIZ%PW000201		21	0.34458378	0.8740646	0.6425781	0.89660215	1.0	3640	tags=33%, list=22%, signal=43%	
POSITIVE REGULATION OF LEUKOCYTE APOPTOTIC PROCESS%GOBP%GO:2000108	POSITIVE REGULATION OF LEUKOCYTE APOPTOTIC PROCESS%GOBP%GO:2000108		16	0.37127057	0.8734095	0.6437247	0.89790654	1.0	1510	tags=25%, list=9%, signal=28%	
GLOBOID CELL LEUKODYSTROPHY%PATHWHIZ%PW000202	GLOBOID CELL LEUKODYSTROPHY%PATHWHIZ%PW000202		21	0.34458378	0.87339354	0.670082	0.8976041	1.0	3640	tags=33%, list=22%, signal=43%	
INTERLEUKIN-6 FAMILY SIGNALING%REACTOME DATABASE ID RELEASE 93%6783589	INTERLEUKIN-6 FAMILY SIGNALING%REACTOME DATABASE ID RELEASE 93%6783589		17	0.3660148	0.8728279	0.65863454	0.8987051	1.0	2313	tags=29%, list=14%, signal=34%	
FERTILIZATION%GOBP%GO:0009566	FERTILIZATION%GOBP%GO:0009566		56	0.28307664	0.87241054	0.71086955	0.8994001	1.0	4487	tags=29%, list=27%, signal=39%	
FEMALE PREGNANCY%GOBP%GO:0007565	FEMALE PREGNANCY%GOBP%GO:0007565		42	0.29704586	0.8719085	0.6988764	0.9003062	1.0	3084	tags=24%, list=19%, signal=29%	
REGULATION OF SMOOTHENED SIGNALING PATHWAY%GOBP%GO:0008589	REGULATION OF SMOOTHENED SIGNALING PATHWAY%GOBP%GO:0008589		51	0.2854446	0.8718834	0.717833	0.9000207	1.0	3244	tags=25%, list=20%, signal=32%	
POSTSYNAPTIC MEMBRANE ORGANIZATION%GOBP%GO:0001941	POSTSYNAPTIC MEMBRANE ORGANIZATION%GOBP%GO:0001941		15	0.3755683	0.87172675	0.6620825	0.9000974	1.0	4021	tags=33%, list=24%, signal=44%	
LDL INFLUENCE ON CD14 AND TLR4%WIKIPATHWAYS_20250810%WP5272%HOMO SAPIENS	LDL INFLUENCE ON CD14 AND TLR4%WIKIPATHWAYS_20250810%WP5272%HOMO SAPIENS		18	0.36386773	0.8716775	0.6595289	0.89987797	1.0	1639	tags=33%, list=10%, signal=37%	
TARGETING YAP IN PANCREATIC DUCTAL ADENOCARCINOMA PDAC %WIKIPATHWAYS_20250810%WP5495%HOMO SAPIENS	TARGETING YAP IN PANCREATIC DUCTAL ADENOCARCINOMA PDAC %WIKIPATHWAYS_20250810%WP5495%HOMO SAPIENS		16	0.37324753	0.87150323	0.6436059	0.8999738	1.0	3155	tags=31%, list=19%, signal=39%	
1Q21 1 COPY NUMBER VARIATION SYNDROME%WIKIPATHWAYS_20250810%WP4905%HOMO SAPIENS	1Q21 1 COPY NUMBER VARIATION SYNDROME%WIKIPATHWAYS_20250810%WP4905%HOMO SAPIENS		19	0.3552409	0.8713941	0.6584867	0.899891	1.0	1788	tags=16%, list=11%, signal=18%	
REGULATION OF PHOSPHOLIPID METABOLIC PROCESS%GOBP%GO:1903725	REGULATION OF PHOSPHOLIPID METABOLIC PROCESS%GOBP%GO:1903725		22	0.34526452	0.8711946	0.63917524	0.9000305	1.0	4983	tags=45%, list=30%, signal=65%	
SYNAPTIC_VESICLE_TRAFFICKING%PANTHER PATHWAY%P05734	SYNAPTIC_VESICLE_TRAFFICKING%PANTHER PATHWAY%P05734		15	0.3730149	0.87116855	0.62919134	0.89975166	1.0	4612	tags=40%, list=28%, signal=56%	
MITF-M-DEPENDENT GENE EXPRESSION%REACTOME%R-HSA-9856651.3	MITF-M-DEPENDENT GENE EXPRESSION%REACTOME%R-HSA-9856651.3		90	0.2596944	0.8708884	0.766147	0.9001114	1.0	2813	tags=20%, list=17%, signal=24%	
MEMBRANE INVAGINATION%GOBP%GO:0010324	MEMBRANE INVAGINATION%GOBP%GO:0010324		39	0.30105945	0.87034374	0.6893617	0.90112644	1.0	2556	tags=21%, list=16%, signal=24%	
PROTEIN-CONTAINING COMPLEX DISASSEMBLY%GOBP%GO:0032984	PROTEIN-CONTAINING COMPLEX DISASSEMBLY%GOBP%GO:0032984		120	0.25204274	0.8703156	0.7790698	0.9008579	1.0	3293	tags=25%, list=20%, signal=31%	
PID_IL2_1PATHWAY%MSIGDB_C2%PID_IL2_1PATHWAY	PID_IL2_1PATHWAY%MSIGDB_C2%PID_IL2_1PATHWAY		45	0.29394782	0.8692736	0.6945055	0.90314364	1.0	67	tags=7%, list=0%, signal=7%	
CELL CYCLE G2/M PHASE TRANSITION%GOBP%GO:0044839	CELL CYCLE G2/M PHASE TRANSITION%GOBP%GO:0044839		41	0.29977092	0.86923003	0.7121212	0.90291876	1.0	4118	tags=37%, list=25%, signal=49%	
REGULATION OF KETONE METABOLIC PROCESS%GOBP%GO:0010565	REGULATION OF KETONE METABOLIC PROCESS%GOBP%GO:0010565		89	0.2585651	0.8692137	0.7723971	0.9026198	1.0	3153	tags=19%, list=19%, signal=24%	
DISEASES OF PROGRAMMED CELL DEATH%REACTOME%R-HSA-9645723.8	DISEASES OF PROGRAMMED CELL DEATH%REACTOME%R-HSA-9645723.8		50	0.28353167	0.86889064	0.7285068	0.9030877	1.0	2379	tags=16%, list=14%, signal=19%	
ARYL HYDROCARBON RECEPTOR PATHWAY%WIKIPATHWAYS_20250810%WP2586%HOMO SAPIENS	ARYL HYDROCARBON RECEPTOR PATHWAY%WIKIPATHWAYS_20250810%WP2586%HOMO SAPIENS		34	0.3083387	0.8688682	0.6833667	0.9027961	1.0	2675	tags=24%, list=16%, signal=28%	
NEGATIVE REGULATION OF LEUKOCYTE ACTIVATION%GOBP%GO:0002695	NEGATIVE REGULATION OF LEUKOCYTE ACTIVATION%GOBP%GO:0002695		115	0.24753071	0.8682591	0.82009345	0.9039906	1.0	4205	tags=27%, list=26%, signal=36%	
REGULATION OF NEUTROPHIL CHEMOTAXIS%GOBP%GO:0090022	REGULATION OF NEUTROPHIL CHEMOTAXIS%GOBP%GO:0090022		25	0.33033177	0.8682435	0.6600398	0.9036929	1.0	3153	tags=20%, list=19%, signal=25%	
BETA2 ADRENERGIC RECEPTOR SIGNALING PATHWAY%PANTHER PATHWAY%P04378	BETA2 ADRENERGIC RECEPTOR SIGNALING PATHWAY%PANTHER PATHWAY%P04378		18	0.35716704	0.86802167	0.63249516	0.90391004	1.0	4969	tags=39%, list=30%, signal=56%	
REGULATION OF B CELL MEDIATED IMMUNITY%GOBP%GO:0002712	REGULATION OF B CELL MEDIATED IMMUNITY%GOBP%GO:0002712		26	0.32657886	0.8679884	0.66593885	0.90365213	1.0	2939	tags=27%, list=18%, signal=33%	
P38 MAPK SIGNALING%WIKIPATHWAYS_20250810%WP400%HOMO SAPIENS	P38 MAPK SIGNALING%WIKIPATHWAYS_20250810%WP400%HOMO SAPIENS		26	0.33066246	0.86793077	0.64887065	0.9034456	1.0	957	tags=12%, list=6%, signal=12%	
CYCLIN D ASSOCIATED EVENTS IN G1%REACTOME%R-HSA-69231.11	CYCLIN D ASSOCIATED EVENTS IN G1%REACTOME%R-HSA-69231.11		43	0.2912726	0.8678469	0.71398306	0.9033002	1.0	3846	tags=30%, list=23%, signal=39%	
BETA1 ADRENERGIC RECEPTOR SIGNALING PATHWAY%PANTHER PATHWAY%P04377	BETA1 ADRENERGIC RECEPTOR SIGNALING PATHWAY%PANTHER PATHWAY%P04377		17	0.37127465	0.8677852	0.66459626	0.9031034	1.0	2996	tags=24%, list=18%, signal=29%	
TRNA WOBBLE URIDINE MODIFICATION%GOBP%GO:0002098	TRNA WOBBLE URIDINE MODIFICATION%GOBP%GO:0002098		16	0.3619611	0.8677279	0.6400778	0.9028984	1.0	1503	tags=25%, list=9%, signal=27%	
VALIDATED TRANSCRIPTIONAL TARGETS OF AP1 FAMILY MEMBERS FRA1 AND FRA2%PATHWAY INTERACTION DATABASE NCI-NATURE CURATED DATA%VALIDATED TRANSCRIPTIONAL TARGETS OF AP1 FAMILY MEMBERS FRA1 AND FRA2	VALIDATED TRANSCRIPTIONAL TARGETS OF AP1 FAMILY MEMBERS FRA1 AND FRA2%PATHWAY INTERACTION DATABASE NCI-NATURE CURATED DATA%VALIDATED TRANSCRIPTIONAL TARGETS OF AP1 FAMILY MEMBERS FRA1 AND FRA2		31	0.31216422	0.8674389	0.7051282	0.90327406	1.0	2845	tags=26%, list=17%, signal=31%	
BIOCARTA_CREB_PATHWAY%MSIGDB_C2%BIOCARTA_CREB_PATHWAY	BIOCARTA_CREB_PATHWAY%MSIGDB_C2%BIOCARTA_CREB_PATHWAY		17	0.35690725	0.8673121	0.6417004	0.9032573	1.0	957	tags=18%, list=6%, signal=19%	
REGULATION OF FATTY ACID METABOLIC PROCESS%GOBP%GO:0019217	REGULATION OF FATTY ACID METABOLIC PROCESS%GOBP%GO:0019217		70	0.26746193	0.8671033	0.735023	0.9034559	1.0	4745	tags=33%, list=29%, signal=46%	
SPHINGOLIPID METABOLISM%SMPDB%SMP0000034	SPHINGOLIPID METABOLISM%SMPDB%SMP0000034		21	0.34458378	0.86703336	0.6680851	0.90329015	1.0	3640	tags=33%, list=22%, signal=43%	
G PROTEIN-COUPLED RECEPTOR SIGNALING PATHWAY, COUPLED TO CYCLIC NUCLEOTIDE SECOND MESSENGER%GOBP%GO:0007187	G PROTEIN-COUPLED RECEPTOR SIGNALING PATHWAY, COUPLED TO CYCLIC NUCLEOTIDE SECOND MESSENGER%GOBP%GO:0007187		27	0.3220328	0.86656326	0.6708595	0.90414345	1.0	2506	tags=11%, list=15%, signal=13%	
NEGATIVE REGULATION OF BLOOD VESSEL ENDOTHELIAL CELL MIGRATION%GOBP%GO:0043537	NEGATIVE REGULATION OF BLOOD VESSEL ENDOTHELIAL CELL MIGRATION%GOBP%GO:0043537		31	0.31196636	0.86636585	0.6823266	0.90430117	1.0	3165	tags=29%, list=19%, signal=36%	
RESOLUTION OF AP SITES VIA THE MULTIPLE-NUCLEOTIDE PATCH REPLACEMENT PATHWAY%REACTOME%R-HSA-110373.4	RESOLUTION OF AP SITES VIA THE MULTIPLE-NUCLEOTIDE PATCH REPLACEMENT PATHWAY%REACTOME%R-HSA-110373.4		23	0.33534995	0.86630213	0.68163264	0.9041039	1.0	1692	tags=26%, list=10%, signal=29%	
INTEGRIN SIGNALING%REACTOME%R-HSA-354192.4	INTEGRIN SIGNALING%REACTOME%R-HSA-354192.4		21	0.33877635	0.8660868	0.6680672	0.9042891	1.0	2412	tags=24%, list=15%, signal=28%	
RESPONSE TO HYPOXIA%GOBP%GO:0001666	RESPONSE TO HYPOXIA%GOBP%GO:0001666		119	0.24815832	0.8656699	0.8136792	0.90498745	1.0	4515	tags=30%, list=28%, signal=41%	
EPIGENETIC REGULATION BY WDR5-CONTAINING HISTONE MODIFYING COMPLEXES%REACTOME DATABASE ID RELEASE 93%9917777	EPIGENETIC REGULATION BY WDR5-CONTAINING HISTONE MODIFYING COMPLEXES%REACTOME DATABASE ID RELEASE 93%9917777		113	0.25236762	0.8654032	0.8333333	0.90529835	1.0	2067	tags=16%, list=13%, signal=18%	
COPII-COATED VESICLE BUDDING%GOBP%GO:0090114	COPII-COATED VESICLE BUDDING%GOBP%GO:0090114		35	0.3034362	0.86521167	0.70083684	0.9054443	1.0	3054	tags=31%, list=19%, signal=39%	
TRANSCRIPTIONAL AND POST-TRANSLATIONAL REGULATION OF MITF-M EXPRESSION AND ACTIVITY%REACTOME%R-HSA-9856649.3	TRANSCRIPTIONAL AND POST-TRANSLATIONAL REGULATION OF MITF-M EXPRESSION AND ACTIVITY%REACTOME%R-HSA-9856649.3		49	0.28470832	0.86513895	0.7160494	0.9052707	1.0	1362	tags=12%, list=8%, signal=13%	
FC EPSILON RECEPTOR I SIGNALING IN MAST CELLS%SMPDB%SMP0000358	FC EPSILON RECEPTOR I SIGNALING IN MAST CELLS%SMPDB%SMP0000358		34	0.30688566	0.8648263	0.71734476	0.90572286	1.0	2104	tags=18%, list=13%, signal=20%	
ION CHANNEL TRANSPORT%REACTOME DATABASE ID RELEASE 93%983712	ION CHANNEL TRANSPORT%REACTOME DATABASE ID RELEASE 93%983712		139	0.24595192	0.8638852	0.8454746	0.9077019	1.0	4135	tags=25%, list=25%, signal=33%	
DAG1 GLYCOSYLATIONS%REACTOME%R-HSA-8931838.1	DAG1 GLYCOSYLATIONS%REACTOME%R-HSA-8931838.1		18	0.35991985	0.86341244	0.65173113	0.9084759	1.0	3729	tags=44%, list=23%, signal=57%	
FATTY ACID BIOSYNTHESIS%WIKIPATHWAYS_20250810%WP357%HOMO SAPIENS	FATTY ACID BIOSYNTHESIS%WIKIPATHWAYS_20250810%WP357%HOMO SAPIENS		16	0.3691937	0.86332506	0.65625	0.9083388	1.0	2489	tags=31%, list=15%, signal=37%	
IMATINIB AND CHRONIC MYELOID LEUKEMIA%WIKIPATHWAYS_20250810%WP3640%HOMO SAPIENS	IMATINIB AND CHRONIC MYELOID LEUKEMIA%WIKIPATHWAYS_20250810%WP3640%HOMO SAPIENS		15	0.36731344	0.86309445	0.6491935	0.9085351	1.0	2798	tags=20%, list=17%, signal=24%	
REGULATION OF IRE1-MEDIATED UNFOLDED PROTEIN RESPONSE%GOBP%GO:1903894	REGULATION OF IRE1-MEDIATED UNFOLDED PROTEIN RESPONSE%GOBP%GO:1903894		15	0.36406282	0.8630932	0.6584867	0.9081943	1.0	905	tags=13%, list=6%, signal=14%	
REGULATION OF ADAPTIVE IMMUNE RESPONSE%GOBP%GO:0002819	REGULATION OF ADAPTIVE IMMUNE RESPONSE%GOBP%GO:0002819		128	0.24785438	0.8621144	0.8199052	0.9102625	1.0	2939	tags=21%, list=18%, signal=25%	
OXYTOCIN RECEPTOR MEDIATED SIGNALING PATHWAY%PANTHER PATHWAY%P04391	OXYTOCIN RECEPTOR MEDIATED SIGNALING PATHWAY%PANTHER PATHWAY%P04391		31	0.31113788	0.8621083	0.6841046	0.9099331	1.0	3265	tags=23%, list=20%, signal=28%	
POSITIVE REGULATION OF LYMPHOCYTE DIFFERENTIATION%GOBP%GO:0045621	POSITIVE REGULATION OF LYMPHOCYTE DIFFERENTIATION%GOBP%GO:0045621		87	0.26185456	0.86206126	0.7910112	0.90971124	1.0	2716	tags=18%, list=17%, signal=22%	
TRANSCRIPTIONAL REGULATION BY NPAS4%REACTOME%R-HSA-9634815.4	TRANSCRIPTIONAL REGULATION BY NPAS4%REACTOME%R-HSA-9634815.4		31	0.3044093	0.86187243	0.70247936	0.9098217	1.0	698	tags=10%, list=4%, signal=10%	
PLATELET AGGREGATION (PLUG FORMATION)%REACTOME%R-HSA-76009.4	PLATELET AGGREGATION (PLUG FORMATION)%REACTOME%R-HSA-76009.4		23	0.34095	0.8614406	0.68839103	0.9105623	1.0	3240	tags=30%, list=20%, signal=38%	
KRABBE DISEASE%PATHWHIZ%PW000502	KRABBE DISEASE%PATHWHIZ%PW000502		21	0.34458378	0.8605084	0.6838843	0.91247606	1.0	3640	tags=33%, list=22%, signal=43%	
INTRACELLULAR TRAFFICKING PROTEINS INVOLVED IN CMT NEUROPATHY%WIKIPATHWAYS_20250810%WP4856%HOMO SAPIENS	INTRACELLULAR TRAFFICKING PROTEINS INVOLVED IN CMT NEUROPATHY%WIKIPATHWAYS_20250810%WP4856%HOMO SAPIENS		20	0.345315	0.8604177	0.6837782	0.9123587	1.0	2697	tags=25%, list=16%, signal=30%	
MEMORY%GOBP%GO:0007613	MEMORY%GOBP%GO:0007613		47	0.2850724	0.86026365	0.7396963	0.91240036	1.0	2751	tags=17%, list=17%, signal=20%	
G1 PHASE%REACTOME%R-HSA-69236.6	G1 PHASE%REACTOME%R-HSA-69236.6		43	0.2912726	0.8602167	0.71106094	0.91217345	1.0	3846	tags=30%, list=23%, signal=39%	
SWI SNF CHROMATIN REMODELERS%REACTOME%R-HSA-9932451.1	SWI SNF CHROMATIN REMODELERS%REACTOME%R-HSA-9932451.1		27	0.31659454	0.86017424	0.6863158	0.91193056	1.0	1969	tags=19%, list=12%, signal=21%	
POSITIVE REGULATION OF B CELL ACTIVATION%GOBP%GO:0050871	POSITIVE REGULATION OF B CELL ACTIVATION%GOBP%GO:0050871		44	0.28805608	0.8601253	0.7252252	0.91170454	1.0	4629	tags=39%, list=28%, signal=54%	
REGULATION OF IMMUNOGLOBULIN MEDIATED IMMUNE RESPONSE%GOBP%GO:0002889	REGULATION OF IMMUNOGLOBULIN MEDIATED IMMUNE RESPONSE%GOBP%GO:0002889		25	0.32930624	0.8600801	0.68659794	0.9114826	1.0	2939	tags=28%, list=18%, signal=34%	
POSITIVE REGULATION OF PHOSPHORYLATION%GOBP%GO:0042327	POSITIVE REGULATION OF PHOSPHORYLATION%GOBP%GO:0042327		188	0.23457772	0.8599194	0.86240786	0.9115257	1.0	2552	tags=17%, list=16%, signal=20%	
REGULATION OF G0 TO G1 TRANSITION%GOBP%GO:0070316	REGULATION OF G0 TO G1 TRANSITION%GOBP%GO:0070316		27	0.31509668	0.859894	0.6687631	0.91124535	1.0	1685	tags=15%, list=10%, signal=16%	
NEGATIVE REGULATION OF STRESS FIBER ASSEMBLY%GOBP%GO:0051497	NEGATIVE REGULATION OF STRESS FIBER ASSEMBLY%GOBP%GO:0051497		23	0.32673278	0.85953665	0.6718147	0.911768	1.0	1788	tags=22%, list=11%, signal=24%	
TGF-BETA RECEPTOR SIGNALING ACTIVATES SMADS%REACTOME%R-HSA-2173789.6	TGF-BETA RECEPTOR SIGNALING ACTIVATES SMADS%REACTOME%R-HSA-2173789.6		42	0.29450417	0.8589837	0.71779144	0.9127735	1.0	705	tags=12%, list=4%, signal=12%	
REGULATION OF MYOBLAST DIFFERENTIATION%GOBP%GO:0045661	REGULATION OF MYOBLAST DIFFERENTIATION%GOBP%GO:0045661		44	0.29352015	0.85887957	0.7247899	0.91270834	1.0	3165	tags=27%, list=19%, signal=34%	
GRANULOCYTE MIGRATION%GOBP%GO:0097530	GRANULOCYTE MIGRATION%GOBP%GO:0097530		47	0.28847545	0.85883087	0.7413793	0.9124789	1.0	4911	tags=32%, list=30%, signal=45%	
TNF RECEPTOR SIGNALING PATHWAY%PATHWAY INTERACTION DATABASE NCI-NATURE CURATED DATA%TNF RECEPTOR SIGNALING PATHWAY	TNF RECEPTOR SIGNALING PATHWAY%PATHWAY INTERACTION DATABASE NCI-NATURE CURATED DATA%TNF RECEPTOR SIGNALING PATHWAY		45	0.28806072	0.85868514	0.75974023	0.9125	1.0	3896	tags=31%, list=24%, signal=41%	
PID_ALK1_PATHWAY%MSIGDB_C2%PID_ALK1_PATHWAY	PID_ALK1_PATHWAY%MSIGDB_C2%PID_ALK1_PATHWAY		17	0.35824227	0.85861224	0.67489713	0.9123458	1.0	1809	tags=18%, list=11%, signal=20%	
CHEMOKINE SIGNALING%WIKIPATHWAYS_20250810%WP3929%HOMO SAPIENS	CHEMOKINE SIGNALING%WIKIPATHWAYS_20250810%WP3929%HOMO SAPIENS		110	0.24696364	0.85788554	0.83964366	0.9137137	1.0	2060	tags=14%, list=13%, signal=15%	
REGULATION OF EXTRINSIC APOPTOTIC SIGNALING PATHWAY%GOBP%GO:2001236	REGULATION OF EXTRINSIC APOPTOTIC SIGNALING PATHWAY%GOBP%GO:2001236		97	0.25233534	0.8574455	0.829918	0.91446024	1.0	2141	tags=16%, list=13%, signal=19%	
CARDIOMYOCYTE SIGNALING CONVERGING ON TITIN%WIKIPATHWAYS_20250810%WP5344%HOMO SAPIENS	CARDIOMYOCYTE SIGNALING CONVERGING ON TITIN%WIKIPATHWAYS_20250810%WP5344%HOMO SAPIENS		17	0.35747913	0.85742086	0.6898734	0.9141786	1.0	32	tags=6%, list=0%, signal=6%	
5HT1 TYPE RECEPTOR MEDIATED SIGNALING PATHWAY%PANTHER PATHWAY%P04373	5HT1 TYPE RECEPTOR MEDIATED SIGNALING PATHWAY%PANTHER PATHWAY%P04373		24	0.32378438	0.8570143	0.6885593	0.9148065	1.0	2996	tags=21%, list=18%, signal=25%	
IMPORT ACROSS PLASMA MEMBRANE%GOBP%GO:0098739	IMPORT ACROSS PLASMA MEMBRANE%GOBP%GO:0098739		120	0.24377307	0.8568289	0.83295196	0.9149082	1.0	4160	tags=28%, list=25%, signal=38%	
REGULATION OF ENDOTHELIAL CELL PROLIFERATION%GOBP%GO:0001936	REGULATION OF ENDOTHELIAL CELL PROLIFERATION%GOBP%GO:0001936		87	0.25390658	0.8566521	0.7860465	0.91500604	1.0	2426	tags=14%, list=15%, signal=16%	
POSITIVE REGULATION OF CELL-MATRIX ADHESION%GOBP%GO:0001954	POSITIVE REGULATION OF CELL-MATRIX ADHESION%GOBP%GO:0001954		42	0.292397	0.85649693	0.70947367	0.9150214	1.0	1133	tags=14%, list=7%, signal=15%	
POSITIVE REGULATION OF CHOLESTEROL METABOLIC PROCESS%GOBP%GO:0090205	POSITIVE REGULATION OF CHOLESTEROL METABOLIC PROCESS%GOBP%GO:0090205		17	0.3618673	0.85617787	0.6673511	0.9154249	1.0	966	tags=12%, list=6%, signal=12%	
LYMPHOCYTE MEDIATED IMMUNITY%GOBP%GO:0002449	LYMPHOCYTE MEDIATED IMMUNITY%GOBP%GO:0002449		83	0.25778806	0.85544634	0.80396473	0.9168112	1.0	4195	tags=35%, list=26%, signal=47%	
HSP90 CHAPERONE CYCLE FOR SHRS%REACTOME%R-HSA-3371497.7	HSP90 CHAPERONE CYCLE FOR SHRS%REACTOME%R-HSA-3371497.7		36	0.29865816	0.8554253	0.7261411	0.9165246	1.0	2230	tags=22%, list=14%, signal=26%	
REGUCALCIN IN PROXIMAL TUBULE EPITHELIAL KIDNEY CELLS%WIKIPATHWAYS_20250810%WP4838%HOMO SAPIENS	REGUCALCIN IN PROXIMAL TUBULE EPITHELIAL KIDNEY CELLS%WIKIPATHWAYS_20250810%WP4838%HOMO SAPIENS		22	0.34014115	0.8552915	0.684	0.9164966	1.0	2133	tags=23%, list=13%, signal=26%	
CELLULAR RESPONSE TO ACIDIC PH%GOBP%GO:0071468	CELLULAR RESPONSE TO ACIDIC PH%GOBP%GO:0071468		15	0.36763027	0.8552314	0.6652893	0.91629636	1.0	4135	tags=33%, list=25%, signal=45%	
ALPHA9 BETA1 INTEGRIN SIGNALING EVENTS%PATHWAY INTERACTION DATABASE NCI-NATURE CURATED DATA%ALPHA9 BETA1 INTEGRIN SIGNALING EVENTS	ALPHA9 BETA1 INTEGRIN SIGNALING EVENTS%PATHWAY INTERACTION DATABASE NCI-NATURE CURATED DATA%ALPHA9 BETA1 INTEGRIN SIGNALING EVENTS		20	0.3384268	0.85519135	0.6666667	0.9160506	1.0	957	tags=20%, list=6%, signal=21%	
P75 NTR RECEPTOR-MEDIATED SIGNALLING%REACTOME DATABASE ID RELEASE 93%193704	P75 NTR RECEPTOR-MEDIATED SIGNALLING%REACTOME DATABASE ID RELEASE 93%193704		92	0.25655934	0.85508054	0.8115632	0.9159672	1.0	3931	tags=30%, list=24%, signal=40%	
NEGATIVE REGULATION OF MUSCLE CELL DIFFERENTIATION%GOBP%GO:0051148	NEGATIVE REGULATION OF MUSCLE CELL DIFFERENTIATION%GOBP%GO:0051148		25	0.32423183	0.85503477	0.687631	0.91572934	1.0	4680	tags=28%, list=29%, signal=39%	
NEGATIVE REGULATION OF LEUKOCYTE MEDIATED IMMUNITY%GOBP%GO:0002704	NEGATIVE REGULATION OF LEUKOCYTE MEDIATED IMMUNITY%GOBP%GO:0002704		44	0.2851944	0.85486203	0.7091295	0.91579556	1.0	5034	tags=39%, list=31%, signal=56%	
BIOCARTA_KERATINOCYTE_PATHWAY%MSIGDB_C2%BIOCARTA_KERATINOCYTE_PATHWAY	BIOCARTA_KERATINOCYTE_PATHWAY%MSIGDB_C2%BIOCARTA_KERATINOCYTE_PATHWAY		39	0.2937229	0.8548451	0.72307694	0.91549575	1.0	791	tags=8%, list=5%, signal=8%	
GOLGI TO PLASMA MEMBRANE PROTEIN TRANSPORT%GOBP%GO:0043001	GOLGI TO PLASMA MEMBRANE PROTEIN TRANSPORT%GOBP%GO:0043001		26	0.31835395	0.85481024	0.7152034	0.91522706	1.0	1599	tags=19%, list=10%, signal=21%	
DIGESTIVE SYSTEM PROCESS%GOBP%GO:0022600	DIGESTIVE SYSTEM PROCESS%GOBP%GO:0022600		31	0.3086068	0.85469466	0.7014315	0.9151531	1.0	409	tags=6%, list=2%, signal=7%	
INTERLEUKIN-1-MEDIATED SIGNALING PATHWAY%GOBP%GO:0070498	INTERLEUKIN-1-MEDIATED SIGNALING PATHWAY%GOBP%GO:0070498		21	0.33352152	0.85446763	0.7130977	0.9153599	1.0	1319	tags=19%, list=8%, signal=21%	
BIOCARTA_HCMV_PATHWAY%MSIGDB_C2%BIOCARTA_HCMV_PATHWAY	BIOCARTA_HCMV_PATHWAY%MSIGDB_C2%BIOCARTA_HCMV_PATHWAY		15	0.3657171	0.8543491	0.6323232	0.9152831	1.0	791	tags=20%, list=5%, signal=21%	
PID_ATM_PATHWAY%MSIGDB_C2%PID_ATM_PATHWAY	PID_ATM_PATHWAY%MSIGDB_C2%PID_ATM_PATHWAY		24	0.32928583	0.85391283	0.69959676	0.915979	1.0	2073	tags=25%, list=13%, signal=29%	
PANCREATIC CANCER SUBTYPES%WIKIPATHWAYS_20250810%WP5390%HOMO SAPIENS	PANCREATIC CANCER SUBTYPES%WIKIPATHWAYS_20250810%WP5390%HOMO SAPIENS		22	0.3368246	0.8538243	0.6863544	0.9158319	1.0	4698	tags=27%, list=29%, signal=38%	
NEUTROPHIL MIGRATION%GOBP%GO:1990266	NEUTROPHIL MIGRATION%GOBP%GO:1990266		32	0.305224	0.8528729	0.72040814	0.9176892	1.0	2590	tags=16%, list=16%, signal=19%	
COMPLEMENT SYSTEM IN NEURONAL DEVELOPMENT AND PLASTICITY%WIKIPATHWAYS_20250810%WP5090%HOMO SAPIENS	COMPLEMENT SYSTEM IN NEURONAL DEVELOPMENT AND PLASTICITY%WIKIPATHWAYS_20250810%WP5090%HOMO SAPIENS		68	0.26531464	0.85264	0.8164557	0.91788274	1.0	3126	tags=21%, list=19%, signal=25%	
HYPOXIC AND OXYGEN HOMEOSTASIS REGULATION OF HIF-1-ALPHA%PATHWAY INTERACTION DATABASE NCI-NATURE CURATED DATA%HYPOXIC AND OXYGEN HOMEOSTASIS REGULATION OF HIF-1-ALPHA	HYPOXIC AND OXYGEN HOMEOSTASIS REGULATION OF HIF-1-ALPHA%PATHWAY INTERACTION DATABASE NCI-NATURE CURATED DATA%HYPOXIC AND OXYGEN HOMEOSTASIS REGULATION OF HIF-1-ALPHA		16	0.35341093	0.8522287	0.66875	0.9185075	1.0	1815	tags=25%, list=11%, signal=28%	
NEGATIVE REGULATION OF WOUND HEALING%GOBP%GO:0061045	NEGATIVE REGULATION OF WOUND HEALING%GOBP%GO:0061045		39	0.29148307	0.85222024	0.71719456	0.9181854	1.0	4451	tags=31%, list=27%, signal=42%	
SMAD2 SMAD3:SMAD4 HETEROTRIMER REGULATES TRANSCRIPTION%REACTOME%R-HSA-2173796.6	SMAD2 SMAD3:SMAD4 HETEROTRIMER REGULATES TRANSCRIPTION%REACTOME%R-HSA-2173796.6		35	0.2960705	0.85207117	0.7005871	0.91819036	1.0	1006	tags=17%, list=6%, signal=18%	
PID_NETRIN_PATHWAY%MSIGDB_C2%PID_NETRIN_PATHWAY	PID_NETRIN_PATHWAY%MSIGDB_C2%PID_NETRIN_PATHWAY		25	0.32216993	0.85196084	0.6940928	0.9181186	1.0	957	tags=12%, list=6%, signal=13%	
FGF23 SIGNALING IN HYPOPHOSPHATEMIC RICKETS AND RELATED DISORDERS%WIKIPATHWAYS_20250810%WP4790%HOMO SAPIENS	FGF23 SIGNALING IN HYPOPHOSPHATEMIC RICKETS AND RELATED DISORDERS%WIKIPATHWAYS_20250810%WP4790%HOMO SAPIENS		15	0.3760238	0.8519201	0.6460905	0.9178685	1.0	3258	tags=33%, list=20%, signal=42%	
ARYL HYDROCARBON RECEPTOR PATHWAY%WIKIPATHWAYS_20250810%WP2873%HOMO SAPIENS	ARYL HYDROCARBON RECEPTOR PATHWAY%WIKIPATHWAYS_20250810%WP2873%HOMO SAPIENS		25	0.3271358	0.8516434	0.6959184	0.9181519	1.0	2845	tags=32%, list=17%, signal=39%	
ACYL CHAIN REMODELLING OF PS%REACTOME DATABASE ID RELEASE 93%1482801	ACYL CHAIN REMODELLING OF PS%REACTOME DATABASE ID RELEASE 93%1482801		16	0.36478242	0.8516209	0.6893004	0.91785437	1.0	4151	tags=38%, list=25%, signal=50%	
POSITIVE REGULATION OF T CELL DIFFERENTIATION%GOBP%GO:0045582	POSITIVE REGULATION OF T CELL DIFFERENTIATION%GOBP%GO:0045582		75	0.26026687	0.85141486	0.76629215	0.9180014	1.0	2938	tags=19%, list=18%, signal=23%	
TRANSPORT OF BILE SALTS AND ORGANIC ACIDS, METAL IONS AND AMINE COMPOUNDS%REACTOME%R-HSA-425366.5	TRANSPORT OF BILE SALTS AND ORGANIC ACIDS, METAL IONS AND AMINE COMPOUNDS%REACTOME%R-HSA-425366.5		51	0.28483066	0.8513427	0.7149425	0.91781783	1.0	2850	tags=18%, list=17%, signal=21%	
REGULATION OF ALPHA-BETA T CELL DIFFERENTIATION%GOBP%GO:0046637	REGULATION OF ALPHA-BETA T CELL DIFFERENTIATION%GOBP%GO:0046637		52	0.27595255	0.8509798	0.7621053	0.9183301	1.0	2149	tags=13%, list=13%, signal=15%	
VASCULAR ENDOTHELIAL GROWTH FACTOR RECEPTOR SIGNALING PATHWAY%GOBP%GO:0048010	VASCULAR ENDOTHELIAL GROWTH FACTOR RECEPTOR SIGNALING PATHWAY%GOBP%GO:0048010		28	0.31413537	0.8508915	0.6895874	0.9181923	1.0	2824	tags=25%, list=17%, signal=30%	
NON-CANONICAL WNT SIGNALING PATHWAY%GOBP%GO:0035567	NON-CANONICAL WNT SIGNALING PATHWAY%GOBP%GO:0035567		39	0.29315865	0.8507059	0.74791664	0.918275	1.0	2429	tags=18%, list=15%, signal=21%	
NEGATIVE REGULATION OF NATURAL KILLER CELL MEDIATED IMMUNITY%GOBP%GO:0002716	NEGATIVE REGULATION OF NATURAL KILLER CELL MEDIATED IMMUNITY%GOBP%GO:0002716		18	0.35063204	0.8506404	0.685259	0.9180765	1.0	5734	tags=61%, list=35%, signal=94%	
REGULATION OF STRIATED MUSCLE CONTRACTION%GOBP%GO:0006942	REGULATION OF STRIATED MUSCLE CONTRACTION%GOBP%GO:0006942		60	0.2696217	0.850397	0.77398723	0.91828996	1.0	884	tags=10%, list=5%, signal=11%	
RESPONSE TO CORTICOSTEROID%GOBP%GO:0031960	RESPONSE TO CORTICOSTEROID%GOBP%GO:0031960		29	0.31152824	0.8503958	0.7027559	0.9179541	1.0	5023	tags=48%, list=31%, signal=69%	
ATP-DEPENDENT CHROMATIN REMODELERS%REACTOME DATABASE ID RELEASE 93%9932444	ATP-DEPENDENT CHROMATIN REMODELERS%REACTOME DATABASE ID RELEASE 93%9932444		27	0.31659454	0.8497173	0.6987448	0.91920406	1.0	1969	tags=19%, list=12%, signal=21%	
REGULATION OF NATURAL KILLER CELL ACTIVATION%GOBP%GO:0032814	REGULATION OF NATURAL KILLER CELL ACTIVATION%GOBP%GO:0032814		19	0.34963778	0.84948486	0.6780684	0.91940576	1.0	2656	tags=26%, list=16%, signal=31%	
KLEEFSTRA SYNDROME%WIKIPATHWAYS_20250810%WP5351%HOMO SAPIENS	KLEEFSTRA SYNDROME%WIKIPATHWAYS_20250810%WP5351%HOMO SAPIENS		19	0.3488356	0.8494249	0.6897959	0.91919935	1.0	2067	tags=26%, list=13%, signal=30%	
TRANSLATION INHIBITORS IN CHRONICALLY ACTIVATED PDGFRA CELLS%WIKIPATHWAYS_20250810%WP4566%HOMO SAPIENS	TRANSLATION INHIBITORS IN CHRONICALLY ACTIVATED PDGFRA CELLS%WIKIPATHWAYS_20250810%WP4566%HOMO SAPIENS		34	0.30140817	0.8493103	0.7225807	0.91913056	1.0	417	tags=12%, list=3%, signal=12%	
NEURAL NUCLEUS DEVELOPMENT%GOBP%GO:0048857	NEURAL NUCLEUS DEVELOPMENT%GOBP%GO:0048857		37	0.302232	0.8492392	0.7048832	0.91895074	1.0	2927	tags=32%, list=18%, signal=39%	
REGULATION OF LEUKOCYTE CHEMOTAXIS%GOBP%GO:0002688	REGULATION OF LEUKOCYTE CHEMOTAXIS%GOBP%GO:0002688		87	0.25483432	0.84877926	0.8040541	0.91965485	1.0	3153	tags=18%, list=19%, signal=23%	
REGULATION OF PLATELET-DERIVED GROWTH FACTOR RECEPTOR SIGNALING PATHWAY%GOBP%GO:0010640	REGULATION OF PLATELET-DERIVED GROWTH FACTOR RECEPTOR SIGNALING PATHWAY%GOBP%GO:0010640		22	0.33193505	0.84845537	0.7210744	0.9200571	1.0	2506	tags=23%, list=15%, signal=27%	
NEGATIVE REGULATION OF NATURAL KILLER CELL MEDIATED CYTOTOXICITY%GOBP%GO:0045953	NEGATIVE REGULATION OF NATURAL KILLER CELL MEDIATED CYTOTOXICITY%GOBP%GO:0045953		18	0.35063204	0.84842396	0.6993988	0.91978824	1.0	5734	tags=61%, list=35%, signal=94%	
NEGATIVE REGULATION OF CALCIUM ION TRANSMEMBRANE TRANSPORT%GOBP%GO:1903170	NEGATIVE REGULATION OF CALCIUM ION TRANSMEMBRANE TRANSPORT%GOBP%GO:1903170		18	0.34712183	0.84829617	0.69753087	0.9197382	1.0	759	tags=11%, list=5%, signal=12%	
PROTEIN K6-LINKED UBIQUITINATION%GOBP%GO:0085020	PROTEIN K6-LINKED UBIQUITINATION%GOBP%GO:0085020		16	0.3594446	0.84828013	0.6513026	0.91943043	1.0	1844	tags=19%, list=11%, signal=21%	
RESPONSE TO DSRNA%GOBP%GO:0043331	RESPONSE TO DSRNA%GOBP%GO:0043331		20	0.34618396	0.8482082	0.6969697	0.9192752	1.0	2398	tags=30%, list=15%, signal=35%	
MUSCLE CELL DIFFERENTIATION%GOBP%GO:0042692	MUSCLE CELL DIFFERENTIATION%GOBP%GO:0042692		126	0.2407061	0.8481935	0.87558687	0.91897124	1.0	2271	tags=16%, list=14%, signal=18%	
SIGNALING BY CSF3 (G-CSF)%REACTOME%R-HSA-9674555.4	SIGNALING BY CSF3 (G-CSF)%REACTOME%R-HSA-9674555.4		27	0.31088507	0.8480044	0.7148847	0.91910434	1.0	705	tags=15%, list=4%, signal=15%	
REGULATION OF MITOTIC SPINDLE ASSEMBLY%GOBP%GO:1901673	REGULATION OF MITOTIC SPINDLE ASSEMBLY%GOBP%GO:1901673		18	0.3447053	0.84786564	0.6826347	0.91909266	1.0	2300	tags=28%, list=14%, signal=32%	
POSITIVE REGULATION OF MITOPHAGY%GOBP%GO:1901526	POSITIVE REGULATION OF MITOPHAGY%GOBP%GO:1901526		19	0.34915945	0.84781855	0.7016129	0.91885245	1.0	514	tags=11%, list=3%, signal=11%	
INTERMEDIATE FILAMENT ORGANIZATION%GOBP%GO:0045109	INTERMEDIATE FILAMENT ORGANIZATION%GOBP%GO:0045109		25	0.3166333	0.8475886	0.6802444	0.9190428	1.0	4422	tags=44%, list=27%, signal=60%	
RETINOL METABOLISM%SMPDB%SMP0000074	RETINOL METABOLISM%SMPDB%SMP0000074		21	0.33581382	0.847062	0.71816283	0.9199147	1.0	849	tags=14%, list=5%, signal=15%	
MECHANORECEPTOR DIFFERENTIATION%GOBP%GO:0042490	MECHANORECEPTOR DIFFERENTIATION%GOBP%GO:0042490		15	0.35571012	0.8467752	0.66935486	0.92022365	1.0	3740	tags=33%, list=23%, signal=43%	
VITAMIN A DEFICIENCY%SMPDB%SMP0000336	VITAMIN A DEFICIENCY%SMPDB%SMP0000336		21	0.33581382	0.8466656	0.7096115	0.92014617	1.0	849	tags=14%, list=5%, signal=15%	
DEOXYRIBONUCLEOTIDE CATABOLIC PROCESS%GOBP%GO:0009264	DEOXYRIBONUCLEOTIDE CATABOLIC PROCESS%GOBP%GO:0009264		20	0.3411228	0.84663385	0.6927966	0.91987705	1.0	3772	tags=45%, list=23%, signal=58%	
NGF-STIMULATED TRANSCRIPTION%REACTOME DATABASE ID RELEASE 93%9031628	NGF-STIMULATED TRANSCRIPTION%REACTOME DATABASE ID RELEASE 93%9031628		33	0.3018251	0.8465873	0.71862346	0.91963613	1.0	2845	tags=27%, list=17%, signal=33%	
HEME BIOSYNTHETIC PROCESS%GOBP%GO:0006783	HEME BIOSYNTHETIC PROCESS%GOBP%GO:0006783		16	0.36053553	0.84640115	0.67913383	0.9197268	1.0	1678	tags=25%, list=10%, signal=28%	
MORPHINE ACTION PATHWAY%PATHWHIZ%PW000412	MORPHINE ACTION PATHWAY%PATHWHIZ%PW000412		28	0.30979633	0.84637356	0.6993737	0.9194392	1.0	1666	tags=14%, list=10%, signal=16%	
VEGFR2 MEDIATED VASCULAR PERMEABILITY%REACTOME DATABASE ID RELEASE 93%5218920	VEGFR2 MEDIATED VASCULAR PERMEABILITY%REACTOME DATABASE ID RELEASE 93%5218920		27	0.3115346	0.84599406	0.74375	0.91995794	1.0	2722	tags=26%, list=17%, signal=31%	
MONOAMINE TRANSPORT%WIKIPATHWAYS_20250810%WP727%HOMO SAPIENS	MONOAMINE TRANSPORT%WIKIPATHWAYS_20250810%WP727%HOMO SAPIENS		16	0.36141166	0.84580815	0.70788914	0.9200337	1.0	1065	tags=13%, list=6%, signal=13%	
MULTI-ORGANISM REPRODUCTIVE PROCESS%GOBP%GO:0044703	MULTI-ORGANISM REPRODUCTIVE PROCESS%GOBP%GO:0044703		46	0.2834312	0.84575045	0.758547	0.9198363	1.0	3084	tags=22%, list=19%, signal=27%	
LEUKOCYTE ACTIVATION INVOLVED IN IMMUNE RESPONSE%GOBP%GO:0002366	LEUKOCYTE ACTIVATION INVOLVED IN IMMUNE RESPONSE%GOBP%GO:0002366		96	0.24616529	0.8456822	0.85776806	0.9196497	1.0	2701	tags=20%, list=16%, signal=24%	
HIF-1-ALPHA TRANSCRIPTION FACTOR NETWORK%PATHWAY INTERACTION DATABASE NCI-NATURE CURATED DATA%HIF-1-ALPHA TRANSCRIPTION FACTOR NETWORK	HIF-1-ALPHA TRANSCRIPTION FACTOR NETWORK%PATHWAY INTERACTION DATABASE NCI-NATURE CURATED DATA%HIF-1-ALPHA TRANSCRIPTION FACTOR NETWORK		57	0.27107814	0.84537894	0.784	0.9200173	1.0	5481	tags=51%, list=33%, signal=76%	
PROTEIN EXPORT FROM NUCLEUS%GOBP%GO:0006611	PROTEIN EXPORT FROM NUCLEUS%GOBP%GO:0006611		22	0.3289948	0.8453773	0.7091295	0.9196838	1.0	2273	tags=23%, list=14%, signal=26%	
GLYCOGEN BREAKDOWN (GLYCOGENOLYSIS)%REACTOME DATABASE ID RELEASE 93%70221	GLYCOGEN BREAKDOWN (GLYCOGENOLYSIS)%REACTOME DATABASE ID RELEASE 93%70221		15	0.36417043	0.8453274	0.68326694	0.9194594	1.0	3754	tags=40%, list=23%, signal=52%	
BRANCHING MORPHOGENESIS OF AN EPITHELIAL TUBE%GOBP%GO:0048754	BRANCHING MORPHOGENESIS OF AN EPITHELIAL TUBE%GOBP%GO:0048754		36	0.29811203	0.84519404	0.73558646	0.9194269	1.0	1901	tags=8%, list=12%, signal=9%	
REGULATION OF TISSUE REMODELING%GOBP%GO:0034103	REGULATION OF TISSUE REMODELING%GOBP%GO:0034103		46	0.27638337	0.84497386	0.75054705	0.9195814	1.0	2791	tags=17%, list=17%, signal=21%	
CLASS I PEROXISOMAL MEMBRANE PROTEIN IMPORT%REACTOME DATABASE ID RELEASE 93%9603798	CLASS I PEROXISOMAL MEMBRANE PROTEIN IMPORT%REACTOME DATABASE ID RELEASE 93%9603798		16	0.352059	0.8449349	0.6666667	0.91933286	1.0	310	tags=13%, list=2%, signal=13%	
PERK REGULATES GENE EXPRESSION%REACTOME%R-HSA-381042.3	PERK REGULATES GENE EXPRESSION%REACTOME%R-HSA-381042.3		28	0.312	0.844227	0.7274549	0.9205995	1.0	3451	tags=29%, list=21%, signal=36%	
ALSTROM SYNDROME%WIKIPATHWAYS_20250810%WP5202%HOMO SAPIENS	ALSTROM SYNDROME%WIKIPATHWAYS_20250810%WP5202%HOMO SAPIENS		28	0.31702346	0.84343326	0.6982379	0.9220559	1.0	1301	tags=18%, list=8%, signal=19%	
NOTCH-HLH TRANSCRIPTION PATHWAY%REACTOME DATABASE ID RELEASE 93%350054	NOTCH-HLH TRANSCRIPTION PATHWAY%REACTOME DATABASE ID RELEASE 93%350054		26	0.3134801	0.8434099	0.7185501	0.9217675	1.0	3165	tags=35%, list=19%, signal=43%	
BICELLULAR TIGHT JUNCTION ASSEMBLY%GOBP%GO:0070830	BICELLULAR TIGHT JUNCTION ASSEMBLY%GOBP%GO:0070830		32	0.29572788	0.84304744	0.74058574	0.9222901	1.0	3141	tags=25%, list=19%, signal=31%	
REGULATION OF CELL-SUBSTRATE ADHESION%GOBP%GO:0010810	REGULATION OF CELL-SUBSTRATE ADHESION%GOBP%GO:0010810		153	0.2347872	0.8429722	0.8931818	0.9221163	1.0	2723	tags=20%, list=17%, signal=23%	
TP53 REGULATES TRANSCRIPTION OF ADDITIONAL CELL CYCLE GENES WHOSE EXACT ROLE IN THE P53 PATHWAY REMAIN UNCERTAIN%REACTOME DATABASE ID RELEASE 93%6804115	TP53 REGULATES TRANSCRIPTION OF ADDITIONAL CELL CYCLE GENES WHOSE EXACT ROLE IN THE P53 PATHWAY REMAIN UNCERTAIN%REACTOME DATABASE ID RELEASE 93%6804115		21	0.33267877	0.8424381	0.7057569	0.9229691	1.0	2392	tags=24%, list=15%, signal=28%	
MORPHOGENESIS OF A BRANCHING STRUCTURE%GOBP%GO:0001763	MORPHOGENESIS OF A BRANCHING STRUCTURE%GOBP%GO:0001763		41	0.28755048	0.8423763	0.75479746	0.92277515	1.0	2085	tags=10%, list=13%, signal=11%	
LIPID TRANSPORT%GOBP%GO:0006869	LIPID TRANSPORT%GOBP%GO:0006869		179	0.22791797	0.84236264	0.9440389	0.9224697	1.0	2878	tags=20%, list=18%, signal=23%	
POSITIVE REGULATION OF LEUKOCYTE CHEMOTAXIS%GOBP%GO:0002690	POSITIVE REGULATION OF LEUKOCYTE CHEMOTAXIS%GOBP%GO:0002690		68	0.26215288	0.8419295	0.79738563	0.92310625	1.0	3153	tags=19%, list=19%, signal=24%	
PROTEIN LOCALIZATION TO SYNAPSE%GOBP%GO:0035418	PROTEIN LOCALIZATION TO SYNAPSE%GOBP%GO:0035418		35	0.29488298	0.8415432	0.7213439	0.92365813	1.0	1596	tags=17%, list=10%, signal=19%	
REGULATION OF TRANSPORTER ACTIVITY%GOBP%GO:0032409	REGULATION OF TRANSPORTER ACTIVITY%GOBP%GO:0032409		56	0.27240157	0.8403546	0.77312773	0.9259587	1.0	3081	tags=25%, list=19%, signal=31%	
CELL KILLING%GOBP%GO:0001906	CELL KILLING%GOBP%GO:0001906		46	0.27890745	0.83949953	0.7510917	0.92749345	1.0	4195	tags=39%, list=26%, signal=52%	
ATF4 ACTIVATES GENES IN RESPONSE TO ENDOPLASMIC RETICULUM STRESS%REACTOME DATABASE ID RELEASE 93%380994	ATF4 ACTIVATES GENES IN RESPONSE TO ENDOPLASMIC RETICULUM STRESS%REACTOME DATABASE ID RELEASE 93%380994		23	0.3285428	0.8394623	0.7043651	0.9272385	1.0	3451	tags=30%, list=21%, signal=38%	
PYROPTOTIC INFLAMMATORY RESPONSE%GOBP%GO:0070269	PYROPTOTIC INFLAMMATORY RESPONSE%GOBP%GO:0070269		26	0.31191987	0.839265	0.7380952	0.92733747	1.0	2305	tags=23%, list=14%, signal=27%	
CRMPS IN SEMA3A SIGNALING%REACTOME%R-HSA-399956.3	CRMPS IN SEMA3A SIGNALING%REACTOME%R-HSA-399956.3		15	0.35908917	0.8388818	0.6927593	0.9278566	1.0	1981	tags=20%, list=12%, signal=23%	
CELL ACTIVATION INVOLVED IN IMMUNE RESPONSE%GOBP%GO:0002263	CELL ACTIVATION INVOLVED IN IMMUNE RESPONSE%GOBP%GO:0002263		101	0.2430537	0.83864844	0.8711111	0.92801505	1.0	2701	tags=19%, list=16%, signal=22%	
MULTI-MULTICELLULAR ORGANISM PROCESS%GOBP%GO:0044706	MULTI-MULTICELLULAR ORGANISM PROCESS%GOBP%GO:0044706		46	0.2844281	0.83853954	0.76150626	0.9279288	1.0	3084	tags=22%, list=19%, signal=27%	
5HT2 TYPE RECEPTOR MEDIATED SIGNALING PATHWAY%PANTHER PATHWAY%P04374	5HT2 TYPE RECEPTOR MEDIATED SIGNALING PATHWAY%PANTHER PATHWAY%P04374		34	0.3024061	0.8380454	0.74623656	0.9286855	1.0	3265	tags=21%, list=20%, signal=26%	
SKELETAL SYSTEM MORPHOGENESIS%GOBP%GO:0048705	SKELETAL SYSTEM MORPHOGENESIS%GOBP%GO:0048705		67	0.26189443	0.83800507	0.82284385	0.92842937	1.0	4813	tags=27%, list=29%, signal=38%	
CELL JUNCTION ASSEMBLY%GOBP%GO:0034329	CELL JUNCTION ASSEMBLY%GOBP%GO:0034329		193	0.22571792	0.83786446	0.9507389	0.9284033	1.0	3230	tags=20%, list=20%, signal=25%	
POSITIVE REGULATION OF AMIDE METABOLIC PROCESS%GOBP%GO:0034250	POSITIVE REGULATION OF AMIDE METABOLIC PROCESS%GOBP%GO:0034250		22	0.3255913	0.837787	0.7096774	0.92824036	1.0	2267	tags=27%, list=14%, signal=32%	
REGULATION OF T-HELPER 17 TYPE IMMUNE RESPONSE%GOBP%GO:2000316	REGULATION OF T-HELPER 17 TYPE IMMUNE RESPONSE%GOBP%GO:2000316		25	0.3209205	0.8377565	0.72032195	0.92797	1.0	1374	tags=16%, list=8%, signal=17%	
BMP SIGNALING IN EYELID DEVELOPMENT%WIKIPATHWAYS_20250810%WP3927%HOMO SAPIENS	BMP SIGNALING IN EYELID DEVELOPMENT%WIKIPATHWAYS_20250810%WP3927%HOMO SAPIENS		18	0.35069296	0.83747023	0.7164179	0.9282571	1.0	38	tags=6%, list=0%, signal=6%	
PROTEIN LOCALIZATION TO CELL-CELL JUNCTION%GOBP%GO:0150105	PROTEIN LOCALIZATION TO CELL-CELL JUNCTION%GOBP%GO:0150105		16	0.35626706	0.83735526	0.73251027	0.9281791	1.0	3267	tags=38%, list=20%, signal=47%	
LIPID LOCALIZATION%GOBP%GO:0010876	LIPID LOCALIZATION%GOBP%GO:0010876		180	0.22642766	0.8373129	0.9223301	0.9279376	1.0	2878	tags=19%, list=18%, signal=23%	
SENSORY PERCEPTION OF MECHANICAL STIMULUS%GOBP%GO:0050954	SENSORY PERCEPTION OF MECHANICAL STIMULUS%GOBP%GO:0050954		93	0.24816379	0.83699596	0.8191721	0.9282986	1.0	3954	tags=24%, list=24%, signal=31%	
G1/S TRANSITION OF MITOTIC CELL CYCLE%GOBP%GO:0000082	G1/S TRANSITION OF MITOTIC CELL CYCLE%GOBP%GO:0000082		59	0.26431903	0.83621764	0.81941307	0.9296549	1.0	2798	tags=22%, list=17%, signal=26%	
CARVEDILOL ACTION PATHWAY%SMPDB%SMP0000367	CARVEDILOL ACTION PATHWAY%SMPDB%SMP0000367		39	0.27956906	0.836196	0.767184	0.9293663	1.0	1666	tags=13%, list=10%, signal=14%	
CONVERSION FROM APC C:CDC20 TO APC C:CDH1 IN LATE ANAPHASE%REACTOME DATABASE ID RELEASE 93%176407	CONVERSION FROM APC C:CDC20 TO APC C:CDH1 IN LATE ANAPHASE%REACTOME DATABASE ID RELEASE 93%176407		18	0.34571633	0.8357943	0.693712	0.92990315	1.0	2666	tags=33%, list=16%, signal=40%	
NEURAL CREST CELL DEVELOPMENT%GOBP%GO:0014032	NEURAL CREST CELL DEVELOPMENT%GOBP%GO:0014032		43	0.28586575	0.8357898	0.7586207	0.9295807	1.0	2216	tags=12%, list=14%, signal=13%	
REGULATION OF MONOATOMIC ION TRANSMEMBRANE TRANSPORT%GOBP%GO:0034765	REGULATION OF MONOATOMIC ION TRANSMEMBRANE TRANSPORT%GOBP%GO:0034765		168	0.22704425	0.8355483	0.9292929	0.92975944	1.0	2569	tags=15%, list=16%, signal=17%	
COLLAGEN METABOLIC PROCESS%GOBP%GO:0032963	COLLAGEN METABOLIC PROCESS%GOBP%GO:0032963		40	0.28930405	0.8353699	0.75918365	0.92982334	1.0	3862	tags=40%, list=24%, signal=52%	
NUCLEAR ENVELOPE (NE) REASSEMBLY%REACTOME DATABASE ID RELEASE 93%2995410	NUCLEAR ENVELOPE (NE) REASSEMBLY%REACTOME DATABASE ID RELEASE 93%2995410		59	0.26754487	0.83511686	0.81449896	0.93004656	1.0	2905	tags=24%, list=18%, signal=29%	
BIOCARTA_P53HYPOXIA_PATHWAY%MSIGDB_C2%BIOCARTA_P53HYPOXIA_PATHWAY	BIOCARTA_P53HYPOXIA_PATHWAY%MSIGDB_C2%BIOCARTA_P53HYPOXIA_PATHWAY		16	0.35823816	0.835056	0.6785714	0.9298539	1.0	3684	tags=44%, list=22%, signal=56%	
APICAL JUNCTION ASSEMBLY%GOBP%GO:0043297	APICAL JUNCTION ASSEMBLY%GOBP%GO:0043297		39	0.28627643	0.8344174	0.75929976	0.9309181	1.0	3141	tags=28%, list=19%, signal=35%	
REGULATION OF COMPLEMENT CASCADE%REACTOME%R-HSA-977606.7	REGULATION OF COMPLEMENT CASCADE%REACTOME%R-HSA-977606.7		29	0.30623958	0.8343889	0.7281947	0.93064594	1.0	3959	tags=45%, list=24%, signal=59%	
RESPONSE TO DECREASED OXYGEN LEVELS%GOBP%GO:0036293	RESPONSE TO DECREASED OXYGEN LEVELS%GOBP%GO:0036293		122	0.23899731	0.83375263	0.87058824	0.931692	1.0	4515	tags=30%, list=28%, signal=40%	
REGULATION OF CELLULAR SENESCENCE%GOBP%GO:2000772	REGULATION OF CELLULAR SENESCENCE%GOBP%GO:2000772		29	0.30704537	0.8336896	0.73333335	0.9314892	1.0	1510	tags=17%, list=9%, signal=19%	
CD28 CO-STIMULATION%REACTOME DATABASE ID RELEASE 93%389356	CD28 CO-STIMULATION%REACTOME DATABASE ID RELEASE 93%389356		44	0.28444916	0.8332019	0.7697368	0.9321973	1.0	1933	tags=18%, list=12%, signal=21%	
MITOCHONDRIAL IMMUNE RESPONSE TO SARS COV 2%WIKIPATHWAYS_20250810%WP5038%HOMO SAPIENS	MITOCHONDRIAL IMMUNE RESPONSE TO SARS COV 2%WIKIPATHWAYS_20250810%WP5038%HOMO SAPIENS		24	0.32068098	0.8328266	0.7253669	0.9326704	1.0	1937	tags=29%, list=12%, signal=33%	
PARASITE INFECTION%REACTOME DATABASE ID RELEASE 93%9664407	PARASITE INFECTION%REACTOME DATABASE ID RELEASE 93%9664407		58	0.265541	0.83272994	0.8153846	0.93255174	1.0	3832	tags=33%, list=23%, signal=43%	
NEURAL CREST CELL MIGRATION DURING DEVELOPMENT%WIKIPATHWAYS_20250810%WP4564%HOMO SAPIENS	NEURAL CREST CELL MIGRATION DURING DEVELOPMENT%WIKIPATHWAYS_20250810%WP4564%HOMO SAPIENS		27	0.31310672	0.83267033	0.7191919	0.9323518	1.0	1882	tags=19%, list=11%, signal=21%	
EPIDERMAL CELL DIFFERENTIATION%GOBP%GO:0009913	EPIDERMAL CELL DIFFERENTIATION%GOBP%GO:0009913		58	0.27053958	0.83223367	0.78361344	0.932955	1.0	3603	tags=21%, list=22%, signal=26%	
INTERLEUKIN-4 AND INTERLEUKIN-13 SIGNALING%REACTOME%R-HSA-6785807.8	INTERLEUKIN-4 AND INTERLEUKIN-13 SIGNALING%REACTOME%R-HSA-6785807.8		83	0.25002214	0.8320351	0.84631145	0.93305326	1.0	2845	tags=18%, list=17%, signal=22%	
SALLA DISEASE INFANTILE SIALIC ACID STORAGE DISEASE%SMPDB%SMP0000240	SALLA DISEASE INFANTILE SIALIC ACID STORAGE DISEASE%SMPDB%SMP0000240		16	0.34717885	0.8317725	0.71784234	0.9332727	1.0	3360	tags=31%, list=20%, signal=39%	
LEISHMANIA PHAGOCYTOSIS%REACTOME%R-HSA-9664417.2	LEISHMANIA PHAGOCYTOSIS%REACTOME%R-HSA-9664417.2		58	0.265541	0.8315969	0.79749477	0.93331933	1.0	3832	tags=33%, list=23%, signal=43%	
DNA MISMATCH REPAIR%WIKIPATHWAYS_20250810%WP531%HOMO SAPIENS	DNA MISMATCH REPAIR%WIKIPATHWAYS_20250810%WP531%HOMO SAPIENS		17	0.3441117	0.83144146	0.69857436	0.9333064	1.0	1166	tags=24%, list=7%, signal=25%	
PHOSPHOLIPID TRANSPORT%GOBP%GO:0015914	PHOSPHOLIPID TRANSPORT%GOBP%GO:0015914		69	0.2592223	0.83123696	0.8325991	0.9333855	1.0	2827	tags=20%, list=17%, signal=24%	
NUCLEAR SIGNALING BY ERBB4%REACTOME DATABASE ID RELEASE 93%1251985	NUCLEAR SIGNALING BY ERBB4%REACTOME DATABASE ID RELEASE 93%1251985		26	0.31207004	0.8310503	0.74603176	0.93345124	1.0	3905	tags=23%, list=24%, signal=30%	
POSITIVE REGULATION OF DNA-BINDING TRANSCRIPTION FACTOR ACTIVITY%GOBP%GO:0051091	POSITIVE REGULATION OF DNA-BINDING TRANSCRIPTION FACTOR ACTIVITY%GOBP%GO:0051091		94	0.24664798	0.82987005	0.8797327	0.9355603	1.0	2375	tags=17%, list=14%, signal=20%	
FATTY ACID OXIDATION%GOBP%GO:0019395	FATTY ACID OXIDATION%GOBP%GO:0019395		58	0.26814964	0.8297522	0.8053279	0.93546534	1.0	3117	tags=28%, list=19%, signal=34%	
PID_ECADHERIN_KERATINOCYTE_PATHWAY%MSIGDB_C2%PID_ECADHERIN_KERATINOCYTE_PATHWAY	PID_ECADHERIN_KERATINOCYTE_PATHWAY%MSIGDB_C2%PID_ECADHERIN_KERATINOCYTE_PATHWAY		15	0.3516294	0.8296988	0.72821575	0.9352516	1.0	2722	tags=40%, list=17%, signal=48%	
REGULATION OF AUTOPHAGY OF MITOCHONDRION%GOBP%GO:1903146	REGULATION OF AUTOPHAGY OF MITOCHONDRION%GOBP%GO:1903146		38	0.291669	0.82921857	0.75803	0.93591905	1.0	2306	tags=21%, list=14%, signal=24%	
INTRINSIC APOPTOTIC SIGNALING PATHWAY IN RESPONSE TO DNA DAMAGE BY P53 CLASS MEDIATOR%GOBP%GO:0042771	INTRINSIC APOPTOTIC SIGNALING PATHWAY IN RESPONSE TO DNA DAMAGE BY P53 CLASS MEDIATOR%GOBP%GO:0042771		22	0.32865316	0.82918394	0.7184265	0.93565005	1.0	2982	tags=41%, list=18%, signal=50%	
BIOCARTA_AGR_PATHWAY%MSIGDB_C2%BIOCARTA_AGR_PATHWAY	BIOCARTA_AGR_PATHWAY%MSIGDB_C2%BIOCARTA_AGR_PATHWAY		23	0.32677314	0.8282174	0.72943723	0.9373351	1.0	957	tags=13%, list=6%, signal=14%	
LIDOCAINE (ANTIARRHYTHMIC) ACTION PATHWAY%PATHWHIZ%PW000381	LIDOCAINE (ANTIARRHYTHMIC) ACTION PATHWAY%PATHWHIZ%PW000381		38	0.28048277	0.82811487	0.8064516	0.93720025	1.0	1666	tags=13%, list=10%, signal=15%	
G(M2)-GANGLIOSIDOSIS: VARIANT B, TAY-SACHS DISEASE%SMPDB%SMP0000534	G(M2)-GANGLIOSIDOSIS: VARIANT B, TAY-SACHS DISEASE%SMPDB%SMP0000534		16	0.34717885	0.8281079	0.7157258	0.9368778	1.0	3360	tags=31%, list=20%, signal=39%	
POSITIVE REGULATION OF PROTEIN IMPORT INTO NUCLEUS%GOBP%GO:0042307	POSITIVE REGULATION OF PROTEIN IMPORT INTO NUCLEUS%GOBP%GO:0042307		25	0.3140614	0.8280693	0.7675351	0.93662447	1.0	2727	tags=40%, list=17%, signal=48%	
NICOTINE ACTION PATHWAY%SMPDB%SMP0000431	NICOTINE ACTION PATHWAY%SMPDB%SMP0000431		20	0.32059747	0.8275411	0.74647886	0.9373886	1.0	1666	tags=10%, list=10%, signal=11%	
G2/M TRANSITION OF MITOTIC CELL CYCLE%GOBP%GO:0000086	G2/M TRANSITION OF MITOTIC CELL CYCLE%GOBP%GO:0000086		37	0.28938437	0.82743484	0.7806841	0.9372818	1.0	2651	tags=22%, list=16%, signal=26%	
HALLMARK_COMPLEMENT%MSIGDBHALLMARK%HALLMARK_COMPLEMENT	HALLMARK_COMPLEMENT%MSIGDBHALLMARK%HALLMARK_COMPLEMENT		121	0.23787583	0.82738876	0.8974943	0.9370343	1.0	3159	tags=17%, list=19%, signal=20%	
SYNTHESIS OF BILE ACIDS AND BILE SALTS VIA 7ALPHA-HYDROXYCHOLESTEROL%REACTOME%R-HSA-193368.4	SYNTHESIS OF BILE ACIDS AND BILE SALTS VIA 7ALPHA-HYDROXYCHOLESTEROL%REACTOME%R-HSA-193368.4		16	0.3457728	0.8262369	0.71428573	0.9391134	1.0	852	tags=13%, list=5%, signal=13%	
GLIAL CELL DIFFERENTIATION%GOBP%GO:0010001	GLIAL CELL DIFFERENTIATION%GOBP%GO:0010001		72	0.2540976	0.8258648	0.82916665	0.9395303	1.0	2370	tags=18%, list=14%, signal=21%	
LEUKOCYTE MEDIATED CYTOTOXICITY%GOBP%GO:0001909	LEUKOCYTE MEDIATED CYTOTOXICITY%GOBP%GO:0001909		30	0.30145568	0.82570785	0.74791664	0.9395215	1.0	2823	tags=23%, list=17%, signal=28%	
PI3 KINASE PATHWAY%PANTHER PATHWAY%P00048	PI3 KINASE PATHWAY%PANTHER PATHWAY%P00048		35	0.29639012	0.8255902	0.7703252	0.9394346	1.0	2996	tags=29%, list=18%, signal=35%	
BETAXOLOL ACTION PATHWAY%SMPDB%SMP0000299	BETAXOLOL ACTION PATHWAY%SMPDB%SMP0000299		38	0.28048277	0.8255699	0.78512394	0.9391456	1.0	1666	tags=13%, list=10%, signal=15%	
REGULATION OF RECEPTOR SIGNALING PATHWAY VIA STAT%GOBP%GO:1904892	REGULATION OF RECEPTOR SIGNALING PATHWAY VIA STAT%GOBP%GO:1904892		52	0.27254552	0.8254632	0.81505376	0.9390348	1.0	3551	tags=27%, list=22%, signal=34%	
EMBRYONIC SKELETAL SYSTEM DEVELOPMENT%GOBP%GO:0048706	EMBRYONIC SKELETAL SYSTEM DEVELOPMENT%GOBP%GO:0048706		41	0.282827	0.82544255	0.79012346	0.93873847	1.0	2672	tags=15%, list=16%, signal=17%	
FOLATE METABOLISM%WIKIPATHWAYS_20250810%WP176%HOMO SAPIENS	FOLATE METABOLISM%WIKIPATHWAYS_20250810%WP176%HOMO SAPIENS		32	0.29705292	0.82491034	0.74049217	0.9394922	1.0	4204	tags=34%, list=26%, signal=46%	
HOMOPHILIC CELL ADHESION VIA PLASMA MEMBRANE ADHESION MOLECULES%GOBP%GO:0007156	HOMOPHILIC CELL ADHESION VIA PLASMA MEMBRANE ADHESION MOLECULES%GOBP%GO:0007156		52	0.27151385	0.82482797	0.8076923	0.93933004	1.0	1050	tags=8%, list=6%, signal=8%	
EPITHELIAL CELL MORPHOGENESIS%GOBP%GO:0003382	EPITHELIAL CELL MORPHOGENESIS%GOBP%GO:0003382		15	0.35139263	0.82401603	0.7175258	0.9407134	1.0	5475	tags=60%, list=33%, signal=90%	
COGNITION%GOBP%GO:0050890	COGNITION%GOBP%GO:0050890		123	0.23405023	0.8239767	0.92990655	0.9404597	1.0	3535	tags=21%, list=22%, signal=27%	
GPER1 SIGNALING%REACTOME%R-HSA-9634597.3	GPER1 SIGNALING%REACTOME%R-HSA-9634597.3		35	0.2932085	0.8239293	0.75	0.9402317	1.0	4788	tags=46%, list=29%, signal=64%	
SIALURIA OR FRENCH TYPE SIALURIA%SMPDB%SMP0000216	SIALURIA OR FRENCH TYPE SIALURIA%SMPDB%SMP0000216		16	0.34717885	0.823911	0.7368421	0.9399287	1.0	3360	tags=31%, list=20%, signal=39%	
AMINO SUGAR METABOLISM%PATHWHIZ%PW000008	AMINO SUGAR METABOLISM%PATHWHIZ%PW000008		16	0.34717885	0.823905	0.7346535	0.93961	1.0	3360	tags=31%, list=20%, signal=39%	
PID_TXA2PATHWAY%MSIGDB_C2%PID_TXA2PATHWAY	PID_TXA2PATHWAY%MSIGDB_C2%PID_TXA2PATHWAY		37	0.28869215	0.8238737	0.775	0.9393313	1.0	2506	tags=22%, list=15%, signal=25%	
ENDOTHELIAL CELL PROLIFERATION%GOBP%GO:0001935	ENDOTHELIAL CELL PROLIFERATION%GOBP%GO:0001935		17	0.34735128	0.82338727	0.72672063	0.939999	1.0	4509	tags=41%, list=27%, signal=57%	
NOTCH SIGNALING PATHWAY%GOBP%GO:0007219	NOTCH SIGNALING PATHWAY%GOBP%GO:0007219		38	0.28371534	0.8232908	0.77870566	0.9398647	1.0	4259	tags=37%, list=26%, signal=50%	
DIOL METABOLIC PROCESS%GOBP%GO:0034311	DIOL METABOLIC PROCESS%GOBP%GO:0034311		27	0.30738673	0.82260245	0.77013755	0.94092077	1.0	3210	tags=22%, list=20%, signal=28%	
POSITIVE REGULATION OF MITOTIC SISTER CHROMATID SEPARATION%GOBP%GO:1901970	POSITIVE REGULATION OF MITOTIC SISTER CHROMATID SEPARATION%GOBP%GO:1901970		20	0.32723197	0.82108325	0.74489796	0.9437391	1.0	2666	tags=30%, list=16%, signal=36%	
NEGATIVE REGULATION OF LYMPHOCYTE MEDIATED IMMUNITY%GOBP%GO:0002707	NEGATIVE REGULATION OF LYMPHOCYTE MEDIATED IMMUNITY%GOBP%GO:0002707		37	0.285339	0.82100755	0.7819383	0.9435701	1.0	3994	tags=30%, list=24%, signal=39%	
MORPHOGENESIS OF A BRANCHING EPITHELIUM%GOBP%GO:0061138	MORPHOGENESIS OF A BRANCHING EPITHELIUM%GOBP%GO:0061138		37	0.2877616	0.8198111	0.7710843	0.9456228	1.0	1901	tags=8%, list=12%, signal=9%	
FATTY ACID DERIVATIVE BIOSYNTHETIC PROCESS%GOBP%GO:1901570	FATTY ACID DERIVATIVE BIOSYNTHETIC PROCESS%GOBP%GO:1901570		37	0.2842543	0.81979144	0.74834436	0.9453286	1.0	2928	tags=16%, list=18%, signal=20%	
PLACENTA DEVELOPMENT%GOBP%GO:0001890	PLACENTA DEVELOPMENT%GOBP%GO:0001890		39	0.28688365	0.8196215	0.7924945	0.94534266	1.0	1143	tags=5%, list=7%, signal=5%	
GLIOGENESIS%GOBP%GO:0042063	GLIOGENESIS%GOBP%GO:0042063		93	0.24573144	0.81947744	0.875	0.9452917	1.0	2590	tags=18%, list=16%, signal=22%	
IL19 SIGNALING%WIKIPATHWAYS_20250810%WP5422%HOMO SAPIENS	IL19 SIGNALING%WIKIPATHWAYS_20250810%WP5422%HOMO SAPIENS		21	0.32846367	0.8193261	0.7535642	0.94525516	1.0	2672	tags=29%, list=16%, signal=34%	
TAY-SACHS DISEASE%PATHWHIZ%PW000215	TAY-SACHS DISEASE%PATHWHIZ%PW000215		16	0.34717885	0.81929076	0.7485605	0.9449978	1.0	3360	tags=31%, list=20%, signal=39%	
NISOLDIPINE ACTION PATHWAY%PATHWHIZ%PW000396	NISOLDIPINE ACTION PATHWAY%PATHWHIZ%PW000396		38	0.28048277	0.8192416	0.81702125	0.9447622	1.0	1666	tags=13%, list=10%, signal=15%	
CELLULAR RESPONSE TO BIOTIC STIMULUS%GOBP%GO:0071216	CELLULAR RESPONSE TO BIOTIC STIMULUS%GOBP%GO:0071216		121	0.23521464	0.8189774	0.9235955	0.9449472	1.0	2469	tags=17%, list=15%, signal=19%	
ACTOMYOSIN STRUCTURE ORGANIZATION%GOBP%GO:0031032	ACTOMYOSIN STRUCTURE ORGANIZATION%GOBP%GO:0031032		78	0.25237063	0.8188775	0.85263157	0.94481766	1.0	2465	tags=19%, list=15%, signal=23%	
APC-CDC20 MEDIATED DEGRADATION OF NEK2A%REACTOME%R-HSA-179409.5	APC-CDC20 MEDIATED DEGRADATION OF NEK2A%REACTOME%R-HSA-179409.5		24	0.31603783	0.8186171	0.76299375	0.94499266	1.0	1388	tags=21%, list=8%, signal=23%	
REGULATION OF CARDIAC MUSCLE CELL MEMBRANE REPOLARIZATION%GOBP%GO:0099623	REGULATION OF CARDIAC MUSCLE CELL MEMBRANE REPOLARIZATION%GOBP%GO:0099623		19	0.33744982	0.8184173	0.7360825	0.94507694	1.0	1513	tags=16%, list=9%, signal=17%	
PID_TNF_PATHWAY%MSIGDB_C2%PID_TNF_PATHWAY	PID_TNF_PATHWAY%MSIGDB_C2%PID_TNF_PATHWAY		37	0.2906141	0.81820023	0.7905405	0.9451914	1.0	4191	tags=35%, list=26%, signal=47%	
OXPRENOLOL ACTION PATHWAY%PATHWHIZ%PW000372	OXPRENOLOL ACTION PATHWAY%PATHWHIZ%PW000372		38	0.28048277	0.8180323	0.7782609	0.94516593	1.0	1666	tags=13%, list=10%, signal=15%	
FOXO-MEDIATED TRANSCRIPTION OF CELL DEATH GENES%REACTOME DATABASE ID RELEASE 93%9614657	FOXO-MEDIATED TRANSCRIPTION OF CELL DEATH GENES%REACTOME DATABASE ID RELEASE 93%9614657		15	0.3487023	0.8179472	0.73752713	0.94500697	1.0	3676	tags=33%, list=22%, signal=43%	
CELLULAR RESPONSE TO VIRUS%GOBP%GO:0098586	CELLULAR RESPONSE TO VIRUS%GOBP%GO:0098586		39	0.28469947	0.8173135	0.8214286	0.94596684	1.0	3998	tags=36%, list=24%, signal=47%	
PROTEIN LOCALIZATION TO CELL JUNCTION%GOBP%GO:1902414	PROTEIN LOCALIZATION TO CELL JUNCTION%GOBP%GO:1902414		56	0.26475734	0.817025	0.83592016	0.946202	1.0	3392	tags=25%, list=21%, signal=31%	
TERMINATION OF TRANSLESION DNA SYNTHESIS%REACTOME%R-HSA-5656169.2	TERMINATION OF TRANSLESION DNA SYNTHESIS%REACTOME%R-HSA-5656169.2		30	0.29556173	0.81691366	0.7635575	0.9460788	1.0	1692	tags=23%, list=10%, signal=26%	
NEUROTROPHIC FACTOR-MEDIATED TRK RECEPTOR SIGNALING%PATHWAY INTERACTION DATABASE NCI-NATURE CURATED DATA%NEUROTROPHIC FACTOR-MEDIATED TRK RECEPTOR SIGNALING	NEUROTROPHIC FACTOR-MEDIATED TRK RECEPTOR SIGNALING%PATHWAY INTERACTION DATABASE NCI-NATURE CURATED DATA%NEUROTROPHIC FACTOR-MEDIATED TRK RECEPTOR SIGNALING		59	0.2591674	0.81687355	0.8270142	0.9458227	1.0	2060	tags=15%, list=13%, signal=17%	
CARTEOLOL ACTION PATHWAY%PATHWHIZ%PW000634	CARTEOLOL ACTION PATHWAY%PATHWHIZ%PW000634		38	0.28048277	0.81632656	0.7598425	0.9465322	1.0	1666	tags=13%, list=10%, signal=15%	
SIGNALING EVENTS MEDIATED BY THE HEDGEHOG FAMILY%PATHWAY INTERACTION DATABASE NCI-NATURE CURATED DATA%SIGNALING EVENTS MEDIATED BY THE HEDGEHOG FAMILY	SIGNALING EVENTS MEDIATED BY THE HEDGEHOG FAMILY%PATHWAY INTERACTION DATABASE NCI-NATURE CURATED DATA%SIGNALING EVENTS MEDIATED BY THE HEDGEHOG FAMILY		19	0.3334929	0.8162003	0.73306775	0.94643384	1.0	2537	tags=21%, list=15%, signal=25%	
INTERLEUKIN-20 FAMILY SIGNALING%REACTOME%R-HSA-8854691.8	INTERLEUKIN-20 FAMILY SIGNALING%REACTOME%R-HSA-8854691.8		17	0.33755437	0.81585246	0.74058574	0.9468244	1.0	1331	tags=18%, list=8%, signal=19%	
BUPRANOLOL ACTION PATHWAY%SMPDB%SMP0000670	BUPRANOLOL ACTION PATHWAY%SMPDB%SMP0000670		38	0.28048277	0.8158495	0.82173914	0.946495	1.0	1666	tags=13%, list=10%, signal=15%	
NADOLOL ACTION PATHWAY%PATHWHIZ%PW000371	NADOLOL ACTION PATHWAY%PATHWHIZ%PW000371		38	0.28048277	0.8156519	0.8101266	0.9465633	1.0	1666	tags=13%, list=10%, signal=15%	
NITRENDIPINE ACTION PATHWAY%SMPDB%SMP0000382	NITRENDIPINE ACTION PATHWAY%SMPDB%SMP0000382		38	0.28048277	0.81559426	0.8316222	0.9463474	1.0	1666	tags=13%, list=10%, signal=15%	
NEGATIVE REGULATION OF G2/M TRANSITION OF MITOTIC CELL CYCLE%GOBP%GO:0010972	NEGATIVE REGULATION OF G2/M TRANSITION OF MITOTIC CELL CYCLE%GOBP%GO:0010972		58	0.26048166	0.81540513	0.84035474	0.9463683	1.0	2651	tags=19%, list=16%, signal=23%	
RESPONSE TO OXYGEN LEVELS%GOBP%GO:0070482	RESPONSE TO OXYGEN LEVELS%GOBP%GO:0070482		137	0.22999783	0.81539285	0.9385965	0.9460613	1.0	3838	tags=23%, list=23%, signal=30%	
SIGNAL RELEASE%GOBP%GO:0023061	SIGNAL RELEASE%GOBP%GO:0023061		81	0.24767195	0.81522155	0.8731183	0.9460886	1.0	3085	tags=19%, list=19%, signal=23%	
TOCAINIDE ACTION PATHWAY%SMPDB%SMP0000330	TOCAINIDE ACTION PATHWAY%SMPDB%SMP0000330		38	0.28048277	0.8150118	0.80487806	0.94616175	1.0	1666	tags=13%, list=10%, signal=15%	
STEM CELL DEVELOPMENT%GOBP%GO:0048864	STEM CELL DEVELOPMENT%GOBP%GO:0048864		44	0.27602085	0.81490374	0.81104034	0.9460425	1.0	2216	tags=11%, list=14%, signal=13%	
REGULATION OF EPITHELIAL CELL PROLIFERATION%GOBP%GO:0050678	REGULATION OF EPITHELIAL CELL PROLIFERATION%GOBP%GO:0050678		182	0.22178756	0.81456935	0.96217495	0.94636744	1.0	3055	tags=15%, list=19%, signal=19%	
REGULATION OF RELEASE OF SEQUESTERED CALCIUM ION INTO CYTOSOL%GOBP%GO:0051279	REGULATION OF RELEASE OF SEQUESTERED CALCIUM ION INTO CYTOSOL%GOBP%GO:0051279		45	0.2706317	0.8144232	0.83064514	0.9463383	1.0	821	tags=9%, list=5%, signal=9%	
FCGR3A-MEDIATED PHAGOCYTOSIS%REACTOME%R-HSA-9664422.2	FCGR3A-MEDIATED PHAGOCYTOSIS%REACTOME%R-HSA-9664422.2		58	0.265541	0.81433123	0.8416486	0.9461772	1.0	3832	tags=33%, list=23%, signal=43%	
CELLULAR RESPONSE TO GLUCOCORTICOID STIMULUS%GOBP%GO:0071385	CELLULAR RESPONSE TO GLUCOCORTICOID STIMULUS%GOBP%GO:0071385		15	0.34979376	0.81428033	0.70406187	0.94594765	1.0	66	tags=7%, list=0%, signal=7%	
ANTIGEN ACTIVATES B CELL RECEPTOR (BCR) LEADING TO GENERATION OF SECOND MESSENGERS%REACTOME%R-HSA-983695.6	ANTIGEN ACTIVATES B CELL RECEPTOR (BCR) LEADING TO GENERATION OF SECOND MESSENGERS%REACTOME%R-HSA-983695.6		31	0.2960542	0.8142629	0.7777778	0.9456461	1.0	3832	tags=26%, list=23%, signal=34%	
DILTIAZEM ACTION PATHWAY%SMPDB%SMP0000359	DILTIAZEM ACTION PATHWAY%SMPDB%SMP0000359		38	0.28048277	0.81363153	0.78958786	0.9465474	1.0	1666	tags=13%, list=10%, signal=15%	
BISOPROLOL ACTION PATHWAY%SMPDB%SMP0000300	BISOPROLOL ACTION PATHWAY%SMPDB%SMP0000300		38	0.28048277	0.81359875	0.80124223	0.94628525	1.0	1666	tags=13%, list=10%, signal=15%	
BOPINDOLOL ACTION PATHWAY%SMPDB%SMP0000657	BOPINDOLOL ACTION PATHWAY%SMPDB%SMP0000657		38	0.28048277	0.8134092	0.80497926	0.94633347	1.0	1666	tags=13%, list=10%, signal=15%	
ANTIGEN PROCESSING AND PRESENTATION OF ENDOGENOUS ANTIGEN%GOBP%GO:0019883	ANTIGEN PROCESSING AND PRESENTATION OF ENDOGENOUS ANTIGEN%GOBP%GO:0019883		15	0.35315448	0.8127839	0.753507	0.9472068	1.0	6008	tags=53%, list=37%, signal=84%	
PID_PI3KCI_PATHWAY%MSIGDB_C2%PID_PI3KCI_PATHWAY	PID_PI3KCI_PATHWAY%MSIGDB_C2%PID_PI3KCI_PATHWAY		34	0.29105613	0.8125901	0.8181818	0.94726026	1.0	1655	tags=15%, list=10%, signal=16%	
FOSPHENYTOIN (ANTIARRHYTHMIC) ACTION PATHWAY%PATHWHIZ%PW000379	FOSPHENYTOIN (ANTIARRHYTHMIC) ACTION PATHWAY%PATHWHIZ%PW000379		38	0.28048277	0.812568	0.8204593	0.94698185	1.0	1666	tags=13%, list=10%, signal=15%	
MEXILETINE ACTION PATHWAY%PATHWHIZ%PW000382	MEXILETINE ACTION PATHWAY%PATHWHIZ%PW000382		38	0.28048277	0.81256443	0.8051392	0.94665927	1.0	1666	tags=13%, list=10%, signal=15%	
RESPONSE TO NUTRIENT%GOBP%GO:0007584	RESPONSE TO NUTRIENT%GOBP%GO:0007584		36	0.2880759	0.8124506	0.78854626	0.9465502	1.0	3396	tags=28%, list=21%, signal=35%	
DNA DAMAGE RESPONSE ONLY ATM DEPENDENT %WIKIPATHWAYS_20250810%WP710%HOMO SAPIENS	DNA DAMAGE RESPONSE ONLY ATM DEPENDENT %WIKIPATHWAYS_20250810%WP710%HOMO SAPIENS		77	0.24868397	0.8122718	0.8893617	0.94656616	1.0	2478	tags=18%, list=15%, signal=21%	
COMPLEMENT CASCADE%REACTOME%R-HSA-166658.6	COMPLEMENT CASCADE%REACTOME%R-HSA-166658.6		33	0.29128364	0.8120831	0.7987421	0.94659585	1.0	3959	tags=39%, list=24%, signal=52%	
ISRADIPINE ACTION PATHWAY%PATHWHIZ%PW000393	ISRADIPINE ACTION PATHWAY%PATHWHIZ%PW000393		38	0.28048277	0.8118406	0.8226804	0.94673425	1.0	1666	tags=13%, list=10%, signal=15%	
REGENERATION%GOBP%GO:0031099	REGENERATION%GOBP%GO:0031099		31	0.28955865	0.8115039	0.80467093	0.9470639	1.0	3342	tags=29%, list=20%, signal=36%	
REGULATION OF CALCIUM ION TRANSPORT%GOBP%GO:0051924	REGULATION OF CALCIUM ION TRANSPORT%GOBP%GO:0051924		125	0.23031253	0.8107941	0.9191011	0.94809926	1.0	4679	tags=27%, list=29%, signal=38%	
QUINIDINE ACTION PATHWAY%SMPDB%SMP0000323	QUINIDINE ACTION PATHWAY%SMPDB%SMP0000323		38	0.28048277	0.81069267	0.8087318	0.9479754	1.0	1666	tags=13%, list=10%, signal=15%	
PROTEIN K11-LINKED UBIQUITINATION%GOBP%GO:0070979	PROTEIN K11-LINKED UBIQUITINATION%GOBP%GO:0070979		34	0.28872943	0.8105436	0.7983539	0.94792056	1.0	2666	tags=26%, list=16%, signal=32%	
PHENYTOIN (ANTIARRHYTHMIC) ACTION PATHWAY%PATHWHIZ%PW000380	PHENYTOIN (ANTIARRHYTHMIC) ACTION PATHWAY%PATHWHIZ%PW000380		51	0.2687577	0.81020314	0.8251121	0.94824713	1.0	1666	tags=14%, list=10%, signal=15%	
NEGATIVE REGULATION OF ERK1 AND ERK2 CASCADE%GOBP%GO:0070373	NEGATIVE REGULATION OF ERK1 AND ERK2 CASCADE%GOBP%GO:0070373		43	0.27488366	0.8101968	0.8247863	0.94792867	1.0	3291	tags=28%, list=20%, signal=35%	
ARF6 SIGNALING EVENTS%PATHWAY INTERACTION DATABASE NCI-NATURE CURATED DATA%ARF6 SIGNALING EVENTS	ARF6 SIGNALING EVENTS%PATHWAY INTERACTION DATABASE NCI-NATURE CURATED DATA%ARF6 SIGNALING EVENTS		33	0.29268152	0.8101028	0.7759336	0.94777745	1.0	3038	tags=27%, list=19%, signal=33%	
RRNA METHYLATION%GOBP%GO:0031167	RRNA METHYLATION%GOBP%GO:0031167		17	0.33505398	0.8100449	0.75	0.94755304	1.0	3428	tags=41%, list=21%, signal=52%	
ESMOLOL ACTION PATHWAY%SMPDB%SMP0000301	ESMOLOL ACTION PATHWAY%SMPDB%SMP0000301		38	0.28048277	0.80997473	0.8064516	0.9473707	1.0	1666	tags=13%, list=10%, signal=15%	
MONONUCLEAR CELL DIFFERENTIATION%GOBP%GO:1903131	MONONUCLEAR CELL DIFFERENTIATION%GOBP%GO:1903131		177	0.2184897	0.80989754	0.96359223	0.9471806	1.0	3218	tags=21%, list=20%, signal=26%	
DISOPYRAMIDE ACTION PATHWAY%SMPDB%SMP0000325	DISOPYRAMIDE ACTION PATHWAY%SMPDB%SMP0000325		38	0.28048277	0.8095606	0.8017429	0.9474886	1.0	1666	tags=13%, list=10%, signal=15%	
BIOLOGICAL OXIDATIONS%REACTOME%R-HSA-211859.4	BIOLOGICAL OXIDATIONS%REACTOME%R-HSA-211859.4		117	0.23298514	0.8094712	0.9305857	0.9473336	1.0	4651	tags=31%, list=28%, signal=43%	
NEGATIVE REGULATION OF B CELL ACTIVATION%GOBP%GO:0050869	NEGATIVE REGULATION OF B CELL ACTIVATION%GOBP%GO:0050869		19	0.3348356	0.8087755	0.74896264	0.94833094	1.0	2259	tags=16%, list=14%, signal=18%	
NEGATIVE REGULATION OF VIRAL PROCESS%GOBP%GO:0048525	NEGATIVE REGULATION OF VIRAL PROCESS%GOBP%GO:0048525		56	0.26019424	0.8081303	0.85300666	0.949222	1.0	1521	tags=11%, list=9%, signal=12%	
TIMOLOL ACTION PATHWAY%PATHWHIZ%PW000636	TIMOLOL ACTION PATHWAY%PATHWHIZ%PW000636		38	0.28048277	0.8079345	0.8059072	0.9492684	1.0	1666	tags=13%, list=10%, signal=15%	
MYELOID LEUKOCYTE MIGRATION%GOBP%GO:0097529	MYELOID LEUKOCYTE MIGRATION%GOBP%GO:0097529		64	0.25650424	0.8078441	0.8613445	0.9491048	1.0	5835	tags=39%, list=36%, signal=60%	
LEVOBUNOLOL ACTION PATHWAY%SMPDB%SMP0000666	LEVOBUNOLOL ACTION PATHWAY%SMPDB%SMP0000666		38	0.28048277	0.8077354	0.7966457	0.9489798	1.0	1666	tags=13%, list=10%, signal=15%	
REGULATION OF ANIMAL ORGAN MORPHOGENESIS%GOBP%GO:2000027	REGULATION OF ANIMAL ORGAN MORPHOGENESIS%GOBP%GO:2000027		25	0.310892	0.80759853	0.76955605	0.9488945	1.0	2216	tags=20%, list=14%, signal=23%	
HISTAMINE H1 RECEPTOR MEDIATED SIGNALING PATHWAY%PANTHER PATHWAY%P04385	HISTAMINE H1 RECEPTOR MEDIATED SIGNALING PATHWAY%PANTHER PATHWAY%P04385		34	0.2874562	0.8075885	0.8099352	0.9485869	1.0	3481	tags=24%, list=21%, signal=30%	
TAR SYNDROME%WIKIPATHWAYS_20250810%WP5362%HOMO SAPIENS	TAR SYNDROME%WIKIPATHWAYS_20250810%WP5362%HOMO SAPIENS		47	0.27109832	0.8073359	0.8385744	0.948736	1.0	2982	tags=30%, list=18%, signal=36%	
PROPRANOLOL ACTION PATHWAY%SMPDB%SMP0000307	PROPRANOLOL ACTION PATHWAY%SMPDB%SMP0000307		38	0.28048277	0.8071548	0.81837606	0.9487496	1.0	1666	tags=13%, list=10%, signal=15%	
ISOPRENALINE ACTION PATHWAY%SMPDB%SMP0000663	ISOPRENALINE ACTION PATHWAY%SMPDB%SMP0000663		38	0.28048277	0.80711806	0.81950206	0.94849133	1.0	1666	tags=13%, list=10%, signal=15%	
TGF-BETA SIGNALING PATHWAY%PANTHER PATHWAY%P00052	TGF-BETA SIGNALING PATHWAY%PANTHER PATHWAY%P00052		64	0.25178644	0.8070548	0.88520974	0.9482729	1.0	1801	tags=14%, list=11%, signal=16%	
PROCAINAMIDE (ANTIARRHYTHMIC) ACTION PATHWAY%PATHWHIZ%PW000377	PROCAINAMIDE (ANTIARRHYTHMIC) ACTION PATHWAY%PATHWHIZ%PW000377		38	0.28048277	0.8069641	0.8148893	0.94812065	1.0	1666	tags=13%, list=10%, signal=15%	
REGULATION OF CELL CYCLE G2/M PHASE TRANSITION%GOBP%GO:1902749	REGULATION OF CELL CYCLE G2/M PHASE TRANSITION%GOBP%GO:1902749		93	0.23604274	0.80643195	0.9264069	0.9487725	1.0	2726	tags=18%, list=17%, signal=22%	
ACEBUTOLOL ACTION PATHWAY%SMPDB%SMP0000296	ACEBUTOLOL ACTION PATHWAY%SMPDB%SMP0000296		38	0.28048277	0.80613786	0.8004338	0.9490038	1.0	1666	tags=13%, list=10%, signal=15%	
APOPTOSIS%WIKIPATHWAYS_20250810%WP254%HOMO SAPIENS	APOPTOSIS%WIKIPATHWAYS_20250810%WP254%HOMO SAPIENS		69	0.25022903	0.80576664	0.8865546	0.94937325	1.0	3896	tags=22%, list=24%, signal=28%	
NIMODIPINE ACTION PATHWAY%PATHWHIZ%PW000395	NIMODIPINE ACTION PATHWAY%PATHWHIZ%PW000395		38	0.28048277	0.8057332	0.8375	0.94910455	1.0	1666	tags=13%, list=10%, signal=15%	
DUAL INCISION IN GG-NER%REACTOME DATABASE ID RELEASE 93%5696400	DUAL INCISION IN GG-NER%REACTOME DATABASE ID RELEASE 93%5696400		37	0.27881107	0.8056412	0.798768	0.94895536	1.0	1692	tags=22%, list=10%, signal=24%	
RESPONSE TO FATTY ACID%GOBP%GO:0070542	RESPONSE TO FATTY ACID%GOBP%GO:0070542		22	0.31136942	0.805637	0.78914404	0.9486347	1.0	3147	tags=18%, list=19%, signal=22%	
ANGIOGENESIS%GOBP%GO:0001525	ANGIOGENESIS%GOBP%GO:0001525		159	0.22215416	0.8055895	0.95683455	0.948396	1.0	3090	tags=21%, list=19%, signal=25%	
LABETALOL ACTION PATHWAY%PATHWHIZ%PW000389	LABETALOL ACTION PATHWAY%PATHWHIZ%PW000389		39	0.27956906	0.80554986	0.8162393	0.94812864	1.0	1666	tags=13%, list=10%, signal=14%	
BURN WOUND HEALING%WIKIPATHWAYS_20250810%WP5055%HOMO SAPIENS	BURN WOUND HEALING%WIKIPATHWAYS_20250810%WP5055%HOMO SAPIENS		42	0.27497545	0.80537367	0.8304721	0.9481246	1.0	1882	tags=12%, list=11%, signal=13%	
FLECAINIDE ACTION PATHWAY%SMPDB%SMP0000331	FLECAINIDE ACTION PATHWAY%SMPDB%SMP0000331		38	0.28048277	0.8046865	0.8348214	0.94906217	1.0	1666	tags=13%, list=10%, signal=15%	
ALPRENOLOL ACTION PATHWAY%SMPDB%SMP0000297	ALPRENOLOL ACTION PATHWAY%SMPDB%SMP0000297		38	0.28048277	0.8039318	0.7995781	0.9501376	1.0	1666	tags=13%, list=10%, signal=15%	
SOMITE DEVELOPMENT%GOBP%GO:0061053	SOMITE DEVELOPMENT%GOBP%GO:0061053		16	0.33575878	0.8035491	0.743487	0.95050794	1.0	2538	tags=25%, list=15%, signal=30%	
INTESTINAL ABSORPTION%GOBP%GO:0050892	INTESTINAL ABSORPTION%GOBP%GO:0050892		17	0.33124048	0.8033355	0.73493975	0.9505589	1.0	2501	tags=18%, list=15%, signal=21%	
PID_TRKR_PATHWAY%MSIGDB_C2%PID_TRKR_PATHWAY	PID_TRKR_PATHWAY%MSIGDB_C2%PID_TRKR_PATHWAY		46	0.2668072	0.8033212	0.8469828	0.9502575	1.0	2060	tags=13%, list=13%, signal=15%	
POSITIVE REGULATION OF CYTOSOLIC CALCIUM ION CONCENTRATION%GOBP%GO:0007204	POSITIVE REGULATION OF CYTOSOLIC CALCIUM ION CONCENTRATION%GOBP%GO:0007204		83	0.24298531	0.803233	0.8977778	0.95010173	1.0	2506	tags=12%, list=15%, signal=14%	
CELLULAR RESPONSE TO AMINO ACID STIMULUS%GOBP%GO:0071230	CELLULAR RESPONSE TO AMINO ACID STIMULUS%GOBP%GO:0071230		40	0.27680308	0.8031951	0.8213552	0.9498429	1.0	2758	tags=25%, list=17%, signal=30%	
POSITIVE REGULATION OF B CELL PROLIFERATION%GOBP%GO:0030890	POSITIVE REGULATION OF B CELL PROLIFERATION%GOBP%GO:0030890		21	0.32550615	0.80293864	0.7789047	0.949981	1.0	3153	tags=24%, list=19%, signal=29%	
METIPRANOLOL ACTION PATHWAY%PATHWHIZ%PW000644	METIPRANOLOL ACTION PATHWAY%PATHWHIZ%PW000644		38	0.28048277	0.8029164	0.8090129	0.9497005	1.0	1666	tags=13%, list=10%, signal=15%	
METOPROLOL ACTION PATHWAY%PATHWHIZ%PW000370	METOPROLOL ACTION PATHWAY%PATHWHIZ%PW000370		38	0.28048277	0.8028367	0.83160084	0.9495321	1.0	1666	tags=13%, list=10%, signal=15%	
ATENOLOL ACTION PATHWAY%SMPDB%SMP0000298	ATENOLOL ACTION PATHWAY%SMPDB%SMP0000298		38	0.28048277	0.8026871	0.7982262	0.94947296	1.0	1666	tags=13%, list=10%, signal=15%	
CERAMIDE BIOSYNTHETIC PROCESS%GOBP%GO:0046513	CERAMIDE BIOSYNTHETIC PROCESS%GOBP%GO:0046513		43	0.27229574	0.8026443	0.8336842	0.94922554	1.0	3458	tags=23%, list=21%, signal=29%	
INWARDLY RECTIFYING K+ CHANNELS%REACTOME DATABASE ID RELEASE 93%1296065	INWARDLY RECTIFYING K+ CHANNELS%REACTOME DATABASE ID RELEASE 93%1296065		26	0.30262575	0.802614	0.79375	0.948959	1.0	4012	tags=27%, list=24%, signal=36%	
BLOOD COAGULATION%PANTHER PATHWAY%P00011	BLOOD COAGULATION%PANTHER PATHWAY%P00011		16	0.33623517	0.8024903	0.73045266	0.9488658	1.0	3470	tags=19%, list=21%, signal=24%	
DISEASES ASSOCIATED WITH O-GLYCOSYLATION OF PROTEINS%REACTOME%R-HSA-3906995.5	DISEASES ASSOCIATED WITH O-GLYCOSYLATION OF PROTEINS%REACTOME%R-HSA-3906995.5		55	0.25793442	0.80248046	0.8577878	0.948557	1.0	3189	tags=18%, list=19%, signal=22%	
APOPTOSIS REGULATION BY PARATHYROID HORMONE RELATED PROTEIN%WIKIPATHWAYS_20250810%WP3872%HOMO SAPIENS	APOPTOSIS REGULATION BY PARATHYROID HORMONE RELATED PROTEIN%WIKIPATHWAYS_20250810%WP3872%HOMO SAPIENS		17	0.32957715	0.80241615	0.7457627	0.94833744	1.0	1404	tags=18%, list=9%, signal=19%	
POSITIVE REGULATION OF CYTOKINE PRODUCTION INVOLVED IN IMMUNE RESPONSE%GOBP%GO:0002720	POSITIVE REGULATION OF CYTOKINE PRODUCTION INVOLVED IN IMMUNE RESPONSE%GOBP%GO:0002720		44	0.2725522	0.8022167	0.82937366	0.94838977	1.0	3994	tags=34%, list=24%, signal=45%	
PENBUTOLOL ACTION PATHWAY%SMPDB%SMP0000305	PENBUTOLOL ACTION PATHWAY%SMPDB%SMP0000305		38	0.28048277	0.8016917	0.7889344	0.9490061	1.0	1666	tags=13%, list=10%, signal=15%	
PID_IL4_2PATHWAY%MSIGDB_C2%PID_IL4_2PATHWAY	PID_IL4_2PATHWAY%MSIGDB_C2%PID_IL4_2PATHWAY		37	0.2791766	0.8016176	0.8118609	0.9488126	1.0	4047	tags=30%, list=25%, signal=39%	
ARBUTAMINE ACTION PATHWAY%SMPDB%SMP0000664	ARBUTAMINE ACTION PATHWAY%SMPDB%SMP0000664		38	0.28048277	0.80156887	0.8141026	0.94857204	1.0	1666	tags=13%, list=10%, signal=15%	
NEURAL CREST CELL DIFFERENTIATION%GOBP%GO:0014033	NEURAL CREST CELL DIFFERENTIATION%GOBP%GO:0014033		48	0.26586214	0.80135924	0.8280922	0.9486475	1.0	1718	tags=10%, list=10%, signal=12%	
NEGATIVE REGULATION OF PROTEIN KINASE ACTIVITY%GOBP%GO:0006469	NEGATIVE REGULATION OF PROTEIN KINASE ACTIVITY%GOBP%GO:0006469		58	0.25421402	0.8013429	0.87810385	0.94834954	1.0	2748	tags=19%, list=17%, signal=23%	
NEBIVOLOL ACTION PATHWAY%SMPDB%SMP0000366	NEBIVOLOL ACTION PATHWAY%SMPDB%SMP0000366		38	0.28048277	0.80105823	0.8283898	0.94853026	1.0	1666	tags=13%, list=10%, signal=15%	
NEGATIVE REGULATION OF TRANSFERASE ACTIVITY%GOBP%GO:0051348	NEGATIVE REGULATION OF TRANSFERASE ACTIVITY%GOBP%GO:0051348		74	0.24422386	0.8010055	0.9113924	0.94829863	1.0	2748	tags=20%, list=17%, signal=24%	
NEUROTRANSMITTER UPTAKE%GOBP%GO:0001504	NEUROTRANSMITTER UPTAKE%GOBP%GO:0001504		17	0.33163574	0.8009975	0.76623374	0.9479885	1.0	2850	tags=18%, list=17%, signal=21%	
CALCIUM-ION REGULATED EXOCYTOSIS%GOBP%GO:0017156	CALCIUM-ION REGULATED EXOCYTOSIS%GOBP%GO:0017156		22	0.31660923	0.800828	0.7759674	0.94797057	1.0	629	tags=9%, list=4%, signal=9%	
ACTIVATION OF GTPASE ACTIVITY%GOBP%GO:0090630	ACTIVATION OF GTPASE ACTIVITY%GOBP%GO:0090630		22	0.3119687	0.8007804	0.7741273	0.9477299	1.0	2983	tags=27%, list=18%, signal=33%	
IBUTILIDE ACTION PATHWAY%SMPDB%SMP0000332	IBUTILIDE ACTION PATHWAY%SMPDB%SMP0000332		38	0.28048277	0.8006514	0.8418605	0.947626	1.0	1666	tags=13%, list=10%, signal=15%	
FCGR ACTIVATION%REACTOME%R-HSA-2029481.3	FCGR ACTIVATION%REACTOME%R-HSA-2029481.3		15	0.35194212	0.8004309	0.716	0.94769096	1.0	3832	tags=47%, list=23%, signal=61%	
STRIATED MUSCLE CONTRACTION%PATHWHIZ%PW000564	STRIATED MUSCLE CONTRACTION%PATHWHIZ%PW000564		38	0.28048277	0.7996742	0.8340081	0.9487312	1.0	1666	tags=13%, list=10%, signal=15%	
REGULATION OF INTERLEUKIN-2 PRODUCTION%GOBP%GO:0032663	REGULATION OF INTERLEUKIN-2 PRODUCTION%GOBP%GO:0032663		43	0.27249244	0.79945546	0.8325688	0.948803	1.0	1007	tags=9%, list=6%, signal=10%	
HORMONE BIOSYNTHETIC PROCESS%GOBP%GO:0042446	HORMONE BIOSYNTHETIC PROCESS%GOBP%GO:0042446		15	0.34071878	0.7993906	0.7520325	0.9485926	1.0	3964	tags=33%, list=24%, signal=44%	
OPIOID PROENKEPHALIN PATHWAY%PANTHER PATHWAY%P05915	OPIOID PROENKEPHALIN PATHWAY%PANTHER PATHWAY%P05915		15	0.34862062	0.79924405	0.75	0.9485445	1.0	4723	tags=33%, list=29%, signal=47%	
PINDOLOL ACTION PATHWAY%PATHWHIZ%PW000374	PINDOLOL ACTION PATHWAY%PATHWHIZ%PW000374		38	0.28048277	0.79903734	0.8294243	0.94858855	1.0	1666	tags=13%, list=10%, signal=15%	
TISSUE REGENERATION%GOBP%GO:0042246	TISSUE REGENERATION%GOBP%GO:0042246		21	0.3119275	0.7988314	0.76666665	0.94864124	1.0	3230	tags=24%, list=20%, signal=30%	
FELODIPINE ACTION PATHWAY%PATHWHIZ%PW000392	FELODIPINE ACTION PATHWAY%PATHWHIZ%PW000392		38	0.28048277	0.79880565	0.8390558	0.9483581	1.0	1666	tags=13%, list=10%, signal=15%	
VERAPAMIL ACTION PATHWAY%SMPDB%SMP0000375	VERAPAMIL ACTION PATHWAY%SMPDB%SMP0000375		38	0.28048277	0.7987063	0.8333333	0.9482001	1.0	1666	tags=13%, list=10%, signal=15%	
PRACTOLOL ACTION PATHWAY%PATHWHIZ%PW000646	PRACTOLOL ACTION PATHWAY%PATHWHIZ%PW000646		38	0.28048277	0.79856646	0.81606764	0.94812953	1.0	1666	tags=13%, list=10%, signal=15%	
GROWTH%GOBP%GO:0040007	GROWTH%GOBP%GO:0040007		117	0.2258764	0.79854614	0.94690263	0.9478426	1.0	3230	tags=18%, list=20%, signal=22%	
BEVANTOLOL ACTION PATHWAY%PATHWHIZ%PW000645	BEVANTOLOL ACTION PATHWAY%PATHWHIZ%PW000645		38	0.28048277	0.798011	0.80543935	0.9484829	1.0	1666	tags=13%, list=10%, signal=15%	
POSITIVE REGULATION OF TRANSLATIONAL INITIATION%GOBP%GO:0045948	POSITIVE REGULATION OF TRANSLATIONAL INITIATION%GOBP%GO:0045948		22	0.31460807	0.79782724	0.79029125	0.9484953	1.0	2751	tags=27%, list=17%, signal=33%	
8P23 1 COPY NUMBER VARIATION SYNDROME%WIKIPATHWAYS_20250810%WP5346%HOMO SAPIENS	8P23 1 COPY NUMBER VARIATION SYNDROME%WIKIPATHWAYS_20250810%WP5346%HOMO SAPIENS		35	0.28232002	0.7976	0.81875	0.94858164	1.0	106	tags=6%, list=1%, signal=6%	
BDNF TRKB SIGNALING%WIKIPATHWAYS_20250810%WP3676%HOMO SAPIENS	BDNF TRKB SIGNALING%WIKIPATHWAYS_20250810%WP3676%HOMO SAPIENS		26	0.30616578	0.79746675	0.795501	0.94849795	1.0	2490	tags=19%, list=15%, signal=23%	
STEROL TRANSPORT%GOBP%GO:0015918	STEROL TRANSPORT%GOBP%GO:0015918		40	0.27569708	0.7974601	0.83766234	0.94818807	1.0	4020	tags=30%, list=24%, signal=40%	
DOBUTAMINE ACTION PATHWAY%PATHWHIZ%PW000639	DOBUTAMINE ACTION PATHWAY%PATHWHIZ%PW000639		38	0.28048277	0.7974286	0.84245074	0.94791687	1.0	1666	tags=13%, list=10%, signal=15%	
RESPONSE TO AMINO ACID%GOBP%GO:0043200	RESPONSE TO AMINO ACID%GOBP%GO:0043200		42	0.2681806	0.79723454	0.8368644	0.9479349	1.0	2758	tags=24%, list=17%, signal=29%	
ETHANOL EFFECTS ON HISTONE MODIFICATIONS%WIKIPATHWAYS_20250810%WP3996%HOMO SAPIENS	ETHANOL EFFECTS ON HISTONE MODIFICATIONS%WIKIPATHWAYS_20250810%WP3996%HOMO SAPIENS		19	0.3185703	0.7971649	0.7759674	0.94773495	1.0	2062	tags=26%, list=13%, signal=30%	
NIFEDIPINE ACTION PATHWAY%PATHWHIZ%PW000394	NIFEDIPINE ACTION PATHWAY%PATHWHIZ%PW000394		38	0.28048277	0.79714453	0.83367985	0.9474411	1.0	1666	tags=13%, list=10%, signal=15%	
CELLULAR RESPONSE TO HYPOXIA%GOBP%GO:0071456	CELLULAR RESPONSE TO HYPOXIA%GOBP%GO:0071456		66	0.2500704	0.79706496	0.8845316	0.94726914	1.0	1905	tags=14%, list=12%, signal=15%	
RIBOSOMAL SMALL SUBUNIT ASSEMBLY%GOBP%GO:0000028	RIBOSOMAL SMALL SUBUNIT ASSEMBLY%GOBP%GO:0000028		17	0.33197075	0.7970395	0.76553106	0.94699705	1.0	4057	tags=53%, list=25%, signal=70%	
CLATHRIN-DEPENDENT ENDOCYTOSIS%GOBP%GO:0072583	CLATHRIN-DEPENDENT ENDOCYTOSIS%GOBP%GO:0072583		30	0.28852147	0.7969441	0.82217574	0.94685566	1.0	2617	tags=27%, list=16%, signal=32%	
IMMUNOREGULATORY INTERACTIONS BETWEEN A LYMPHOID AND A NON-LYMPHOID CELL%REACTOME%R-HSA-198933.9	IMMUNOREGULATORY INTERACTIONS BETWEEN A LYMPHOID AND A NON-LYMPHOID CELL%REACTOME%R-HSA-198933.9		76	0.2439932	0.79692215	0.91897655	0.9465671	1.0	5734	tags=51%, list=35%, signal=79%	
POSITIVE REGULATION OF GROWTH%GOBP%GO:0045927	POSITIVE REGULATION OF GROWTH%GOBP%GO:0045927		121	0.22834945	0.79658043	0.9458824	0.94685316	1.0	2750	tags=15%, list=17%, signal=18%	
POSITIVE REGULATION OF PEPTIDYL-TYROSINE PHOSPHORYLATION%GOBP%GO:0050731	POSITIVE REGULATION OF PEPTIDYL-TYROSINE PHOSPHORYLATION%GOBP%GO:0050731		35	0.28004214	0.79646647	0.83801293	0.9467254	1.0	1679	tags=14%, list=10%, signal=16%	
EPINEPHRINE ACTION PATHWAY%PATHWHIZ%PW000638	EPINEPHRINE ACTION PATHWAY%PATHWHIZ%PW000638		38	0.28048277	0.7964422	0.81209505	0.9464481	1.0	1666	tags=13%, list=10%, signal=15%	
REGULATION OF INTRINSIC APOPTOTIC SIGNALING PATHWAY IN RESPONSE TO DNA DAMAGE%GOBP%GO:1902229	REGULATION OF INTRINSIC APOPTOTIC SIGNALING PATHWAY IN RESPONSE TO DNA DAMAGE%GOBP%GO:1902229		27	0.2942283	0.796408	0.81023455	0.9461854	1.0	3687	tags=33%, list=22%, signal=43%	
AMLODIPINE ACTION PATHWAY%PATHWHIZ%PW000391	AMLODIPINE ACTION PATHWAY%PATHWHIZ%PW000391		38	0.28048277	0.7960509	0.83296704	0.9464967	1.0	1666	tags=13%, list=10%, signal=15%	
REGULATION OF MITF-M-DEPENDENT GENES INVOLVED IN PIGMENTATION%REACTOME DATABASE ID RELEASE 93%9824585	REGULATION OF MITF-M-DEPENDENT GENES INVOLVED IN PIGMENTATION%REACTOME DATABASE ID RELEASE 93%9824585		34	0.28118035	0.7959913	0.81707317	0.9462702	1.0	2716	tags=21%, list=17%, signal=25%	
IFN-ALPHA%IOB%IFN-ALPHA	IFN-ALPHA%IOB%IFN-ALPHA		28	0.29485685	0.7956277	0.79014987	0.94657874	1.0	2490	tags=18%, list=15%, signal=21%	
L-ALPHA-AMINO ACID TRANSMEMBRANE TRANSPORT%GOBP%GO:1902475	L-ALPHA-AMINO ACID TRANSMEMBRANE TRANSPORT%GOBP%GO:1902475		33	0.281822	0.79561764	0.81135905	0.9462725	1.0	3432	tags=33%, list=21%, signal=42%	
POSITIVE REGULATION OF ION TRANSMEMBRANE TRANSPORTER ACTIVITY%GOBP%GO:0032414	POSITIVE REGULATION OF ION TRANSMEMBRANE TRANSPORTER ACTIVITY%GOBP%GO:0032414		24	0.30189583	0.7954595	0.79025424	0.9462229	1.0	2273	tags=21%, list=14%, signal=24%	
BODY FLUID SECRETION%GOBP%GO:0007589	BODY FLUID SECRETION%GOBP%GO:0007589		17	0.3299083	0.794914	0.76257545	0.9468567	1.0	4636	tags=41%, list=28%, signal=57%	
ECTODERM DIFFERENTIATION%WIKIPATHWAYS_20250810%WP2858%HOMO SAPIENS	ECTODERM DIFFERENTIATION%WIKIPATHWAYS_20250810%WP2858%HOMO SAPIENS		102	0.2327951	0.7946459	0.95089287	0.94699705	1.0	3788	tags=22%, list=23%, signal=28%	
NON-INTEGRIN MEMBRANE-ECM INTERACTIONS%REACTOME%R-HSA-3000171.6	NON-INTEGRIN MEMBRANE-ECM INTERACTIONS%REACTOME%R-HSA-3000171.6		53	0.25999722	0.793759	0.8448637	0.9482197	1.0	3522	tags=25%, list=21%, signal=31%	
NEGATIVE REGULATION OF LYMPHOCYTE ACTIVATION%GOBP%GO:0051250	NEGATIVE REGULATION OF LYMPHOCYTE ACTIVATION%GOBP%GO:0051250		95	0.23702121	0.7931352	0.9311164	0.9489902	1.0	4121	tags=25%, list=25%, signal=34%	
NERVE DEVELOPMENT%GOBP%GO:0021675	NERVE DEVELOPMENT%GOBP%GO:0021675		28	0.29283994	0.7926854	0.8121212	0.949434	1.0	3498	tags=25%, list=21%, signal=32%	
POSITIVE REGULATION OF T CELL PROLIFERATION%GOBP%GO:0042102	POSITIVE REGULATION OF T CELL PROLIFERATION%GOBP%GO:0042102		59	0.25145504	0.7925586	0.868476	0.9493388	1.0	4466	tags=25%, list=27%, signal=35%	
POSITIVE REGULATION OF CELL JUNCTION ASSEMBLY%GOBP%GO:1901890	POSITIVE REGULATION OF CELL JUNCTION ASSEMBLY%GOBP%GO:1901890		63	0.2485113	0.7924344	0.8812095	0.94922554	1.0	4350	tags=30%, list=27%, signal=41%	
NEGATIVE REGULATION OF CGAS/STING SIGNALING PATHWAY%GOBP%GO:0160049	NEGATIVE REGULATION OF CGAS/STING SIGNALING PATHWAY%GOBP%GO:0160049		15	0.34427917	0.79231757	0.76363635	0.9491025	1.0	2394	tags=33%, list=15%, signal=39%	
LYMPHOCYTE DIFFERENTIATION%GOBP%GO:0030098	LYMPHOCYTE DIFFERENTIATION%GOBP%GO:0030098		137	0.22197816	0.7920285	0.96279067	0.94926727	1.0	3159	tags=22%, list=19%, signal=27%	
CHOLESTEROL TRANSPORT%GOBP%GO:0030301	CHOLESTEROL TRANSPORT%GOBP%GO:0030301		37	0.27523816	0.79090565	0.8043011	0.95083106	1.0	4020	tags=30%, list=24%, signal=39%	
IMMUNE RESPONSE TO TUBERCULOSIS%WIKIPATHWAYS_20250810%WP4197%HOMO SAPIENS	IMMUNE RESPONSE TO TUBERCULOSIS%WIKIPATHWAYS_20250810%WP4197%HOMO SAPIENS		18	0.32203218	0.79003	0.73903966	0.9520079	1.0	825	tags=17%, list=5%, signal=18%	
SOTALOL ACTION PATHWAY%SMPDB%SMP0000660	SOTALOL ACTION PATHWAY%SMPDB%SMP0000660		38	0.28048277	0.78978074	0.8181818	0.95212764	1.0	1666	tags=13%, list=10%, signal=15%	
OOCYTE DIFFERENTIATION%GOBP%GO:0009994	OOCYTE DIFFERENTIATION%GOBP%GO:0009994		17	0.32624602	0.78976697	0.7672584	0.95182997	1.0	622	tags=12%, list=4%, signal=12%	
POSITIVE REGULATION OF T CELL RECEPTOR SIGNALING PATHWAY%GOBP%GO:0050862	POSITIVE REGULATION OF T CELL RECEPTOR SIGNALING PATHWAY%GOBP%GO:0050862		15	0.34147835	0.7893126	0.7602459	0.95222014	1.0	2483	tags=20%, list=15%, signal=24%	
COLUMNAR/CUBOIDAL EPITHELIAL CELL DIFFERENTIATION%GOBP%GO:0002065	COLUMNAR/CUBOIDAL EPITHELIAL CELL DIFFERENTIATION%GOBP%GO:0002065		21	0.3159641	0.78920037	0.81041664	0.9520757	1.0	2412	tags=24%, list=15%, signal=28%	
REGULATION OF HEART CONTRACTION%GOBP%GO:0008016	REGULATION OF HEART CONTRACTION%GOBP%GO:0008016		122	0.22394855	0.78880227	0.9528302	0.9524154	1.0	3409	tags=17%, list=21%, signal=22%	
ABERRANT REGULATION OF MITOTIC EXIT IN CANCER DUE TO RB1 DEFECTS%REACTOME DATABASE ID RELEASE 93%9687136	ABERRANT REGULATION OF MITOTIC EXIT IN CANCER DUE TO RB1 DEFECTS%REACTOME DATABASE ID RELEASE 93%9687136		18	0.3245958	0.78851295	0.779476	0.9525879	1.0	2666	tags=33%, list=16%, signal=40%	
STRIATED MUSCLE CELL DIFFERENTIATION%GOBP%GO:0051146	STRIATED MUSCLE CELL DIFFERENTIATION%GOBP%GO:0051146		93	0.23482324	0.78806955	0.9227468	0.95298225	1.0	3768	tags=24%, list=23%, signal=31%	
REGULATION OF LEUKOCYTE MEDIATED IMMUNITY%GOBP%GO:0002703	REGULATION OF LEUKOCYTE MEDIATED IMMUNITY%GOBP%GO:0002703		139	0.2217826	0.78780735	0.96634614	0.95308596	1.0	2939	tags=19%, list=18%, signal=23%	
B CELL RECEPTOR SIGNALING PATHWAY%GOBP%GO:0050853	B CELL RECEPTOR SIGNALING PATHWAY%GOBP%GO:0050853		39	0.2719394	0.7877439	0.84449244	0.9528806	1.0	3576	tags=23%, list=22%, signal=29%	
OOCYTE DEVELOPMENT%GOBP%GO:0048599	OOCYTE DEVELOPMENT%GOBP%GO:0048599		17	0.32624602	0.787428	0.77018636	0.9530781	1.0	622	tags=12%, list=4%, signal=12%	
REGULATION OF SMAD PROTEIN SIGNAL TRANSDUCTION%GOBP%GO:0060390	REGULATION OF SMAD PROTEIN SIGNAL TRANSDUCTION%GOBP%GO:0060390		48	0.2665936	0.7873746	0.8354701	0.9528435	1.0	4548	tags=27%, list=28%, signal=37%	
SELECTIVE EXPRESSION OF CHEMOKINE RECEPTORS DURING T CELL POLARIZATION%WIKIPATHWAYS_20250810%WP4494%HOMO SAPIENS	SELECTIVE EXPRESSION OF CHEMOKINE RECEPTORS DURING T CELL POLARIZATION%WIKIPATHWAYS_20250810%WP4494%HOMO SAPIENS		16	0.32418108	0.7872511	0.79	0.95272297	1.0	2590	tags=19%, list=16%, signal=22%	
CELLULAR RESPONSE TO ALCOHOL%GOBP%GO:0097306	CELLULAR RESPONSE TO ALCOHOL%GOBP%GO:0097306		54	0.25320876	0.7869273	0.8561644	0.9529295	1.0	1933	tags=13%, list=12%, signal=15%	
POSITIVE REGULATION OF CALCIUM ION TRANSMEMBRANE TRANSPORT%GOBP%GO:1904427	POSITIVE REGULATION OF CALCIUM ION TRANSMEMBRANE TRANSPORT%GOBP%GO:1904427		30	0.29031715	0.7867384	0.80368096	0.9529145	1.0	4679	tags=23%, list=29%, signal=33%	
CELL COMMUNICATION INVOLVED IN CARDIAC CONDUCTION%GOBP%GO:0086065	CELL COMMUNICATION INVOLVED IN CARDIAC CONDUCTION%GOBP%GO:0086065		32	0.27835014	0.7866542	0.82150537	0.9527353	1.0	683	tags=6%, list=4%, signal=7%	
DIGESTION%GOBP%GO:0007586	DIGESTION%GOBP%GO:0007586		40	0.26837936	0.78639907	0.83258927	0.95286	1.0	409	tags=5%, list=2%, signal=5%	
REGULATION OF EPIDERMAL CELL DIFFERENTIATION%GOBP%GO:0045604	REGULATION OF EPIDERMAL CELL DIFFERENTIATION%GOBP%GO:0045604		34	0.28089207	0.7860711	0.8305085	0.95308715	1.0	3668	tags=26%, list=22%, signal=34%	
LUNG FIBROSIS%WIKIPATHWAYS_20250810%WP3624%HOMO SAPIENS	LUNG FIBROSIS%WIKIPATHWAYS_20250810%WP3624%HOMO SAPIENS		38	0.27339286	0.7860328	0.8622881	0.9528401	1.0	4451	tags=34%, list=27%, signal=47%	
TRABECULA MORPHOGENESIS%GOBP%GO:0061383	TRABECULA MORPHOGENESIS%GOBP%GO:0061383		19	0.31757933	0.7860009	0.8020833	0.95257473	1.0	3165	tags=16%, list=19%, signal=20%	
ORGANIC HYDROXY COMPOUND TRANSPORT%GOBP%GO:0015850	ORGANIC HYDROXY COMPOUND TRANSPORT%GOBP%GO:0015850		89	0.234591	0.784357	0.9492274	0.9549375	1.0	4078	tags=22%, list=25%, signal=30%	
PROTEIN MONOUBIQUITINATION%GOBP%GO:0006513	PROTEIN MONOUBIQUITINATION%GOBP%GO:0006513		38	0.27766162	0.78423744	0.84035474	0.95480704	1.0	1520	tags=13%, list=9%, signal=14%	
DEVELOPMENTAL GROWTH%GOBP%GO:0048589	DEVELOPMENTAL GROWTH%GOBP%GO:0048589		117	0.2258764	0.7834838	0.95364237	0.9557027	1.0	3230	tags=18%, list=20%, signal=22%	
CHROMATIN MODIFICATIONS DURING THE MATERNAL TO ZYGOTIC TRANSITION (MZT)%REACTOME DATABASE ID RELEASE 93%9821002	CHROMATIN MODIFICATIONS DURING THE MATERNAL TO ZYGOTIC TRANSITION (MZT)%REACTOME DATABASE ID RELEASE 93%9821002		20	0.3074491	0.783451	0.8154762	0.9554429	1.0	5029	tags=35%, list=31%, signal=50%	
MITOTIC DNA DAMAGE CHECKPOINT SIGNALING%GOBP%GO:0044773	MITOTIC DNA DAMAGE CHECKPOINT SIGNALING%GOBP%GO:0044773		55	0.25523973	0.78285676	0.886076	0.95605856	1.0	1595	tags=15%, list=10%, signal=16%	
NEGATIVE REGULATION OF CYTOSKELETON ORGANIZATION%GOBP%GO:0051494	NEGATIVE REGULATION OF CYTOSKELETON ORGANIZATION%GOBP%GO:0051494		104	0.22520363	0.7828332	0.9466357	0.9557779	1.0	3312	tags=25%, list=20%, signal=31%	
HS-GAG BIOSYNTHESIS%REACTOME DATABASE ID RELEASE 93%2022928	HS-GAG BIOSYNTHESIS%REACTOME DATABASE ID RELEASE 93%2022928		31	0.28518128	0.78263795	0.81578946	0.95578015	1.0	3079	tags=23%, list=19%, signal=28%	
TSLP%NETPATH%TSLP	TSLP%NETPATH%TSLP		16	0.3353702	0.78263414	0.7750511	0.95546764	1.0	2553	tags=31%, list=16%, signal=37%	
NOTCH1 INTRACELLULAR DOMAIN REGULATES TRANSCRIPTION%REACTOME DATABASE ID RELEASE 93%2122947	NOTCH1 INTRACELLULAR DOMAIN REGULATES TRANSCRIPTION%REACTOME DATABASE ID RELEASE 93%2122947		43	0.26568833	0.7825308	0.8580508	0.95532835	1.0	4072	tags=42%, list=25%, signal=56%	
OVARIAN INFERTILITY%WIKIPATHWAYS_20250810%WP34%HOMO SAPIENS	OVARIAN INFERTILITY%WIKIPATHWAYS_20250810%WP34%HOMO SAPIENS		22	0.30732098	0.7823079	0.77896994	0.9553424	1.0	940	tags=14%, list=6%, signal=14%	
RESPONSE TO PH%GOBP%GO:0009268	RESPONSE TO PH%GOBP%GO:0009268		23	0.30647355	0.78214926	0.80241936	0.95527184	1.0	5260	tags=39%, list=32%, signal=58%	
METALLO-SULFUR CLUSTER ASSEMBLY%GOBP%GO:0031163	METALLO-SULFUR CLUSTER ASSEMBLY%GOBP%GO:0031163		22	0.30699155	0.7813433	0.8156182	0.95622027	1.0	2268	tags=23%, list=14%, signal=26%	
NEGATIVE REGULATION OF CHEMOTAXIS%GOBP%GO:0050922	NEGATIVE REGULATION OF CHEMOTAXIS%GOBP%GO:0050922		26	0.29741228	0.78103364	0.82974136	0.95641243	1.0	3165	tags=23%, list=19%, signal=29%	
POSITIVE REGULATION OF CELL GROWTH%GOBP%GO:0030307	POSITIVE REGULATION OF CELL GROWTH%GOBP%GO:0030307		93	0.22946882	0.7810178	0.9484305	0.956115	1.0	2750	tags=15%, list=17%, signal=18%	
TRANSCRIPTION OF E2F TARGETS UNDER NEGATIVE CONTROL BY DREAM COMPLEX%REACTOME DATABASE ID RELEASE 93%1362277	TRANSCRIPTION OF E2F TARGETS UNDER NEGATIVE CONTROL BY DREAM COMPLEX%REACTOME DATABASE ID RELEASE 93%1362277		18	0.31641132	0.78067136	0.8066528	0.95636415	1.0	5014	tags=44%, list=31%, signal=64%	
ASSOCIATIVE LEARNING%GOBP%GO:0008306	ASSOCIATIVE LEARNING%GOBP%GO:0008306		19	0.32005507	0.7805241	0.81458336	0.956275	1.0	1698	tags=11%, list=10%, signal=12%	
SIGNAL AMPLIFICATION%REACTOME DATABASE ID RELEASE 93%392518	SIGNAL AMPLIFICATION%REACTOME DATABASE ID RELEASE 93%392518		25	0.29958037	0.7804522	0.82589287	0.95607334	1.0	1440	tags=16%, list=9%, signal=18%	
BUTYRATE RESPONSE FACTOR 1 (BRF1) BINDS AND DESTABILIZES MRNA%REACTOME%R-HSA-450385.3	BUTYRATE RESPONSE FACTOR 1 (BRF1) BINDS AND DESTABILIZES MRNA%REACTOME%R-HSA-450385.3		16	0.3240068	0.7796133	0.8015267	0.95701534	1.0	2824	tags=25%, list=17%, signal=30%	
IMMUNE INFILTRATION IN PANCREATIC CANCER%WIKIPATHWAYS_20250810%WP5285%HOMO SAPIENS	IMMUNE INFILTRATION IN PANCREATIC CANCER%WIKIPATHWAYS_20250810%WP5285%HOMO SAPIENS		16	0.3294941	0.7782809	0.793456	0.958741	1.0	3686	tags=25%, list=22%, signal=32%	
BLOOD VESSEL MORPHOGENESIS%GOBP%GO:0048514	BLOOD VESSEL MORPHOGENESIS%GOBP%GO:0048514		199	0.20981824	0.77808595	0.97536945	0.9587291	1.0	4514	tags=31%, list=28%, signal=42%	
BILE ACID AND BILE SALT TRANSPORT%GOBP%GO:0015721	BILE ACID AND BILE SALT TRANSPORT%GOBP%GO:0015721		16	0.32480684	0.7775094	0.7617021	0.9593045	1.0	2608	tags=19%, list=16%, signal=22%	
REGULATION OF T-HELPER CELL DIFFERENTIATION%GOBP%GO:0045622	REGULATION OF T-HELPER CELL DIFFERENTIATION%GOBP%GO:0045622		34	0.2789507	0.7772036	0.8293173	0.9594495	1.0	1780	tags=15%, list=11%, signal=16%	
RAS PROCESSING%REACTOME DATABASE ID RELEASE 93%9648002	RAS PROCESSING%REACTOME DATABASE ID RELEASE 93%9648002		17	0.32296416	0.7769465	0.82376236	0.9595424	1.0	570	tags=12%, list=3%, signal=12%	
FORMATION OF THE BETA-CATENIN:TCF TRANSACTIVATING COMPLEX%REACTOME DATABASE ID RELEASE 93%201722	FORMATION OF THE BETA-CATENIN:TCF TRANSACTIVATING COMPLEX%REACTOME DATABASE ID RELEASE 93%201722		41	0.26624373	0.7766916	0.8641189	0.9596007	1.0	2705	tags=20%, list=16%, signal=23%	
CLASS A 1 (RHODOPSIN-LIKE RECEPTORS)%REACTOME%R-HSA-373076.10	CLASS A 1 (RHODOPSIN-LIKE RECEPTORS)%REACTOME%R-HSA-373076.10		161	0.21377747	0.77666867	0.98568016	0.95931673	1.0	2737	tags=12%, list=17%, signal=14%	
STRESS GRANULE ASSEMBLY%GOBP%GO:0034063	STRESS GRANULE ASSEMBLY%GOBP%GO:0034063		23	0.30273223	0.7763639	0.8069815	0.9594726	1.0	1197	tags=13%, list=7%, signal=14%	
BIOCARTA_NKT_PATHWAY%MSIGDB_C2%BIOCARTA_NKT_PATHWAY	BIOCARTA_NKT_PATHWAY%MSIGDB_C2%BIOCARTA_NKT_PATHWAY		15	0.33419472	0.7761981	0.76987445	0.95942456	1.0	2590	tags=20%, list=16%, signal=24%	
PID_INSULIN_GLUCOSE_PATHWAY%MSIGDB_C2%PID_INSULIN_GLUCOSE_PATHWAY	PID_INSULIN_GLUCOSE_PATHWAY%MSIGDB_C2%PID_INSULIN_GLUCOSE_PATHWAY		16	0.33464405	0.7758594	0.79527557	0.9596109	1.0	2169	tags=25%, list=13%, signal=29%	
ALDEHYDE METABOLIC PROCESS%GOBP%GO:0006081	ALDEHYDE METABOLIC PROCESS%GOBP%GO:0006081		40	0.2637631	0.77562463	0.87291664	0.9596477	1.0	3706	tags=23%, list=23%, signal=29%	
POSITIVE REGULATION OF PURINE NUCLEOTIDE METABOLIC PROCESS%GOBP%GO:1900544	POSITIVE REGULATION OF PURINE NUCLEOTIDE METABOLIC PROCESS%GOBP%GO:1900544		25	0.29516137	0.7755102	0.8363636	0.95950544	1.0	4797	tags=40%, list=29%, signal=56%	
FCGAMMA RECEPTOR (FCGR) DEPENDENT PHAGOCYTOSIS%REACTOME%R-HSA-2029480.3	FCGAMMA RECEPTOR (FCGR) DEPENDENT PHAGOCYTOSIS%REACTOME%R-HSA-2029480.3		82	0.2359358	0.7754224	0.93722945	0.959325	1.0	4074	tags=30%, list=25%, signal=40%	
MITOTIC DNA INTEGRITY CHECKPOINT SIGNALING%GOBP%GO:0044774	MITOTIC DNA INTEGRITY CHECKPOINT SIGNALING%GOBP%GO:0044774		59	0.2478452	0.77505606	0.89917696	0.959568	1.0	1595	tags=14%, list=10%, signal=15%	
MIRNA METABOLIC PROCESS%GOBP%GO:0010586	MIRNA METABOLIC PROCESS%GOBP%GO:0010586		17	0.3197213	0.77418745	0.7766798	0.96053296	1.0	1196	tags=18%, list=7%, signal=19%	
FEMALE GONAD DEVELOPMENT%GOBP%GO:0008585	FEMALE GONAD DEVELOPMENT%GOBP%GO:0008585		24	0.30002615	0.7740973	0.832998	0.9603543	1.0	272	tags=4%, list=2%, signal=4%	
HOMOLOGOUS CHROMOSOME PAIRING AT MEIOSIS%GOBP%GO:0007129	HOMOLOGOUS CHROMOSOME PAIRING AT MEIOSIS%GOBP%GO:0007129		25	0.2928903	0.77360016	0.8408163	0.9607805	1.0	774	tags=8%, list=5%, signal=8%	
NEGATIVE REGULATION OF PROTEIN POLYMERIZATION%GOBP%GO:0032272	NEGATIVE REGULATION OF PROTEIN POLYMERIZATION%GOBP%GO:0032272		39	0.26506895	0.77116674	0.85560346	0.96409476	1.0	3312	tags=31%, list=20%, signal=38%	
SENSORY PERCEPTION OF SOUND%GOBP%GO:0007605	SENSORY PERCEPTION OF SOUND%GOBP%GO:0007605		86	0.23281907	0.7711317	0.94588745	0.96382415	1.0	3954	tags=23%, list=24%, signal=30%	
NUCLEOBASE METABOLIC PROCESS%GOBP%GO:0009112	NUCLEOBASE METABOLIC PROCESS%GOBP%GO:0009112		21	0.30474034	0.7710963	0.8285124	0.96356106	1.0	2441	tags=19%, list=15%, signal=22%	
REGULATION OF POLYSACCHARIDE METABOLIC PROCESS%GOBP%GO:0032881	REGULATION OF POLYSACCHARIDE METABOLIC PROCESS%GOBP%GO:0032881		30	0.28312835	0.77064466	0.8666667	0.96389455	1.0	3258	tags=33%, list=20%, signal=42%	
POSITIVE REGULATION OF EXTRINSIC APOPTOTIC SIGNALING PATHWAY%GOBP%GO:2001238	POSITIVE REGULATION OF EXTRINSIC APOPTOTIC SIGNALING PATHWAY%GOBP%GO:2001238		33	0.27591792	0.7706322	0.8645833	0.96359646	1.0	4879	tags=39%, list=30%, signal=56%	
POSITIVE REGULATION OF NUCLEOTIDE METABOLIC PROCESS%GOBP%GO:0045981	POSITIVE REGULATION OF NUCLEOTIDE METABOLIC PROCESS%GOBP%GO:0045981		25	0.29516137	0.77057683	0.825	0.96335995	1.0	4797	tags=40%, list=29%, signal=56%	
NPAS4 REGULATES EXPRESSION OF TARGET GENES%REACTOME%R-HSA-9768919.3	NPAS4 REGULATES EXPRESSION OF TARGET GENES%REACTOME%R-HSA-9768919.3		19	0.31124845	0.7705568	0.8036437	0.9630663	1.0	38	tags=5%, list=0%, signal=5%	
IRON-SULFUR CLUSTER ASSEMBLY%GOBP%GO:0016226	IRON-SULFUR CLUSTER ASSEMBLY%GOBP%GO:0016226		22	0.30699155	0.77054936	0.785872	0.96275854	1.0	2268	tags=23%, list=14%, signal=26%	
PID_ER_NONGENOMIC_PATHWAY%MSIGDB_C2%PID_ER_NONGENOMIC_PATHWAY	PID_ER_NONGENOMIC_PATHWAY%MSIGDB_C2%PID_ER_NONGENOMIC_PATHWAY		30	0.28439596	0.770371	0.8509317	0.96269506	1.0	2600	tags=23%, list=16%, signal=28%	
NEUROINFLAMMATORY RESPONSE%GOBP%GO:0150076	NEUROINFLAMMATORY RESPONSE%GOBP%GO:0150076		23	0.29669803	0.76976335	0.80991733	0.963245	1.0	895	tags=13%, list=5%, signal=14%	
REGULATION OF FERROPTOSIS%GOBP%GO:0110075	REGULATION OF FERROPTOSIS%GOBP%GO:0110075		26	0.29170144	0.7694993	0.83434343	0.96331614	1.0	3875	tags=42%, list=24%, signal=55%	
PIGMENT BIOSYNTHETIC PROCESS%GOBP%GO:0046148	PIGMENT BIOSYNTHETIC PROCESS%GOBP%GO:0046148		21	0.306211	0.7691394	0.79697627	0.963512	1.0	1678	tags=19%, list=10%, signal=21%	
RESPONSE TO ACIDIC PH%GOBP%GO:0010447	RESPONSE TO ACIDIC PH%GOBP%GO:0010447		17	0.31772363	0.76892924	0.79651165	0.9634929	1.0	5260	tags=47%, list=32%, signal=69%	
ABERRANT REGULATION OF MITOTIC CELL CYCLE DUE TO RB1 DEFECTS%REACTOME DATABASE ID RELEASE 93%9687139	ABERRANT REGULATION OF MITOTIC CELL CYCLE DUE TO RB1 DEFECTS%REACTOME DATABASE ID RELEASE 93%9687139		33	0.27346566	0.76878947	0.87083334	0.9633612	1.0	3354	tags=30%, list=20%, signal=38%	
NCAM1 INTERACTIONS%REACTOME DATABASE ID RELEASE 93%419037	NCAM1 INTERACTIONS%REACTOME DATABASE ID RELEASE 93%419037		30	0.280495	0.7683511	0.8391753	0.96365803	1.0	5449	tags=30%, list=33%, signal=45%	
REGULATION OF TRANSMEMBRANE TRANSPORTER ACTIVITY%GOBP%GO:0022898	REGULATION OF TRANSMEMBRANE TRANSPORTER ACTIVITY%GOBP%GO:0022898		51	0.24852218	0.7682302	0.90949225	0.9635127	1.0	3081	tags=24%, list=19%, signal=29%	
DNA REPLICATION CHECKPOINT SIGNALING%GOBP%GO:0000076	DNA REPLICATION CHECKPOINT SIGNALING%GOBP%GO:0000076		19	0.30775777	0.7676243	0.82539684	0.9640961	1.0	5712	tags=32%, list=35%, signal=48%	
PEPTIDYL-TYROSINE MODIFICATION%GOBP%GO:0018212	PEPTIDYL-TYROSINE MODIFICATION%GOBP%GO:0018212		46	0.25565875	0.76741797	0.9028436	0.96405697	1.0	38	tags=4%, list=0%, signal=4%	
PARKINSON DISEASE%PANTHER PATHWAY%P00049	PARKINSON DISEASE%PANTHER PATHWAY%P00049		37	0.27009776	0.76724786	0.86451614	0.9639649	1.0	1468	tags=11%, list=9%, signal=12%	
CELLULAR RESPONSE TO DECREASED OXYGEN LEVELS%GOBP%GO:0036294	CELLULAR RESPONSE TO DECREASED OXYGEN LEVELS%GOBP%GO:0036294		69	0.23940164	0.76578766	0.9281046	0.9657073	1.0	1905	tags=13%, list=12%, signal=15%	
ACTIN POLYMERIZATION OR DEPOLYMERIZATION%GOBP%GO:0008154	ACTIN POLYMERIZATION OR DEPOLYMERIZATION%GOBP%GO:0008154		45	0.25497726	0.7657818	0.8888889	0.9653964	1.0	2820	tags=24%, list=17%, signal=29%	
POSITIVE REGULATION OF ATP METABOLIC PROCESS%GOBP%GO:1903580	POSITIVE REGULATION OF ATP METABOLIC PROCESS%GOBP%GO:1903580		25	0.29516137	0.7654352	0.83693516	0.96558297	1.0	4797	tags=40%, list=29%, signal=56%	
POSITIVE REGULATION OF EXCITATORY POSTSYNAPTIC POTENTIAL%GOBP%GO:2000463	POSITIVE REGULATION OF EXCITATORY POSTSYNAPTIC POTENTIAL%GOBP%GO:2000463		21	0.3051969	0.76535255	0.8168724	0.9653747	1.0	1780	tags=19%, list=11%, signal=21%	
ACTIVATION OF GENE EXPRESSION BY SREBF (SREBP)%REACTOME%R-HSA-2426168.5	ACTIVATION OF GENE EXPRESSION BY SREBF (SREBP)%REACTOME%R-HSA-2426168.5		38	0.26422018	0.76464635	0.8767967	0.9660469	1.0	2489	tags=18%, list=15%, signal=22%	
REGULATION OF MONOATOMIC ION TRANSMEMBRANE TRANSPORTER ACTIVITY%GOBP%GO:0032412	REGULATION OF MONOATOMIC ION TRANSMEMBRANE TRANSPORTER ACTIVITY%GOBP%GO:0032412		50	0.25202897	0.76386756	0.9235669	0.9668325	1.0	3081	tags=24%, list=19%, signal=29%	
NEGATIVE REGULATION OF SMOOTHENED SIGNALING PATHWAY%GOBP%GO:0045879	NEGATIVE REGULATION OF SMOOTHENED SIGNALING PATHWAY%GOBP%GO:0045879		24	0.29398385	0.7638209	0.8423326	0.96657777	1.0	3244	tags=29%, list=20%, signal=36%	
POSITIVE REGULATION OF HOMOTYPIC CELL-CELL ADHESION%GOBP%GO:0034112	POSITIVE REGULATION OF HOMOTYPIC CELL-CELL ADHESION%GOBP%GO:0034112		16	0.32260078	0.76236075	0.805395	0.9683547	1.0	2148	tags=19%, list=13%, signal=22%	
REGULATION OF SEQUESTERING OF CALCIUM ION%GOBP%GO:0051282	REGULATION OF SEQUESTERING OF CALCIUM ION%GOBP%GO:0051282		82	0.22799522	0.7617014	0.95381063	0.9689542	1.0	4047	tags=24%, list=25%, signal=32%	
PID_P38_MKK3_6PATHWAY%MSIGDB_C2%PID_P38_MKK3_6PATHWAY	PID_P38_MKK3_6PATHWAY%MSIGDB_C2%PID_P38_MKK3_6PATHWAY		20	0.30754617	0.76139855	0.8194726	0.9690575	1.0	1897	tags=30%, list=12%, signal=34%	
POST-TRANSLATIONAL MODIFICATION: SYNTHESIS OF GPI-ANCHORED PROTEINS%REACTOME DATABASE ID RELEASE 93%163125	POST-TRANSLATIONAL MODIFICATION: SYNTHESIS OF GPI-ANCHORED PROTEINS%REACTOME DATABASE ID RELEASE 93%163125		60	0.24237809	0.7610092	0.9255319	0.96927816	1.0	3807	tags=32%, list=23%, signal=41%	
REGULATION OF CD4-POSITIVE, ALPHA-BETA T CELL ACTIVATION%GOBP%GO:2000514	REGULATION OF CD4-POSITIVE, ALPHA-BETA T CELL ACTIVATION%GOBP%GO:2000514		52	0.2480233	0.7605158	0.90712744	0.9696324	1.0	2938	tags=17%, list=18%, signal=21%	
NEGATIVE REGULATION OF FAT CELL DIFFERENTIATION%GOBP%GO:0045599	NEGATIVE REGULATION OF FAT CELL DIFFERENTIATION%GOBP%GO:0045599		32	0.27347624	0.76025736	0.84647304	0.9696733	1.0	1809	tags=16%, list=11%, signal=18%	
T CELL DIFFERENTIATION%GOBP%GO:0030217	T CELL DIFFERENTIATION%GOBP%GO:0030217		84	0.23012882	0.76006824	0.9488889	0.96960676	1.0	3159	tags=21%, list=19%, signal=26%	
POSITIVE REGULATION OF WOUND HEALING%GOBP%GO:0090303	POSITIVE REGULATION OF WOUND HEALING%GOBP%GO:0090303		43	0.2571403	0.7596519	0.8989011	0.9698707	1.0	3470	tags=28%, list=21%, signal=35%	
SLEEP REGULATION%WIKIPATHWAYS_20250810%WP3591%HOMO SAPIENS	SLEEP REGULATION%WIKIPATHWAYS_20250810%WP3591%HOMO SAPIENS		15	0.32784855	0.7596343	0.828125	0.9695762	1.0	1135	tags=13%, list=7%, signal=14%	
REGULATION OF POLYSACCHARIDE BIOSYNTHETIC PROCESS%GOBP%GO:0032885	REGULATION OF POLYSACCHARIDE BIOSYNTHETIC PROCESS%GOBP%GO:0032885		27	0.28676444	0.7593541	0.859375	0.9696364	1.0	3258	tags=33%, list=20%, signal=42%	
POSITIVE REGULATION OF SYNAPSE ASSEMBLY%GOBP%GO:0051965	POSITIVE REGULATION OF SYNAPSE ASSEMBLY%GOBP%GO:0051965		34	0.26997688	0.7587032	0.8612245	0.9701856	1.0	4629	tags=32%, list=28%, signal=45%	
TIGHT JUNCTION ASSEMBLY%GOBP%GO:0120192	TIGHT JUNCTION ASSEMBLY%GOBP%GO:0120192		38	0.26235518	0.75757325	0.8888889	0.9713732	1.0	3141	tags=26%, list=19%, signal=32%	
RUNX2 REGULATES OSTEOBLAST DIFFERENTIATION%REACTOME%R-HSA-8940973.2	RUNX2 REGULATES OSTEOBLAST DIFFERENTIATION%REACTOME%R-HSA-8940973.2		20	0.30545714	0.7567052	0.82391304	0.97220254	1.0	2672	tags=25%, list=16%, signal=30%	
SPINAL CORD INJURY%WIKIPATHWAYS_20250810%WP2431%HOMO SAPIENS	SPINAL CORD INJURY%WIKIPATHWAYS_20250810%WP2431%HOMO SAPIENS		75	0.22996448	0.7556728	0.9467849	0.9732716	1.0	4078	tags=21%, list=25%, signal=28%	
MITOCHONDRIAL TRNA AMINOACYLATION%REACTOME DATABASE ID RELEASE 93%379726	MITOCHONDRIAL TRNA AMINOACYLATION%REACTOME DATABASE ID RELEASE 93%379726		19	0.3063195	0.7548475	0.82791585	0.97402084	1.0	2382	tags=21%, list=15%, signal=25%	
PEPTIDYL-TYROSINE PHOSPHORYLATION%GOBP%GO:0018108	PEPTIDYL-TYROSINE PHOSPHORYLATION%GOBP%GO:0018108		45	0.2567584	0.75416744	0.9014989	0.9745733	1.0	38	tags=4%, list=0%, signal=4%	
G ALPHA (S) SIGNALLING EVENTS%REACTOME%R-HSA-418555.12	G ALPHA (S) SIGNALLING EVENTS%REACTOME%R-HSA-418555.12		90	0.22478975	0.75332963	0.9675926	0.97533184	1.0	3524	tags=22%, list=21%, signal=28%	
ECM PROTEOGLYCANS%REACTOME DATABASE ID RELEASE 93%3000178	ECM PROTEOGLYCANS%REACTOME DATABASE ID RELEASE 93%3000178		48	0.24906328	0.7522359	0.93064874	0.97641057	1.0	3497	tags=21%, list=21%, signal=26%	
CELL-SUBSTRATE JUNCTION ASSEMBLY%GOBP%GO:0007044	CELL-SUBSTRATE JUNCTION ASSEMBLY%GOBP%GO:0007044		27	0.2766711	0.7521747	0.86550975	0.97616774	1.0	4296	tags=41%, list=26%, signal=55%	
ANTIGEN PROCESSING AND PRESENTATION OF PEPTIDE ANTIGEN VIA MHC CLASS II%GOBP%GO:0002495	ANTIGEN PROCESSING AND PRESENTATION OF PEPTIDE ANTIGEN VIA MHC CLASS II%GOBP%GO:0002495		25	0.28395325	0.751535	0.84631145	0.9766354	1.0	6008	tags=60%, list=37%, signal=95%	
EPIDERMIS DEVELOPMENT%GOBP%GO:0008544	EPIDERMIS DEVELOPMENT%GOBP%GO:0008544		107	0.21829732	0.75130683	0.9752809	0.97661465	1.0	4451	tags=26%, list=27%, signal=36%	
NATURAL KILLER CELL MEDIATED IMMUNITY%GOBP%GO:0002228	NATURAL KILLER CELL MEDIATED IMMUNITY%GOBP%GO:0002228		22	0.29084873	0.750772	0.8597561	0.97696614	1.0	2823	tags=27%, list=17%, signal=33%	
INTRACELLULAR CALCIUM ION HOMEOSTASIS%GOBP%GO:0006874	INTRACELLULAR CALCIUM ION HOMEOSTASIS%GOBP%GO:0006874		123	0.21413352	0.74994266	0.9807692	0.9777351	1.0	3388	tags=20%, list=21%, signal=24%	
CERAMIDE TRANSPORT%GOBP%GO:0035627	CERAMIDE TRANSPORT%GOBP%GO:0035627		15	0.32832342	0.74975353	0.8109756	0.9776459	1.0	1591	tags=27%, list=10%, signal=30%	
PID_MAPK_TRK_PATHWAY%MSIGDB_C2%PID_MAPK_TRK_PATHWAY	PID_MAPK_TRK_PATHWAY%MSIGDB_C2%PID_MAPK_TRK_PATHWAY		27	0.28343976	0.7495168	0.874	0.97763616	1.0	67	tags=7%, list=0%, signal=7%	
TRANSCRIPTION OF E2F TARGETS UNDER NEGATIVE CONTROL BY P107 (RBL1) AND P130 (RBL2) IN COMPLEX WITH HDAC1%REACTOME DATABASE ID RELEASE 93%1362300	TRANSCRIPTION OF E2F TARGETS UNDER NEGATIVE CONTROL BY P107 (RBL1) AND P130 (RBL2) IN COMPLEX WITH HDAC1%REACTOME DATABASE ID RELEASE 93%1362300		15	0.32670808	0.7493112	0.825	0.97758573	1.0	3556	tags=27%, list=22%, signal=34%	
REGULATION OF SMOOTH MUSCLE CELL MIGRATION%GOBP%GO:0014910	REGULATION OF SMOOTH MUSCLE CELL MIGRATION%GOBP%GO:0014910		33	0.26588804	0.7484135	0.8909853	0.9784038	1.0	4509	tags=33%, list=27%, signal=46%	
ENERGY HOMEOSTASIS%GOBP%GO:0097009	ENERGY HOMEOSTASIS%GOBP%GO:0097009		33	0.26610187	0.74829847	0.87045455	0.97821146	1.0	2613	tags=21%, list=16%, signal=25%	
TIGHT JUNCTION ORGANIZATION%GOBP%GO:0120193	TIGHT JUNCTION ORGANIZATION%GOBP%GO:0120193		38	0.26235518	0.7482495	0.9033613	0.9779575	1.0	3141	tags=26%, list=19%, signal=32%	
NEGATIVE REGULATION OF LEUKOCYTE MEDIATED CYTOTOXICITY%GOBP%GO:0001911	NEGATIVE REGULATION OF LEUKOCYTE MEDIATED CYTOTOXICITY%GOBP%GO:0001911		22	0.29152885	0.74796367	0.8482906	0.9779712	1.0	5734	tags=55%, list=35%, signal=84%	
MACROPHAGE DIFFERENTIATION%GOBP%GO:0030225	MACROPHAGE DIFFERENTIATION%GOBP%GO:0030225		21	0.2968197	0.7478987	0.84968686	0.97773516	1.0	1339	tags=10%, list=8%, signal=10%	
PLATELET CALCIUM HOMEOSTASIS%REACTOME DATABASE ID RELEASE 93%418360	PLATELET CALCIUM HOMEOSTASIS%REACTOME DATABASE ID RELEASE 93%418360		22	0.28981024	0.74789	0.8636364	0.9774282	1.0	3481	tags=32%, list=21%, signal=40%	
NEGATIVE REGULATION OF INTRINSIC APOPTOTIC SIGNALING PATHWAY IN RESPONSE TO DNA DAMAGE%GOBP%GO:1902230	NEGATIVE REGULATION OF INTRINSIC APOPTOTIC SIGNALING PATHWAY IN RESPONSE TO DNA DAMAGE%GOBP%GO:1902230		24	0.2791253	0.7476981	0.87083334	0.9773656	1.0	3687	tags=33%, list=22%, signal=43%	
FATTY ACID TRANSPORT%GOBP%GO:0015908	FATTY ACID TRANSPORT%GOBP%GO:0015908		44	0.25473696	0.7474845	0.8908297	0.9773172	1.0	3848	tags=32%, list=23%, signal=41%	
REGULATION OF WOUND HEALING%GOBP%GO:0061041	REGULATION OF WOUND HEALING%GOBP%GO:0061041		84	0.22410472	0.74734133	0.9699769	0.97718376	1.0	3470	tags=21%, list=21%, signal=27%	
REGULATION OF RAC1 ACTIVITY%PATHWAY INTERACTION DATABASE NCI-NATURE CURATED DATA%REGULATION OF RAC1 ACTIVITY	REGULATION OF RAC1 ACTIVITY%PATHWAY INTERACTION DATABASE NCI-NATURE CURATED DATA%REGULATION OF RAC1 ACTIVITY		35	0.26549396	0.74700934	0.8755187	0.9772827	1.0	2215	tags=14%, list=13%, signal=16%	
MEIOTIC NUCLEAR DIVISION%GOBP%GO:0140013	MEIOTIC NUCLEAR DIVISION%GOBP%GO:0140013		100	0.21769744	0.7469686	0.9826087	0.97701883	1.0	1346	tags=8%, list=8%, signal=9%	
REGULATION OF STEROID BIOSYNTHETIC PROCESS%GOBP%GO:0050810	REGULATION OF STEROID BIOSYNTHETIC PROCESS%GOBP%GO:0050810		45	0.24834017	0.74631625	0.89285713	0.97750443	1.0	3457	tags=20%, list=21%, signal=25%	
REGULATION OF MEMBRANE REPOLARIZATION%GOBP%GO:0060306	REGULATION OF MEMBRANE REPOLARIZATION%GOBP%GO:0060306		26	0.27879667	0.74617666	0.8645833	0.97736704	1.0	2194	tags=15%, list=13%, signal=18%	
KINESINS%REACTOME%R-HSA-983189.5	KINESINS%REACTOME%R-HSA-983189.5		40	0.2586324	0.74592656	0.88986784	0.97734606	1.0	679	tags=8%, list=4%, signal=8%	
POSITIVE REGULATION OF MYOBLAST DIFFERENTIATION%GOBP%GO:0045663	POSITIVE REGULATION OF MYOBLAST DIFFERENTIATION%GOBP%GO:0045663		32	0.2657211	0.7455346	0.87966806	0.9774997	1.0	2177	tags=19%, list=13%, signal=22%	
RECEPTOR CLUSTERING%GOBP%GO:0043113	RECEPTOR CLUSTERING%GOBP%GO:0043113		31	0.26439604	0.74544346	0.8864971	0.97730213	1.0	1522	tags=13%, list=9%, signal=14%	
EPITHELIAL CELL PROLIFERATION%GOBP%GO:0050673	EPITHELIAL CELL PROLIFERATION%GOBP%GO:0050673		37	0.25445122	0.74448776	0.9186295	0.97814304	1.0	4509	tags=32%, list=27%, signal=45%	
MEMBRANE PROTEIN ECTODOMAIN PROTEOLYSIS%GOBP%GO:0006509	MEMBRANE PROTEIN ECTODOMAIN PROTEOLYSIS%GOBP%GO:0006509		17	0.31229442	0.74436593	0.8229167	0.97796994	1.0	4681	tags=41%, list=29%, signal=58%	
REGULATION OF SMOOTH MUSCLE CELL APOPTOTIC PROCESS%GOBP%GO:0034391	REGULATION OF SMOOTH MUSCLE CELL APOPTOTIC PROCESS%GOBP%GO:0034391		17	0.31538245	0.743799	0.83572894	0.9783178	1.0	2495	tags=18%, list=15%, signal=21%	
CHAPERONE-MEDIATED PROTEIN COMPLEX ASSEMBLY%GOBP%GO:0051131	CHAPERONE-MEDIATED PROTEIN COMPLEX ASSEMBLY%GOBP%GO:0051131		18	0.30805337	0.74374074	0.84458077	0.97806484	1.0	594	tags=11%, list=4%, signal=12%	
HETEROTRIMERIC G-PROTEIN SIGNALING PATHWAY-GI ALPHA AND GS ALPHA MEDIATED PATHWAY%PANTHER PATHWAY%P00026	HETEROTRIMERIC G-PROTEIN SIGNALING PATHWAY-GI ALPHA AND GS ALPHA MEDIATED PATHWAY%PANTHER PATHWAY%P00026		81	0.22524981	0.7423002	0.979684	0.9794511	1.0	3524	tags=22%, list=21%, signal=28%	
PID_FOXM1_PATHWAY%MSIGDB_C2%PID_FOXM1_PATHWAY	PID_FOXM1_PATHWAY%MSIGDB_C2%PID_FOXM1_PATHWAY		34	0.26437843	0.74134713	0.8995727	0.9802848	1.0	2682	tags=21%, list=16%, signal=25%	
REGULATION OF NEURON PROJECTION ARBORIZATION%GOBP%GO:0150011	REGULATION OF NEURON PROJECTION ARBORIZATION%GOBP%GO:0150011		15	0.31836042	0.7397167	0.84675837	0.98183984	1.0	1495	tags=20%, list=9%, signal=22%	
CONNECTIVE TISSUE DEVELOPMENT%GOBP%GO:0061448	CONNECTIVE TISSUE DEVELOPMENT%GOBP%GO:0061448		71	0.23542523	0.73852354	0.9532294	0.98288673	1.0	3956	tags=20%, list=24%, signal=26%	
POSITIVE REGULATION OF CALCIUM ION TRANSPORT%GOBP%GO:0051928	POSITIVE REGULATION OF CALCIUM ION TRANSPORT%GOBP%GO:0051928		51	0.24713925	0.7378718	0.90966386	0.983292	1.0	693	tags=6%, list=4%, signal=6%	
RESPONSE TO ALCOHOL%GOBP%GO:0097305	RESPONSE TO ALCOHOL%GOBP%GO:0097305		74	0.22762023	0.7377164	0.97167754	0.9831446	1.0	2635	tags=16%, list=16%, signal=19%	
FATTY ACID DERIVATIVE METABOLIC PROCESS%GOBP%GO:1901568	FATTY ACID DERIVATIVE METABOLIC PROCESS%GOBP%GO:1901568		55	0.24034117	0.7371646	0.93205947	0.98344177	1.0	2028	tags=11%, list=12%, signal=12%	
COOPERATION OF PDCL (PHLP1) AND TRIC CCT IN G-PROTEIN BETA FOLDING%REACTOME%R-HSA-6814122.3	COOPERATION OF PDCL (PHLP1) AND TRIC CCT IN G-PROTEIN BETA FOLDING%REACTOME%R-HSA-6814122.3		31	0.27097586	0.7367161	0.89662445	0.98361635	1.0	2996	tags=23%, list=18%, signal=28%	
SENSORY PERCEPTION OF TASTE%REACTOME%R-HSA-9717189.3	SENSORY PERCEPTION OF TASTE%REACTOME%R-HSA-9717189.3		19	0.29775962	0.73521173	0.8787879	0.9850016	1.0	4135	tags=37%, list=25%, signal=49%	
IRON ION TRANSPORT%GOBP%GO:0006826	IRON ION TRANSPORT%GOBP%GO:0006826		32	0.26372895	0.7341463	0.9109731	0.9858383	1.0	3825	tags=31%, list=23%, signal=41%	
VXPX CARGO-TARGETING TO CILIUM%REACTOME%R-HSA-5620916.4	VXPX CARGO-TARGETING TO CILIUM%REACTOME%R-HSA-5620916.4		19	0.30130473	0.7339496	0.87	0.9857481	1.0	6	tags=5%, list=0%, signal=5%	
POSITIVE REGULATION OF VESICLE FUSION%GOBP%GO:0031340	POSITIVE REGULATION OF VESICLE FUSION%GOBP%GO:0031340		15	0.31388482	0.73364097	0.8361702	0.98578656	1.0	2791	tags=20%, list=17%, signal=24%	
LEARNING OR MEMORY%GOBP%GO:0007611	LEARNING OR MEMORY%GOBP%GO:0007611		91	0.2203118	0.7327682	0.9815242	0.98639673	1.0	4187	tags=23%, list=26%, signal=31%	
MEIOTIC CELL CYCLE PROCESS%GOBP%GO:1903046	MEIOTIC CELL CYCLE PROCESS%GOBP%GO:1903046		114	0.21170609	0.73179346	0.98416287	0.9871826	1.0	1346	tags=8%, list=8%, signal=9%	
AMINO ACID IMPORT ACROSS PLASMA MEMBRANE%GOBP%GO:0089718	AMINO ACID IMPORT ACROSS PLASMA MEMBRANE%GOBP%GO:0089718		23	0.2838712	0.7315278	0.8923395	0.98712736	1.0	3432	tags=26%, list=21%, signal=33%	
POSITIVE REGULATION OF ALPHA-BETA T CELL ACTIVATION%GOBP%GO:0046635	POSITIVE REGULATION OF ALPHA-BETA T CELL ACTIVATION%GOBP%GO:0046635		45	0.24470901	0.73147714	0.950783	0.98685914	1.0	2271	tags=13%, list=14%, signal=15%	
POSITIVE REGULATION OF STEROID METABOLIC PROCESS%GOBP%GO:0045940	POSITIVE REGULATION OF STEROID METABOLIC PROCESS%GOBP%GO:0045940		23	0.28693897	0.73084885	0.8815261	0.98722535	1.0	966	tags=9%, list=6%, signal=9%	
NEGATIVE REGULATION OF T CELL ACTIVATION%GOBP%GO:0050868	NEGATIVE REGULATION OF T CELL ACTIVATION%GOBP%GO:0050868		78	0.22531196	0.73075056	0.96452326	0.98702896	1.0	4121	tags=26%, list=25%, signal=34%	
ADAPTIVE IMMUNE RESPONSE%GOBP%GO:0002250	ADAPTIVE IMMUNE RESPONSE%GOBP%GO:0002250		124	0.2059755	0.7306181	0.99336284	0.9868454	1.0	4195	tags=27%, list=26%, signal=37%	
L-AMINO ACID TRANSPORT%GOBP%GO:0015807	L-AMINO ACID TRANSPORT%GOBP%GO:0015807		40	0.2562363	0.73050696	0.9188034	0.98664236	1.0	3432	tags=28%, list=21%, signal=35%	
DISRUPTION OF POSTSYNAPTIC SIGNALING BY CNV%WIKIPATHWAYS_20250810%WP4875%HOMO SAPIENS	DISRUPTION OF POSTSYNAPTIC SIGNALING BY CNV%WIKIPATHWAYS_20250810%WP4875%HOMO SAPIENS		23	0.28165925	0.72945064	0.8801653	0.9874603	1.0	38	tags=4%, list=0%, signal=4%	
RUNX2 REGULATES BONE DEVELOPMENT%REACTOME%R-HSA-8941326.2	RUNX2 REGULATES BONE DEVELOPMENT%REACTOME%R-HSA-8941326.2		25	0.28062475	0.7294256	0.8933054	0.9871667	1.0	2672	tags=20%, list=16%, signal=24%	
GPCRS CLASS A RHODOPSIN LIKE%WIKIPATHWAYS_20250810%WP455%HOMO SAPIENS	GPCRS CLASS A RHODOPSIN LIKE%WIKIPATHWAYS_20250810%WP455%HOMO SAPIENS		92	0.2156072	0.7288897	0.9845815	0.98742306	1.0	2569	tags=10%, list=16%, signal=12%	
POSITIVE REGULATION OF T-HELPER CELL DIFFERENTIATION%GOBP%GO:0045624	POSITIVE REGULATION OF T-HELPER CELL DIFFERENTIATION%GOBP%GO:0045624		19	0.29747683	0.72886366	0.85773194	0.9871318	1.0	1780	tags=16%, list=11%, signal=18%	
PID_HNF3A_PATHWAY%MSIGDB_C2%PID_HNF3A_PATHWAY	PID_HNF3A_PATHWAY%MSIGDB_C2%PID_HNF3A_PATHWAY		24	0.2784176	0.72872263	0.8879837	0.9869606	1.0	5080	tags=42%, list=31%, signal=60%	
RESPONSE TO GLUCOCORTICOID%GOBP%GO:0051384	RESPONSE TO GLUCOCORTICOID%GOBP%GO:0051384		23	0.27958807	0.72871727	0.8806262	0.9866518	1.0	1192	tags=9%, list=7%, signal=9%	
PHOSPHATIDIC ACID METABOLIC PROCESS%GOBP%GO:0046473	PHOSPHATIDIC ACID METABOLIC PROCESS%GOBP%GO:0046473		33	0.2611664	0.728573	0.89451474	0.9864927	1.0	3537	tags=27%, list=22%, signal=35%	
REGULATION OF B CELL PROLIFERATION%GOBP%GO:0030888	REGULATION OF B CELL PROLIFERATION%GOBP%GO:0030888		34	0.25977746	0.7285614	0.9110629	0.9861875	1.0	3153	tags=21%, list=19%, signal=25%	
POSITIVE REGULATION OF STRIATED MUSCLE CELL DIFFERENTIATION%GOBP%GO:0051155	POSITIVE REGULATION OF STRIATED MUSCLE CELL DIFFERENTIATION%GOBP%GO:0051155		20	0.29460573	0.7277037	0.8515464	0.98678887	1.0	4536	tags=45%, list=28%, signal=62%	
NEGATIVE REGULATION OF INFLAMMATORY RESPONSE TO ANTIGENIC STIMULUS%GOBP%GO:0002862	NEGATIVE REGULATION OF INFLAMMATORY RESPONSE TO ANTIGENIC STIMULUS%GOBP%GO:0002862		21	0.2869066	0.7276894	0.8574338	0.9864834	1.0	4294	tags=48%, list=26%, signal=64%	
METABOLISM OF STEROID HORMONES%REACTOME%R-HSA-196071.5	METABOLISM OF STEROID HORMONES%REACTOME%R-HSA-196071.5		19	0.29295665	0.72680855	0.845666	0.9870805	1.0	1606	tags=16%, list=10%, signal=17%	
NEGATIVE REGULATION OF IMMUNE EFFECTOR PROCESS%GOBP%GO:0002698	NEGATIVE REGULATION OF IMMUNE EFFECTOR PROCESS%GOBP%GO:0002698		74	0.2252929	0.7246688	0.97209305	0.9889975	1.0	2656	tags=16%, list=16%, signal=19%	
PHOSPHORYLATION OF THE APC C%REACTOME DATABASE ID RELEASE 93%176412	PHOSPHORYLATION OF THE APC C%REACTOME DATABASE ID RELEASE 93%176412		18	0.2961912	0.72462624	0.8471954	0.9887224	1.0	2666	tags=33%, list=16%, signal=40%	
CELL-MATRIX ADHESION%GOBP%GO:0007160	CELL-MATRIX ADHESION%GOBP%GO:0007160		96	0.21519054	0.72406566	0.9818594	0.9889645	1.0	4296	tags=30%, list=26%, signal=41%	
CELL-CELL ADHESION VIA PLASMA-MEMBRANE ADHESION MOLECULES%GOBP%GO:0098742	CELL-CELL ADHESION VIA PLASMA-MEMBRANE ADHESION MOLECULES%GOBP%GO:0098742		126	0.20939626	0.72367185	0.9912088	0.98904854	1.0	2630	tags=12%, list=16%, signal=14%	
GLUCOCORTICOID RECEPTOR PATHWAY%WIKIPATHWAYS_20250810%WP2880%HOMO SAPIENS	GLUCOCORTICOID RECEPTOR PATHWAY%WIKIPATHWAYS_20250810%WP2880%HOMO SAPIENS		55	0.23592718	0.72336036	0.954918	0.9890476	1.0	2425	tags=15%, list=15%, signal=17%	
ARTERY DEVELOPMENT%GOBP%GO:0060840	ARTERY DEVELOPMENT%GOBP%GO:0060840		42	0.24626477	0.72315586	0.9204301	0.9889432	1.0	3567	tags=21%, list=22%, signal=27%	
DEVELOPMENT OF PRIMARY FEMALE SEXUAL CHARACTERISTICS%GOBP%GO:0046545	DEVELOPMENT OF PRIMARY FEMALE SEXUAL CHARACTERISTICS%GOBP%GO:0046545		25	0.27535436	0.7219804	0.89271253	0.98980194	1.0	272	tags=4%, list=2%, signal=4%	
REGULATION OF DNA STRAND ELONGATION%GOBP%GO:0060382	REGULATION OF DNA STRAND ELONGATION%GOBP%GO:0060382		15	0.3112185	0.7219501	0.85856575	0.9895171	1.0	2205	tags=27%, list=13%, signal=31%	
RESPONSE TO CHOLESTEROL%GOBP%GO:0070723	RESPONSE TO CHOLESTEROL%GOBP%GO:0070723		17	0.30012286	0.7210563	0.8665339	0.9900989	1.0	2590	tags=24%, list=16%, signal=28%	
G2 M DNA DAMAGE CHECKPOINT%REACTOME DATABASE ID RELEASE 93%69473	G2 M DNA DAMAGE CHECKPOINT%REACTOME DATABASE ID RELEASE 93%69473		66	0.22586994	0.7209226	0.9787686	0.9899204	1.0	1857	tags=12%, list=11%, signal=14%	
LYMPHOCYTE ACTIVATION INVOLVED IN IMMUNE RESPONSE%GOBP%GO:0002285	LYMPHOCYTE ACTIVATION INVOLVED IN IMMUNE RESPONSE%GOBP%GO:0002285		67	0.22706585	0.720258	0.9703872	0.99025047	1.0	3153	tags=21%, list=19%, signal=26%	
REGULATION OF POST-TRANSCRIPTIONAL GENE SILENCING%GOBP%GO:0060147	REGULATION OF POST-TRANSCRIPTIONAL GENE SILENCING%GOBP%GO:0060147		19	0.28877366	0.71999466	0.8806262	0.99017274	1.0	2466	tags=21%, list=15%, signal=25%	
CHEMOKINE-MEDIATED SIGNALING PATHWAY%GOBP%GO:0070098	CHEMOKINE-MEDIATED SIGNALING PATHWAY%GOBP%GO:0070098		42	0.24445644	0.71953666	0.9293362	0.9903109	1.0	3388	tags=19%, list=21%, signal=24%	
NEGATIVE REGULATION OF SEQUESTERING OF CALCIUM ION%GOBP%GO:0051283	NEGATIVE REGULATION OF SEQUESTERING OF CALCIUM ION%GOBP%GO:0051283		40	0.24862751	0.71945345	0.90756303	0.9900788	1.0	3627	tags=25%, list=22%, signal=32%	
REGULATION OF MIRNA-MEDIATED GENE SILENCING%GOBP%GO:0060964	REGULATION OF MIRNA-MEDIATED GENE SILENCING%GOBP%GO:0060964		19	0.28877366	0.71845466	0.8548387	0.99074155	1.0	2466	tags=21%, list=15%, signal=25%	
PHOTORECEPTOR CELL MAINTENANCE%GOBP%GO:0045494	PHOTORECEPTOR CELL MAINTENANCE%GOBP%GO:0045494		24	0.27816644	0.7182136	0.8787234	0.9906624	1.0	1158	tags=8%, list=7%, signal=9%	
FC RECEPTOR MEDIATED STIMULATORY SIGNALING PATHWAY%GOBP%GO:0002431	FC RECEPTOR MEDIATED STIMULATORY SIGNALING PATHWAY%GOBP%GO:0002431		22	0.28188547	0.7181355	0.85429144	0.99042284	1.0	2412	tags=18%, list=15%, signal=21%	
GENERATION OF SECOND MESSENGER MOLECULES%REACTOME DATABASE ID RELEASE 93%202433	GENERATION OF SECOND MESSENGER MOLECULES%REACTOME DATABASE ID RELEASE 93%202433		32	0.25739187	0.7173426	0.9217759	0.9908579	1.0	5742	tags=44%, list=35%, signal=67%	
POSITIVE REGULATION OF MONOCYTE CHEMOTAXIS%GOBP%GO:0090026	POSITIVE REGULATION OF MONOCYTE CHEMOTAXIS%GOBP%GO:0090026		15	0.3051281	0.71678036	0.85626286	0.99109167	1.0	1006	tags=13%, list=6%, signal=14%	
ARACHIDONATE METABOLIC PROCESS%GOBP%GO:0019369	ARACHIDONATE METABOLIC PROCESS%GOBP%GO:0019369		27	0.27153924	0.7164163	0.8974359	0.9911207	1.0	1555	tags=15%, list=9%, signal=16%	
POSITIVE REGULATION OF ANTIGEN RECEPTOR-MEDIATED SIGNALING PATHWAY%GOBP%GO:0050857	POSITIVE REGULATION OF ANTIGEN RECEPTOR-MEDIATED SIGNALING PATHWAY%GOBP%GO:0050857		19	0.2881264	0.71621525	0.8868313	0.9909943	1.0	2483	tags=16%, list=15%, signal=19%	
TNFR1-INDUCED NF-KAPPA-B SIGNALING PATHWAY%REACTOME%R-HSA-5357956.5	TNFR1-INDUCED NF-KAPPA-B SIGNALING PATHWAY%REACTOME%R-HSA-5357956.5		26	0.27230686	0.7159084	0.8961303	0.99096763	1.0	2766	tags=23%, list=17%, signal=28%	
REGULATION OF POST-TRANSCRIPTIONAL GENE SILENCING BY REGULATORY NCRNA%GOBP%GO:1900368	REGULATION OF POST-TRANSCRIPTIONAL GENE SILENCING BY REGULATORY NCRNA%GOBP%GO:1900368		19	0.28877366	0.7154311	0.9039666	0.99109703	1.0	2466	tags=21%, list=15%, signal=25%	
RXR AND RAR HETERODIMERIZATION WITH OTHER NUCLEAR RECEPTOR%PATHWAY INTERACTION DATABASE NCI-NATURE CURATED DATA%RXR AND RAR HETERODIMERIZATION WITH OTHER NUCLEAR RECEPTOR	RXR AND RAR HETERODIMERIZATION WITH OTHER NUCLEAR RECEPTOR%PATHWAY INTERACTION DATABASE NCI-NATURE CURATED DATA%RXR AND RAR HETERODIMERIZATION WITH OTHER NUCLEAR RECEPTOR		24	0.27416572	0.71508735	0.90983605	0.991085	1.0	3015	tags=29%, list=18%, signal=36%	
REGULATION OF TELOMERE MAINTENANCE IN RESPONSE TO DNA DAMAGE%GOBP%GO:1904505	REGULATION OF TELOMERE MAINTENANCE IN RESPONSE TO DNA DAMAGE%GOBP%GO:1904505		15	0.3037544	0.714206	0.856	0.99159956	1.0	3770	tags=47%, list=23%, signal=61%	
NEGATIVE REGULATION OF ANTIGEN RECEPTOR-MEDIATED SIGNALING PATHWAY%GOBP%GO:0050858	NEGATIVE REGULATION OF ANTIGEN RECEPTOR-MEDIATED SIGNALING PATHWAY%GOBP%GO:0050858		37	0.25126565	0.71322566	0.93762994	0.9921783	1.0	1121	tags=8%, list=7%, signal=9%	
FOXO FAMILY SIGNALING%PATHWAY INTERACTION DATABASE NCI-NATURE CURATED DATA%FOXO FAMILY SIGNALING	FOXO FAMILY SIGNALING%PATHWAY INTERACTION DATABASE NCI-NATURE CURATED DATA%FOXO FAMILY SIGNALING		46	0.2366771	0.71271837	0.9459459	0.9923247	1.0	4298	tags=30%, list=26%, signal=41%	
NEGATIVE REGULATION OF ACTIN FILAMENT BUNDLE ASSEMBLY%GOBP%GO:0032232	NEGATIVE REGULATION OF ACTIN FILAMENT BUNDLE ASSEMBLY%GOBP%GO:0032232		27	0.2681177	0.7122418	0.9019608	0.99245626	1.0	1788	tags=19%, list=11%, signal=21%	
REGULATION OF PEPTIDYL-TYROSINE PHOSPHORYLATION%GOBP%GO:0050730	REGULATION OF PEPTIDYL-TYROSINE PHOSPHORYLATION%GOBP%GO:0050730		56	0.23214783	0.71032065	0.97309417	0.9938858	1.0	1679	tags=13%, list=10%, signal=14%	
REGULATION OF MICROTUBULE-BASED MOVEMENT%GOBP%GO:0060632	REGULATION OF MICROTUBULE-BASED MOVEMENT%GOBP%GO:0060632		30	0.25786358	0.7077952	0.9294606	0.99576825	1.0	2482	tags=17%, list=15%, signal=20%	
REGULATION OF RESPONSE TO NUTRIENT LEVELS%GOBP%GO:0032107	REGULATION OF RESPONSE TO NUTRIENT LEVELS%GOBP%GO:0032107		17	0.29274848	0.70754236	0.8789809	0.9956616	1.0	2934	tags=35%, list=18%, signal=43%	
NFE2L2 REGULATING ANTI-OXIDANT DETOXIFICATION ENZYMES%REACTOME%R-HSA-9818027.3	NFE2L2 REGULATING ANTI-OXIDANT DETOXIFICATION ENZYMES%REACTOME%R-HSA-9818027.3		16	0.29637057	0.70730644	0.8869048	0.9955497	1.0	3939	tags=56%, list=24%, signal=74%	
NEURAL CREST CELL MIGRATION IN CANCER%WIKIPATHWAYS_20250810%WP4565%HOMO SAPIENS	NEURAL CREST CELL MIGRATION IN CANCER%WIKIPATHWAYS_20250810%WP4565%HOMO SAPIENS		30	0.2562747	0.7067393	0.93061227	0.99572384	1.0	1882	tags=17%, list=11%, signal=19%	
BONE DEVELOPMENT%GOBP%GO:0060348	BONE DEVELOPMENT%GOBP%GO:0060348		69	0.2211764	0.7064802	0.97266513	0.99563295	1.0	1627	tags=10%, list=10%, signal=11%	
POSITIVE REGULATION OF MITOTIC METAPHASE/ANAPHASE TRANSITION%GOBP%GO:0045842	POSITIVE REGULATION OF MITOTIC METAPHASE/ANAPHASE TRANSITION%GOBP%GO:0045842		16	0.30194598	0.7061053	0.8759542	0.9956405	1.0	2666	tags=31%, list=16%, signal=37%	
LPA4-MEDIATED SIGNALING EVENTS%PATHWAY INTERACTION DATABASE NCI-NATURE CURATED DATA%LPA4-MEDIATED SIGNALING EVENTS	LPA4-MEDIATED SIGNALING EVENTS%PATHWAY INTERACTION DATABASE NCI-NATURE CURATED DATA%LPA4-MEDIATED SIGNALING EVENTS		15	0.30278823	0.70605594	0.88316834	0.99537045	1.0	3524	tags=27%, list=21%, signal=34%	
AMINE METABOLIC PROCESS%GOBP%GO:0009308	AMINE METABOLIC PROCESS%GOBP%GO:0009308		39	0.24233276	0.7056657	0.93721974	0.99537677	1.0	5928	tags=41%, list=36%, signal=64%	
PHOSPHATIDIC ACID BIOSYNTHETIC PROCESS%GOBP%GO:0006654	PHOSPHATIDIC ACID BIOSYNTHETIC PROCESS%GOBP%GO:0006654		30	0.25540388	0.70562714	0.92719483	0.9950909	1.0	3537	tags=27%, list=22%, signal=34%	
POSITIVE REGULATION OF METAPHASE/ANAPHASE TRANSITION OF CELL CYCLE%GOBP%GO:1902101	POSITIVE REGULATION OF METAPHASE/ANAPHASE TRANSITION OF CELL CYCLE%GOBP%GO:1902101		16	0.30194598	0.7054599	0.8715415	0.9949164	1.0	2666	tags=31%, list=16%, signal=37%	
METAPATHWAY BIOTRANSFORMATION PHASE I AND II%WIKIPATHWAYS_20250810%WP702%HOMO SAPIENS	METAPATHWAY BIOTRANSFORMATION PHASE I AND II%WIKIPATHWAYS_20250810%WP702%HOMO SAPIENS		78	0.21368255	0.70534563	0.98689955	0.9947021	1.0	4025	tags=23%, list=25%, signal=30%	
METABOLISM OF SPHINGOLIPIDS IN ER AND GOLGI APPARATUS%WIKIPATHWAYS_20250810%WP4142%HOMO SAPIENS	METABOLISM OF SPHINGOLIPIDS IN ER AND GOLGI APPARATUS%WIKIPATHWAYS_20250810%WP4142%HOMO SAPIENS		17	0.29584497	0.7045813	0.8995816	0.99502695	1.0	2943	tags=29%, list=18%, signal=36%	
RESPONSE TO XENOBIOTIC STIMULUS%GOBP%GO:0009410	RESPONSE TO XENOBIOTIC STIMULUS%GOBP%GO:0009410		122	0.20188539	0.7043169	0.9975787	0.9949405	1.0	1591	tags=8%, list=10%, signal=9%	
POSITIVE REGULATION OF RAC PROTEIN SIGNAL TRANSDUCTION%GOBP%GO:0035022	POSITIVE REGULATION OF RAC PROTEIN SIGNAL TRANSDUCTION%GOBP%GO:0035022		17	0.292612	0.7042832	0.8818737	0.99465925	1.0	3189	tags=24%, list=19%, signal=29%	
BIOCARTA_CARM_ER_PATHWAY%MSIGDB_C2%BIOCARTA_CARM_ER_PATHWAY	BIOCARTA_CARM_ER_PATHWAY%MSIGDB_C2%BIOCARTA_CARM_ER_PATHWAY		21	0.28206554	0.7037829	0.90380764	0.99478054	1.0	2896	tags=29%, list=18%, signal=35%	
FORMATION OF THE POLYBROMO-BAF (PBAF) COMPLEX%REACTOME DATABASE ID RELEASE 93%9933939	FORMATION OF THE POLYBROMO-BAF (PBAF) COMPLEX%REACTOME DATABASE ID RELEASE 93%9933939		16	0.30056086	0.7032794	0.9106029	0.99485314	1.0	1685	tags=19%, list=10%, signal=21%	
REPRODUCTIVE STRUCTURE DEVELOPMENT%GOBP%GO:0048608	REPRODUCTIVE STRUCTURE DEVELOPMENT%GOBP%GO:0048608		71	0.21640056	0.70281434	0.9831579	0.99492913	1.0	3133	tags=13%, list=19%, signal=16%	
REGULATION OF CALCIUM ION TRANSMEMBRANE TRANSPORT%GOBP%GO:1903169	REGULATION OF CALCIUM ION TRANSMEMBRANE TRANSPORT%GOBP%GO:1903169		78	0.21407054	0.70201284	0.9831579	0.99527603	1.0	2569	tags=13%, list=16%, signal=15%	
BIOCARTA_VEGF_PATHWAY%MSIGDB_C2%BIOCARTA_VEGF_PATHWAY	BIOCARTA_VEGF_PATHWAY%MSIGDB_C2%BIOCARTA_VEGF_PATHWAY		21	0.27907202	0.7018179	0.898167	0.99510914	1.0	2466	tags=14%, list=15%, signal=17%	
GLYCOGEN CATABOLIC PROCESS%GOBP%GO:0005980	GLYCOGEN CATABOLIC PROCESS%GOBP%GO:0005980		18	0.28605008	0.70140946	0.8922764	0.99512744	1.0	3754	tags=39%, list=23%, signal=50%	
METABOTROPIC GLUTAMATE RECEPTOR GROUP III PATHWAY%PANTHER PATHWAY%P00039	METABOTROPIC GLUTAMATE RECEPTOR GROUP III PATHWAY%PANTHER PATHWAY%P00039		54	0.2279829	0.70125973	0.97669494	0.9949459	1.0	4403	tags=26%, list=27%, signal=35%	
RESPONSE TO CAMP%GOBP%GO:0051591	RESPONSE TO CAMP%GOBP%GO:0051591		31	0.25847557	0.70075595	0.9334764	0.9950212	1.0	2012	tags=16%, list=12%, signal=18%	
REGULATION OF MEMBRANE DEPOLARIZATION%GOBP%GO:0003254	REGULATION OF MEMBRANE DEPOLARIZATION%GOBP%GO:0003254		26	0.26414615	0.70036924	0.92	0.99502385	1.0	3409	tags=27%, list=21%, signal=34%	
DISORDERS OF BILE ACID SYNTHESIS AND BILIARY TRANSPORT%WIKIPATHWAYS_20250810%WP5176%HOMO SAPIENS	DISORDERS OF BILE ACID SYNTHESIS AND BILIARY TRANSPORT%WIKIPATHWAYS_20250810%WP5176%HOMO SAPIENS		16	0.29333553	0.69965166	0.8903846	0.99527866	1.0	1038	tags=13%, list=6%, signal=13%	
GAMMA-AMINOBUTYRIC ACID SIGNALING PATHWAY%GOBP%GO:0007214	GAMMA-AMINOBUTYRIC ACID SIGNALING PATHWAY%GOBP%GO:0007214		16	0.2954838	0.6989609	0.89215684	0.9955131	1.0	2837	tags=25%, list=17%, signal=30%	
RESPONSE TO AXON INJURY%GOBP%GO:0048678	RESPONSE TO AXON INJURY%GOBP%GO:0048678		20	0.28248787	0.6989371	0.9021277	0.99521905	1.0	3795	tags=35%, list=23%, signal=45%	
POSITIVE REGULATION OF SIGNAL TRANSDUCTION BY P53 CLASS MEDIATOR%GOBP%GO:1901798	POSITIVE REGULATION OF SIGNAL TRANSDUCTION BY P53 CLASS MEDIATOR%GOBP%GO:1901798		26	0.26671392	0.69876796	0.9222462	0.9950435	1.0	4341	tags=42%, list=26%, signal=57%	
MEMBRANE PROTEIN PROTEOLYSIS%GOBP%GO:0033619	MEMBRANE PROTEIN PROTEOLYSIS%GOBP%GO:0033619		29	0.25851074	0.69853413	0.90416664	0.9949062	1.0	4681	tags=38%, list=29%, signal=53%	
CELLULAR RESPONSE TO INTERFERON-BETA%GOBP%GO:0035458	CELLULAR RESPONSE TO INTERFERON-BETA%GOBP%GO:0035458		18	0.28549698	0.6982696	0.9163265	0.99480116	1.0	2358	tags=22%, list=14%, signal=26%	
POSITIVE REGULATION OF CELLULAR RESPONSE TO TRANSFORMING GROWTH FACTOR BETA STIMULUS%GOBP%GO:1903846	POSITIVE REGULATION OF CELLULAR RESPONSE TO TRANSFORMING GROWTH FACTOR BETA STIMULUS%GOBP%GO:1903846		21	0.27226135	0.69812196	0.89711934	0.994607	1.0	1983	tags=19%, list=12%, signal=22%	
RNA DECAPPING%GOBP%GO:0110154	RNA DECAPPING%GOBP%GO:0110154		15	0.30554923	0.6975559	0.88113207	0.99475294	1.0	2014	tags=20%, list=12%, signal=23%	
POSITIVE CHEMOTAXIS%GOBP%GO:0050918	POSITIVE CHEMOTAXIS%GOBP%GO:0050918		16	0.2931798	0.6968584	0.87116563	0.9950012	1.0	1522	tags=13%, list=9%, signal=14%	
HETEROTRIMERIC G-PROTEIN SIGNALING PATHWAY-GQ ALPHA AND GO ALPHA MEDIATED PATHWAY%PANTHER PATHWAY%P00027	HETEROTRIMERIC G-PROTEIN SIGNALING PATHWAY-GQ ALPHA AND GO ALPHA MEDIATED PATHWAY%PANTHER PATHWAY%P00027		58	0.22375485	0.6963467	0.97858673	0.9950881	1.0	4012	tags=22%, list=24%, signal=30%	
ANTIGEN PROCESSING AND PRESENTATION OF PEPTIDE OR POLYSACCHARIDE ANTIGEN VIA MHC CLASS II%GOBP%GO:0002504	ANTIGEN PROCESSING AND PRESENTATION OF PEPTIDE OR POLYSACCHARIDE ANTIGEN VIA MHC CLASS II%GOBP%GO:0002504		26	0.26304984	0.69619286	0.9311828	0.99489325	1.0	6008	tags=58%, list=37%, signal=91%	
POSITIVE REGULATION OF MYELOID LEUKOCYTE DIFFERENTIATION%GOBP%GO:0002763	POSITIVE REGULATION OF MYELOID LEUKOCYTE DIFFERENTIATION%GOBP%GO:0002763		35	0.24221748	0.69583285	0.9409283	0.9948521	1.0	2445	tags=17%, list=15%, signal=20%	
REGULATION OF LEUKOCYTE MEDIATED CYTOTOXICITY%GOBP%GO:0001910	REGULATION OF LEUKOCYTE MEDIATED CYTOTOXICITY%GOBP%GO:0001910		54	0.2295331	0.6958049	0.96673596	0.9945574	1.0	5034	tags=33%, list=31%, signal=48%	
REGULATION OF STRIATED MUSCLE CELL DIFFERENTIATION%GOBP%GO:0051153	REGULATION OF STRIATED MUSCLE CELL DIFFERENTIATION%GOBP%GO:0051153		34	0.24625097	0.6956619	0.9355509	0.99435157	1.0	4630	tags=38%, list=28%, signal=53%	
NEGATIVE REGULATION OF G PROTEIN-COUPLED RECEPTOR SIGNALING PATHWAY%GOBP%GO:0045744	NEGATIVE REGULATION OF G PROTEIN-COUPLED RECEPTOR SIGNALING PATHWAY%GOBP%GO:0045744		40	0.23914567	0.6954471	0.9489796	0.99419165	1.0	3484	tags=25%, list=21%, signal=32%	
INTEGRATIVE ANALYSIS OF TREG GLIAL INTERACTIONS %WIKIPATHWAYS_20250810%WP5561%HOMO SAPIENS	INTEGRATIVE ANALYSIS OF TREG GLIAL INTERACTIONS %WIKIPATHWAYS_20250810%WP5561%HOMO SAPIENS		69	0.21750723	0.6951485	0.9851064	0.99410695	1.0	4680	tags=32%, list=29%, signal=44%	
CELL-SUBSTRATE JUNCTION ORGANIZATION%GOBP%GO:0150115	CELL-SUBSTRATE JUNCTION ORGANIZATION%GOBP%GO:0150115		28	0.26173207	0.6941657	0.9280899	0.99454224	1.0	4296	tags=39%, list=26%, signal=53%	
REPRODUCTIVE SYSTEM DEVELOPMENT%GOBP%GO:0061458	REPRODUCTIVE SYSTEM DEVELOPMENT%GOBP%GO:0061458		71	0.21640056	0.6940033	0.98190045	0.99435663	1.0	3133	tags=13%, list=19%, signal=16%	
RESPONSE TO ORGANOPHOSPHORUS%GOBP%GO:0046683	RESPONSE TO ORGANOPHOSPHORUS%GOBP%GO:0046683		51	0.22682045	0.6927208	0.9627329	0.9950197	1.0	2782	tags=20%, list=17%, signal=24%	
NOTCH3 INTRACELLULAR DOMAIN REGULATES TRANSCRIPTION%REACTOME%R-HSA-9013508.2	NOTCH3 INTRACELLULAR DOMAIN REGULATES TRANSCRIPTION%REACTOME%R-HSA-9013508.2		21	0.27461848	0.6922665	0.9035433	0.99504244	1.0	4072	tags=38%, list=25%, signal=51%	
REGULATION OF CHOLESTEROL BIOSYNTHESIS BY SREBP (SREBF)%REACTOME DATABASE ID RELEASE 93%1655829	REGULATION OF CHOLESTEROL BIOSYNTHESIS BY SREBP (SREBF)%REACTOME DATABASE ID RELEASE 93%1655829		51	0.22591913	0.69200164	0.96794873	0.9949184	1.0	4550	tags=33%, list=28%, signal=46%	
POSITIVE REGULATION OF CD4-POSITIVE, ALPHA-BETA T CELL DIFFERENTIATION%GOBP%GO:0043372	POSITIVE REGULATION OF CD4-POSITIVE, ALPHA-BETA T CELL DIFFERENTIATION%GOBP%GO:0043372		26	0.25597933	0.69101703	0.9154334	0.99536043	1.0	1780	tags=12%, list=11%, signal=13%	
DICARBOXYLIC ACID METABOLIC PROCESS%GOBP%GO:0043648	DICARBOXYLIC ACID METABOLIC PROCESS%GOBP%GO:0043648		62	0.21710901	0.6909499	0.972973	0.9951025	1.0	4597	tags=32%, list=28%, signal=45%	
POLYOL BIOSYNTHETIC PROCESS%GOBP%GO:0046173	POLYOL BIOSYNTHETIC PROCESS%GOBP%GO:0046173		34	0.2428729	0.69058245	0.95661604	0.9950732	1.0	2343	tags=15%, list=14%, signal=17%	
REGULATION OF RAC PROTEIN SIGNAL TRANSDUCTION%GOBP%GO:0035020	REGULATION OF RAC PROTEIN SIGNAL TRANSDUCTION%GOBP%GO:0035020		26	0.25854817	0.6897202	0.92354125	0.9953891	1.0	3189	tags=23%, list=19%, signal=29%	
NEGATIVE REGULATION OF OSSIFICATION%GOBP%GO:0030279	NEGATIVE REGULATION OF OSSIFICATION%GOBP%GO:0030279		25	0.25938594	0.6895844	0.9310345	0.9951805	1.0	3547	tags=28%, list=22%, signal=36%	
STRIATED MUSCLE CELL DEVELOPMENT%GOBP%GO:0055002	STRIATED MUSCLE CELL DEVELOPMENT%GOBP%GO:0055002		60	0.22164196	0.6890564	0.9735099	0.9952721	1.0	3768	tags=23%, list=23%, signal=30%	
POSITIVE REGULATION OF TRANSFORMING GROWTH FACTOR BETA RECEPTOR SIGNALING PATHWAY%GOBP%GO:0030511	POSITIVE REGULATION OF TRANSFORMING GROWTH FACTOR BETA RECEPTOR SIGNALING PATHWAY%GOBP%GO:0030511		21	0.27226135	0.6876943	0.9239766	0.99597543	1.0	1983	tags=19%, list=12%, signal=22%	
POSITIVE REGULATION OF EPITHELIAL TO MESENCHYMAL TRANSITION%GOBP%GO:0010718	POSITIVE REGULATION OF EPITHELIAL TO MESENCHYMAL TRANSITION%GOBP%GO:0010718		45	0.23170131	0.6871976	0.970276	0.99602675	1.0	3457	tags=22%, list=21%, signal=28%	
REGULATION OF HEART RATE%GOBP%GO:0002027	REGULATION OF HEART RATE%GOBP%GO:0002027		61	0.21636125	0.68672055	0.981982	0.9960654	1.0	3409	tags=20%, list=21%, signal=25%	
AMIODARONE ACTION PATHWAY%PATHWHIZ%PW000642	AMIODARONE ACTION PATHWAY%PATHWHIZ%PW000642		45	0.23298582	0.686233	0.9532294	0.9960753	1.0	4403	tags=29%, list=27%, signal=39%	
HEMATOPOIETIC OR LYMPHOID ORGAN DEVELOPMENT%GOBP%GO:0048534	HEMATOPOIETIC OR LYMPHOID ORGAN DEVELOPMENT%GOBP%GO:0048534		23	0.2660757	0.6857444	0.94255316	0.99612266	1.0	4677	tags=43%, list=28%, signal=61%	
PHOSPHATIDYLSERINE METABOLIC PROCESS%GOBP%GO:0006658	PHOSPHATIDYLSERINE METABOLIC PROCESS%GOBP%GO:0006658		16	0.28820974	0.685258	0.9111111	0.9961599	1.0	1555	tags=19%, list=9%, signal=21%	
NEGATIVE REGULATION OF EPIDERMAL GROWTH FACTOR RECEPTOR SIGNALING PATHWAY%GOBP%GO:0042059	NEGATIVE REGULATION OF EPIDERMAL GROWTH FACTOR RECEPTOR SIGNALING PATHWAY%GOBP%GO:0042059		23	0.26450214	0.6852058	0.9199179	0.9958828	1.0	2241	tags=22%, list=14%, signal=25%	
RESPONSE TO ESTRADIOL%GOBP%GO:0032355	RESPONSE TO ESTRADIOL%GOBP%GO:0032355		23	0.26870316	0.6833683	0.91748524	0.99682647	1.0	2249	tags=17%, list=14%, signal=20%	
SENSORY PERCEPTION OF CHEMICAL STIMULUS%GOBP%GO:0007606	SENSORY PERCEPTION OF CHEMICAL STIMULUS%GOBP%GO:0007606		32	0.24311854	0.6832571	0.9454927	0.9965845	1.0	4747	tags=31%, list=29%, signal=44%	
INTEGRIN CELL SURFACE INTERACTIONS%REACTOME DATABASE ID RELEASE 93%216083	INTEGRIN CELL SURFACE INTERACTIONS%REACTOME DATABASE ID RELEASE 93%216083		57	0.21847495	0.6811065	0.98675495	0.99768776	1.0	4432	tags=33%, list=27%, signal=46%	
IN UTERO EMBRYONIC DEVELOPMENT%GOBP%GO:0001701	IN UTERO EMBRYONIC DEVELOPMENT%GOBP%GO:0001701		42	0.2353363	0.6805376	0.9698276	0.99775875	1.0	1062	tags=7%, list=6%, signal=8%	
PID_ERBB4_PATHWAY%MSIGDB_C2%PID_ERBB4_PATHWAY	PID_ERBB4_PATHWAY%MSIGDB_C2%PID_ERBB4_PATHWAY		30	0.2484695	0.6804948	0.9390244	0.9974764	1.0	1655	tags=10%, list=10%, signal=11%	
FC-GAMMA RECEPTOR SIGNALING PATHWAY%GOBP%GO:0038094	FC-GAMMA RECEPTOR SIGNALING PATHWAY%GOBP%GO:0038094		26	0.25934038	0.6798829	0.9237288	0.9975849	1.0	2412	tags=15%, list=15%, signal=18%	
MESENCHYMAL CELL MIGRATION%GOBP%GO:0090497	MESENCHYMAL CELL MIGRATION%GOBP%GO:0090497		32	0.2465186	0.6794296	0.9459459	0.9975678	1.0	4205	tags=25%, list=26%, signal=34%	
REGULATION OF TYPE 2 IMMUNE RESPONSE%GOBP%GO:0002828	REGULATION OF TYPE 2 IMMUNE RESPONSE%GOBP%GO:0002828		15	0.2910018	0.6793454	0.9106029	0.9973131	1.0	4496	tags=40%, list=27%, signal=55%	
TRANSMISSION OF NERVE IMPULSE%GOBP%GO:0019226	TRANSMISSION OF NERVE IMPULSE%GOBP%GO:0019226		21	0.27027443	0.67914957	0.92753625	0.9971313	1.0	2299	tags=14%, list=14%, signal=17%	
POSITIVE REGULATION OF AXON EXTENSION%GOBP%GO:0045773	POSITIVE REGULATION OF AXON EXTENSION%GOBP%GO:0045773		17	0.2827536	0.6778509	0.90438247	0.9976826	1.0	1307	tags=12%, list=8%, signal=13%	
TRANSCRIPTIONAL REGULATION BY THE AP-2 (TFAP2) FAMILY OF TRANSCRIPTION FACTORS%REACTOME DATABASE ID RELEASE 93%8864260	TRANSCRIPTIONAL REGULATION BY THE AP-2 (TFAP2) FAMILY OF TRANSCRIPTION FACTORS%REACTOME DATABASE ID RELEASE 93%8864260		32	0.24226385	0.6777266	0.954918	0.9974522	1.0	3676	tags=31%, list=22%, signal=40%	
POSITIVE REGULATION OF CELL MIGRATION INVOLVED IN SPROUTING ANGIOGENESIS%GOBP%GO:0090050	POSITIVE REGULATION OF CELL MIGRATION INVOLVED IN SPROUTING ANGIOGENESIS%GOBP%GO:0090050		19	0.27759314	0.67641383	0.9145833	0.9979815	1.0	2965	tags=21%, list=18%, signal=26%	
REGULATION OF GLIOGENESIS%GOBP%GO:0014013	REGULATION OF GLIOGENESIS%GOBP%GO:0014013		32	0.24456424	0.6757912	0.9475983	0.99806225	1.0	4983	tags=34%, list=30%, signal=49%	
POSITIVE REGULATION OF GLIAL CELL DIFFERENTIATION%GOBP%GO:0045687	POSITIVE REGULATION OF GLIAL CELL DIFFERENTIATION%GOBP%GO:0045687		15	0.29351255	0.67508405	0.91748524	0.99819565	1.0	4119	tags=40%, list=25%, signal=53%	
NEURAL CREST CELL MIGRATION%GOBP%GO:0001755	NEURAL CREST CELL MIGRATION%GOBP%GO:0001755		32	0.2465186	0.6748686	0.9491917	0.99802285	1.0	4205	tags=25%, list=26%, signal=34%	
POSITIVE REGULATION OF CD4-POSITIVE, ALPHA-BETA T CELL ACTIVATION%GOBP%GO:2000516	POSITIVE REGULATION OF CD4-POSITIVE, ALPHA-BETA T CELL ACTIVATION%GOBP%GO:2000516		30	0.2456424	0.6739641	0.96588486	0.9982632	1.0	2271	tags=13%, list=14%, signal=15%	
CADHERIN SIGNALING PATHWAY%PANTHER PATHWAY%P00012	CADHERIN SIGNALING PATHWAY%PANTHER PATHWAY%P00012		70	0.20849645	0.67392313	0.9910714	0.9979743	1.0	4334	tags=20%, list=26%, signal=27%	
INOSITOL METABOLISM%PATHWHIZ%PW088261	INOSITOL METABOLISM%PATHWHIZ%PW088261		18	0.2741179	0.6738127	0.9114471	0.99774164	1.0	710	tags=11%, list=4%, signal=12%	
OLIGODENDROCYTE DEVELOPMENT%GOBP%GO:0014003	OLIGODENDROCYTE DEVELOPMENT%GOBP%GO:0014003		19	0.2794833	0.672304	0.918	0.99834853	1.0	5198	tags=42%, list=32%, signal=62%	
CELL-CELL SIGNALING INVOLVED IN CARDIAC CONDUCTION%GOBP%GO:0086019	CELL-CELL SIGNALING INVOLVED IN CARDIAC CONDUCTION%GOBP%GO:0086019		17	0.2781073	0.67169833	0.9326733	0.9984113	1.0	683	tags=6%, list=4%, signal=6%	
POLYSACCHARIDE CATABOLIC PROCESS%GOBP%GO:0000272	POLYSACCHARIDE CATABOLIC PROCESS%GOBP%GO:0000272		19	0.27135065	0.6710234	0.9203187	0.9985011	1.0	3754	tags=37%, list=23%, signal=48%	
ACYL CHAIN REMODELLING OF PC%REACTOME%R-HSA-1482788.5	ACYL CHAIN REMODELLING OF PC%REACTOME%R-HSA-1482788.5		20	0.26461232	0.6701286	0.9301848	0.99870497	1.0	2707	tags=20%, list=16%, signal=24%	
OPIOID PROOPIOMELANOCORTIN PATHWAY%PANTHER PATHWAY%P05917	OPIOID PROOPIOMELANOCORTIN PATHWAY%PANTHER PATHWAY%P05917		16	0.2885828	0.6697125	0.914405	0.9986513	1.0	4723	tags=31%, list=29%, signal=44%	
ACTIVATION OF SMO%REACTOME%R-HSA-5635838.2	ACTIVATION OF SMO%REACTOME%R-HSA-5635838.2		15	0.2857112	0.6674433	0.9253112	0.9996767	1.0	90	tags=7%, list=1%, signal=7%	
ACTIVATION OF G PROTEIN GATED POTASSIUM CHANNELS%REACTOME%R-HSA-1296041.4	ACTIVATION OF G PROTEIN GATED POTASSIUM CHANNELS%REACTOME%R-HSA-1296041.4		21	0.25753558	0.66681904	0.94789577	0.99972177	1.0	2996	tags=19%, list=18%, signal=23%	
FEMALE SEX DIFFERENTIATION%GOBP%GO:0046660	FEMALE SEX DIFFERENTIATION%GOBP%GO:0046660		29	0.24488643	0.6662243	0.95578945	0.9997486	1.0	272	tags=3%, list=2%, signal=4%	
G PROTEIN GATED POTASSIUM CHANNELS%REACTOME%R-HSA-1296059.4	G PROTEIN GATED POTASSIUM CHANNELS%REACTOME%R-HSA-1296059.4		21	0.25753558	0.66571146	0.9498069	0.99972653	1.0	2996	tags=19%, list=18%, signal=23%	
INHIBITION OF VOLTAGE GATED CA2+ CHANNELS VIA GBETA GAMMA SUBUNITS%REACTOME DATABASE ID RELEASE 93%997272	INHIBITION OF VOLTAGE GATED CA2+ CHANNELS VIA GBETA GAMMA SUBUNITS%REACTOME DATABASE ID RELEASE 93%997272		21	0.25753558	0.6649295	0.9468085	0.9998543	1.0	2996	tags=19%, list=18%, signal=23%	
PID_MYC_PATHWAY%MSIGDB_C2%PID_MYC_PATHWAY	PID_MYC_PATHWAY%MSIGDB_C2%PID_MYC_PATHWAY		19	0.27108276	0.664394	0.9327731	0.9998472	1.0	1110	tags=16%, list=7%, signal=17%	
UNTITLED%PANTHER PATHWAY%P05916	UNTITLED%PANTHER PATHWAY%P05916		15	0.2912247	0.66431344	0.89215684	0.9995771	1.0	4723	tags=33%, list=29%, signal=47%	
ANTIGEN PROCESSING AND PRESENTATION OF PEPTIDE ANTIGEN VIA MHC CLASS I%GOBP%GO:0002474	ANTIGEN PROCESSING AND PRESENTATION OF PEPTIDE ANTIGEN VIA MHC CLASS I%GOBP%GO:0002474		22	0.25704616	0.66431296	0.94768614	0.99926883	1.0	2104	tags=14%, list=13%, signal=16%	
AMINE LIGAND-BINDING RECEPTORS%REACTOME DATABASE ID RELEASE 93%375280	AMINE LIGAND-BINDING RECEPTORS%REACTOME DATABASE ID RELEASE 93%375280		19	0.26942682	0.66390806	0.93415636	0.9991958	1.0	704	tags=5%, list=4%, signal=5%	
REGULATION OF GLUCAN BIOSYNTHETIC PROCESS%GOBP%GO:0010962	REGULATION OF GLUCAN BIOSYNTHETIC PROCESS%GOBP%GO:0010962		21	0.26395783	0.6631405	0.92672414	0.99931455	1.0	4187	tags=38%, list=26%, signal=51%	
LEUKOCYTE INTRINSIC HIPPO PATHWAY FUNCTIONS%WIKIPATHWAYS_20250810%WP4542%HOMO SAPIENS	LEUKOCYTE INTRINSIC HIPPO PATHWAY FUNCTIONS%WIKIPATHWAYS_20250810%WP4542%HOMO SAPIENS		21	0.26523703	0.66295666	0.92537314	0.9991244	1.0	2275	tags=19%, list=14%, signal=22%	
REGULATION OF GLYCOGEN BIOSYNTHETIC PROCESS%GOBP%GO:0005979	REGULATION OF GLYCOGEN BIOSYNTHETIC PROCESS%GOBP%GO:0005979		21	0.26395783	0.6627573	0.9450102	0.9989276	1.0	4187	tags=38%, list=26%, signal=51%	
GLUCAN CATABOLIC PROCESS%GOBP%GO:0009251	GLUCAN CATABOLIC PROCESS%GOBP%GO:0009251		19	0.27135065	0.6617638	0.9424779	0.99916136	1.0	3754	tags=37%, list=23%, signal=48%	
ANTIGEN PROCESSING AND PRESENTATION OF PEPTIDE ANTIGEN%GOBP%GO:0048002	ANTIGEN PROCESSING AND PRESENTATION OF PEPTIDE ANTIGEN%GOBP%GO:0048002		46	0.21994667	0.6613962	0.98237884	0.9990443	1.0	5109	tags=37%, list=31%, signal=54%	
OOGENESIS%GOBP%GO:0048477	OOGENESIS%GOBP%GO:0048477		34	0.2383204	0.66063625	0.96781117	0.9991373	1.0	2314	tags=12%, list=14%, signal=14%	
SEX DIFFERENTIATION%GOBP%GO:0007548	SEX DIFFERENTIATION%GOBP%GO:0007548		72	0.20255265	0.65995985	0.99578947	0.99917763	1.0	3133	tags=13%, list=19%, signal=15%	
ADENYLATE CYCLASE-ACTIVATING G PROTEIN-COUPLED RECEPTOR SIGNALING PATHWAY%GOBP%GO:0007189	ADENYLATE CYCLASE-ACTIVATING G PROTEIN-COUPLED RECEPTOR SIGNALING PATHWAY%GOBP%GO:0007189		87	0.19910815	0.659903	0.9930716	0.9988993	1.0	3258	tags=15%, list=20%, signal=19%	
DOPAMINE NEUROTRANSMITTER RELEASE CYCLE%REACTOME%R-HSA-212676.5	DOPAMINE NEUROTRANSMITTER RELEASE CYCLE%REACTOME%R-HSA-212676.5		18	0.2737569	0.6595112	0.9369919	0.99879843	1.0	1606	tags=11%, list=10%, signal=12%	
POSITIVE REGULATION OF CELL ADHESION MEDIATED BY INTEGRIN%GOBP%GO:0033630	POSITIVE REGULATION OF CELL ADHESION MEDIATED BY INTEGRIN%GOBP%GO:0033630		18	0.27280933	0.6588522	0.9348269	0.99883175	1.0	5230	tags=33%, list=32%, signal=49%	
GLOMERULUS DEVELOPMENT%GOBP%GO:0032835	GLOMERULUS DEVELOPMENT%GOBP%GO:0032835		34	0.23484577	0.65856665	0.97180045	0.9986655	1.0	1635	tags=6%, list=10%, signal=7%	
REGULATION OF GLIAL CELL DIFFERENTIATION%GOBP%GO:0045685	REGULATION OF GLIAL CELL DIFFERENTIATION%GOBP%GO:0045685		26	0.24903207	0.65792406	0.96414346	0.9986985	1.0	3495	tags=27%, list=21%, signal=34%	
CARDIAC CONDUCTION%REACTOME%R-HSA-5576891.4	CARDIAC CONDUCTION%REACTOME%R-HSA-5576891.4		96	0.19484507	0.657457	0.9977925	0.99863166	1.0	4403	tags=25%, list=27%, signal=34%	
MUSCULOSKELETAL MOVEMENT%GOBP%GO:0050881	MUSCULOSKELETAL MOVEMENT%GOBP%GO:0050881		18	0.26711035	0.6565611	0.93762577	0.99878377	1.0	5066	tags=50%, list=31%, signal=72%	
ANTERIOR/POSTERIOR PATTERN SPECIFICATION%GOBP%GO:0009952	ANTERIOR/POSTERIOR PATTERN SPECIFICATION%GOBP%GO:0009952		52	0.21194148	0.6562532	0.9842342	0.9986266	1.0	4886	tags=38%, list=30%, signal=55%	
T CELL SELECTION%GOBP%GO:0045058	T CELL SELECTION%GOBP%GO:0045058		23	0.25209603	0.6555533	0.9613734	0.998659	1.0	3159	tags=17%, list=19%, signal=22%	
RESPONSE TO TYPE II INTERFERON%GOBP%GO:0034341	RESPONSE TO TYPE II INTERFERON%GOBP%GO:0034341		57	0.20945854	0.65389156	0.99117	0.99915284	1.0	3153	tags=18%, list=19%, signal=22%	
PROTEIN HOMOTETRAMERIZATION%GOBP%GO:0051289	PROTEIN HOMOTETRAMERIZATION%GOBP%GO:0051289		49	0.22192629	0.6531148	0.9777328	0.99923915	1.0	3757	tags=24%, list=23%, signal=32%	
LEARNING%GOBP%GO:0007612	LEARNING%GOBP%GO:0007612		48	0.21718054	0.6522945	0.9826087	0.9993055	1.0	4187	tags=25%, list=26%, signal=33%	
GABA RECEPTOR ACTIVATION%REACTOME DATABASE ID RELEASE 93%977443	GABA RECEPTOR ACTIVATION%REACTOME DATABASE ID RELEASE 93%977443		44	0.22115557	0.6487957	0.993617	1.0	1.0	3524	tags=18%, list=21%, signal=23%	
REGULATION OF GLYCOGEN METABOLIC PROCESS%GOBP%GO:0070873	REGULATION OF GLYCOGEN METABOLIC PROCESS%GOBP%GO:0070873		24	0.25511292	0.64870536	0.94779116	1.0	1.0	3258	tags=29%, list=20%, signal=36%	
REGULATION OF CARDIAC CONDUCTION%GOBP%GO:1903779	REGULATION OF CARDIAC CONDUCTION%GOBP%GO:1903779		18	0.2633067	0.6468442	0.94015443	1.0	1.0	333	tags=6%, list=2%, signal=6%	
LYMPH VESSEL DEVELOPMENT%GOBP%GO:0001945	LYMPH VESSEL DEVELOPMENT%GOBP%GO:0001945		19	0.26176143	0.6466757	0.95519346	1.0	1.0	3027	tags=21%, list=18%, signal=26%	
MULTICELLULAR ORGANISMAL MOVEMENT%GOBP%GO:0050879	MULTICELLULAR ORGANISMAL MOVEMENT%GOBP%GO:0050879		18	0.26711035	0.64516944	0.93621397	1.0	1.0	5066	tags=50%, list=31%, signal=72%	
SARCOMERE ORGANIZATION%GOBP%GO:0045214	SARCOMERE ORGANIZATION%GOBP%GO:0045214		18	0.2644334	0.645129	0.95686275	1.0	1.0	3622	tags=22%, list=22%, signal=28%	
POSITIVE REGULATION OF STEROID BIOSYNTHETIC PROCESS%GOBP%GO:0010893	POSITIVE REGULATION OF STEROID BIOSYNTHETIC PROCESS%GOBP%GO:0010893		19	0.25769576	0.64454997	0.9496982	1.0	1.0	333	tags=5%, list=2%, signal=5%	
RELEASE OF SEQUESTERED CALCIUM ION INTO CYTOSOL%GOBP%GO:0051209	RELEASE OF SEQUESTERED CALCIUM ION INTO CYTOSOL%GOBP%GO:0051209		39	0.22153912	0.6437808	0.9859155	1.0	1.0	3627	tags=23%, list=22%, signal=30%	
ENDOTHELIAL CELL DIFFERENTIATION%GOBP%GO:0045446	ENDOTHELIAL CELL DIFFERENTIATION%GOBP%GO:0045446		55	0.2085499	0.64269435	0.9979757	1.0	1.0	5029	tags=36%, list=31%, signal=52%	
REGULATION OF INSULIN SECRETION%REACTOME%R-HSA-422356.6	REGULATION OF INSULIN SECRETION%REACTOME%R-HSA-422356.6		64	0.20558268	0.6426076	0.9911111	1.0	1.0	3550	tags=20%, list=22%, signal=26%	
REGULATION OF T-HELPER 1 TYPE IMMUNE RESPONSE%GOBP%GO:0002825	REGULATION OF T-HELPER 1 TYPE IMMUNE RESPONSE%GOBP%GO:0002825		16	0.27635372	0.6417865	0.9498956	1.0	1.0	3994	tags=19%, list=24%, signal=25%	
CELL FATE DETERMINATION%GOBP%GO:0001709	CELL FATE DETERMINATION%GOBP%GO:0001709		15	0.27506155	0.64012855	0.93686354	1.0	1.0	2370	tags=13%, list=14%, signal=16%	
REGULATION OF PROGRAMMED NECROTIC CELL DEATH%GOBP%GO:0062098	REGULATION OF PROGRAMMED NECROTIC CELL DEATH%GOBP%GO:0062098		21	0.25213057	0.6381944	0.9456522	1.0	1.0	3014	tags=19%, list=18%, signal=23%	
ENKEPHALIN RELEASE%PANTHER PATHWAY%P05913	ENKEPHALIN RELEASE%PANTHER PATHWAY%P05913		25	0.24156779	0.6376948	0.9792531	1.0	1.0	2996	tags=20%, list=18%, signal=24%	
POSITIVE REGULATION OF BLOOD CIRCULATION%GOBP%GO:1903524	POSITIVE REGULATION OF BLOOD CIRCULATION%GOBP%GO:1903524		17	0.26207608	0.63675344	0.94650203	1.0	1.0	12115	tags=100%, list=74%, signal=381%	
UTERINE NATURAL KILLER CELLS AND PROGESTERONE ESTROGEN AND CHORIONIC GONADOTROPIN%WIKIPATHWAYS_20250810%WP5569%HOMO SAPIENS	UTERINE NATURAL KILLER CELLS AND PROGESTERONE ESTROGEN AND CHORIONIC GONADOTROPIN%WIKIPATHWAYS_20250810%WP5569%HOMO SAPIENS		37	0.21986665	0.6362846	0.98039216	1.0	1.0	38	tags=3%, list=0%, signal=3%	
ACROSOME ASSEMBLY%GOBP%GO:0001675	ACROSOME ASSEMBLY%GOBP%GO:0001675		16	0.26707867	0.63626945	0.93801653	1.0	1.0	5516	tags=38%, list=34%, signal=56%	
POLYOL METABOLIC PROCESS%GOBP%GO:0019751	POLYOL METABOLIC PROCESS%GOBP%GO:0019751		65	0.20306793	0.6356275	0.993617	1.0	1.0	4473	tags=28%, list=27%, signal=38%	
REGULATION OF EXTRINSIC APOPTOTIC SIGNALING PATHWAY IN ABSENCE OF LIGAND%GOBP%GO:2001239	REGULATION OF EXTRINSIC APOPTOTIC SIGNALING PATHWAY IN ABSENCE OF LIGAND%GOBP%GO:2001239		20	0.25760415	0.6312038	0.95	1.0	1.0	1933	tags=10%, list=12%, signal=11%	
HOMEOSTASIS OF NUMBER OF CELLS%GOBP%GO:0048872	HOMEOSTASIS OF NUMBER OF CELLS%GOBP%GO:0048872		96	0.18558897	0.6303577	0.9977324	1.0	1.0	4004	tags=23%, list=24%, signal=30%	
MONOAMINE GPCRS%WIKIPATHWAYS_20250810%WP58%HOMO SAPIENS	MONOAMINE GPCRS%WIKIPATHWAYS_20250810%WP58%HOMO SAPIENS		17	0.26966843	0.6296317	0.9640592	1.0	1.0	704	tags=6%, list=4%, signal=6%	
GLUCAGON-TYPE LIGAND RECEPTORS%REACTOME%R-HSA-420092.5	GLUCAGON-TYPE LIGAND RECEPTORS%REACTOME%R-HSA-420092.5		17	0.26115876	0.6296169	0.93709326	1.0	1.0	4012	tags=24%, list=24%, signal=31%	
POSITIVE REGULATION OF HEART CONTRACTION%GOBP%GO:0045823	POSITIVE REGULATION OF HEART CONTRACTION%GOBP%GO:0045823		17	0.26207608	0.62913173	0.9423868	1.0	1.0	12115	tags=100%, list=74%, signal=381%	
NEGATIVE REGULATION OF LIPID CATABOLIC PROCESS%GOBP%GO:0050995	NEGATIVE REGULATION OF LIPID CATABOLIC PROCESS%GOBP%GO:0050995		16	0.2747073	0.6286161	0.954071	1.0	1.0	5616	tags=38%, list=34%, signal=57%	
MALE MEIOTIC NUCLEAR DIVISION%GOBP%GO:0007140	MALE MEIOTIC NUCLEAR DIVISION%GOBP%GO:0007140		26	0.23810992	0.62859046	0.9752066	1.0	1.0	4660	tags=23%, list=28%, signal=32%	
EXTRAFOLLICULAR AND FOLLICULAR B CELL ACTIVATION BY SARS COV 2%WIKIPATHWAYS_20250810%WP5218%HOMO SAPIENS	EXTRAFOLLICULAR AND FOLLICULAR B CELL ACTIVATION BY SARS COV 2%WIKIPATHWAYS_20250810%WP5218%HOMO SAPIENS		45	0.20917769	0.62786824	0.9850107	1.0	1.0	3075	tags=16%, list=19%, signal=19%	
RENAL SYSTEM PROCESS%GOBP%GO:0003014	RENAL SYSTEM PROCESS%GOBP%GO:0003014		75	0.19464847	0.6278518	0.9977876	1.0	1.0	5046	tags=36%, list=31%, signal=52%	
ANTIGEN PROCESSING AND PRESENTATION OF EXOGENOUS PEPTIDE ANTIGEN%GOBP%GO:0002478	ANTIGEN PROCESSING AND PRESENTATION OF EXOGENOUS PEPTIDE ANTIGEN%GOBP%GO:0002478		30	0.22587164	0.6271571	0.9683258	1.0	1.0	5030	tags=40%, list=31%, signal=58%	
ALPHA-BETA T CELL ACTIVATION%GOBP%GO:0046631	ALPHA-BETA T CELL ACTIVATION%GOBP%GO:0046631		52	0.2046194	0.62376225	0.99571735	1.0	1.0	4381	tags=21%, list=27%, signal=29%	
ISOPRENOID METABOLIC PROCESS%GOBP%GO:0006720	ISOPRENOID METABOLIC PROCESS%GOBP%GO:0006720		56	0.20037621	0.6235779	0.99784946	1.0	1.0	5092	tags=27%, list=31%, signal=39%	
LIVER DEVELOPMENT%GOBP%GO:0001889	LIVER DEVELOPMENT%GOBP%GO:0001889		25	0.23437294	0.6209028	0.9770833	1.0	1.0	3676	tags=20%, list=22%, signal=26%	
DETECTION OF EXTERNAL STIMULUS%GOBP%GO:0009581	DETECTION OF EXTERNAL STIMULUS%GOBP%GO:0009581		57	0.19838053	0.6202436	0.99182004	1.0	1.0	652	tags=4%, list=4%, signal=4%	
HALLMARK_TGF_BETA_SIGNALING%MSIGDBHALLMARK%HALLMARK_TGF_BETA_SIGNALING	HALLMARK_TGF_BETA_SIGNALING%MSIGDBHALLMARK%HALLMARK_TGF_BETA_SIGNALING		39	0.21259202	0.6191654	0.98190045	1.0	1.0	2845	tags=18%, list=17%, signal=22%	
NATURAL KILLER CELL ACTIVATION%GOBP%GO:0030101	NATURAL KILLER CELL ACTIVATION%GOBP%GO:0030101		25	0.23388422	0.61498827	0.970339	1.0	1.0	2701	tags=16%, list=16%, signal=19%	
SODIUM ION TRANSMEMBRANE TRANSPORT%GOBP%GO:0035725	SODIUM ION TRANSMEMBRANE TRANSPORT%GOBP%GO:0035725		61	0.19512913	0.61325353	1.0	1.0	1.0	4353	tags=25%, list=27%, signal=33%	
ACTIN FILAMENT CAPPING%GOBP%GO:0051693	ACTIN FILAMENT CAPPING%GOBP%GO:0051693		15	0.26114756	0.60972023	0.9723866	1.0	1.0	3312	tags=27%, list=20%, signal=33%	
BONE REMODELING%GOBP%GO:0046849	BONE REMODELING%GOBP%GO:0046849		15	0.262287	0.6071432	0.9590517	1.0	1.0	4280	tags=40%, list=26%, signal=54%	
BARBED-END ACTIN FILAMENT CAPPING%GOBP%GO:0051016	BARBED-END ACTIN FILAMENT CAPPING%GOBP%GO:0051016		15	0.26114756	0.60656446	0.94512194	1.0	1.0	3312	tags=27%, list=20%, signal=33%	
CAMERA-TYPE EYE MORPHOGENESIS%GOBP%GO:0048593	CAMERA-TYPE EYE MORPHOGENESIS%GOBP%GO:0048593		50	0.20308399	0.6062003	0.99376297	1.0	1.0	2377	tags=12%, list=14%, signal=14%	
CARTILAGE DEVELOPMENT%GOBP%GO:0051216	CARTILAGE DEVELOPMENT%GOBP%GO:0051216		53	0.19661166	0.6057041	0.99788135	1.0	1.0	3956	tags=19%, list=24%, signal=25%	
CLASS B 2 (SECRETIN FAMILY RECEPTORS)%REACTOME%R-HSA-373080.4	CLASS B 2 (SECRETIN FAMILY RECEPTORS)%REACTOME%R-HSA-373080.4		53	0.19821204	0.60395235	0.9977273	1.0	1.0	4256	tags=19%, list=26%, signal=25%	
MUSCLE TISSUE MORPHOGENESIS%GOBP%GO:0060415	MUSCLE TISSUE MORPHOGENESIS%GOBP%GO:0060415		28	0.22104755	0.6038298	0.97741276	1.0	1.0	2216	tags=14%, list=14%, signal=16%	
NEGATIVE REGULATION OF SYNAPTIC TRANSMISSION%GOBP%GO:0050805	NEGATIVE REGULATION OF SYNAPTIC TRANSMISSION%GOBP%GO:0050805		15	0.26103047	0.6033023	0.96178347	1.0	1.0	3661	tags=27%, list=22%, signal=34%	
MEMBRANE DEPOLARIZATION%GOBP%GO:0051899	MEMBRANE DEPOLARIZATION%GOBP%GO:0051899		31	0.21871132	0.60296214	0.99568033	1.0	1.0	4162	tags=23%, list=25%, signal=30%	
MUSCLE ORGAN MORPHOGENESIS%GOBP%GO:0048644	MUSCLE ORGAN MORPHOGENESIS%GOBP%GO:0048644		28	0.22104755	0.601241	0.98523206	1.0	1.0	2216	tags=14%, list=14%, signal=16%	
FOXA1 TRANSCRIPTION FACTOR NETWORK%PATHWAY INTERACTION DATABASE NCI-NATURE CURATED DATA%FOXA1 TRANSCRIPTION FACTOR NETWORK	FOXA1 TRANSCRIPTION FACTOR NETWORK%PATHWAY INTERACTION DATABASE NCI-NATURE CURATED DATA%FOXA1 TRANSCRIPTION FACTOR NETWORK		31	0.21481885	0.59995174	0.9828326	1.0	1.0	5080	tags=39%, list=31%, signal=56%	
DETECTION OF ABIOTIC STIMULUS%GOBP%GO:0009582	DETECTION OF ABIOTIC STIMULUS%GOBP%GO:0009582		60	0.19264404	0.5979344	0.9977064	1.0	1.0	652	tags=3%, list=4%, signal=3%	
REGULATION OF VENTRICULAR CARDIAC MUSCLE CELL MEMBRANE REPOLARIZATION%GOBP%GO:0060307	REGULATION OF VENTRICULAR CARDIAC MUSCLE CELL MEMBRANE REPOLARIZATION%GOBP%GO:0060307		17	0.24377994	0.59676725	0.975052	1.0	1.0	1513	tags=12%, list=9%, signal=13%	
GLUCAGON-LIKE PEPTIDE-1 (GLP1) REGULATES INSULIN SECRETION%REACTOME%R-HSA-381676.8	GLUCAGON-LIKE PEPTIDE-1 (GLP1) REGULATES INSULIN SECRETION%REACTOME%R-HSA-381676.8		33	0.21453135	0.5950605	0.99147123	1.0	1.0	4294	tags=27%, list=26%, signal=37%	
ANTIGEN PROCESSING AND PRESENTATION OF EXOGENOUS ANTIGEN%GOBP%GO:0019884	ANTIGEN PROCESSING AND PRESENTATION OF EXOGENOUS ANTIGEN%GOBP%GO:0019884		32	0.21527448	0.5945361	0.993865	1.0	1.0	5030	tags=38%, list=31%, signal=54%	
REGULATION OF CALCIUM ION IMPORT%GOBP%GO:0090279	REGULATION OF CALCIUM ION IMPORT%GOBP%GO:0090279		23	0.23244803	0.593889	0.98136646	1.0	1.0	5835	tags=39%, list=36%, signal=61%	
PEPTIDE CATABOLIC PROCESS%GOBP%GO:0043171	PEPTIDE CATABOLIC PROCESS%GOBP%GO:0043171		18	0.2418762	0.5930499	0.96070725	1.0	1.0	4210	tags=39%, list=26%, signal=52%	
PRESYNAPTIC FUNCTION OF KAINATE RECEPTORS%REACTOME DATABASE ID RELEASE 93%500657	PRESYNAPTIC FUNCTION OF KAINATE RECEPTORS%REACTOME DATABASE ID RELEASE 93%500657		15	0.25272146	0.5928246	0.9655172	1.0	1.0	4012	tags=27%, list=24%, signal=35%	
ADP SIGNALLING THROUGH P2Y PURINOCEPTOR 12%REACTOME DATABASE ID RELEASE 93%392170	ADP SIGNALLING THROUGH P2Y PURINOCEPTOR 12%REACTOME DATABASE ID RELEASE 93%392170		15	0.25708276	0.5917589	0.9634888	1.0	1.0	4012	tags=27%, list=24%, signal=35%	
OLIGODENDROCYTE SPECIFICATION AND DIFFERENTIATION LEADING TO MYELIN COMPONENTS FOR CNS%WIKIPATHWAYS_20250810%WP4304%HOMO SAPIENS	OLIGODENDROCYTE SPECIFICATION AND DIFFERENTIATION LEADING TO MYELIN COMPONENTS FOR CNS%WIKIPATHWAYS_20250810%WP4304%HOMO SAPIENS		15	0.25205308	0.5910296	0.9609054	1.0	1.0	4509	tags=27%, list=27%, signal=37%	
SENSORY PROCESSING OF SOUND BY OUTER HAIR CELLS OF THE COCHLEA%REACTOME%R-HSA-9662361.2	SENSORY PROCESSING OF SOUND BY OUTER HAIR CELLS OF THE COCHLEA%REACTOME%R-HSA-9662361.2		41	0.20526145	0.59051675	0.99598396	1.0	1.0	4074	tags=24%, list=25%, signal=32%	
POTASSIUM ION TRANSPORT%GOBP%GO:0006813	POTASSIUM ION TRANSPORT%GOBP%GO:0006813		101	0.17232303	0.58801514	1.0	1.0	1.0	3623	tags=17%, list=22%, signal=21%	
LEUKOTRIENE METABOLIC PROCESS%GOBP%GO:0006691	LEUKOTRIENE METABOLIC PROCESS%GOBP%GO:0006691		18	0.24292347	0.58688855	0.97325104	1.0	1.0	4621	tags=39%, list=28%, signal=54%	
SODIUM ION IMPORT ACROSS PLASMA MEMBRANE%GOBP%GO:0098719	SODIUM ION IMPORT ACROSS PLASMA MEMBRANE%GOBP%GO:0098719		19	0.24007718	0.58650637	0.97899157	1.0	1.0	4135	tags=32%, list=25%, signal=42%	
RESPONSE TO STEROL%GOBP%GO:0036314	RESPONSE TO STEROL%GOBP%GO:0036314		21	0.23263359	0.58384836	0.97722566	1.0	1.0	2590	tags=19%, list=16%, signal=23%	
CARDIAC VENTRICLE MORPHOGENESIS%GOBP%GO:0003208	CARDIAC VENTRICLE MORPHOGENESIS%GOBP%GO:0003208		34	0.20982152	0.5816235	0.993865	1.0	1.0	2177	tags=12%, list=13%, signal=14%	
G-PROTEIN ACTIVATION%REACTOME%R-HSA-202040.3	G-PROTEIN ACTIVATION%REACTOME%R-HSA-202040.3		16	0.24612534	0.5798165	0.97363085	1.0	1.0	4012	tags=25%, list=24%, signal=33%	
BIOGENIC AMINE BIOSYNTHETIC PROCESS%GOBP%GO:0042401	BIOGENIC AMINE BIOSYNTHETIC PROCESS%GOBP%GO:0042401		17	0.23572972	0.5774546	0.9725159	1.0	1.0	5774	tags=41%, list=35%, signal=63%	
INORGANIC CATION IMPORT ACROSS PLASMA MEMBRANE%GOBP%GO:0098659	INORGANIC CATION IMPORT ACROSS PLASMA MEMBRANE%GOBP%GO:0098659		76	0.17477736	0.57654005	1.0	1.0	1.0	4135	tags=22%, list=25%, signal=30%	
REGULATION OF POTASSIUM ION TRANSMEMBRANE TRANSPORT%GOBP%GO:1901379	REGULATION OF POTASSIUM ION TRANSMEMBRANE TRANSPORT%GOBP%GO:1901379		39	0.19536538	0.57197803	0.99390244	1.0	1.0	2996	tags=13%, list=18%, signal=16%	
OUTFLOW TRACT MORPHOGENESIS%GOBP%GO:0003151	OUTFLOW TRACT MORPHOGENESIS%GOBP%GO:0003151		48	0.18808801	0.5684523	0.99785405	1.0	1.0	5308	tags=35%, list=32%, signal=52%	
UBIQUINONE METABOLIC PROCESS%GOBP%GO:0006743	UBIQUINONE METABOLIC PROCESS%GOBP%GO:0006743		16	0.23933055	0.56720597	0.97104245	1.0	1.0	5576	tags=56%, list=34%, signal=85%	
POSITIVE REGULATION OF CATION CHANNEL ACTIVITY%GOBP%GO:2001259	POSITIVE REGULATION OF CATION CHANNEL ACTIVITY%GOBP%GO:2001259		16	0.23521432	0.56709474	0.9837728	1.0	1.0	3081	tags=25%, list=19%, signal=31%	
POTASSIUM CHANNELS%REACTOME DATABASE ID RELEASE 93%1296071	POTASSIUM CHANNELS%REACTOME DATABASE ID RELEASE 93%1296071		66	0.17600138	0.56664014	1.0	1.0	1.0	3550	tags=17%, list=22%, signal=21%	
AMINE BIOSYNTHETIC PROCESS%GOBP%GO:0009309	AMINE BIOSYNTHETIC PROCESS%GOBP%GO:0009309		17	0.23572972	0.56522334	0.9788136	1.0	1.0	5774	tags=41%, list=35%, signal=63%	
REGULATION OF NUCLEAR-TRANSCRIBED MRNA POLY(A) TAIL SHORTENING%GOBP%GO:0060211	REGULATION OF NUCLEAR-TRANSCRIBED MRNA POLY(A) TAIL SHORTENING%GOBP%GO:0060211		15	0.24423902	0.5648281	0.971134	1.0	1.0	2392	tags=13%, list=15%, signal=16%	
INORGANIC ION IMPORT ACROSS PLASMA MEMBRANE%GOBP%GO:0099587	INORGANIC ION IMPORT ACROSS PLASMA MEMBRANE%GOBP%GO:0099587		76	0.17477736	0.5632256	1.0	1.0	1.0	4135	tags=22%, list=25%, signal=30%	
QUINONE METABOLIC PROCESS%GOBP%GO:1901661	QUINONE METABOLIC PROCESS%GOBP%GO:1901661		17	0.23539998	0.5600886	0.9761431	1.0	1.0	5576	tags=53%, list=34%, signal=80%	
BIOCARTA_NUCLEARRS_PATHWAY%MSIGDB_C2%BIOCARTA_NUCLEARRS_PATHWAY	BIOCARTA_NUCLEARRS_PATHWAY%MSIGDB_C2%BIOCARTA_NUCLEARRS_PATHWAY		16	0.23740657	0.56002057	0.9805195	1.0	1.0	3274	tags=25%, list=20%, signal=31%	
DETECTION OF MECHANICAL STIMULUS INVOLVED IN SENSORY PERCEPTION%GOBP%GO:0050974	DETECTION OF MECHANICAL STIMULUS INVOLVED IN SENSORY PERCEPTION%GOBP%GO:0050974		17	0.23406155	0.5596443	0.98046875	1.0	1.0	652	tags=6%, list=4%, signal=6%	
GONAD DEVELOPMENT%GOBP%GO:0008406	GONAD DEVELOPMENT%GOBP%GO:0008406		58	0.17827599	0.55812097	1.0	1.0	1.0	3133	tags=10%, list=19%, signal=13%	
ENDOTHELIN PATHWAYS%WIKIPATHWAYS_20250810%WP2197%HOMO SAPIENS	ENDOTHELIN PATHWAYS%WIKIPATHWAYS_20250810%WP2197%HOMO SAPIENS		22	0.21681722	0.5554981	0.97808766	1.0	1.0	5534	tags=32%, list=34%, signal=48%	
NUCLEAR RECEPTORS IN LIPID METABOLISM AND TOXICITY%WIKIPATHWAYS_20250810%WP299%HOMO SAPIENS	NUCLEAR RECEPTORS IN LIPID METABOLISM AND TOXICITY%WIKIPATHWAYS_20250810%WP299%HOMO SAPIENS		16	0.23740667	0.55444616	0.98582995	1.0	1.0	3274	tags=25%, list=20%, signal=31%	
NILOTINIB INHIBITION OF BCR-ABL%PATHWHIZ%PW032595	NILOTINIB INHIBITION OF BCR-ABL%PATHWHIZ%PW032595		18	0.22414382	0.5530604	0.9790795	1.0	1.0	2490	tags=17%, list=15%, signal=20%	
BOSUTINIB INHIBITION OF BCR-ABL%PATHWHIZ%PW032596	BOSUTINIB INHIBITION OF BCR-ABL%PATHWHIZ%PW032596		18	0.22414382	0.5497343	0.9753593	1.0	1.0	2490	tags=17%, list=15%, signal=20%	
PONATINIB INHIBITION OF BCR-ABL%PATHWHIZ%PW032598	PONATINIB INHIBITION OF BCR-ABL%PATHWHIZ%PW032598		18	0.22414382	0.54683125	0.97894734	1.0	1.0	2490	tags=17%, list=15%, signal=20%	
CHONDROCYTE DIFFERENTIATION%GOBP%GO:0002062	CHONDROCYTE DIFFERENTIATION%GOBP%GO:0002062		30	0.19904642	0.5461258	0.98953974	1.0	1.0	2740	tags=13%, list=17%, signal=16%	
REGULATION OF POTASSIUM ION TRANSPORT%GOBP%GO:0043266	REGULATION OF POTASSIUM ION TRANSPORT%GOBP%GO:0043266		47	0.18009765	0.54502565	1.0	1.0	1.0	3811	tags=17%, list=23%, signal=22%	
BAFETINIB INHIBITION OF BCR-ABL%PATHWHIZ%PW032597	BAFETINIB INHIBITION OF BCR-ABL%PATHWHIZ%PW032597		18	0.22414382	0.5442343	0.9802371	1.0	1.0	2490	tags=17%, list=15%, signal=20%	
PLURIPOTENT STEM CELL DIFFERENTIATION PATHWAY%WIKIPATHWAYS_20250810%WP2848%HOMO SAPIENS	PLURIPOTENT STEM CELL DIFFERENTIATION PATHWAY%WIKIPATHWAYS_20250810%WP2848%HOMO SAPIENS		26	0.207059	0.54315	1.0	1.0	1.0	5292	tags=38%, list=32%, signal=57%	
BCR-ABL ACTION IN CML PATHOGENESIS%SMPDB%SMP0031692	BCR-ABL ACTION IN CML PATHOGENESIS%SMPDB%SMP0031692		18	0.22414382	0.542692	0.9896265	1.0	1.0	2490	tags=17%, list=15%, signal=20%	
CELLULAR RESPONSE TO PROSTAGLANDIN STIMULUS%GOBP%GO:0071379	CELLULAR RESPONSE TO PROSTAGLANDIN STIMULUS%GOBP%GO:0071379		15	0.23122247	0.5353672	0.9853557	1.0	1.0	1350	tags=7%, list=8%, signal=7%	
ABERRANT REGULATION OF MITOTIC G1 S TRANSITION IN CANCER DUE TO RB1 DEFECTS%REACTOME DATABASE ID RELEASE 93%9659787	ABERRANT REGULATION OF MITOTIC G1 S TRANSITION IN CANCER DUE TO RB1 DEFECTS%REACTOME DATABASE ID RELEASE 93%9659787		16	0.22449265	0.5353587	0.98259187	1.0	1.0	5630	tags=50%, list=34%, signal=76%	
DASATINIB INHIBITION OF BCR-ABL%PATHWHIZ%PW032594	DASATINIB INHIBITION OF BCR-ABL%PATHWHIZ%PW032594		18	0.22414382	0.5342612	0.9848156	1.0	1.0	2490	tags=17%, list=15%, signal=20%	
POSITIVE REGULATION OF GLIOGENESIS%GOBP%GO:0014015	POSITIVE REGULATION OF GLIOGENESIS%GOBP%GO:0014015		20	0.21322013	0.53087586	0.9895178	1.0	1.0	4119	tags=30%, list=25%, signal=40%	
DEFECTIVE BINDING OF RB1 MUTANTS TO E2F1,(E2F2, E2F3)%REACTOME DATABASE ID RELEASE 93%9661069	DEFECTIVE BINDING OF RB1 MUTANTS TO E2F1,(E2F2, E2F3)%REACTOME DATABASE ID RELEASE 93%9661069		16	0.22449265	0.5292166	0.99136066	1.0	1.0	5630	tags=50%, list=34%, signal=76%	
DENDRITIC CELL MIGRATION%GOBP%GO:0036336	DENDRITIC CELL MIGRATION%GOBP%GO:0036336		16	0.22077209	0.5086648	0.99578947	1.0	1.0	5230	tags=38%, list=32%, signal=55%	
DEVELOPMENT OF PRIMARY SEXUAL CHARACTERISTICS%GOBP%GO:0045137	DEVELOPMENT OF PRIMARY SEXUAL CHARACTERISTICS%GOBP%GO:0045137		60	0.16139196	0.50785	1.0	1.0	1.0	5491	tags=27%, list=33%, signal=40%	
KYNURENINE PATHWAY AND LINKS TO CELL SENESCENCE%WIKIPATHWAYS_20250810%WP5044%HOMO SAPIENS	KYNURENINE PATHWAY AND LINKS TO CELL SENESCENCE%WIKIPATHWAYS_20250810%WP5044%HOMO SAPIENS		16	0.2129658	0.5074489	0.9881657	1.0	1.0	12920	tags=100%, list=79%, signal=469%	
METABOLISM OF FOLATE AND PTERINES%REACTOME%R-HSA-196757.8	METABOLISM OF FOLATE AND PTERINES%REACTOME%R-HSA-196757.8		15	0.21821614	0.50599635	0.993865	1.0	1.0	4204	tags=33%, list=26%, signal=45%	
MALE GONAD DEVELOPMENT%GOBP%GO:0008584	MALE GONAD DEVELOPMENT%GOBP%GO:0008584		34	0.17724787	0.5004666	0.9979839	1.0	1.0	3133	tags=12%, list=19%, signal=15%	
CALCIUM ION TRANSMEMBRANE IMPORT INTO CYTOSOL%GOBP%GO:0097553	CALCIUM ION TRANSMEMBRANE IMPORT INTO CYTOSOL%GOBP%GO:0097553		72	0.15334764	0.5004471	1.0	1.0	1.0	3958	tags=19%, list=24%, signal=26%	
COLLAGEN CHAIN TRIMERIZATION%REACTOME DATABASE ID RELEASE 93%8948216	COLLAGEN CHAIN TRIMERIZATION%REACTOME DATABASE ID RELEASE 93%8948216		39	0.1741687	0.49735883	0.9978448	1.0	1.0	3869	tags=21%, list=24%, signal=27%	
DETECTION OF STIMULUS INVOLVED IN SENSORY PERCEPTION%GOBP%GO:0050906	DETECTION OF STIMULUS INVOLVED IN SENSORY PERCEPTION%GOBP%GO:0050906		36	0.17145452	0.49265048	1.0	1.0	1.0	4795	tags=28%, list=29%, signal=39%	
HETEROTRIMERIC G-PROTEIN SIGNALING PATHWAY-ROD OUTER SEGMENT PHOTOTRANSDUCTION%PANTHER PATHWAY%P00028	HETEROTRIMERIC G-PROTEIN SIGNALING PATHWAY-ROD OUTER SEGMENT PHOTOTRANSDUCTION%PANTHER PATHWAY%P00028		17	0.19730434	0.47291476	1.0	1.0	1.0	13177	tags=100%, list=80%, signal=507%	
LEUCINE ISOLEUCINE AND VALINE METABOLISM%WIKIPATHWAYS_20250810%WP4686%HOMO SAPIENS	LEUCINE ISOLEUCINE AND VALINE METABOLISM%WIKIPATHWAYS_20250810%WP4686%HOMO SAPIENS		16	0.1975022	0.4724245	0.99607074	1.0	1.0	4745	tags=31%, list=29%, signal=44%	
HEART TRABECULA MORPHOGENESIS%GOBP%GO:0061384	HEART TRABECULA MORPHOGENESIS%GOBP%GO:0061384		16	0.19990727	0.4698581	0.9921414	1.0	1.0	3165	tags=13%, list=19%, signal=15%	
REGULATION OF INTEGRIN ACTIVATION%GOBP%GO:0033623	REGULATION OF INTEGRIN ACTIVATION%GOBP%GO:0033623		17	0.19486676	0.46767065	0.995992	1.0	1.0	4373	tags=24%, list=27%, signal=32%	
TERPENOID METABOLIC PROCESS%GOBP%GO:0006721	TERPENOID METABOLIC PROCESS%GOBP%GO:0006721		47	0.15195349	0.45293236	1.0	1.0	1.0	5092	tags=26%, list=31%, signal=37%	
PHAGOCYTOSIS, ENGULFMENT%GOBP%GO:0006911	PHAGOCYTOSIS, ENGULFMENT%GOBP%GO:0006911		24	0.17560944	0.4523299	1.0	1.0	1.0	4658	tags=25%, list=28%, signal=35%	
ENDOCHONDRAL OSSIFICATION WITH SKELETAL DYSPLASIAS%WIKIPATHWAYS_20250810%WP4808%HOMO SAPIENS	ENDOCHONDRAL OSSIFICATION WITH SKELETAL DYSPLASIAS%WIKIPATHWAYS_20250810%WP4808%HOMO SAPIENS		47	0.14596635	0.43897733	1.0	1.0	1.0	5373	tags=28%, list=33%, signal=41%	
CELL INTERACTIONS IN PANCREATIC CANCER MICROENVIRONMENT%WIKIPATHWAYS_20250810%WP5284%HOMO SAPIENS	CELL INTERACTIONS IN PANCREATIC CANCER MICROENVIRONMENT%WIKIPATHWAYS_20250810%WP5284%HOMO SAPIENS		20	0.17501035	0.4353061	0.997992	1.0	1.0	6324	tags=55%, list=39%, signal=89%	
MALE SEX DIFFERENTIATION%GOBP%GO:0046661	MALE SEX DIFFERENTIATION%GOBP%GO:0046661		36	0.15253082	0.43134195	1.0	1.0	1.0	13914	tags=100%, list=85%, signal=655%	
ENDOCHONDRAL OSSIFICATION%WIKIPATHWAYS_20250810%WP474%HOMO SAPIENS	ENDOCHONDRAL OSSIFICATION%WIKIPATHWAYS_20250810%WP474%HOMO SAPIENS		47	0.14596635	0.4308502	1.0	1.0	1.0	5373	tags=28%, list=33%, signal=41%	
DEVELOPMENT OF PRIMARY MALE SEXUAL CHARACTERISTICS%GOBP%GO:0046546	DEVELOPMENT OF PRIMARY MALE SEXUAL CHARACTERISTICS%GOBP%GO:0046546		35	0.15277398	0.42129454	1.0	0.99994916	1.0	3133	tags=11%, list=19%, signal=14%	
FORMATION OF FIBRIN CLOT (CLOTTING CASCADE)%REACTOME DATABASE ID RELEASE 93%140877	FORMATION OF FIBRIN CLOT (CLOTTING CASCADE)%REACTOME DATABASE ID RELEASE 93%140877		18	0.1657212	0.40603533	1.0	0.99979264	1.0	13695	tags=100%, list=83%, signal=603%	
