"source","term_name","term_id","adjusted_p_value","negative_log10_of_adjusted_p_value","term_size","query_size","intersection_size","effective_domain_size","intersections"
"GO:BP","anatomical structure development","GO:0048856","0.0009913378483172863","3.0037783125631643","5997","514","200","21026",
"GO:BP","chromosome organization","GO:0051276","0.001425243257696804","2.846111004806903","574","514","35","21026",
"GO:BP","cell development","GO:0048468","0.001425243257696804","2.846111004806903","2876","514","110","21026",
"GO:BP","developmental process","GO:0032502","0.001425243257696804","2.846111004806903","6553","514","211","21026",
"GO:BP","organelle organization","GO:0006996","0.002362823068193857","2.6265687977853105","3594","514","129","21026",
"GO:BP","organelle localization","GO:0051640","0.0030573953025476476","2.514648406018364","620","514","35","21026",
"GO:BP","brain development","GO:0007420","0.0030573953025476476","2.514648406018364","754","514","40","21026",
"GO:BP","cellular response to stimulus","GO:0051716","0.0030573953025476476","2.514648406018364","7376","514","229","21026",
"GO:BP","negative regulation of cell adhesion mediated by integrin","GO:0033629","0.0031981782978105252","2.4950973280829833","12","514","5","21026",
"GO:BP","localization","GO:0051179","0.0031981782978105252","2.4950973280829833","5555","514","181","21026",
"GO:BP","response to stimulus","GO:0050896","0.0032831872965722927","2.4837043412890516","8999","514","269","21026",
"GO:BP","multicellular organism development","GO:0007275","0.0032831872965722927","2.4837043412890516","4727","514","158","21026",
"GO:BP","head development","GO:0060322","0.0033272724281851822","2.4779116388024165","806","514","41","21026",
"GO:BP","transport","GO:0006810","0.0033272724281851822","2.4779116388024165","4407","514","149","21026",
"GO:BP","export from cell","GO:0140352","0.0037899967773677742","2.4213611593121356","928","514","45","21026",
"GO:BP","cell differentiation","GO:0030154","0.0038307988940589114","2.4167106466316395","4437","514","149","21026",
"GO:BP","cellular developmental process","GO:0048869","0.0038307988940589114","2.4167106466316395","4438","514","149","21026",
"GO:BP","central nervous system development","GO:0007417","0.004625469740497903","2.334844155822917","1061","514","49","21026",
"GO:BP","tissue development","GO:0009888","0.005911514567245791","2.228301235882206","2032","514","79","21026",
"GO:BP","protein localization to cytoplasmic stress granule","GO:1903608","0.005911514567245791","2.228301235882206","8","514","4","21026",
"GO:BP","otic vesicle formation","GO:0030916","0.005911514567245791","2.228301235882206","8","514","4","21026",
"GO:BP","cellular localization","GO:0051641","0.005911514567245791","2.228301235882206","3661","514","126","21026",
"GO:BP","plasma membrane bounded cell projection organization","GO:0120036","0.00681994736050124","2.1662189774156717","1588","514","65","21026",
"GO:BP","system development","GO:0048731","0.0074140322063975615","2.1299455317364036","4053","514","136","21026",
"GO:BP","secretion by cell","GO:0032940","0.0074140322063975615","2.1299455317364036","854","514","41","21026",
"GO:BP","DNA metabolic process","GO:0006259","0.0074140322063975615","2.1299455317364036","1005","514","46","21026",
"GO:BP","regulation of multicellular organismal process","GO:0051239","0.008050188775486009","2.0941939353848484","2956","514","105","21026",
"GO:BP","transmembrane transport","GO:0055085","0.008538286919844002","2.0686292552932195","1578","514","64","21026",
"GO:BP","chromosome segregation","GO:0007059","0.009212222263768884","2.0356355923356966","427","514","25","21026",
"GO:BP","response to stress","GO:0006950","0.009212222263768884","2.0356355923356966","3948","514","132","21026",
"GO:BP","nuclear chromosome segregation","GO:0098813","0.009212222263768884","2.0356355923356966","323","514","21","21026",
"GO:BP","macromolecule localization","GO:0033036","0.009212222263768884","2.0356355923356966","3228","514","112","21026",
"GO:BP","forebrain development","GO:0030900","0.009212222263768884","2.0356355923356966","423","514","25","21026",
"GO:BP","microtubule cytoskeleton organization","GO:0000226","0.009212222263768884","2.0356355923356966","670","514","34","21026",
"GO:BP","cell projection organization","GO:0030030","0.009956259164488404","2.001903807097363","1631","514","65","21026",
"GO:BP","otic vesicle morphogenesis","GO:0071600","0.009956259164488404","2.001903807097363","10","514","4","21026",
"GO:BP","nervous system development","GO:0007399","0.014536448745677959","1.8375416786579504","2604","514","93","21026",
"GO:BP","chromosome condensation","GO:0030261","0.014536448745677959","1.8375416786579504","45","514","7","21026",
"GO:BP","establishment of localization","GO:0051234","0.015219195433168846","1.8176083060523707","4928","514","157","21026",
"GO:BP","regulation of localization","GO:0032879","0.015219195433168846","1.8176083060523707","2029","514","76","21026",
"GO:BP","cellular response to stress","GO:0033554","0.015363420136727162","1.813512092822407","1830","514","70","21026",
"GO:BP","generation of neurons","GO:0048699","0.015665021073397598","1.8050690165464551","1536","514","61","21026",
"GO:BP","microtubule-based process","GO:0007017","0.015814701392539623","1.8009390038618598","999","514","44","21026",
"GO:BP","ventricular system development","GO:0021591","0.015817934322859648","1.8008502320114277","33","514","6","21026",
"GO:BP","response to external stimulus","GO:0009605","0.015817934322859648","1.8008502320114277","2415","514","87","21026",
"GO:BP","negative chemotaxis","GO:0050919","0.01595592170663201","1.7970781033763061","47","514","7","21026",
"GO:BP","epithelial cell proliferation involved in salivary gland morphogenesis","GO:0060664","0.01619396457599446","1.7906468150701498","5","514","3","21026",
"GO:BP","macromolecule modification","GO:0043412","0.018774428300966567","1.726433278798668","3030","514","104","21026",
"GO:BP","ossification","GO:0001503","0.018774428300966567","1.726433278798668","430","514","24","21026",
"GO:BP","regulation of cell adhesion mediated by integrin","GO:0033628","0.019223566113096374","1.7161660443688742","49","514","7","21026",
"GO:BP","multicellular organismal process","GO:0032501","0.019493148275472678","1.710118013717321","7322","514","218","21026",
"GO:BP","cell adhesion mediated by integrin","GO:0033627","0.02007506109021467","1.6973431244501402","83","514","9","21026",
"GO:BP","regulation of transport","GO:0051049","0.023992225624982082","1.6199294630861436","1607","514","62","21026",
"GO:BP","regulation of multicellular organismal development","GO:2000026","0.02702633843418471","1.5682127891346058","1418","514","56","21026",
"GO:BP","vasoconstriction","GO:0042310","0.027176215094726442","1.5658110287637608","87","514","9","21026",
"GO:BP","neuronal action potential","GO:0019228","0.028070210919457397","1.5517543240662262","38","514","6","21026",
"GO:BP","response to chemical","GO:0042221","0.028070210919457397","1.5517543240662262","3909","514","127","21026",
"GO:BP","biological regulation","GO:0065007","0.029438173950693036","1.5310891327765705","12743","514","349","21026",
"GO:BP","animal organ development","GO:0048513","0.030499483715968004","1.5157075121680972","3085","514","104","21026",
"GO:BP","protein localization","GO:0008104","0.032123556737902056","1.4931763754068115","2770","514","95","21026",
"GO:BP","regulation of biological process","GO:0050789","0.03214589615713099","1.49287446255541","12336","514","339","21026",
"GO:BP","neurogenesis","GO:0022008","0.033358584843151566","1.4767923815308954","1771","514","66","21026",
"GO:BP","secretion","GO:0046903","0.03343438596534812","1.4758066483668704","992","514","42","21026",
"GO:BP","cellular macromolecule localization","GO:0070727","0.03343438596534812","1.4758066483668704","2782","514","95","21026",
"GO:BP","otic vesicle development","GO:0071599","0.03343438596534812","1.4758066483668704","15","514","4","21026",
"GO:BP","regulation of D-glucose import","GO:0046324","0.03343438596534812","1.4758066483668704","56","514","7","21026",
"GO:BP","cell-cell signaling","GO:0007267","0.03343438596534812","1.4758066483668704","1342","514","53","21026",
"GO:BP","regulation of membrane potential","GO:0042391","0.03344001056090277","1.4757335940756926","458","514","24","21026",
"GO:BP","regulation of defense response","GO:0031347","0.03356527132029457","1.4741098379046376","809","514","36","21026",
"GO:BP","neuron projection morphogenesis","GO:0048812","0.03377649857869057","1.4713853733194604","660","514","31","21026",
"GO:BP","circulatory system process","GO:0003013","0.03380463563664825","1.4710237407468212","602","514","29","21026",
"GO:BP","regulation of D-glucose transmembrane transport","GO:0010827","0.0348290213034203","1.4580587290587266","75","514","8","21026",
"GO:BP","regulation of response to stress","GO:0080134","0.0348290213034203","1.4580587290587266","1387","514","54","21026",
"GO:BP","skeletal muscle thin filament assembly","GO:0030240","0.0348290213034203","1.4580587290587266","7","514","3","21026",
"GO:BP","mammary gland formation","GO:0060592","0.0348290213034203","1.4580587290587266","7","514","3","21026",
"GO:BP","regulation of protein localization","GO:0032880","0.0348290213034203","1.4580587290587266","907","514","39","21026",
"GO:BP","DNA damage response","GO:0006974","0.03493754716151361","1.4567075885234537","908","514","39","21026",
"GO:BP","cell communication","GO:0007154","0.03503977077009473","1.4554387436457543","6540","514","195","21026",
"GO:BP","cell adhesion","GO:0007155","0.036431517455841986","1.4385227390250725","1530","514","58","21026",
"GO:BP","cell-cell adhesion","GO:0098609","0.036431517455841986","1.4385227390250725","976","514","41","21026",
"GO:BP","germ cell development","GO:0007281","0.036431517455841986","1.4385227390250725","386","514","21","21026",
"GO:BP","meiotic chromosome segregation","GO:0045132","0.036431517455841986","1.4385227390250725","96","514","9","21026",
"GO:BP","mesenchymal cell differentiation involved in lung development","GO:0060915","0.036431517455841986","1.4385227390250725","2","514","2","21026",
"GO:BP","ciliary basal body-plasma membrane docking","GO:0097711","0.036431517455841986","1.4385227390250725","2","514","2","21026",
"GO:BP","branch elongation involved in salivary gland morphogenesis","GO:0060667","0.036431517455841986","1.4385227390250725","2","514","2","21026",
"GO:BP","regulation of biological quality","GO:0065008","0.036431517455841986","1.4385227390250725","2947","514","99","21026",
"GO:BP","regulation of system process","GO:0044057","0.036431517455841986","1.4385227390250725","553","514","27","21026",
"GO:BP","mammary gland bud formation","GO:0060615","0.036431517455841986","1.4385227390250725","2","514","2","21026",
"GO:BP","fibroblast growth factor receptor signaling pathway involved in mammary gland specification","GO:0060595","0.036431517455841986","1.4385227390250725","2","514","2","21026",
"GO:BP","regulation of cellular localization","GO:0060341","0.0373846912384707","1.4273062018564655","1013","514","42","21026",
"GO:BP","plasma membrane bounded cell projection morphogenesis","GO:0120039","0.03857267540465888","1.4137202373801583","676","514","31","21026",
"GO:BP","signal release","GO:0023061","0.03857267540465888","1.4137202373801583","501","514","25","21026",
"GO:BP","intracellular signal transduction","GO:0035556","0.038643905767773275","1.4129189855777695","2965","514","99","21026",
"GO:BP","cell projection morphogenesis","GO:0048858","0.04222630625903345","1.374416906770206","681","514","31","21026",
"GO:BP","positive regulation of defense response","GO:0031349","0.0430417263158519","1.3661103183264895","506","514","25","21026",
"GO:BP","signaling","GO:0023052","0.04435177223773233","1.3530890216566063","6515","514","193","21026",
"GO:BP","negative regulation of D-glucose transmembrane transport","GO:0010829","0.04608491412317019","1.3364412174584017","18","514","4","21026",
"GO:BP","monosaccharide transmembrane transport","GO:0015749","0.046343505889180285","1.334011114897969","122","514","10","21026",
"GO:BP","protein modification process","GO:0036211","0.04750617670716672","1.323249920155289","2846","514","95","21026",
"GO:BP","cell motility","GO:0048870","0.04750617670716672","1.323249920155289","1793","514","65","21026",
"GO:BP","neuroblast proliferation","GO:0007405","0.04750617670716672","1.323249920155289","82","514","8","21026",
"GO:BP","regulation of chromosome organization","GO:0033044","0.05051003515583276","1.2966223292112922","242","514","15","21026",
"GO:BP","cell cycle","GO:0007049","0.05051003515583276","1.2966223292112922","1663","514","61","21026",
"GO:BP","vesicle localization","GO:0051648","0.05288187963292108","1.2766931166900046","219","514","14","21026",
"GO:BP","mitotic chromosome condensation","GO:0007076","0.05288187963292108","1.2766931166900046","19","514","4","21026",
"GO:BP","pericardium development","GO:0060039","0.05288187963292108","1.2766931166900046","19","514","4","21026",
"GO:BP","forebrain generation of neurons","GO:0021872","0.05288187963292108","1.2766931166900046","84","514","8","21026",
"GO:BP","neural precursor cell proliferation","GO:0061351","0.052958557279197335","1.276063854652534","171","514","12","21026",
"GO:BP","establishment of organelle localization","GO:0051656","0.054468110089015684","1.2638576934280081","491","514","24","21026",
"GO:BP","limb bud formation","GO:0060174","0.054468110089015684","1.2638576934280081","9","514","3","21026",
"GO:BP","inorganic cation transmembrane transport","GO:0098662","0.05507571651790782","1.259039844104578","854","514","36","21026",
"GO:BP","positive regulation of heart growth","GO:0060421","0.0560061532828496","1.251764255315591","33","514","5","21026",
"GO:BP","circulatory system development","GO:0072359","0.056492031527030584","1.2480128071876408","1145","514","45","21026",
"GO:BP","striated muscle tissue development","GO:0014706","0.056492031527030584","1.2480128071876408","408","514","21","21026",
"GO:BP","regulation of cellular process","GO:0050794","0.056492031527030584","1.2480128071876408","11946","514","326","21026",
"GO:BP","positive regulation of response to external stimulus","GO:0032103","0.05651662643560107","1.247823769755708","642","514","29","21026",
"GO:BP","positive regulation of gene expression","GO:0010628","0.05707433850851533","1.243559113280853","1212","514","47","21026",
"GO:BP","behavior","GO:0007610","0.05742747245389673","1.240880297831344","674","514","30","21026",
"GO:BP","nitrogen compound transport","GO:0071705","0.05742747245389673","1.240880297831344","1923","514","68","21026",
"GO:BP","positive regulation of biological process","GO:0048518","0.057844851557988124","1.2377352890796882","6264","514","185","21026",
"GO:BP","salivary gland morphogenesis","GO:0007435","0.05957202787375723","1.2249576159596938","34","514","5","21026",
"GO:BP","neuron differentiation","GO:0030182","0.06072074048476577","1.2166629408924372","1451","514","54","21026",
"GO:BP","regulation of transmembrane transport","GO:0034762","0.06332244554891617","1.1984423207855184","443","514","22","21026",
"GO:BP","locomotion","GO:0040011","0.06360200739395284","1.1965291770189008","1255","514","48","21026",
"GO:BP","synaptic membrane adhesion","GO:0099560","0.0636216227123083","1.196395258114324","35","514","5","21026",
"GO:BP","skeletal myofibril assembly","GO:0014866","0.0636216227123083","1.196395258114324","10","514","3","21026",
"GO:BP","response to leptin","GO:0044321","0.0636216227123083","1.196395258114324","21","514","4","21026",
"GO:BP","manchette assembly","GO:1905198","0.0636216227123083","1.196395258114324","10","514","3","21026",
"GO:BP","lipid export from cell","GO:0140353","0.0636216227123083","1.196395258114324","51","514","6","21026",
"GO:BP","MAPK cascade","GO:0000165","0.0636216227123083","1.196395258114324","744","514","32","21026",
"GO:BP","sprouting angiogenesis","GO:0002040","0.0636216227123083","1.196395258114324","132","514","10","21026",
"GO:BP","synapse organization","GO:0050808","0.0644412127004221","1.1908362953144913","563","514","26","21026",
"GO:BP","establishment of localization in cell","GO:0051649","0.06453978396338518","1.1901724926610684","2010","514","70","21026",
"GO:BP","negative regulation of bile acid metabolic process","GO:1904252","0.0650677100110809","1.18663447753004","3","514","2","21026",
"GO:BP","glucosamine metabolic process","GO:0006041","0.0650677100110809","1.18663447753004","3","514","2","21026",
"GO:BP","cell morphogenesis involved in neuron differentiation","GO:0048667","0.0650677100110809","1.18663447753004","599","514","27","21026",
"GO:BP","mammary gland bud morphogenesis","GO:0060648","0.0650677100110809","1.18663447753004","3","514","2","21026",
"GO:BP","cellular response to chemical stimulus","GO:0070887","0.0650677100110809","1.18663447753004","2192","514","75","21026",
"GO:BP","carbohydrate transmembrane transport","GO:0034219","0.0650677100110809","1.18663447753004","134","514","10","21026",
"GO:BP","branching involved in salivary gland morphogenesis","GO:0060445","0.0650677100110809","1.18663447753004","22","514","4","21026",
"GO:BP","regulation of neuroblast proliferation","GO:1902692","0.0650677100110809","1.18663447753004","53","514","6","21026",
"GO:BP","ventricular cardiac myofibril assembly","GO:0055005","0.0650677100110809","1.18663447753004","3","514","2","21026",
"GO:BP","negative regulation of bile acid biosynthetic process","GO:0070858","0.0650677100110809","1.18663447753004","3","514","2","21026",
"GO:BP","telencephalon development","GO:0021537","0.0650677100110809","1.18663447753004","284","514","16","21026",
"GO:BP","regulation of neuron migration","GO:2001222","0.0650677100110809","1.18663447753004","53","514","6","21026",
"GO:BP","mammary gland specification","GO:0060594","0.0650677100110809","1.18663447753004","3","514","2","21026",
"GO:BP","mitochondrial transcription","GO:0006390","0.0650677100110809","1.18663447753004","22","514","4","21026",
"GO:BP","positive regulation of MAP kinase activity","GO:0043406","0.0650677100110809","1.18663447753004","71","514","7","21026",
"GO:BP","regulation of blood circulation","GO:1903522","0.0650677100110809","1.18663447753004","256","514","15","21026",
"GO:BP","monoatomic cation transmembrane transport","GO:0098655","0.0650677100110809","1.18663447753004","877","514","36","21026",
"GO:BP","meiotic DNA repair synthesis","GO:0000711","0.0650677100110809","1.18663447753004","3","514","2","21026",
"GO:BP","negative regulation of biological process","GO:0048519","0.0650677100110809","1.18663447753004","5834","514","173","21026",
"GO:BP","endocrine process","GO:0050886","0.06627984339357365","1.1786185264051925","92","514","8","21026",
"GO:BP","cellular process involved in reproduction in multicellular organism","GO:0022412","0.06637999720200875","1.1779627702334134","424","514","21","21026",
"GO:BP","inner ear development","GO:0048839","0.06655249039187043","1.176835688600864","208","514","13","21026",
"GO:BP","salivary gland development","GO:0007431","0.06772985112118508","1.1692198790270192","37","514","5","21026",
"GO:BP","cardiac muscle tissue development","GO:0048738","0.06772985112118508","1.1692198790270192","234","514","14","21026",
"GO:BP","homologous chromosome pairing at meiosis","GO:0007129","0.06817157272554318","1.166396686665382","54","514","6","21026",
"GO:BP","ear development","GO:0043583","0.06819824021965713","1.166226831688868","235","514","14","21026",
"GO:BP","neuron development","GO:0048666","0.06819824021965713","1.166226831688868","1177","514","45","21026",
"GO:BP","regulation of behavioral fear response","GO:2000822","0.06819824021965713","1.166226831688868","11","514","3","21026",
"GO:BP","regulation of bile acid biosynthetic process","GO:0070857","0.06819824021965713","1.166226831688868","11","514","3","21026",
"GO:BP","protein transport","GO:0015031","0.06819824021965713","1.166226831688868","1444","514","53","21026",
"GO:BP","negative regulation of neuron migration","GO:2001223","0.06819824021965713","1.166226831688868","11","514","3","21026",
"GO:BP","luteinizing hormone secretion","GO:0032275","0.06819824021965713","1.166226831688868","11","514","3","21026",
"GO:BP","heart development","GO:0007507","0.06821422812899339","1.1661250307183593","605","514","27","21026",
"GO:BP","cellular response to cytokine stimulus","GO:0071345","0.06830010938813193","1.1655786007602824","854","514","35","21026",
"GO:BP","carbohydrate transport","GO:0008643","0.06868824906101824","1.1631175541262575","138","514","10","21026",
"GO:BP","cell migration involved in sprouting angiogenesis","GO:0002042","0.06941195570000738","1.1585657190646335","55","514","6","21026",
"GO:BP","striated muscle cell proliferation","GO:0014855","0.06941195570000738","1.1585657190646335","74","514","7","21026",
"GO:BP","regulation of MAPK cascade","GO:0043408","0.06941195570000738","1.1585657190646335","637","514","28","21026",
"GO:BP","D-glucose transmembrane transport","GO:1904659","0.06941195570000738","1.1585657190646335","116","514","9","21026",
"GO:BP","muscle tissue development","GO:0060537","0.06990033550337829","1.15552073974908","430","514","21","21026",
"GO:BP","reproductive system development","GO:0061458","0.07069063060731869","1.1506381441265465","318","514","17","21026",
"GO:BP","mitotic cell cycle","GO:0000278","0.07199582544141594","1.1426926846842589","892","514","36","21026",
"GO:BP","forebrain neuron differentiation","GO:0021879","0.07199582544141594","1.1426926846842589","75","514","7","21026",
"GO:BP","D-glucose import","GO:0046323","0.07199582544141594","1.1426926846842589","75","514","7","21026",
"GO:BP","positive regulation of type I interferon production","GO:0032481","0.07199582544141594","1.1426926846842589","75","514","7","21026",
"GO:BP","DNA recombination","GO:0006310","0.07199582544141594","1.1426926846842589","347","514","18","21026",
"GO:BP","organ growth","GO:0035265","0.07241199011200491","1.140189516560517","164","514","11","21026",
"GO:BP","axonogenesis","GO:0007409","0.07432857913246103","1.1288441691051585","463","514","22","21026",
"GO:BP","outflow tract septum morphogenesis","GO:0003148","0.07553530010817877","1.1218500409618049","24","514","4","21026",
"GO:BP","signal transduction","GO:0007165","0.07553530010817877","1.1218500409618049","6002","514","176","21026",
"GO:BP","hexose transmembrane transport","GO:0008645","0.07570432414962178","1.1208793133574533","119","514","9","21026",
"GO:BP","cell population proliferation","GO:0008283","0.07570432414962178","1.1208793133574533","2015","514","69","21026",
"GO:BP","endocrine hormone secretion","GO:0060986","0.07570432414962178","1.1208793133574533","57","514","6","21026",
"GO:BP","positive regulation of multicellular organismal process","GO:0051240","0.07570432414962178","1.1208793133574533","1667","514","59","21026",
"GO:BP","kidney development","GO:0001822","0.07570432414962178","1.1208793133574533","322","514","17","21026",
"GO:BP","branching morphogenesis of a nerve","GO:0048755","0.07594207700552977","1.1195175291384771","12","514","3","21026",
"GO:BP","regulation of fear response","GO:1903365","0.07594207700552977","1.1195175291384771","12","514","3","21026",
"GO:BP","positive regulation of phospholipase activity","GO:0010518","0.07594207700552977","1.1195175291384771","12","514","3","21026",
"GO:BP","lateral ventricle development","GO:0021670","0.07594207700552977","1.1195175291384771","12","514","3","21026",
"GO:BP","protein secretion","GO:0009306","0.07594207700552977","1.1195175291384771","379","514","19","21026",
"GO:BP","negative regulation of vasoconstriction","GO:0045906","0.07594207700552977","1.1195175291384771","12","514","3","21026",
"GO:BP","hormone secretion","GO:0046879","0.07641541284111042","1.1168190362313135","324","514","17","21026",
"GO:BP","transmission of nerve impulse","GO:0019226","0.07641541284111042","1.1168190362313135","77","514","7","21026",
"GO:BP","macromolecule deacylation","GO:0098732","0.07895064854856701","1.1026442980824505","58","514","6","21026",
"GO:BP","anatomical structure formation involved in morphogenesis","GO:0048646","0.07929666253799235","1.1007450910157546","1199","514","45","21026",
"GO:BP","establishment of protein localization to extracellular region","GO:0035592","0.07929666253799235","1.1007450910157546","382","514","19","21026",
"GO:BP","regulation of DNA metabolic process","GO:0051052","0.08018348317029725","1.0959150819245738","500","514","23","21026",
"GO:BP","vascular process in circulatory system","GO:0003018","0.08018348317029725","1.0959150819245738","272","514","15","21026",
"GO:BP","organelle fission","GO:0048285","0.08018348317029725","1.0959150819245738","500","514","23","21026",
"GO:BP","dentate gyrus development","GO:0021542","0.08018348317029725","1.0959150819245738","25","514","4","21026",
"GO:BP","protein localization to chromosome, centromeric region","GO:0071459","0.0827321275749324","1.0823258070255568","41","514","5","21026",
"GO:BP","trans-synaptic signaling","GO:0099537","0.08417406729093296","1.0748216872077117","781","514","32","21026",
"GO:BP","morphogenesis of an epithelium","GO:0002009","0.08417406729093296","1.0748216872077117","503","514","23","21026",
"GO:BP","anatomical structure morphogenesis","GO:0009653","0.08417406729093296","1.0748216872077117","2713","514","88","21026",
"GO:BP","regulation of secretion by cell","GO:1903530","0.08417406729093296","1.0748216872077117","563","514","25","21026",
"GO:BP","protein localization to extracellular region","GO:0071692","0.0859748257969886","1.0656286954766756","388","514","19","21026",
"GO:BP","regulation of heart growth","GO:0060420","0.0859748257969886","1.0656286954766756","60","514","6","21026",
"GO:BP","positive regulation of fat cell proliferation","GO:0070346","0.0859748257969886","1.0656286954766756","4","514","2","21026",
"GO:BP","tube morphogenesis","GO:0035239","0.0859748257969886","1.0656286954766756","879","514","35","21026",
"GO:BP","negative regulation of D-glucose import","GO:0046325","0.0859748257969886","1.0656286954766756","13","514","3","21026",
"GO:BP","action potential","GO:0001508","0.0859748257969886","1.0656286954766756","172","514","11","21026",
"GO:BP","positive regulation of osteoclast development","GO:2001206","0.0859748257969886","1.0656286954766756","4","514","2","21026",
"GO:BP","cell division","GO:0051301","0.0859748257969886","1.0656286954766756","658","514","28","21026",
"GO:BP","regulation of branching involved in salivary gland morphogenesis by mesenchymal-epithelial signaling","GO:0060665","0.0859748257969886","1.0656286954766756","4","514","2","21026",
"GO:BP","motor behavior","GO:0061744","0.0859748257969886","1.0656286954766756","26","514","4","21026",
"GO:BP","inorganic ion transmembrane transport","GO:0098660","0.0859748257969886","1.0656286954766756","944","514","37","21026",
"GO:BP","exocytosis","GO:0006887","0.08622083386066699","1.0643877813042697","360","514","18","21026",
"GO:BP","renal system development","GO:0072001","0.08636286466129385","1.0636729605254092","332","514","17","21026",
"GO:BP","response to cytokine","GO:0034097","0.08636286466129385","1.0636729605254092","947","514","37","21026",
"GO:BP","regulation of primary metabolic process","GO:0080090","0.08664565298481859","1.062253220971563","5390","514","159","21026",
"GO:BP","metal ion transport","GO:0030001","0.08664565298481859","1.062253220971563","883","514","35","21026",
"GO:BP","organelle assembly","GO:0070925","0.08664565298481859","1.062253220971563","1046","514","40","21026",
"GO:BP","rhythmic process","GO:0048511","0.08693037676270418","1.0608284381062292","305","514","16","21026",
"GO:BP","monoatomic ion transport","GO:0006811","0.08829097258078603","1.0540836991265625","1282","514","47","21026",
"GO:BP","positive regulation of response to stimulus","GO:0048584","0.08927757106062899","1.0492576339230215","2331","514","77","21026",
"GO:BP","regulation of neural precursor cell proliferation","GO:2000177","0.08930894978969957","1.0491050176005818","103","514","8","21026",
"GO:BP","cellular response to leukemia inhibitory factor","GO:1990830","0.08930894978969957","1.0491050176005818","103","514","8","21026",
"GO:BP","hormone transport","GO:0009914","0.09056676732054243","1.043031133636348","335","514","17","21026",
"GO:BP","heart process","GO:0003015","0.09234372176486853","1.0345926258930336","253","514","14","21026",
"GO:BP","nuclear division","GO:0000280","0.09276988262313111","1.032592992892219","452","514","21","21026",
"GO:BP","positive regulation of neural precursor cell proliferation","GO:2000179","0.09303185575072583","1.0313683158777773","62","514","6","21026",
"GO:BP","regulation of cell cycle","GO:0051726","0.09312036097563733","1.0309553491737449","1087","514","41","21026",
"GO:BP","muscle organ development","GO:0007517","0.09312036097563733","1.0309553491737449","365","514","18","21026",
"GO:BP","blood vessel development","GO:0001568","0.09535304822729065","1.0206654189563946","732","514","30","21026",
"GO:BP","regulation of interleukin-6 production","GO:0032675","0.09535304822729065","1.0206654189563946","152","514","10","21026",
"GO:BP","neuron projection development","GO:0031175","0.09535304822729065","1.0206654189563946","1023","514","39","21026",
"GO:BP","learning or memory","GO:0007611","0.09535304822729065","1.0206654189563946","282","514","15","21026",
"GO:BP","interleukin-6 production","GO:0032635","0.09535304822729065","1.0206654189563946","152","514","10","21026",
"GO:BP","response to leukemia inhibitory factor","GO:1990823","0.09535304822729065","1.0206654189563946","105","514","8","21026",
"GO:BP","positive regulation of chromosome organization","GO:2001252","0.09535304822729065","1.0206654189563946","105","514","8","21026",
"GO:BP","regulation of bile acid metabolic process","GO:1904251","0.0958985925955398","1.0181877664735077","14","514","3","21026",
"GO:BP","response to tumor necrosis factor","GO:0034612","0.0958985925955398","1.0181877664735077","229","514","13","21026",
"GO:BP","meiotic sister chromatid cohesion","GO:0051177","0.0958985925955398","1.0181877664735077","14","514","3","21026",
"GO:BP","positive regulation of cellular process","GO:0048522","0.0963167189360783","1.0162983202331193","5920","514","172","21026",
"GO:BP","positive regulation of inflammatory response","GO:0050729","0.0978449772193536","1.009461463535942","153","514","10","21026",
"GO:BP","host-mediated perturbation of symbiont process","GO:0051851","0.09823778490562922","1.0077214386917899","106","514","8","21026",
"GO:BP","response to peptide","GO:1901652","0.09837523689314667","1.0071142088258902","962","514","37","21026",
"GO:BP","maintenance of synapse structure","GO:0099558","0.09837523689314667","1.0071142088258902","28","514","4","21026",
"GO:BP","blood circulation","GO:0008015","0.0990793663585634","1.004016779517159","518","514","23","21026",
"GO:BP","cell morphogenesis","GO:0000902","0.09930682213777814","1.0030209155024","996","514","38","21026",
"GO:BP","positive regulation of organ growth","GO:0046622","0.1000302605997198","0.999868599765473","45","514","5","21026",
"GO:BP","cell junction organization","GO:0034330","0.10101366324376383","0.9956198789892214","834","514","33","21026",
"GO:BP","reproductive structure development","GO:0048608","0.10137744076110496","0.9940586765902174","314","514","16","21026",
"GO:BP","regulation of protein metabolic process","GO:0051246","0.10139497998208852","0.9939835461865746","1855","514","63","21026",
"GO:BP","regulated exocytosis","GO:0045055","0.10190190673688744","0.9918176896190765","232","514","13","21026",
"GO:BP","spindle organization","GO:0007051","0.10312362056406335","0.9866418477552037","206","514","12","21026",
"GO:BP","tissue morphogenesis","GO:0048729","0.10324233907499765","0.9861421645712475","614","514","26","21026",
"GO:BP","regulation of locomotion","GO:0040012","0.10324233907499765","0.9861421645712475","1067","514","40","21026",
"GO:BP","cilium organization","GO:0044782","0.10324233907499765","0.9861421645712475","431","514","20","21026",
"GO:BP","negative regulation of cellular process","GO:0048523","0.10428039195782546","0.9817973451216525","5629","514","164","21026",
"GO:BP","anterograde trans-synaptic signaling","GO:0098916","0.1045416050544465","0.9807108363509703","775","514","31","21026",
"GO:BP","induction of positive chemotaxis","GO:0050930","0.1045416050544465","0.9807108363509703","15","514","3","21026",
"GO:BP","regulation of protein complex stability","GO:0061635","0.1045416050544465","0.9807108363509703","15","514","3","21026",
"GO:BP","neuroblast division","GO:0055057","0.1045416050544465","0.9807108363509703","15","514","3","21026",
"GO:BP","negative regulation of lymphocyte migration","GO:2000402","0.1045416050544465","0.9807108363509703","15","514","3","21026",
"GO:BP","synaptic signaling","GO:0099536","0.1045416050544465","0.9807108363509703","807","514","32","21026",
"GO:BP","osteoblast differentiation","GO:0001649","0.1045416050544465","0.9807108363509703","234","514","13","21026",
"GO:BP","meiotic spindle assembly","GO:0090306","0.1045416050544465","0.9807108363509703","15","514","3","21026",
"GO:BP","regulation of secretion","GO:0051046","0.1045416050544465","0.9807108363509703","617","514","26","21026",
"GO:BP","positive regulation of innate immune response","GO:0045089","0.1045416050544465","0.9807108363509703","374","514","18","21026",
"GO:BP","chemical synaptic transmission","GO:0007268","0.1045416050544465","0.9807108363509703","775","514","31","21026",
"GO:BP","cellular response to tumor necrosis factor","GO:0071356","0.1045416050544465","0.9807108363509703","208","514","12","21026",
"GO:BP","positive regulation of vascular endothelial growth factor receptor signaling pathway","GO:0030949","0.1045416050544465","0.9807108363509703","15","514","3","21026",
"GO:BP","establishment of protein localization to vacuole","GO:0072666","0.10591495386934746","0.9750427186039765","66","514","6","21026",
"GO:BP","chromosome organization involved in meiotic cell cycle","GO:0070192","0.10591495386934746","0.9750427186039765","66","514","6","21026",
"GO:BP","muscle cell differentiation","GO:0042692","0.10591495386934746","0.9750427186039765","405","514","19","21026",
"GO:BP","regulation of hormone levels","GO:0010817","0.10591495386934746","0.9750427186039765","556","514","24","21026",
"GO:BP","intracellular magnesium ion homeostasis","GO:0010961","0.10870915678117249","0.9637338729141995","5","514","2","21026",
"GO:BP","acinar cell differentiation","GO:0090425","0.10870915678117249","0.9637338729141995","5","514","2","21026",
"GO:BP","NMDA glutamate receptor clustering","GO:0097114","0.10870915678117249","0.9637338729141995","5","514","2","21026",
"GO:BP","psychomotor behavior","GO:0036343","0.10870915678117249","0.9637338729141995","5","514","2","21026",
"GO:BP","axon development","GO:0061564","0.10977301172514146","0.9595044203553861","528","514","23","21026",
"GO:BP","cell cycle process","GO:0022402","0.11048291902026103","0.9567048599757239","1280","514","46","21026",
"GO:BP","homologous chromosome segregation","GO:0045143","0.11082268398156277","0.9553713360000907","67","514","6","21026",
"GO:BP","regulation of vasoconstriction","GO:0019229","0.11082268398156277","0.9553713360000907","67","514","6","21026",
"GO:BP","inner ear morphogenesis","GO:0042472","0.1115650962593718","0.9524716555141641","111","514","8","21026",
"GO:BP","regulation of organ growth","GO:0046620","0.11273809339089096","0.9479293141744871","89","514","7","21026",
"GO:BP","genitalia development","GO:0048806","0.11273809339089096","0.9479293141744871","48","514","5","21026",
"GO:BP","response to retinoic acid","GO:0032526","0.11273809339089096","0.9479293141744871","112","514","8","21026",
"GO:BP","monoatomic ion transmembrane transport","GO:0034220","0.11273809339089096","0.9479293141744871","1048","514","39","21026",
"GO:BP","epithelial tube formation","GO:0072175","0.11273809339089096","0.9479293141744871","136","514","9","21026",
"GO:BP","positive regulation of protein serine/threonine kinase activity","GO:0071902","0.11273809339089096","0.9479293141744871","136","514","9","21026",
"GO:BP","protein targeting to vacuole","GO:0006623","0.11273809339089096","0.9479293141744871","48","514","5","21026",
"GO:BP","leukocyte adhesion to vascular endothelial cell","GO:0061756","0.11273809339089096","0.9479293141744871","48","514","5","21026",
"GO:BP","protein localization to synapse","GO:0035418","0.11273809339089096","0.9479293141744871","89","514","7","21026",
"GO:BP","regulation of response to external stimulus","GO:0032101","0.11273809339089096","0.9479293141744871","1082","514","40","21026",
"GO:BP","regulation of telomere maintenance","GO:0032204","0.11273809339089096","0.9479293141744871","112","514","8","21026",
"GO:BP","spindle assembly","GO:0051225","0.11273809339089096","0.9479293141744871","136","514","9","21026",
"GO:BP","regulation of protein modification process","GO:0031399","0.11273809339089096","0.9479293141744871","1049","514","39","21026",
"GO:BP","sex differentiation","GO:0007548","0.11273809339089096","0.9479293141744871","294","514","15","21026",
"GO:BP","regulation of smoothened signaling pathway","GO:0008589","0.11273809339089096","0.9479293141744871","89","514","7","21026",
"GO:BP","regulation of cell communication","GO:0010646","0.11295040188454178","0.9471122194941418","3486","514","107","21026",
"GO:BP","developmental growth involved in morphogenesis","GO:0060560","0.11345918080293788","0.945160356449512","240","514","13","21026",
"GO:BP","synaptic vesicle clustering","GO:0097091","0.11359655912877696","0.9446348233258541","16","514","3","21026",
"GO:BP","cytoskeleton organization","GO:0007010","0.11362344438514418","0.9445320496408021","1529","514","53","21026",
"GO:BP","regulation of developmental process","GO:0050793","0.11534991873004265","0.9379827071256052","2457","514","79","21026",
"GO:BP","regulation of vascular endothelial growth factor receptor signaling pathway","GO:0030947","0.11541394613817937","0.9377417096819736","31","514","4","21026",
"GO:BP","negative regulation of epithelial cell proliferation","GO:0050680","0.11542825372473893","0.9376878745867976","137","514","9","21026",
"GO:BP","exocrine system development","GO:0035272","0.11738981532798688","0.9303695805903172","49","514","5","21026",
"GO:BP","cardiac septum morphogenesis","GO:0060411","0.11760849444179046","0.9295613095866799","69","514","6","21026",
"GO:BP","central nervous system neuron differentiation","GO:0021953","0.11855718760110731","0.926072111522363","215","514","12","21026",
"GO:BP","cellular component assembly involved in morphogenesis","GO:0010927","0.1189798145613307","0.924526712289971","138","514","9","21026",
"GO:BP","cellular anatomical entity morphogenesis","GO:0032989","0.1189798145613307","0.924526712289971","138","514","9","21026",
"GO:BP","phosphatidylinositol 3-kinase/protein kinase B signal transduction","GO:0043491","0.12161443340171785","0.9150148792184025","299","514","15","21026",
"GO:BP","interferon-alpha production","GO:0032607","0.1216915244651315","0.9147396683287184","32","514","4","21026",
"GO:BP","cognition","GO:0050890","0.1216915244651315","0.9147396683287184","328","514","16","21026",
"GO:BP","protein deacylation","GO:0035601","0.1216915244651315","0.9147396683287184","50","514","5","21026",
"GO:BP","regulation of MAP kinase activity","GO:0043405","0.1216915244651315","0.9147396683287184","115","514","8","21026",
"GO:BP","regulation of response to stimulus","GO:0048583","0.1216915244651315","0.9147396683287184","3993","514","120","21026",
"GO:BP","protein phosphorylation","GO:0006468","0.1216915244651315","0.9147396683287184","1227","514","44","21026",
"GO:BP","negative regulation of mononuclear cell migration","GO:0071676","0.1216915244651315","0.9147396683287184","32","514","4","21026",
"GO:BP","vasculature development","GO:0001944","0.1216915244651315","0.9147396683287184","762","514","30","21026",
"GO:BP","hindbrain development","GO:0030902","0.1216915244651315","0.9147396683287184","164","514","10","21026",
"GO:BP","sperm axoneme assembly","GO:0007288","0.1216915244651315","0.9147396683287184","32","514","4","21026",
"GO:BP","heart contraction","GO:0060047","0.1216915244651315","0.9147396683287184","244","514","13","21026",
"GO:BP","regulation of cellular component organization","GO:0051128","0.1216915244651315","0.9147396683287184","2433","514","78","21026",
"GO:BP","modulation of excitatory postsynaptic potential","GO:0098815","0.1216915244651315","0.9147396683287184","50","514","5","21026",
"GO:BP","regulation of interferon-alpha production","GO:0032647","0.1216915244651315","0.9147396683287184","32","514","4","21026",
"GO:BP","telomere organization","GO:0032200","0.12315931803664183","0.9095327245572716","191","514","11","21026",
"GO:BP","blood vessel morphogenesis","GO:0048514","0.12340518301251387","0.9086665995696834","635","514","26","21026",
"GO:BP","inflammatory response","GO:0006954","0.12340518301251387","0.9086665995696834","862","514","33","21026",
"GO:BP","protein metabolic process","GO:0019538","0.12340518301251387","0.9086665995696834","4721","514","139","21026",
"GO:BP","cellular response to leptin stimulus","GO:0044320","0.12340518301251387","0.9086665995696834","17","514","3","21026",
"GO:BP","regulation of innate immune response","GO:0045088","0.12340518301251387","0.9086665995696834","449","514","20","21026",
"GO:BP","oogenesis","GO:0048477","0.12359695765224098","0.907992219304689","116","514","8","21026",
"GO:BP","system process","GO:0003008","0.12511082712566945","0.9027051047153403","2293","514","74","21026",
"GO:BP","protein folding","GO:0006457","0.12563290943000324","0.900896582639023","219","514","12","21026",
"GO:BP","positive regulation of protein modification process","GO:0031401","0.12563290943000324","0.900896582639023","637","514","26","21026",
"GO:BP","bile acid metabolic process","GO:0008206","0.12605861748997635","0.8994274601785688","51","514","5","21026",
"GO:BP","positive regulation of biosynthetic process","GO:0009891","0.12605861748997635","0.8994274601785688","2696","514","85","21026",
"GO:BP","cellular response to cAMP","GO:0071320","0.12605861748997635","0.8994274601785688","51","514","5","21026",
"GO:BP","mitotic sister chromatid segregation","GO:0000070","0.12755862249170066","0.8942901793591771","193","514","11","21026",
"GO:BP","regulation of signaling","GO:0023051","0.12755862249170066","0.8942901793591771","3478","514","106","21026",
"GO:BP","neuron projection organization","GO:0106027","0.12798546700601726","0.8928393425195202","94","514","7","21026",
"GO:BP","tube development","GO:0035295","0.12798546700601726","0.8928393425195202","1101","514","40","21026",
"GO:BP","regulation of mitochondrial membrane potential","GO:0051881","0.12798546700601726","0.8928393425195202","72","514","6","21026",
"GO:BP","DNA geometric change","GO:0032392","0.12798546700601726","0.8928393425195202","6","514","2","21026",
"GO:BP","semicircular canal morphogenesis","GO:0048752","0.12798546700601726","0.8928393425195202","6","514","2","21026",
"GO:BP","positive regulation of synaptic vesicle endocytosis","GO:1900244","0.12798546700601726","0.8928393425195202","6","514","2","21026",
"GO:BP","ERBB4-ERBB4 signaling pathway","GO:0038138","0.12798546700601726","0.8928393425195202","6","514","2","21026",
"GO:BP","forebrain neuroblast division","GO:0021873","0.12798546700601726","0.8928393425195202","6","514","2","21026",
"GO:BP","tRNA transport","GO:0051031","0.12798546700601726","0.8928393425195202","6","514","2","21026",
"GO:BP","regulation of trans-synaptic signaling","GO:0099177","0.12798546700601726","0.8928393425195202","514","514","22","21026",
"GO:BP","activation of innate immune response","GO:0002218","0.1284620024300749","0.8912253126071896","305","514","15","21026",
"GO:BP","positive regulation of macromolecule biosynthetic process","GO:0010557","0.12850256961554227","0.8910881878292412","2593","514","82","21026",
"GO:BP","monoatomic cation transport","GO:0006812","0.12850256961554227","0.8910881878292412","1069","514","39","21026",
"GO:BP","regulation of epithelial cell proliferation","GO:0050678","0.1298583653786906","0.8865300682080858","364","514","17","21026",
"GO:BP","positive regulation of protein metabolic process","GO:0051247","0.13354498276913107","0.874372423603758","1039","514","38","21026",
"GO:BP","cellular response to gonadotropin stimulus","GO:0071371","0.13354498276913107","0.874372423603758","18","514","3","21026",
"GO:BP","gonadotropin secretion","GO:0032274","0.13354498276913107","0.874372423603758","18","514","3","21026",
"GO:BP","protein localization to cell junction","GO:1902414","0.13354498276913107","0.874372423603758","119","514","8","21026",
"GO:BP","regulation of phospholipase activity","GO:0010517","0.13354498276913107","0.874372423603758","18","514","3","21026",
"GO:BP","positive regulation of MAPK cascade","GO:0043410","0.13354498276913107","0.874372423603758","456","514","20","21026",
"GO:BP","blood vessel endothelial cell migration","GO:0043534","0.13354498276913107","0.874372423603758","119","514","8","21026",
"GO:BP","cellular response to xenobiotic stimulus","GO:0071466","0.13361173175549437","0.874155407032754","196","514","11","21026",
"GO:BP","neuron projection arborization","GO:0140058","0.13493574330426136","0.8698729942594934","34","514","4","21026",
"GO:BP","negative regulation of apoptotic process","GO:0043066","0.13638921434210463","0.8652199723255378","874","514","33","21026",
"GO:BP","ovulation cycle","GO:0042698","0.13816168965452877","0.8596123641844375","74","514","6","21026",
"GO:BP","regulation of synapse organization","GO:0050807","0.13816168965452877","0.8596123641844375","309","514","15","21026",
"GO:BP","hemopoiesis","GO:0030097","0.13890359210009537","0.8572865230955147","976","514","36","21026",
"GO:BP","striated muscle cell development","GO:0055002","0.13890359210009537","0.8572865230955147","171","514","10","21026",
"GO:BP","positive regulation of intracellular protein transport","GO:0090316","0.14097862553102933","0.8508467278949658","97","514","7","21026",
"GO:BP","membraneless organelle assembly","GO:0140694","0.14378998532157541","0.8422713606223637","430","514","19","21026",
"GO:BP","positive regulation of response to biotic stimulus","GO:0002833","0.1444150487344316","0.8403875488592324","400","514","18","21026",
"GO:BP","cellular component maintenance","GO:0043954","0.14482737615356472","0.8391493373884373","75","514","6","21026",
"GO:BP","regulation of molecular function","GO:0065009","0.14503909597035292","0.8385149158644976","1496","514","51","21026",
"GO:BP","cellular component organization","GO:0016043","0.14543799741046934","0.837322114042146","8184","514","226","21026",
"GO:BP","modulation of process of another organism","GO:0035821","0.14543799741046934","0.837322114042146","122","514","8","21026",
"GO:BP","positive regulation of transport","GO:0051050","0.14543799741046934","0.837322114042146","847","514","32","21026",
"GO:BP","positive regulation of cell division","GO:0051781","0.14543799741046934","0.837322114042146","98","514","7","21026",
"GO:BP","positive regulation of interleukin-6 production","GO:0032755","0.14543799741046934","0.837322114042146","98","514","7","21026",
"GO:BP","protein localization to microtubule","GO:0035372","0.146938980827252","0.8328629767594765","19","514","3","21026",
"GO:BP","establishment of vesicle localization","GO:0051650","0.146938980827252","0.8328629767594765","200","514","11","21026",
"GO:BP","embryonic morphogenesis","GO:0048598","0.146938980827252","0.8328629767594765","620","514","25","21026",
"GO:BP","cell migration","GO:0016477","0.146938980827252","0.8328629767594765","1534","514","52","21026",
"GO:BP","cardiac myofibril assembly","GO:0055003","0.146938980827252","0.8328629767594765","19","514","3","21026",
"GO:BP","response to purine-containing compound","GO:0014074","0.1482074816518773","0.8291298722128841","148","514","9","21026",
"GO:BP","tube formation","GO:0035148","0.1482074816518773","0.8291298722128841","148","514","9","21026",
"GO:BP","female gamete generation","GO:0007292","0.1482074816518773","0.8291298722128841","174","514","10","21026",
"GO:BP","myofibril assembly","GO:0030239","0.1482074816518773","0.8291298722128841","76","514","6","21026",
"GO:BP","female sex differentiation","GO:0046660","0.14847281609017557","0.8283530541092753","123","514","8","21026",
"GO:BP","olfactory bulb development","GO:0021772","0.1541104446626415","0.812167926462412","36","514","4","21026",
"GO:BP","regulation of behavior","GO:0050795","0.15491982425161482","0.8098930043699026","77","514","6","21026",
"GO:BP","lacrimal gland development","GO:0032808","0.15491982425161482","0.8098930043699026","7","514","2","21026",
"GO:BP","tangential migration from the subventricular zone to the olfactory bulb","GO:0022028","0.15491982425161482","0.8098930043699026","7","514","2","21026",
"GO:BP","regulation of oligodendrocyte progenitor proliferation","GO:0070445","0.15491982425161482","0.8098930043699026","7","514","2","21026",
"GO:BP","chemotaxis","GO:0006935","0.15491982425161482","0.8098930043699026","467","514","20","21026",
"GO:BP","neurotransmitter secretion","GO:0007269","0.15491982425161482","0.8098930043699026","150","514","9","21026",
"GO:BP","regulation of synapse structure or activity","GO:0050803","0.15491982425161482","0.8098930043699026","316","514","15","21026",
"GO:BP","bud elongation involved in lung branching","GO:0060449","0.15491982425161482","0.8098930043699026","7","514","2","21026",
"GO:BP","signal release from synapse","GO:0099643","0.15491982425161482","0.8098930043699026","150","514","9","21026",
"GO:BP","negative regulation of T cell migration","GO:2000405","0.15491982425161482","0.8098930043699026","7","514","2","21026",
"GO:BP","negative regulation of insulin-like growth factor receptor signaling pathway","GO:0043569","0.15491982425161482","0.8098930043699026","7","514","2","21026",
"GO:BP","regulation of cell motility","GO:2000145","0.15491982425161482","0.8098930043699026","1022","514","37","21026",
"GO:BP","phosphate-containing compound metabolic process","GO:0006796","0.15491982425161482","0.8098930043699026","2407","514","76","21026",
"GO:BP","synapse assembly","GO:0007416","0.15502914483069805","0.8095866486084131","259","514","13","21026",
"GO:BP","type I interferon production","GO:0032606","0.15590263361982298","0.8071465483333147","125","514","8","21026",
"GO:BP","regulation of type I interferon production","GO:0032479","0.15590263361982298","0.8071465483333147","125","514","8","21026",
"GO:BP","phosphorus metabolic process","GO:0006793","0.15737945870060868","0.8030519527592789","2410","514","76","21026",
"GO:BP","taxis","GO:0042330","0.15737945870060868","0.8030519527592789","469","514","20","21026",
"GO:BP","regulation of tube diameter","GO:0035296","0.1580362753067619","0.8012432145814695","151","514","9","21026",
"GO:BP","regulation of steroid biosynthetic process","GO:0050810","0.1580362753067619","0.8012432145814695","78","514","6","21026",
"GO:BP","blood vessel diameter maintenance","GO:0097746","0.1580362753067619","0.8012432145814695","151","514","9","21026",
"GO:BP","muscle structure development","GO:0061061","0.15848604048607184","0.8000089845935905","693","514","27","21026",
"GO:BP","positive regulation of neuroblast proliferation","GO:0002052","0.15868087047539836","0.799475425782805","37","514","4","21026",
"GO:BP","determination of adult lifespan","GO:0008340","0.15868087047539836","0.799475425782805","37","514","4","21026",
"GO:BP","specification of animal organ identity","GO:0010092","0.15868087047539836","0.799475425782805","37","514","4","21026",
"GO:BP","protein localization to postsynaptic specialization membrane","GO:0099633","0.15868087047539836","0.799475425782805","37","514","4","21026",
"GO:BP","neurotransmitter receptor localization to postsynaptic specialization membrane","GO:0099645","0.15868087047539836","0.799475425782805","37","514","4","21026",
"GO:BP","regulation of cell migration","GO:0030334","0.15940648181157685","0.7974940232299472","960","514","35","21026",
"GO:BP","detection of mechanical stimulus","GO:0050982","0.16076668068306355","0.7938039549339385","57","514","5","21026",
"GO:BP","regulation of tube size","GO:0035150","0.16076668068306355","0.7938039549339385","152","514","9","21026",
"GO:BP","neural crest cell migration","GO:0001755","0.16076668068306355","0.7938039549339385","57","514","5","21026",
"GO:BP","regulation of intracellular protein transport","GO:0033157","0.16076668068306355","0.7938039549339385","152","514","9","21026",
"GO:BP","glucose homeostasis","GO:0042593","0.16143619890728828","0.7919990766586025","262","514","13","21026",
"GO:BP","epithelial cell proliferation","GO:0050673","0.16143619890728828","0.7919990766586025","441","514","19","21026",
"GO:BP","regulation of protein transport","GO:0051223","0.16445287329901911","0.783958534178848","442","514","19","21026",
"GO:BP","carbohydrate homeostasis","GO:0033500","0.16503610029531382","0.7824210470334247","263","514","13","21026",
"GO:BP","regulation of phosphatidylinositol 3-kinase/protein kinase B signal transduction","GO:0051896","0.16503610029531382","0.7824210470334247","263","514","13","21026",
"GO:BP","negative regulation of cell migration","GO:0030336","0.16507456639581297","0.7823198348221976","292","514","14","21026",
"GO:BP","intracellular signaling cassette","GO:0141124","0.16634151498849786","0.7789993474110749","1912","514","62","21026",
"GO:BP","regulation of cardiac muscle cell proliferation","GO:0060043","0.16764687031155107","0.7756045497156886","38","514","4","21026",
"GO:BP","bile acid biosynthetic process","GO:0006699","0.16764687031155107","0.7756045497156886","38","514","4","21026",
"GO:BP","positive regulation of smoothened signaling pathway","GO:0045880","0.16764687031155107","0.7756045497156886","38","514","4","21026",
"GO:BP","olfactory lobe development","GO:0021988","0.16764687031155107","0.7756045497156886","38","514","4","21026",
"GO:BP","protein localization to microtubule cytoskeleton","GO:0072698","0.16778188958509516","0.7752549188215705","58","514","5","21026",
"GO:BP","pancreas development","GO:0031016","0.1678041464386918","0.7751973119626544","80","514","6","21026",
"GO:BP","cellular component organization or biogenesis","GO:0071840","0.1678041464386918","0.7751973119626544","8393","514","230","21026",
"GO:BP","response to virus","GO:0009615","0.17022382012483742","0.7689796673716683","414","514","18","21026",
"GO:BP","mammary gland lobule development","GO:0061377","0.17044381109261966","0.7684187636173816","21","514","3","21026",
"GO:BP","mammary gland alveolus development","GO:0060749","0.17044381109261966","0.7684187636173816","21","514","3","21026",
"GO:BP","regulation of response to biotic stimulus","GO:0002831","0.17205717817865995","0.7643272040174667","540","514","22","21026",
"GO:BP","developmental process involved in reproduction","GO:0003006","0.17380810048204953","0.7599299867327266","1038","514","37","21026",
"GO:BP","regulation of intracellular transport","GO:0032386","0.17380810048204953","0.7599299867327266","266","514","13","21026",
"GO:BP","interferon-beta production","GO:0032608","0.1741844518104043","0.7589906139340341","59","514","5","21026",
"GO:BP","regulation of transcription by RNA polymerase II","GO:0006357","0.1741844518104043","0.7589906139340341","2578","514","80","21026",
"GO:BP","regulation of interferon-beta production","GO:0032648","0.1741844518104043","0.7589906139340341","59","514","5","21026",
"GO:BP","cardiac muscle tissue morphogenesis","GO:0055008","0.1741844518104043","0.7589906139340341","59","514","5","21026",
"GO:BP","cardiac muscle cell action potential","GO:0086001","0.1741844518104043","0.7589906139340341","81","514","6","21026",
"GO:BP","mesenchymal cell migration","GO:0090497","0.1741844518104043","0.7589906139340341","59","514","5","21026",
"GO:BP","circadian rhythm","GO:0007623","0.17422336811841033","0.7588935946541753","210","514","11","21026",
"GO:BP","positive regulation of macromolecule metabolic process","GO:0010604","0.17422336811841033","0.7588935946541753","3288","514","99","21026",
"GO:BP","gonad development","GO:0008406","0.17422336811841033","0.7588935946541753","238","514","12","21026",
"GO:BP","maintenance of blood-brain barrier","GO:0035633","0.17566514439661024","0.7553144029777988","39","514","4","21026",
"GO:BP","follicle-stimulating hormone secretion","GO:0046884","0.17593227676848072","0.75465447699211","8","514","2","21026",
"GO:BP","oligodendrocyte progenitor proliferation","GO:0070444","0.17593227676848072","0.75465447699211","8","514","2","21026",
"GO:BP","semicircular canal development","GO:0060872","0.17593227676848072","0.75465447699211","8","514","2","21026",
"GO:BP","regulation of L-glutamate import across plasma membrane","GO:0002036","0.17593227676848072","0.75465447699211","8","514","2","21026",
"GO:BP","positive regulation of interleukin-18 production","GO:0032741","0.17593227676848072","0.75465447699211","8","514","2","21026",
"GO:BP","negative regulation of programmed cell death","GO:0043069","0.17593227676848072","0.75465447699211","905","514","33","21026",
"GO:BP","pericardium morphogenesis","GO:0003344","0.17593227676848072","0.75465447699211","8","514","2","21026",
"GO:BP","central nervous system myelin formation","GO:0032289","0.17593227676848072","0.75465447699211","8","514","2","21026",
"GO:BP","meiotic DNA double-strand break formation","GO:0042138","0.17593227676848072","0.75465447699211","8","514","2","21026",
"GO:BP","positive regulation of synaptic vesicle recycling","GO:1903423","0.17593227676848072","0.75465447699211","8","514","2","21026",
"GO:BP","chiasma assembly","GO:0051026","0.17593227676848072","0.75465447699211","8","514","2","21026",
"GO:BP","maintenance of cell number","GO:0098727","0.17793159659720742","0.7497469242636607","184","514","10","21026",
"GO:BP","myeloid leukocyte differentiation","GO:0002573","0.17834007381910313","0.7487510579295344","240","514","12","21026",
"GO:BP","modulation of chemical synaptic transmission","GO:0050804","0.17834007381910313","0.7487510579295344","513","514","21","21026",
"GO:BP","presynapse organization","GO:0099172","0.178387980514252","0.7486344110147671","60","514","5","21026",
"GO:BP","potassium ion transmembrane transport","GO:0071805","0.178387980514252","0.7486344110147671","212","514","11","21026",
"GO:BP","neurotransmitter transport","GO:0006836","0.178387980514252","0.7486344110147671","212","514","11","21026",
"GO:BP","cartilage development","GO:0051216","0.17971066493380441","0.7454261489095928","213","514","11","21026",
"GO:BP","heart growth","GO:0060419","0.17971066493380441","0.7454261489095928","83","514","6","21026",
"GO:BP","regulation of chromosome segregation","GO:0051983","0.17971066493380441","0.7454261489095928","132","514","8","21026",
"GO:BP","ear morphogenesis","GO:0042471","0.17971066493380441","0.7454261489095928","132","514","8","21026",
"GO:BP","angiogenesis","GO:0001525","0.17971066493380441","0.7454261489095928","547","514","22","21026",
"GO:BP","regulation of endocrine process","GO:0044060","0.17971066493380441","0.7454261489095928","40","514","4","21026",
"GO:BP","meiotic spindle organization","GO:0000212","0.17971066493380441","0.7454261489095928","22","514","3","21026",
"GO:BP","fibroblast growth factor receptor signaling pathway","GO:0008543","0.17971066493380441","0.7454261489095928","83","514","6","21026",
"GO:BP","positive regulation of lipase activity","GO:0060193","0.17971066493380441","0.7454261489095928","22","514","3","21026",
"GO:BP","striatum development","GO:0021756","0.17971066493380441","0.7454261489095928","22","514","3","21026",
"GO:BP","tRNA methylation","GO:0030488","0.17971066493380441","0.7454261489095928","40","514","4","21026",
"GO:BP","regulation of steroid hormone secretion","GO:2000831","0.17971066493380441","0.7454261489095928","22","514","3","21026",
"GO:BP","regulation of inflammatory response","GO:0050727","0.17971066493380441","0.7454261489095928","390","514","17","21026",
"GO:BP","positive regulation of phosphatidylinositol 3-kinase/protein kinase B signal transduction","GO:0051897","0.1831051260387884","0.7372994974285161","186","514","10","21026",
"GO:BP","cell projection assembly","GO:0030031","0.1837534194749129","0.735764570364759","613","514","24","21026",
"GO:BP","aorta development","GO:0035904","0.18396702488540184","0.7352600149997411","61","514","5","21026",
"GO:BP","striated muscle cell differentiation","GO:0051146","0.18485273909092131","0.7331741098014011","301","514","14","21026",
"GO:BP","cellular response to endogenous stimulus","GO:0071495","0.18522021170275646","0.7323116237446358","1223","514","42","21026",
"GO:BP","regulation of protein phosphorylation","GO:0001932","0.18561459572840056","0.7313878762040589","779","514","29","21026",
"GO:BP","development of primary sexual characteristics","GO:0045137","0.18561459572840056","0.7313878762040589","243","514","12","21026",
"GO:BP","regulation of nucleobase-containing compound metabolic process","GO:0019219","0.18572353635176603","0.7311330555494978","3990","514","117","21026",
"GO:BP","myeloid leukocyte activation","GO:0002274","0.19029115217162557","0.7205814043160845","244","514","12","21026",
"GO:BP","cerebellum development","GO:0021549","0.1927689279920756","0.7149629677832479","109","514","7","21026",
"GO:BP","protein localization to cytoskeleton","GO:0044380","0.193055412696053","0.7143180175515903","62","514","5","21026",
"GO:BP","host-mediated suppression of symbiont invasion","GO:0046597","0.1936505461152446","0.712981273919299","23","514","3","21026",
"GO:BP","regulation of nervous system development","GO:0051960","0.1936505461152446","0.712981273919299","457","514","19","21026",
"GO:BP","negative regulation of keratinocyte proliferation","GO:0010839","0.1936505461152446","0.712981273919299","23","514","3","21026",
"GO:BP","negative regulation of cellular senescence","GO:2000773","0.1936505461152446","0.712981273919299","23","514","3","21026",
"GO:BP","regulation of endothelial cell proliferation","GO:0001936","0.19478359650536292","0.7104476195681027","135","514","8","21026",
"GO:BP","positive regulation of cell population proliferation","GO:0008284","0.19869401314120974","0.701815218440801","954","514","34","21026",
"GO:BP","mitotic nuclear division","GO:0140014","0.20043445456239659","0.6980276214268002","282","514","13","21026",
"GO:BP","integrin-mediated signaling pathway","GO:0007229","0.20043445456239659","0.6980276214268002","116","514","7","21026",
"GO:BP","cytoskeletal matrix organization at active zone","GO:0048789","0.20043445456239659","0.6980276214268002","1","514","1","21026",
"GO:BP","myoblast fate specification","GO:0048626","0.20043445456239659","0.6980276214268002","1","514","1","21026",
"GO:BP","cellular response to alkyl hydroperoxide","GO:0071448","0.20043445456239659","0.6980276214268002","1","514","1","21026",
"GO:BP","lithium ion transport","GO:0010351","0.20043445456239659","0.6980276214268002","1","514","1","21026",
"GO:BP","response to antipsychotic drug","GO:0097332","0.20043445456239659","0.6980276214268002","1","514","1","21026",
"GO:BP","RNA export from nucleus","GO:0006405","0.20043445456239659","0.6980276214268002","91","514","6","21026",
"GO:BP","apoptosome assembly","GO:0097314","0.20043445456239659","0.6980276214268002","1","514","1","21026",
"GO:BP","negative regulation of metanephric glomerular mesangial cell proliferation","GO:0072302","0.20043445456239659","0.6980276214268002","1","514","1","21026",
"GO:BP","positive regulation of intracellular transport","GO:0032388","0.20043445456239659","0.6980276214268002","140","514","8","21026",
"GO:BP","regulation of fat cell proliferation","GO:0070344","0.20043445456239659","0.6980276214268002","10","514","2","21026",
"GO:BP","lung proximal/distal axis specification","GO:0061115","0.20043445456239659","0.6980276214268002","1","514","1","21026",
"GO:BP","GTP metabolic process","GO:0046039","0.20043445456239659","0.6980276214268002","25","514","3","21026",
"GO:BP","negative regulation of asymmetric cell division","GO:0045769","0.20043445456239659","0.6980276214268002","1","514","1","21026",
"GO:BP","ruffle assembly","GO:0097178","0.20043445456239659","0.6980276214268002","44","514","4","21026",
"GO:BP","AMPA glutamate receptor clustering","GO:0097113","0.20043445456239659","0.6980276214268002","10","514","2","21026",
"GO:BP","protein modification by small protein conjugation or removal","GO:0070647","0.20043445456239659","0.6980276214268002","975","514","34","21026",
"GO:BP","somato-dendritic dopamine secretion","GO:0099123","0.20043445456239659","0.6980276214268002","1","514","1","21026",
"GO:BP","response to abiotic stimulus","GO:0009628","0.20043445456239659","0.6980276214268002","1144","514","39","21026",
"GO:BP","neurexin clustering involved in presynaptic membrane assembly","GO:0097115","0.20043445456239659","0.6980276214268002","1","514","1","21026",
"GO:BP","steroid biosynthetic process","GO:0006694","0.20043445456239659","0.6980276214268002","167","514","9","21026",
"GO:BP","neuronal stem cell population maintenance","GO:0097150","0.20043445456239659","0.6980276214268002","25","514","3","21026",
"GO:BP","nuclear histone mRNA catabolic process","GO:0071045","0.20043445456239659","0.6980276214268002","1","514","1","21026",
"GO:BP","regulation of cell adhesion involved in sprouting angiogenesis","GO:0106088","0.20043445456239659","0.6980276214268002","1","514","1","21026",
"GO:BP","positive regulation of interleukin-12 production","GO:0032735","0.20043445456239659","0.6980276214268002","43","514","4","21026",
"GO:BP","negative regulation of meiotic nuclear division","GO:0045835","0.20043445456239659","0.6980276214268002","10","514","2","21026",
"GO:BP","cell proliferation involved in metanephros development","GO:0072203","0.20043445456239659","0.6980276214268002","10","514","2","21026",
"GO:BP","GDP-mannose biosynthetic process from mannose","GO:0061728","0.20043445456239659","0.6980276214268002","1","514","1","21026",
"GO:BP","tRNA processing","GO:0008033","0.20043445456239659","0.6980276214268002","139","514","8","21026",
"GO:BP","synaptonemal complex assembly","GO:0007130","0.20043445456239659","0.6980276214268002","25","514","3","21026",
"GO:BP","positive regulation of interferon-beta production","GO:0032728","0.20043445456239659","0.6980276214268002","42","514","4","21026",
"GO:BP","protein deacetylation","GO:0006476","0.20043445456239659","0.6980276214268002","42","514","4","21026",
"GO:BP","cell-cell adhesion via plasma-membrane adhesion molecules","GO:0098742","0.20043445456239659","0.6980276214268002","284","514","13","21026",
"GO:BP","nuclear envelope budding","GO:0140591","0.20043445456239659","0.6980276214268002","1","514","1","21026",
"GO:BP","cellular response to tert-butyl hydroperoxide","GO:0072736","0.20043445456239659","0.6980276214268002","1","514","1","21026",
"GO:BP","response to tert-butyl hydroperoxide","GO:0072735","0.20043445456239659","0.6980276214268002","1","514","1","21026",
"GO:BP","positive regulation of hair follicle cell proliferation","GO:0071338","0.20043445456239659","0.6980276214268002","1","514","1","21026",
"GO:BP","cytoplasmic microtubule organization","GO:0031122","0.20043445456239659","0.6980276214268002","66","514","5","21026",
"GO:BP","regulation of anatomical structure size","GO:0090066","0.20043445456239659","0.6980276214268002","500","514","20","21026",
"GO:BP","negative regulation of protein homodimerization activity","GO:0090074","0.20043445456239659","0.6980276214268002","1","514","1","21026",
"GO:BP","regulation of heterochromatin formation","GO:0031445","0.20043445456239659","0.6980276214268002","9","514","2","21026",
"GO:BP","glutamate receptor clustering","GO:0097688","0.20043445456239659","0.6980276214268002","10","514","2","21026",
"GO:BP","plasma membrane bounded cell projection assembly","GO:0120031","0.20043445456239659","0.6980276214268002","600","514","23","21026",
"GO:BP","telomere maintenance via base-excision repair","GO:0097698","0.20043445456239659","0.6980276214268002","1","514","1","21026",
"GO:BP","developmental cell growth","GO:0048588","0.20043445456239659","0.6980276214268002","226","514","11","21026",
"GO:BP","developmental growth","GO:0048589","0.20043445456239659","0.6980276214268002","663","514","25","21026",
"GO:BP","cellular response to L-ascorbic acid","GO:0071298","0.20043445456239659","0.6980276214268002","1","514","1","21026",
"GO:BP","protein localization to vacuole","GO:0072665","0.20043445456239659","0.6980276214268002","89","514","6","21026",
"GO:BP","negative regulation of cell adhesion involved in sprouting angiogenesis","GO:0106089","0.20043445456239659","0.6980276214268002","1","514","1","21026",
"GO:BP","cell surface receptor signaling pathway","GO:0007166","0.20043445456239659","0.6980276214268002","2819","514","85","21026",
"GO:BP","regulation of hair follicle cell proliferation","GO:0071336","0.20043445456239659","0.6980276214268002","1","514","1","21026",
"GO:BP","proepicardium cell migration involved in pericardium morphogenesis","GO:0003345","0.20043445456239659","0.6980276214268002","1","514","1","21026",
"GO:BP","mRNA export from nucleus in response to heat stress","GO:0031990","0.20043445456239659","0.6980276214268002","1","514","1","21026",
"GO:BP","regulation of protein homodimerization activity","GO:0043496","0.20043445456239659","0.6980276214268002","1","514","1","21026",
"GO:BP","negative regulation of nervous system development","GO:0051961","0.20043445456239659","0.6980276214268002","141","514","8","21026",
"GO:BP","endothelial cell migration","GO:0043542","0.20043445456239659","0.6980276214268002","221","514","11","21026",
"GO:BP","leptin-mediated signaling pathway","GO:0033210","0.20043445456239659","0.6980276214268002","10","514","2","21026",
"GO:BP","vesicle-mediated transport","GO:0016192","0.20043445456239659","0.6980276214268002","1592","514","52","21026",
"GO:BP","phosphorylation","GO:0016310","0.20043445456239659","0.6980276214268002","1320","514","44","21026",
"GO:BP","tumor necrosis factor-mediated signaling pathway","GO:0033209","0.20043445456239659","0.6980276214268002","112","514","7","21026",
"GO:BP","lateral element assembly","GO:0051878","0.20043445456239659","0.6980276214268002","1","514","1","21026",
"GO:BP","response to alkyl hydroperoxide","GO:0033195","0.20043445456239659","0.6980276214268002","1","514","1","21026",
"GO:BP","hepatocyte cell migration","GO:0002194","0.20043445456239659","0.6980276214268002","1","514","1","21026",
"GO:BP","lung-associated mesenchyme development","GO:0060484","0.20043445456239659","0.6980276214268002","9","514","2","21026",
"GO:BP","negative regulation of steroid biosynthetic process","GO:0010894","0.20043445456239659","0.6980276214268002","24","514","3","21026",
"GO:BP","negative regulation of nuclear division","GO:0051784","0.20043445456239659","0.6980276214268002","65","514","5","21026",
"GO:BP","mesenchymal-epithelial cell signaling involved in lung development","GO:0060496","0.20043445456239659","0.6980276214268002","1","514","1","21026",
"GO:BP","negative regulation of transmembrane transport","GO:0034763","0.20043445456239659","0.6980276214268002","114","514","7","21026",
"GO:BP","lipoprotein metabolic process","GO:0042157","0.20043445456239659","0.6980276214268002","91","514","6","21026",
"GO:BP","cholesterol transport involved in cholesterol storage","GO:0010879","0.20043445456239659","0.6980276214268002","1","514","1","21026",
"GO:BP","positive regulation of developmental process","GO:0051094","0.20043445456239659","0.6980276214268002","1343","514","45","21026",
"GO:BP","otic placode formation","GO:0043049","0.20043445456239659","0.6980276214268002","1","514","1","21026",
"GO:BP","slow axonal transport","GO:1990832","0.20043445456239659","0.6980276214268002","1","514","1","21026",
"GO:BP","positive regulation of locomotion","GO:0040017","0.20043445456239659","0.6980276214268002","603","514","23","21026",
"GO:BP","response to calcium ion","GO:0051592","0.20043445456239659","0.6980276214268002","136","514","8","21026",
"GO:BP","positive regulation of neurotransmitter transport","GO:0051590","0.20043445456239659","0.6980276214268002","24","514","3","21026",
"GO:BP","type B pancreatic cell development","GO:0003323","0.20043445456239659","0.6980276214268002","24","514","3","21026",
"GO:BP","negative regulation of cell motility","GO:2000146","0.20043445456239659","0.6980276214268002","308","514","14","21026",
"GO:BP","protein localization to organelle","GO:0033365","0.20043445456239659","0.6980276214268002","1209","514","41","21026",
"GO:BP","positive regulation of ubiquitin-specific protease activity","GO:2000158","0.20043445456239659","0.6980276214268002","1","514","1","21026",
"GO:BP","mitotic DNA replication termination","GO:1902979","0.20043445456239659","0.6980276214268002","1","514","1","21026",
"GO:BP","muscle cell development","GO:0055001","0.20043445456239659","0.6980276214268002","198","514","10","21026",
"GO:BP","cardiac muscle contraction","GO:0060048","0.20043445456239659","0.6980276214268002","142","514","8","21026",
"GO:BP","positive regulation of ATF6-mediated unfolded protein response","GO:1903893","0.20043445456239659","0.6980276214268002","1","514","1","21026",
"GO:BP","positive regulation of cardiac muscle cell proliferation","GO:0060045","0.20043445456239659","0.6980276214268002","25","514","3","21026",
"GO:BP","regulation of skeletal muscle contraction via regulation of action potential","GO:0014861","0.20043445456239659","0.6980276214268002","1","514","1","21026",
"GO:BP","skeletal muscle cell proliferation","GO:0014856","0.20043445456239659","0.6980276214268002","25","514","3","21026",
"GO:BP","serotonin secretion by mast cell","GO:0002552","0.20043445456239659","0.6980276214268002","1","514","1","21026",
"GO:BP","vascular associated smooth muscle contraction","GO:0014829","0.20043445456239659","0.6980276214268002","24","514","3","21026",
"GO:BP","cobalamin transport","GO:0015889","0.20043445456239659","0.6980276214268002","9","514","2","21026",
"GO:BP","positive regulation of neuronal action potential","GO:1904457","0.20043445456239659","0.6980276214268002","1","514","1","21026",
"GO:BP","leukocyte differentiation","GO:0002521","0.20043445456239659","0.6980276214268002","636","514","24","21026",
"GO:BP","regulation of protein localization to basolateral plasma membrane","GO:1904508","0.20043445456239659","0.6980276214268002","1","514","1","21026",
"GO:BP","positive regulation of protein localization to basolateral plasma membrane","GO:1904510","0.20043445456239659","0.6980276214268002","1","514","1","21026",
"GO:BP","sensory perception of mechanical stimulus","GO:0050954","0.20043445456239659","0.6980276214268002","196","514","10","21026",
"GO:BP","positive regulation of protein refolding","GO:1904592","0.20043445456239659","0.6980276214268002","1","514","1","21026",
"GO:BP","ventricular cardiac muscle cell development","GO:0055015","0.20043445456239659","0.6980276214268002","10","514","2","21026",
"GO:BP","branching involved in pancreas morphogenesis","GO:0061114","0.20043445456239659","0.6980276214268002","1","514","1","21026",
"GO:BP","positive regulation of fat cell apoptotic process","GO:1904651","0.20043445456239659","0.6980276214268002","1","514","1","21026",
"GO:BP","peptide hormone secretion","GO:0030072","0.20043445456239659","0.6980276214268002","255","514","12","21026",
"GO:BP","epithelium development","GO:0060429","0.20043445456239659","0.6980276214268002","1238","514","42","21026",
"GO:BP","negative regulation of centriole-centriole cohesion","GO:1903126","0.20043445456239659","0.6980276214268002","1","514","1","21026",
"GO:BP","negative regulation of thioredoxin peroxidase activity by peptidyl-threonine phosphorylation","GO:1903125","0.20043445456239659","0.6980276214268002","1","514","1","21026",
"GO:BP","lung pattern specification process","GO:0060432","0.20043445456239659","0.6980276214268002","1","514","1","21026",
"GO:BP","chaperone-mediated autophagy translocation complex disassembly","GO:1904764","0.20043445456239659","0.6980276214268002","1","514","1","21026",
"GO:BP","bronchiole morphogenesis","GO:0060436","0.20043445456239659","0.6980276214268002","1","514","1","21026",
"GO:BP","Wnt signalosome assembly","GO:1904887","0.20043445456239659","0.6980276214268002","1","514","1","21026",
"GO:BP","negative regulation of synapse assembly","GO:0051964","0.20043445456239659","0.6980276214268002","9","514","2","21026",
"GO:BP","DNA-templated viral transcription","GO:0039695","0.20043445456239659","0.6980276214268002","1","514","1","21026",
"GO:BP","clathrin-dependent extracellular exosome endocytosis","GO:1990771","0.20043445456239659","0.6980276214268002","1","514","1","21026",
"GO:BP","nuclear DNA replication termination","GO:1902317","0.20043445456239659","0.6980276214268002","1","514","1","21026",
"GO:BP","regulation of branching involved in salivary gland morphogenesis","GO:0060693","0.20043445456239659","0.6980276214268002","9","514","2","21026",
"GO:BP","fibroblast growth factor receptor signaling pathway involved in negative regulation of apoptotic process in bone marrow cell","GO:0035602","0.20043445456239659","0.6980276214268002","1","514","1","21026",
"GO:BP","ovarian follicle rupture","GO:0001543","0.20043445456239659","0.6980276214268002","1","514","1","21026",
"GO:BP","ovulation from ovarian follicle","GO:0001542","0.20043445456239659","0.6980276214268002","9","514","2","21026",
"GO:BP","positive regulation of urothelial cell proliferation","GO:0050677","0.20043445456239659","0.6980276214268002","1","514","1","21026",
"GO:BP","fibroblast growth factor receptor signaling pathway involved in hemopoiesis","GO:0035603","0.20043445456239659","0.6980276214268002","1","514","1","21026",
"GO:BP","fibroblast growth factor receptor signaling pathway involved in positive regulation of cell proliferation in bone marrow","GO:0035604","0.20043445456239659","0.6980276214268002","1","514","1","21026",
"GO:BP","regulation of urothelial cell proliferation","GO:0050675","0.20043445456239659","0.6980276214268002","1","514","1","21026",
"GO:BP","pallium development","GO:0021543","0.20043445456239659","0.6980276214268002","198","514","10","21026",
"GO:BP","positive regulation of vascular endothelial growth factor signaling pathway","GO:1900748","0.20043445456239659","0.6980276214268002","9","514","2","21026",
"GO:BP","regulation of vascular endothelial growth factor signaling pathway","GO:1900746","0.20043445456239659","0.6980276214268002","24","514","3","21026",
"GO:BP","urothelial cell proliferation","GO:0050674","0.20043445456239659","0.6980276214268002","1","514","1","21026",
"GO:BP","telomere maintenance","GO:0000723","0.20043445456239659","0.6980276214268002","164","514","9","21026",
"GO:BP","nucleotide-excision repair, DNA damage recognition","GO:0000715","0.20043445456239659","0.6980276214268002","1","514","1","21026",
"GO:BP","DNA replication termination","GO:0006274","0.20043445456239659","0.6980276214268002","1","514","1","21026",
"GO:BP","androgen secretion","GO:0035935","0.20043445456239659","0.6980276214268002","1","514","1","21026",
"GO:BP","semicircular canal formation","GO:0060876","0.20043445456239659","0.6980276214268002","1","514","1","21026",
"GO:BP","regulation of androgen secretion","GO:2000834","0.20043445456239659","0.6980276214268002","1","514","1","21026",
"GO:BP","negative regulation of DNA endoreduplication","GO:0032876","0.20043445456239659","0.6980276214268002","1","514","1","21026",
"GO:BP","semicircular canal fusion","GO:0060879","0.20043445456239659","0.6980276214268002","1","514","1","21026",
"GO:BP","positive regulation of androgen secretion","GO:2000836","0.20043445456239659","0.6980276214268002","1","514","1","21026",
"GO:BP","embryonic genitalia morphogenesis","GO:0030538","0.20043445456239659","0.6980276214268002","1","514","1","21026",
"GO:BP","male genitalia development","GO:0030539","0.20043445456239659","0.6980276214268002","24","514","3","21026",
"GO:BP","caudate nucleus development","GO:0021757","0.20043445456239659","0.6980276214268002","1","514","1","21026",
"GO:BP","putamen development","GO:0021758","0.20043445456239659","0.6980276214268002","1","514","1","21026",
"GO:BP","positive regulation of forebrain neuron differentiation","GO:2000979","0.20043445456239659","0.6980276214268002","1","514","1","21026",
"GO:BP","chemorepulsion involved in interneuron migration from the subpallium to the cortex","GO:0021842","0.20043445456239659","0.6980276214268002","1","514","1","21026",
"GO:BP","regulation of osteoclast development","GO:2001204","0.20043445456239659","0.6980276214268002","10","514","2","21026",
"GO:BP","directional guidance of interneurons involved in migration from the subpallium to the cortex","GO:0021840","0.20043445456239659","0.6980276214268002","1","514","1","21026",
"GO:BP","forebrain cell migration","GO:0021885","0.20043445456239659","0.6980276214268002","66","514","5","21026",
"GO:BP","negative regulation of glutamine transport","GO:2000486","0.20043445456239659","0.6980276214268002","1","514","1","21026",
"GO:BP","eye blink reflex","GO:0060082","0.20043445456239659","0.6980276214268002","1","514","1","21026",
"GO:BP","mesenchymal-epithelial cell signaling","GO:0060638","0.20043445456239659","0.6980276214268002","9","514","2","21026",
"GO:BP","positive regulation of corticotropin-releasing hormone secretion","GO:0051466","0.20043445456239659","0.6980276214268002","1","514","1","21026",
"GO:BP","negative regulation of cortisol secretion","GO:0051463","0.20043445456239659","0.6980276214268002","1","514","1","21026",
"GO:BP","UDP-N-acetylglucosamine biosynthetic process","GO:0006048","0.20043445456239659","0.6980276214268002","10","514","2","21026",
"GO:BP","beta-glucoside metabolic process","GO:1901804","0.20043445456239659","0.6980276214268002","1","514","1","21026",
"GO:BP","endocrine system development","GO:0035270","0.20043445456239659","0.6980276214268002","141","514","8","21026",
"GO:BP","telencephalon cell migration","GO:0022029","0.20043445456239659","0.6980276214268002","63","514","5","21026",
"GO:BP","ERBB4 signaling pathway","GO:0038130","0.20043445456239659","0.6980276214268002","10","514","2","21026",
"GO:BP","beta-glucoside catabolic process","GO:1901805","0.20043445456239659","0.6980276214268002","1","514","1","21026",
"GO:BP","vascular endothelial growth factor signaling pathway","GO:0038084","0.20043445456239659","0.6980276214268002","43","514","4","21026",
"GO:BP","peptidyl-tyrosine dephosphorylation","GO:0035335","0.20043445456239659","0.6980276214268002","25","514","3","21026",
"GO:BP","positive regulation of peroxisome proliferator activated receptor signaling pathway","GO:0035360","0.20043445456239659","0.6980276214268002","9","514","2","21026",
"GO:BP","morphogenesis of an epithelial fold","GO:0060571","0.20043445456239659","0.6980276214268002","25","514","3","21026",
"GO:BP","cell cycle DNA replication termination","GO:1902294","0.20043445456239659","0.6980276214268002","1","514","1","21026",
"GO:BP","regulation of synaptic vesicle exocytosis","GO:2000300","0.20043445456239659","0.6980276214268002","44","514","4","21026",
"GO:BP","cardiac muscle cell differentiation","GO:0055007","0.2017560008414413","0.6951735391656582","117","514","7","21026",
"GO:BP","regulation of immune response to tumor cell","GO:0002837","0.2017560008414413","0.6951735391656582","26","514","3","21026",
"GO:BP","positive regulation of positive chemotaxis","GO:0050927","0.2017560008414413","0.6951735391656582","26","514","3","21026",
"GO:BP","regulation of cellular response to vascular endothelial growth factor stimulus","GO:1902547","0.2017560008414413","0.6951735391656582","26","514","3","21026",
"GO:BP","positive regulation of interferon-alpha production","GO:0032727","0.2017560008414413","0.6951735391656582","26","514","3","21026",
"GO:BP","protein palmitoylation","GO:0018345","0.2017560008414413","0.6951735391656582","26","514","3","21026",
"GO:BP","microtubule anchoring","GO:0034453","0.2017560008414413","0.6951735391656582","26","514","3","21026",
"GO:BP","regulation of cell population proliferation","GO:0042127","0.2017560008414413","0.6951735391656582","1685","514","54","21026",
"GO:BP","neuron projection extension","GO:1990138","0.20260033781250017","0.6933598348395961","171","514","9","21026",
"GO:BP","positive regulation of endothelial cell proliferation","GO:0001938","0.20334082053519667","0.6917754282797692","92","514","6","21026",
"GO:BP","regulation of reactive oxygen species metabolic process","GO:2000377","0.20334082053519667","0.6917754282797692","144","514","8","21026",
"GO:BP","post-embryonic development","GO:0009791","0.20334082053519667","0.6917754282797692","92","514","6","21026",
"GO:BP","bone remodeling","GO:0046849","0.20334082053519667","0.6917754282797692","92","514","6","21026",
"GO:BP","non-motile cilium assembly","GO:1905515","0.20334082053519667","0.6917754282797692","68","514","5","21026",
"GO:BP","spindle localization","GO:0051653","0.20334082053519667","0.6917754282797692","68","514","5","21026",
"GO:BP","detection of external stimulus","GO:0009581","0.20334082053519667","0.6917754282797692","144","514","8","21026",
"GO:BP","regulation of defense response to virus by host","GO:0050691","0.2048166018353919","0.6886348436274664","46","514","4","21026",
"GO:BP","regulation of keratinocyte proliferation","GO:0010837","0.2048166018353919","0.6886348436274664","46","514","4","21026",
"GO:BP","regulation of nervous system process","GO:0031644","0.20675442069979358","0.6845451958503785","118","514","7","21026",
"GO:BP","pattern specification process","GO:0007389","0.20947267660340968","0.6788726179208496","477","514","19","21026",
"GO:BP","mesenchyme development","GO:0060485","0.21090920987402162","0.6759044553001778","320","514","14","21026",
"GO:BP","positive regulation of cell cycle","GO:0045787","0.21134615992085679","0.6750056387284227","351","514","15","21026",
"GO:BP","protein sumoylation","GO:0016925","0.2118743270584064","0.6739216638288184","69","514","5","21026",
"GO:BP","collagen fibril organization","GO:0030199","0.2118743270584064","0.6739216638288184","69","514","5","21026",
"GO:BP","endocytosis","GO:0006897","0.21220614585658532","0.6732420423340648","709","514","26","21026",
"GO:BP","nucleotide-sugar biosynthetic process","GO:0009226","0.21241126276343394","0.6728224592180171","27","514","3","21026",
"GO:BP","protein refolding","GO:0042026","0.21241126276343394","0.6728224592180171","27","514","3","21026",
"GO:BP","regulation of positive chemotaxis","GO:0050926","0.21241126276343394","0.6728224592180171","27","514","3","21026",
"GO:BP","positive regulation of DNA metabolic process","GO:0051054","0.21241126276343394","0.6728224592180171","291","514","13","21026",
"GO:BP","steroid hormone secretion","GO:0035929","0.21241126276343394","0.6728224592180171","27","514","3","21026",
"GO:BP","cerebellar cortex formation","GO:0021697","0.21241126276343394","0.6728224592180171","27","514","3","21026",
"GO:BP","substrate-dependent cell migration","GO:0006929","0.21241126276343394","0.6728224592180171","27","514","3","21026",
"GO:BP","nuclear-transcribed mRNA catabolic process, nonsense-mediated decay","GO:0000184","0.21241126276343394","0.6728224592180171","47","514","4","21026",
"GO:BP","metencephalon development","GO:0022037","0.21241126276343394","0.6728224592180171","119","514","7","21026",
"GO:BP","ventricular cardiac muscle tissue morphogenesis","GO:0055010","0.21241126276343394","0.6728224592180171","47","514","4","21026",
"GO:BP","mesenchymal cell proliferation","GO:0010463","0.21241126276343394","0.6728224592180171","47","514","4","21026",
"GO:BP","regulation of response to tumor cell","GO:0002834","0.21241126276343394","0.6728224592180171","27","514","3","21026",
"GO:BP","modulation by host of viral genome replication","GO:0044827","0.21241126276343394","0.6728224592180171","27","514","3","21026",
"GO:BP","endocrine pancreas development","GO:0031018","0.21241126276343394","0.6728224592180171","47","514","4","21026",
"GO:BP","regulation of DNA-templated transcription","GO:0006355","0.21241126276343394","0.6728224592180171","3409","514","100","21026",
"GO:BP","prostate gland epithelium morphogenesis","GO:0060740","0.21241126276343394","0.6728224592180171","27","514","3","21026",
"GO:BP","peptide secretion","GO:0002790","0.21241126276343394","0.6728224592180171","261","514","12","21026",
"GO:BP","positive regulation of NF-kappaB transcription factor activity","GO:0051092","0.2158140414169613","0.6659203024171455","120","514","7","21026",
"GO:BP","olfactory bulb interneuron differentiation","GO:0021889","0.2158140414169613","0.6659203024171455","11","514","2","21026",
"GO:BP","cardiac ventricle morphogenesis","GO:0003208","0.2158140414169613","0.6659203024171455","70","514","5","21026",
"GO:BP","cellular response to caffeine","GO:0071313","0.2158140414169613","0.6659203024171455","11","514","2","21026",
"GO:BP","CRD-mediated mRNA stabilization","GO:0070934","0.2158140414169613","0.6659203024171455","11","514","2","21026",
"GO:BP","muscle tissue morphogenesis","GO:0060415","0.2158140414169613","0.6659203024171455","70","514","5","21026",
"GO:BP","animal organ formation","GO:0048645","0.2158140414169613","0.6659203024171455","70","514","5","21026",
"GO:BP","filopodium assembly","GO:0046847","0.2158140414169613","0.6659203024171455","70","514","5","21026",
"GO:BP","detection of abiotic stimulus","GO:0009582","0.2158140414169613","0.6659203024171455","147","514","8","21026",
"GO:BP","regulation of heart contraction","GO:0008016","0.21985532731850044","0.6578630065191573","204","514","10","21026",
"GO:BP","positive regulation of Notch signaling pathway","GO:0045747","0.22151283625835383","0.6546011021513134","48","514","4","21026",
"GO:BP","positive regulation of protein phosphorylation","GO:0001934","0.22151283625835383","0.6546011021513134","483","514","19","21026",
"GO:BP","postsynaptic density organization","GO:0097106","0.22151283625835383","0.6546011021513134","48","514","4","21026",
"GO:BP","regulation of mitotic nuclear division","GO:0007088","0.22151283625835383","0.6546011021513134","121","514","7","21026",
"GO:BP","cell junction maintenance","GO:0034331","0.22151283625835383","0.6546011021513134","48","514","4","21026",
"GO:BP","regulation of postsynaptic membrane potential","GO:0060078","0.22151283625835383","0.6546011021513134","148","514","8","21026",
"GO:BP","clathrin-dependent endocytosis","GO:0072583","0.22151283625835383","0.6546011021513134","48","514","4","21026",
"GO:BP","male sex differentiation","GO:0046661","0.22151283625835383","0.6546011021513134","176","514","9","21026",
"GO:BP","sister chromatid segregation","GO:0000819","0.22195868406950103","0.6537278586598559","234","514","11","21026",
"GO:BP","cellular response to retinoic acid","GO:0071300","0.2236771177520769","0.6503784421094541","71","514","5","21026",
"GO:BP","negative regulation of steroid metabolic process","GO:0045939","0.22495357840436628","0.6479070939902587","28","514","3","21026",
"GO:BP","protein localization to endosome","GO:0036010","0.22495357840436628","0.6479070939902587","28","514","3","21026",
"GO:BP","synaptonemal complex organization","GO:0070193","0.22495357840436628","0.6479070939902587","28","514","3","21026",
"GO:BP","subpallium development","GO:0021544","0.22495357840436628","0.6479070939902587","28","514","3","21026",
"GO:BP","response to gonadotropin","GO:0034698","0.22495357840436628","0.6479070939902587","28","514","3","21026",
"GO:BP","import into cell","GO:0098657","0.22495357840436628","0.6479070939902587","922","514","32","21026",
"GO:BP","regulation of nuclear division","GO:0051783","0.22500354833342653","0.6478106329576332","149","514","8","21026",
"GO:BP","ameboidal-type cell migration","GO:0001667","0.22510065543421384","0.6476232404457354","235","514","11","21026",
"GO:BP","negative regulation of locomotion","GO:0040013","0.22510065543421384","0.6476232404457354","326","514","14","21026",
"GO:BP","defense response","GO:0006952","0.22561408677171374","0.646633787595482","1853","514","58","21026",
"GO:BP","morphogenesis of a branching structure","GO:0001763","0.22624230044704305","0.6454261919250203","206","514","10","21026",
"GO:BP","regulation of RNA biosynthetic process","GO:2001141","0.22766565593325883","0.6427024791065753","3428","514","100","21026",
"GO:BP","positive regulation of transferase activity","GO:0051347","0.22766565593325883","0.6427024791065753","296","514","13","21026",
"GO:BP","positive regulation of immune system process","GO:0002684","0.22766565593325883","0.6427024791065753","1099","514","37","21026",
"GO:BP","negative regulation of developmental process","GO:0051093","0.2290607589350411","0.6400493046895411","925","514","32","21026",
"GO:BP","embryo development","GO:0009790","0.2290607589350411","0.6400493046895411","1135","514","38","21026",
"GO:BP","negative regulation of nucleobase-containing compound metabolic process","GO:0045934","0.22997171441945644","0.6383255771431642","1529","514","49","21026",
"GO:BP","positive regulation of T cell mediated immunity","GO:0002711","0.22997171441945644","0.6383255771431642","72","514","5","21026",
"GO:BP","protein lipidation","GO:0006497","0.22997171441945644","0.6383255771431642","49","514","4","21026",
"GO:BP","mammary gland epithelium development","GO:0061180","0.22997171441945644","0.6383255771431642","72","514","5","21026",
"GO:BP","negative regulation of chromosome organization","GO:2001251","0.23097561357741922","0.6364338705313792","97","514","6","21026",
"GO:BP","hippocampus development","GO:0021766","0.23097561357741922","0.6364338705313792","97","514","6","21026",
"GO:BP","membrane hyperpolarization","GO:0060081","0.23195181805069","0.6346022191086269","12","514","2","21026",
"GO:BP","negative regulation of synapse organization","GO:1905809","0.23195181805069","0.6346022191086269","12","514","2","21026",
"GO:BP","spindle assembly involved in female meiosis","GO:0007056","0.23195181805069","0.6346022191086269","12","514","2","21026",
"GO:BP","negative regulation of nuclear-transcribed mRNA catabolic process, deadenylation-dependent decay","GO:1900152","0.23195181805069","0.6346022191086269","12","514","2","21026",
"GO:BP","negative regulation of mitochondrial membrane potential","GO:0010917","0.23195181805069","0.6346022191086269","12","514","2","21026",
"GO:BP","regulation of animal organ formation","GO:0003156","0.23195181805069","0.6346022191086269","29","514","3","21026",
"GO:BP","cardiac chamber morphogenesis","GO:0003206","0.23195181805069","0.6346022191086269","124","514","7","21026",
"GO:BP","phosphatidylcholine biosynthetic process","GO:0006656","0.23195181805069","0.6346022191086269","29","514","3","21026",
"GO:BP","cardiocyte differentiation","GO:0035051","0.23195181805069","0.6346022191086269","151","514","8","21026",
"GO:BP","axon guidance","GO:0007411","0.23195181805069","0.6346022191086269","238","514","11","21026",
"GO:BP","neuron projection maintenance","GO:1990535","0.23195181805069","0.6346022191086269","12","514","2","21026",
"GO:BP","prostate gland morphogenesis","GO:0060512","0.23195181805069","0.6346022191086269","29","514","3","21026",
"GO:BP","pattern recognition receptor signaling pathway","GO:0002221","0.23195181805069","0.6346022191086269","267","514","12","21026",
"GO:BP","epigenetic regulation of gene expression","GO:0040029","0.23195181805069","0.6346022191086269","299","514","13","21026",
"GO:BP","negative regulation by host of viral genome replication","GO:0044828","0.23195181805069","0.6346022191086269","12","514","2","21026",
"GO:BP","regulation of protein localization to synapse","GO:1902473","0.23195181805069","0.6346022191086269","29","514","3","21026",
"GO:BP","smoothened signaling pathway","GO:0007224","0.23195181805069","0.6346022191086269","151","514","8","21026",
"GO:BP","lateral sprouting from an epithelium","GO:0060601","0.23195181805069","0.6346022191086269","12","514","2","21026",
"GO:BP","regulation of chromosome condensation","GO:0060623","0.23195181805069","0.6346022191086269","12","514","2","21026",
"GO:BP","regulation of interleukin-18 production","GO:0032661","0.23195181805069","0.6346022191086269","12","514","2","21026",
"GO:BP","regulation of filopodium assembly","GO:0051489","0.23195181805069","0.6346022191086269","50","514","4","21026",
"GO:BP","modulation by host of viral process","GO:0044788","0.23195181805069","0.6346022191086269","50","514","4","21026",
"GO:BP","mammalian oogenesis stage","GO:0022605","0.23195181805069","0.6346022191086269","12","514","2","21026",
"GO:BP","presynapse assembly","GO:0099054","0.23195181805069","0.6346022191086269","50","514","4","21026",
"GO:BP","stem cell population maintenance","GO:0019827","0.23195181805069","0.6346022191086269","180","514","9","21026",
"GO:BP","morphogenesis of embryonic epithelium","GO:0016331","0.23195181805069","0.6346022191086269","152","514","8","21026",
"GO:BP","regulation of protein deacetylation","GO:0090311","0.23195181805069","0.6346022191086269","29","514","3","21026",
"GO:BP","regulation of dendritic spine maintenance","GO:1902950","0.23195181805069","0.6346022191086269","12","514","2","21026",
"GO:BP","positive regulation of cardiac muscle tissue growth","GO:0055023","0.23195181805069","0.6346022191086269","29","514","3","21026",
"GO:BP","branching involved in prostate gland morphogenesis","GO:0060442","0.23195181805069","0.6346022191086269","12","514","2","21026",
"GO:BP","magnesium ion homeostasis","GO:0010960","0.23195181805069","0.6346022191086269","12","514","2","21026",
"GO:BP","microtubule anchoring at centrosome","GO:0034454","0.23195181805069","0.6346022191086269","12","514","2","21026",
"GO:BP","regulation of lysosomal protein catabolic process","GO:1905165","0.23195181805069","0.6346022191086269","12","514","2","21026",
"GO:BP","cardiac muscle cell proliferation","GO:0060038","0.23195181805069","0.6346022191086269","50","514","4","21026",
"GO:BP","negative regulation of membrane potential","GO:0045837","0.23195181805069","0.6346022191086269","12","514","2","21026",
"GO:BP","regulation of unsaturated fatty acid biosynthetic process","GO:2001279","0.23195181805069","0.6346022191086269","12","514","2","21026",
"GO:BP","interleukin-18 production","GO:0032621","0.23195181805069","0.6346022191086269","12","514","2","21026",
"GO:BP","positive regulation of secretion by cell","GO:1903532","0.23195181805069","0.6346022191086269","298","514","13","21026",
"GO:BP","positive regulation of catalytic activity","GO:0043085","0.23195181805069","0.6346022191086269","554","514","21","21026",
"GO:BP","protein modification by small protein removal","GO:0070646","0.23195181805069","0.6346022191086269","151","514","8","21026",
"GO:BP","neuron projection guidance","GO:0097485","0.23227928250179122","0.6339895241489343","239","514","11","21026",
"GO:BP","positive regulation of protein kinase activity","GO:0045860","0.23227928250179122","0.6339895241489343","239","514","11","21026",
"GO:BP","glycerophospholipid biosynthetic process","GO:0046474","0.23572831144057266","0.6275882547093262","210","514","10","21026",
"GO:BP","biomineral tissue development","GO:0031214","0.23572831144057266","0.6275882547093262","181","514","9","21026",
"GO:BP","positive regulation of metabolic process","GO:0009893","0.23648107530250484","0.6262036085014283","3597","514","104","21026",
"GO:BP","synaptic vesicle exocytosis","GO:0016079","0.23705410191259713","0.6251525253794334","99","514","6","21026",
"GO:BP","Golgi organization","GO:0007030","0.23728187837157083","0.624735428338707","153","514","8","21026",
"GO:BP","negative regulation of DNA recombination","GO:0045910","0.23851699421575054","0.6224806722582897","51","514","4","21026",
"GO:BP","activation of immune response","GO:0002253","0.23851699421575054","0.6224806722582897","560","514","21","21026",
"GO:BP","positive regulation of phosphate metabolic process","GO:0045937","0.23851699421575054","0.6224806722582897","560","514","21","21026",
"GO:BP","DNA damage response, signal transduction by p53 class mediator","GO:0030330","0.23851699421575054","0.6224806722582897","51","514","4","21026",
"GO:BP","vitamin transport","GO:0051180","0.23851699421575054","0.6224806722582897","51","514","4","21026",
"GO:BP","negative regulation of leukocyte migration","GO:0002686","0.23851699421575054","0.6224806722582897","51","514","4","21026",
"GO:BP","negative regulation of mitotic sister chromatid segregation","GO:0033048","0.23851699421575054","0.6224806722582897","51","514","4","21026",
"GO:BP","sarcomere organization","GO:0045214","0.23851699421575054","0.6224806722582897","51","514","4","21026",
"GO:BP","negative regulation of mitotic metaphase/anaphase transition","GO:0045841","0.23851699421575054","0.6224806722582897","51","514","4","21026",
"GO:BP","positive regulation of signal transduction","GO:0009967","0.23851699421575054","0.6224806722582897","1578","514","50","21026",
"GO:BP","positive regulation of cytokine production","GO:0001819","0.23851699421575054","0.6224806722582897","494","514","19","21026",
"GO:BP","negative regulation of sister chromatid segregation","GO:0033046","0.23851699421575054","0.6224806722582897","51","514","4","21026",
"GO:BP","cellular response to oxygen-containing compound","GO:1901701","0.23851699421575054","0.6224806722582897","1182","514","39","21026",
"GO:BP","positive regulation of phosphorus metabolic process","GO:0010562","0.23851699421575054","0.6224806722582897","560","514","21","21026",
"GO:BP","regulation of cell differentiation","GO:0045595","0.23851699421575054","0.6224806722582897","1576","514","50","21026",
"GO:BP","insulin secretion","GO:0030073","0.23851699421575054","0.6224806722582897","211","514","10","21026",
"GO:BP","negative regulation of mitotic sister chromatid separation","GO:2000816","0.23851699421575054","0.6224806722582897","51","514","4","21026",
"GO:BP","regulation of phosphorylation","GO:0042325","0.23851699421575054","0.6224806722582897","830","514","29","21026",
"GO:BP","regulation of lipid biosynthetic process","GO:0046890","0.23851699421575054","0.6224806722582897","182","514","9","21026",
"GO:BP","ovulation cycle process","GO:0022602","0.23851699421575054","0.6224806722582897","51","514","4","21026",
"GO:BP","cochlea development","GO:0090102","0.23851699421575054","0.6224806722582897","51","514","4","21026",
"GO:BP","immune response to tumor cell","GO:0002418","0.2389638271466579","0.6216678348659089","30","514","3","21026",
"GO:BP","regulation of neurotransmitter transport","GO:0051588","0.2389638271466579","0.6216678348659089","100","514","6","21026",
"GO:BP","negative regulation of lipid metabolic process","GO:0045833","0.2389638271466579","0.6216678348659089","100","514","6","21026",
"GO:BP","type B pancreatic cell differentiation","GO:0003309","0.2389638271466579","0.6216678348659089","30","514","3","21026",
"GO:BP","regulation of Notch signaling pathway","GO:0008593","0.2389638271466579","0.6216678348659089","100","514","6","21026",
"GO:BP","positive regulation of osteoclast differentiation","GO:0045672","0.2389638271466579","0.6216678348659089","30","514","3","21026",
"GO:BP","positive regulation of chromosome segregation","GO:0051984","0.2389638271466579","0.6216678348659089","30","514","3","21026",
"GO:BP","protein O-linked glycosylation","GO:0006493","0.2389638271466579","0.6216678348659089","100","514","6","21026",
"GO:BP","chemical homeostasis","GO:0048878","0.239325666522352","0.6210107229023004","1043","514","35","21026",
"GO:BP","positive regulation of telomere maintenance","GO:0032206","0.239325666522352","0.6210107229023004","75","514","5","21026",
"GO:BP","regulation of signal transduction","GO:0009966","0.239325666522352","0.6210107229023004","3034","514","89","21026",
"GO:BP","regulation of ketone metabolic process","GO:0010565","0.239325666522352","0.6210107229023004","127","514","7","21026",
"GO:BP","nuclear-transcribed mRNA catabolic process","GO:0000956","0.239325666522352","0.6210107229023004","127","514","7","21026",
"GO:BP","positive regulation of intracellular signal transduction","GO:1902533","0.239325666522352","0.6210107229023004","1113","514","37","21026",
"GO:BP","regulation of protein serine/threonine kinase activity","GO:0071900","0.239325666522352","0.6210107229023004","242","514","11","21026",
"GO:BP","cardiac ventricle development","GO:0003231","0.239325666522352","0.6210107229023004","127","514","7","21026",
"GO:BP","potassium ion transport","GO:0006813","0.239325666522352","0.6210107229023004","242","514","11","21026",
"GO:BP","negative regulation of RNA metabolic process","GO:0051253","0.23974834229224","0.620244387017869","1400","514","45","21026",
"GO:BP","steroid metabolic process","GO:0008202","0.24067387300791124","0.6185710531581319","335","514","14","21026",
"GO:BP","cellular response to monosaccharide stimulus","GO:0071326","0.24080915835766023","0.6183270001859728","155","514","8","21026",
"GO:BP","response to nitrogen compound","GO:1901698","0.24281945467219693","0.6147165205691668","1080","514","36","21026",
"GO:BP","myeloid cell activation involved in immune response","GO:0002275","0.24378775207573933","0.6129881171734929","101","514","6","21026",
"GO:BP","regulation of RNA metabolic process","GO:0051252","0.24378775207573933","0.6129881171734929","3687","514","106","21026",
"GO:BP","primary follicle stage","GO:0048160","0.24529644284016908","0.6103087496578096","2","514","1","21026",
"GO:BP","limbic system development","GO:0021761","0.24529644284016908","0.6103087496578096","128","514","7","21026",
"GO:BP","cerebellar cortex development","GO:0021695","0.24529644284016908","0.6103087496578096","54","514","4","21026",
"GO:BP","cardiac cell fate commitment","GO:0060911","0.24529644284016908","0.6103087496578096","13","514","2","21026",
"GO:BP","nucleic acid transport","GO:0050657","0.24529644284016908","0.6103087496578096","160","514","8","21026",
"GO:BP","substrate-dependent cerebral cortex tangential migration","GO:0021825","0.24529644284016908","0.6103087496578096","2","514","1","21026",
"GO:BP","establishment of RNA localization","GO:0051236","0.24529644284016908","0.6103087496578096","163","514","8","21026",
"GO:BP","hydrogen peroxide-mediated programmed cell death","GO:0010421","0.24529644284016908","0.6103087496578096","13","514","2","21026",
"GO:BP","regulation of morphogenesis of a branching structure","GO:0060688","0.24529644284016908","0.6103087496578096","53","514","4","21026",
"GO:BP","mitochondrial fusion","GO:0008053","0.24529644284016908","0.6103087496578096","33","514","3","21026",
"GO:BP","RNA transport","GO:0050658","0.24529644284016908","0.6103087496578096","160","514","8","21026",
"GO:BP","regulation of cell division","GO:0051302","0.24529644284016908","0.6103087496578096","188","514","9","21026",
"GO:BP","negative regulation of multicellular organismal process","GO:0051241","0.24529644284016908","0.6103087496578096","1087","514","36","21026",
"GO:BP","cerebral cortex tangential migration using cell-cell interactions","GO:0021823","0.24529644284016908","0.6103087496578096","2","514","1","21026",
"GO:BP","response to nickel cation","GO:0010045","0.24529644284016908","0.6103087496578096","2","514","1","21026",
"GO:BP","intestinal epithelial cell migration","GO:0061582","0.24529644284016908","0.6103087496578096","2","514","1","21026",
"GO:BP","ectodermal placode morphogenesis","GO:0071697","0.24529644284016908","0.6103087496578096","13","514","2","21026",
"GO:BP","ectodermal placode formation","GO:0060788","0.24529644284016908","0.6103087496578096","13","514","2","21026",
"GO:BP","positive regulation of macrophage inflammatory protein 1 alpha production","GO:0071642","0.24529644284016908","0.6103087496578096","2","514","1","21026",
"GO:BP","meiotic DNA double-strand break processing involved in reciprocal meiotic recombination","GO:0010705","0.24529644284016908","0.6103087496578096","2","514","1","21026",
"GO:BP","cellular response to cortisol stimulus","GO:0071387","0.24529644284016908","0.6103087496578096","2","514","1","21026",
"GO:BP","GDP-D-mannose biosynthetic process from fructose-6-phosphate","GO:0061729","0.24529644284016908","0.6103087496578096","2","514","1","21026",
"GO:BP","positive regulation of amino acid uptake involved in synaptic transmission","GO:0051943","0.24529644284016908","0.6103087496578096","2","514","1","21026",
"GO:BP","positive regulation of glutamate uptake involved in transmission of nerve impulse","GO:0051951","0.24529644284016908","0.6103087496578096","2","514","1","21026",
"GO:BP","regulation of neurogenesis","GO:0050767","0.24529644284016908","0.6103087496578096","378","514","15","21026",
"GO:BP","muscle organ morphogenesis","GO:0048644","0.24529644284016908","0.6103087496578096","78","514","5","21026",
"GO:BP","sterol metabolic process","GO:0016125","0.24529644284016908","0.6103087496578096","160","514","8","21026",
"GO:BP","regulation of synaptic transmission, glutamatergic","GO:0051966","0.24529644284016908","0.6103087496578096","77","514","5","21026",
"GO:BP","negative regulation of chromosome segregation","GO:0051985","0.24529644284016908","0.6103087496578096","53","514","4","21026",
"GO:BP","bone mineralization","GO:0030282","0.24529644284016908","0.6103087496578096","128","514","7","21026",
"GO:BP","microglia differentiation","GO:0014004","0.24529644284016908","0.6103087496578096","14","514","2","21026",
"GO:BP","positive regulation of biomineral tissue development","GO:0070169","0.24529644284016908","0.6103087496578096","54","514","4","21026",
"GO:BP","neural crest cell development","GO:0014032","0.24529644284016908","0.6103087496578096","80","514","5","21026",
"GO:BP","myeloid cell differentiation","GO:0030099","0.24529644284016908","0.6103087496578096","443","514","17","21026",
"GO:BP","regulation of developmental growth","GO:0048638","0.24529644284016908","0.6103087496578096","310","514","13","21026",
"GO:BP","regulation of cardiac muscle tissue growth","GO:0055021","0.24529644284016908","0.6103087496578096","54","514","4","21026",
"GO:BP","cilium-dependent cell motility","GO:0060285","0.24529644284016908","0.6103087496578096","217","514","10","21026",
"GO:BP","regulation of cell development","GO:0060284","0.24529644284016908","0.6103087496578096","847","514","29","21026",
"GO:BP","sensory perception of light stimulus","GO:0050953","0.24529644284016908","0.6103087496578096","223","514","10","21026",
"GO:BP","cilium assembly","GO:0060271","0.24529644284016908","0.6103087496578096","403","514","16","21026",
"GO:BP","response to xenobiotic stimulus","GO:0009410","0.24529644284016908","0.6103087496578096","439","514","17","21026",
"GO:BP","negative regulation of negative chemotaxis","GO:0050925","0.24529644284016908","0.6103087496578096","2","514","1","21026",
"GO:BP","regulation of establishment of protein localization","GO:0070201","0.24529644284016908","0.6103087496578096","537","514","20","21026",
"GO:BP","regulation of angiotensin metabolic process","GO:0060177","0.24529644284016908","0.6103087496578096","2","514","1","21026",
"GO:BP","positive regulation of white fat cell proliferation","GO:0070352","0.24529644284016908","0.6103087496578096","2","514","1","21026",
"GO:BP","leukocyte migration","GO:0050900","0.24529644284016908","0.6103087496578096","402","514","16","21026",
"GO:BP","negative regulation of growth hormone secretion","GO:0060125","0.24529644284016908","0.6103087496578096","2","514","1","21026",
"GO:BP","hair follicle morphogenesis","GO:0031069","0.24529644284016908","0.6103087496578096","33","514","3","21026",
"GO:BP","susceptibility to T cell mediated cytotoxicity","GO:0060370","0.24529644284016908","0.6103087496578096","2","514","1","21026",
"GO:BP","regulation of phosphorus metabolic process","GO:0051174","0.24529644284016908","0.6103087496578096","957","514","32","21026",
"GO:BP","pigment granule aggregation in cell center","GO:0051877","0.24529644284016908","0.6103087496578096","2","514","1","21026",
"GO:BP","protein localization to postsynapse","GO:0062237","0.24529644284016908","0.6103087496578096","56","514","4","21026",
"GO:BP","submandibular salivary gland formation","GO:0060661","0.24529644284016908","0.6103087496578096","2","514","1","21026",
"GO:BP","ruffle organization","GO:0031529","0.24529644284016908","0.6103087496578096","56","514","4","21026",
"GO:BP","regulation of lipoprotein lipid oxidation","GO:0060587","0.24529644284016908","0.6103087496578096","2","514","1","21026",
"GO:BP","positive regulation of filopodium assembly","GO:0051491","0.24529644284016908","0.6103087496578096","31","514","3","21026",
"GO:BP","molting cycle process","GO:0022404","0.24529644284016908","0.6103087496578096","102","514","6","21026",
"GO:BP","squamous basal epithelial stem cell differentiation involved in prostate gland acinus development","GO:0060529","0.24529644284016908","0.6103087496578096","2","514","1","21026",
"GO:BP","cellular response to purine-containing compound","GO:0071415","0.24529644284016908","0.6103087496578096","13","514","2","21026",
"GO:BP","positive regulation of heterochromatin formation","GO:0031453","0.24529644284016908","0.6103087496578096","2","514","1","21026",
"GO:BP","hair cycle process","GO:0022405","0.24529644284016908","0.6103087496578096","102","514","6","21026",
"GO:BP","mesenchymal cell differentiation","GO:0048762","0.24529644284016908","0.6103087496578096","252","514","11","21026",
"GO:BP","mannose catabolic process","GO:0019309","0.24529644284016908","0.6103087496578096","2","514","1","21026",
"GO:BP","response to methylglyoxal","GO:0051595","0.24529644284016908","0.6103087496578096","2","514","1","21026",
"GO:BP","negative regulation of transport","GO:0051051","0.24529644284016908","0.6103087496578096","412","514","16","21026",
"GO:BP","lipid transport involved in lipid storage","GO:0010877","0.24529644284016908","0.6103087496578096","2","514","1","21026",
"GO:BP","female gonad development","GO:0008585","0.24529644284016908","0.6103087496578096","104","514","6","21026",
"GO:BP","regulation of steroid metabolic process","GO:0019218","0.24529644284016908","0.6103087496578096","102","514","6","21026",
"GO:BP","cellular response to lipid","GO:0071396","0.24529644284016908","0.6103087496578096","613","514","22","21026",
"GO:BP","reproductive process","GO:0022414","0.24529644284016908","0.6103087496578096","1608","514","50","21026",
"GO:BP","embryonic digestive tract development","GO:0048566","0.24529644284016908","0.6103087496578096","33","514","3","21026",
"GO:BP","early viral transcription","GO:0019085","0.24529644284016908","0.6103087496578096","2","514","1","21026",
"GO:BP","viral transcription","GO:0019083","0.24529644284016908","0.6103087496578096","53","514","4","21026",
"GO:BP","negative regulation of small molecule metabolic process","GO:0062014","0.24529644284016908","0.6103087496578096","107","514","6","21026",
"GO:BP","gland morphogenesis","GO:0022612","0.24529644284016908","0.6103087496578096","130","514","7","21026",
"GO:BP","response to endogenous stimulus","GO:0009719","0.24529644284016908","0.6103087496578096","1489","514","47","21026",
"GO:BP","cell-cell signaling involved in lung development","GO:0060495","0.24529644284016908","0.6103087496578096","2","514","1","21026",
"GO:BP","hair follicle cell proliferation","GO:0071335","0.24529644284016908","0.6103087496578096","2","514","1","21026",
"GO:BP","regulation of phosphate metabolic process","GO:0019220","0.24529644284016908","0.6103087496578096","956","514","32","21026",
"GO:BP","visceral serous pericardium development","GO:0061032","0.24529644284016908","0.6103087496578096","2","514","1","21026",
"GO:BP","chemorepulsion involved in postnatal olfactory bulb interneuron migration","GO:0021836","0.24529644284016908","0.6103087496578096","2","514","1","21026",
"GO:BP","memory","GO:0007613","0.24529644284016908","0.6103087496578096","129","514","7","21026",
"GO:BP","positive regulation of protein modification by small protein conjugation or removal","GO:1903322","0.24529644284016908","0.6103087496578096","131","514","7","21026",
"GO:BP","negative regulation of protein processing involved in protein targeting to mitochondrion","GO:1903217","0.24529644284016908","0.6103087496578096","2","514","1","21026",
"GO:BP","regulation of protein processing involved in protein targeting to mitochondrion","GO:1903216","0.24529644284016908","0.6103087496578096","2","514","1","21026",
"GO:BP","response to polycyclic arene","GO:1903165","0.24529644284016908","0.6103087496578096","2","514","1","21026",
"GO:BP","guanylate kinase-associated protein clustering","GO:0097117","0.24529644284016908","0.6103087496578096","2","514","1","21026",
"GO:BP","receptor localization to synapse","GO:0097120","0.24529644284016908","0.6103087496578096","79","514","5","21026",
"GO:BP","trabecular meshwork development","GO:0002930","0.24529644284016908","0.6103087496578096","2","514","1","21026",
"GO:BP","regulation of T cell mediated immune response to tumor cell","GO:0002840","0.24529644284016908","0.6103087496578096","14","514","2","21026",
"GO:BP","muscle system process","GO:0003012","0.24529644284016908","0.6103087496578096","438","514","17","21026",
"GO:BP","post-translational protein modification","GO:0043687","0.24529644284016908","0.6103087496578096","1027","514","34","21026",
"GO:BP","positive regulation of lysosomal membrane permeability","GO:0097214","0.24529644284016908","0.6103087496578096","2","514","1","21026",
"GO:BP","positive regulation of gene expression via chromosomal CpG island demethylation","GO:0044029","0.24529644284016908","0.6103087496578096","14","514","2","21026",
"GO:BP","pulmonary myocardium development","GO:0003350","0.24529644284016908","0.6103087496578096","2","514","1","21026",
"GO:BP","cell-matrix adhesion involved in ameboidal cell migration","GO:0003366","0.24529644284016908","0.6103087496578096","2","514","1","21026",
"GO:BP","fibroblast growth factor receptor apoptotic signaling pathway","GO:1902178","0.24529644284016908","0.6103087496578096","2","514","1","21026",
"GO:BP","negative regulation of metaphase/anaphase transition of cell cycle","GO:1902100","0.24529644284016908","0.6103087496578096","53","514","4","21026",
"GO:BP","negative regulation of late endosome to lysosome transport","GO:1902823","0.24529644284016908","0.6103087496578096","2","514","1","21026",
"GO:BP","negative regulation of cell junction assembly","GO:1901889","0.24529644284016908","0.6103087496578096","31","514","3","21026",
"GO:BP","protein modification by small protein conjugation","GO:0032446","0.24529644284016908","0.6103087496578096","853","514","29","21026",
"GO:BP","regulation of mitotic chromosome condensation","GO:1903379","0.24529644284016908","0.6103087496578096","2","514","1","21026",
"GO:BP","homotypic cell-cell adhesion","GO:0034109","0.24529644284016908","0.6103087496578096","102","514","6","21026",
"GO:BP","positive regulation of protein localization","GO:1903829","0.24529644284016908","0.6103087496578096","499","514","19","21026",
"GO:BP","postnatal olfactory bulb interneuron migration","GO:0021827","0.24529644284016908","0.6103087496578096","2","514","1","21026",
"GO:BP","amino sugar biosynthetic process","GO:0046349","0.24529644284016908","0.6103087496578096","13","514","2","21026",
"GO:BP","protein targeting to lysosome","GO:0006622","0.24529644284016908","0.6103087496578096","32","514","3","21026",
"GO:BP","regulation of lipid transport","GO:0032368","0.24529644284016908","0.6103087496578096","132","514","7","21026",
"GO:BP","regulation of T cell mediated immunity","GO:0002709","0.24529644284016908","0.6103087496578096","104","514","6","21026",
"GO:BP","negative regulation of vacuolar transport","GO:1903336","0.24529644284016908","0.6103087496578096","2","514","1","21026",
"GO:BP","substantia propria of cornea development","GO:1903701","0.24529644284016908","0.6103087496578096","2","514","1","21026",
"GO:BP","protein localization to postsynaptic membrane","GO:1903539","0.24529644284016908","0.6103087496578096","55","514","4","21026",
"GO:BP","sodium-independent organic anion transport","GO:0043252","0.24529644284016908","0.6103087496578096","14","514","2","21026",
"GO:BP","innate immune response-activating signaling pathway","GO:0002758","0.24529644284016908","0.6103087496578096","284","514","12","21026",
"GO:BP","corticotropin-releasing hormone secretion","GO:0043396","0.24529644284016908","0.6103087496578096","2","514","1","21026",
"GO:BP","regulation of corticotropin-releasing hormone secretion","GO:0043397","0.24529644284016908","0.6103087496578096","2","514","1","21026",
"GO:BP","negative regulation of embryonic development","GO:0045992","0.24529644284016908","0.6103087496578096","2","514","1","21026",
"GO:BP","positive regulation of integrin activation by cell surface receptor linked signal transduction","GO:0033626","0.24529644284016908","0.6103087496578096","2","514","1","21026",
"GO:BP","positive regulation of canonical Wnt signaling pathway","GO:0090263","0.24529644284016908","0.6103087496578096","107","514","6","21026",
"GO:BP","positive regulation of post-translational protein modification","GO:1901875","0.24529644284016908","0.6103087496578096","132","514","7","21026",
"GO:BP","programmed cell death in response to reactive oxygen species","GO:0097468","0.24529644284016908","0.6103087496578096","14","514","2","21026",
"GO:BP","glucosamine catabolic process","GO:0006043","0.24529644284016908","0.6103087496578096","2","514","1","21026",
"GO:BP","protein-containing complex localization to centriolar satellite","GO:0140706","0.24529644284016908","0.6103087496578096","2","514","1","21026",
"GO:BP","maintenance of postsynaptic specialization structure","GO:0098880","0.24529644284016908","0.6103087496578096","13","514","2","21026",
"GO:BP","response to ethanol","GO:0045471","0.24529644284016908","0.6103087496578096","131","514","7","21026",
"GO:BP","chromatin looping","GO:0140588","0.24529644284016908","0.6103087496578096","13","514","2","21026",
"GO:BP","antiviral innate immune response","GO:0140374","0.24529644284016908","0.6103087496578096","55","514","4","21026",
"GO:BP","cardiac endothelial to mesenchymal transition","GO:0140074","0.24529644284016908","0.6103087496578096","2","514","1","21026",
"GO:BP","negative regulation of cell cycle","GO:0045786","0.24529644284016908","0.6103087496578096","377","514","15","21026",
"GO:BP","leukocyte activation","GO:0045321","0.24529644284016908","0.6103087496578096","980","514","33","21026",
"GO:BP","positive regulation of ossification","GO:0045778","0.24529644284016908","0.6103087496578096","55","514","4","21026",
"GO:BP","exocytic process","GO:0140029","0.24529644284016908","0.6103087496578096","81","514","5","21026",
"GO:BP","sperm flagellum assembly","GO:0120316","0.24529644284016908","0.6103087496578096","52","514","4","21026",
"GO:BP","cell adhesion involved in sprouting angiogenesis","GO:0120078","0.24529644284016908","0.6103087496578096","2","514","1","21026",
"GO:BP","angiogenic sprout fusion","GO:0120077","0.24529644284016908","0.6103087496578096","2","514","1","21026",
"GO:BP","regulation of osteoblast differentiation","GO:0045667","0.24529644284016908","0.6103087496578096","131","514","7","21026",
"GO:BP","tRNA (guanine-N7)-methylation","GO:0106004","0.24529644284016908","0.6103087496578096","2","514","1","21026",
"GO:BP","regulation of skeletal muscle contraction by action potential","GO:0100001","0.24529644284016908","0.6103087496578096","2","514","1","21026",
"GO:BP","organelle localization by membrane tethering","GO:0140056","0.24529644284016908","0.6103087496578096","76","514","5","21026",
"GO:BP","bone growth","GO:0098868","0.24529644284016908","0.6103087496578096","31","514","3","21026",
"GO:BP","positive regulation of tumor necrosis factor production","GO:0032760","0.24529644284016908","0.6103087496578096","104","514","6","21026",
"GO:BP","broken chromosome clustering","GO:0141112","0.24529644284016908","0.6103087496578096","2","514","1","21026",
"GO:BP","cellular response to nitrogen compound","GO:1901699","0.24529644284016908","0.6103087496578096","645","514","23","21026",
"GO:BP","nucleotide-excision repair involved in interstrand cross-link repair","GO:1901255","0.24529644284016908","0.6103087496578096","2","514","1","21026",
"GO:BP","negative regulation of DNA-templated transcription","GO:0045892","0.24529644284016908","0.6103087496578096","1280","514","41","21026",
"GO:BP","negative regulation of superoxide anion generation","GO:0032929","0.24529644284016908","0.6103087496578096","2","514","1","21026",
"GO:BP","negative regulation of cytoplasmic translational elongation","GO:1900248","0.24529644284016908","0.6103087496578096","2","514","1","21026",
"GO:BP","negative regulation of phenotypic switching","GO:1900240","0.24529644284016908","0.6103087496578096","2","514","1","21026",
"GO:BP","positive regulation of cellular response to hypoxia","GO:1900039","0.24529644284016908","0.6103087496578096","2","514","1","21026",
"GO:BP","DNA transposition","GO:0006313","0.24529644284016908","0.6103087496578096","2","514","1","21026",
"GO:BP","chromatin organization","GO:0006325","0.24529644284016908","0.6103087496578096","884","514","30","21026",
"GO:BP","regulation of ruffle assembly","GO:1900027","0.24529644284016908","0.6103087496578096","31","514","3","21026",
"GO:BP","DNA-templated transcription","GO:0006351","0.24529644284016908","0.6103087496578096","3549","514","102","21026",
"GO:BP","negative regulation of HRI-mediated signaling","GO:0141191","0.24529644284016908","0.6103087496578096","2","514","1","21026",
"GO:BP","transcription by RNA polymerase II","GO:0006366","0.24529644284016908","0.6103087496578096","2711","514","80","21026",
"GO:BP","macromolecule depalmitoylation","GO:0098734","0.24529644284016908","0.6103087496578096","14","514","2","21026",
"GO:BP","establishment of protein localization","GO:0045184","0.24529644284016908","0.6103087496578096","1937","514","59","21026",
"GO:BP","tRNA splicing, via endonucleolytic cleavage and ligation","GO:0006388","0.24529644284016908","0.6103087496578096","13","514","2","21026",
"GO:BP","termination of mitochondrial transcription","GO:0006393","0.24529644284016908","0.6103087496578096","2","514","1","21026",
"GO:BP","primary palate development","GO:1903929","0.24529644284016908","0.6103087496578096","2","514","1","21026",
"GO:BP","positive regulation of response to macrophage colony-stimulating factor","GO:1903971","0.24529644284016908","0.6103087496578096","2","514","1","21026",
"GO:BP","regulation of action potential firing threshold","GO:0099611","0.24529644284016908","0.6103087496578096","2","514","1","21026",
"GO:BP","protein localization to pericentriolar material","GO:1905793","0.24529644284016908","0.6103087496578096","2","514","1","21026",
"GO:BP","negative regulation of vascular associated smooth muscle cell differentiation involved in phenotypic switching","GO:1905931","0.24529644284016908","0.6103087496578096","2","514","1","21026",
"GO:BP","telomere maintenance via recombination","GO:0000722","0.24529644284016908","0.6103087496578096","14","514","2","21026",
"GO:BP","negative regulation of cell differentiation involved in phenotypic switching","GO:1905916","0.24529644284016908","0.6103087496578096","2","514","1","21026",
"GO:BP","RNA splicing, via endonucleolytic cleavage and ligation","GO:0000394","0.24529644284016908","0.6103087496578096","14","514","2","21026",
"GO:BP","negative regulation of chromosome separation","GO:1905819","0.24529644284016908","0.6103087496578096","53","514","4","21026",
"GO:BP","negative regulation of RNA export from nucleus","GO:0046832","0.24529644284016908","0.6103087496578096","2","514","1","21026",
"GO:BP","regulation of chromosome separation","GO:1905818","0.24529644284016908","0.6103087496578096","77","514","5","21026",
"GO:BP","regulation of metanephric glomerular mesangial cell proliferation","GO:0072301","0.24529644284016908","0.6103087496578096","2","514","1","21026",
"GO:BP","positive regulation of cellular response to macrophage colony-stimulating factor stimulus","GO:1903974","0.24529644284016908","0.6103087496578096","2","514","1","21026",
"GO:BP","positive regulation of protein localization to endosome","GO:1905668","0.24529644284016908","0.6103087496578096","14","514","2","21026",
"GO:BP","microtubule anchoring at microtubule organizing center","GO:0072393","0.24529644284016908","0.6103087496578096","14","514","2","21026",
"GO:BP","visual perception","GO:0007601","0.24529644284016908","0.6103087496578096","220","514","10","21026",
"GO:BP","positive regulation of fever generation by positive regulation of prostaglandin secretion","GO:0071812","0.24529644284016908","0.6103087496578096","2","514","1","21026",
"GO:BP","negative regulation of actin filament bundle assembly","GO:0032232","0.24529644284016908","0.6103087496578096","31","514","3","21026",
"GO:BP","toll-like receptor signaling pathway","GO:0002224","0.24529644284016908","0.6103087496578096","80","514","5","21026",
"GO:BP","posterior mesonephric tubule development","GO:0072166","0.24529644284016908","0.6103087496578096","2","514","1","21026",
"GO:BP","lipoprotein oxidation","GO:0042161","0.24529644284016908","0.6103087496578096","2","514","1","21026",
"GO:BP","mesenchymal cell proliferation involved in ureteric bud development","GO:0072138","0.24529644284016908","0.6103087496578096","2","514","1","21026",
"GO:BP","lipoprotein modification","GO:0042160","0.24529644284016908","0.6103087496578096","2","514","1","21026",
"GO:BP","lens placode formation","GO:0001743","0.24529644284016908","0.6103087496578096","2","514","1","21026",
"GO:BP","neuron migration","GO:0001764","0.24529644284016908","0.6103087496578096","189","514","9","21026",
"GO:BP","positive regulation of excitatory postsynaptic potential","GO:2000463","0.24529644284016908","0.6103087496578096","33","514","3","21026",
"GO:BP","cilium or flagellum-dependent cell motility","GO:0001539","0.24529644284016908","0.6103087496578096","217","514","10","21026",
"GO:BP","endothelial cell proliferation","GO:0001935","0.24529644284016908","0.6103087496578096","158","514","8","21026",
"GO:BP","B cell proliferation","GO:0042100","0.24529644284016908","0.6103087496578096","107","514","6","21026",
"GO:BP","activation of protein kinase C activity","GO:1990051","0.24529644284016908","0.6103087496578096","2","514","1","21026",
"GO:BP","ciliary transition zone assembly","GO:1905349","0.24529644284016908","0.6103087496578096","2","514","1","21026",
"GO:BP","fibroblast growth factor receptor signaling pathway involved in orbitofrontal cortex development","GO:0035607","0.24529644284016908","0.6103087496578096","2","514","1","21026",
"GO:BP","regulation of lipid localization","GO:1905952","0.24529644284016908","0.6103087496578096","162","514","8","21026",
"GO:BP","adult heart development","GO:0007512","0.24529644284016908","0.6103087496578096","14","514","2","21026",
"GO:BP","recycling endosome to Golgi transport","GO:0071955","0.24529644284016908","0.6103087496578096","2","514","1","21026",
"GO:BP","lipoprotein biosynthetic process","GO:0042158","0.24529644284016908","0.6103087496578096","55","514","4","21026",
"GO:BP","response to topologically incorrect protein","GO:0035966","0.24529644284016908","0.6103087496578096","157","514","8","21026",
"GO:BP","establishment of planar polarity involved in nephron morphogenesis","GO:0072046","0.24529644284016908","0.6103087496578096","2","514","1","21026",
"GO:BP","negative regulation of L-glutamate import across plasma membrane","GO:0002037","0.24529644284016908","0.6103087496578096","2","514","1","21026",
"GO:BP","mitochondrial RNA metabolic process","GO:0000959","0.24529644284016908","0.6103087496578096","52","514","4","21026",
"GO:BP","histamine biosynthetic process","GO:0001694","0.24529644284016908","0.6103087496578096","2","514","1","21026",
"GO:BP","adrenal cortex formation","GO:0035802","0.24529644284016908","0.6103087496578096","2","514","1","21026",
"GO:BP","positive regulation of protein localization to kinetochore","GO:1905342","0.24529644284016908","0.6103087496578096","2","514","1","21026",
"GO:BP","regulation of cellular response to drug","GO:2001038","0.24529644284016908","0.6103087496578096","2","514","1","21026",
"GO:BP","phosphatidylinositol metabolic process","GO:0046488","0.24529644284016908","0.6103087496578096","162","514","8","21026",
"GO:BP","response to 3-methylcholanthrene","GO:1904681","0.24529644284016908","0.6103087496578096","2","514","1","21026",
"GO:BP","regulation of fat cell apoptotic process","GO:1904649","0.24529644284016908","0.6103087496578096","2","514","1","21026",
"GO:BP","learning","GO:0007612","0.24529644284016908","0.6103087496578096","160","514","8","21026",
"GO:BP","meiosis I","GO:0007127","0.24529644284016908","0.6103087496578096","133","514","7","21026",
"GO:BP","positive regulation of metanephric ureteric bud development","GO:2001076","0.24529644284016908","0.6103087496578096","2","514","1","21026",
"GO:BP","negative regulation of chloride transport","GO:2001226","0.24529644284016908","0.6103087496578096","2","514","1","21026",
"GO:BP","T cell mediated immunity","GO:0002456","0.24529644284016908","0.6103087496578096","133","514","7","21026",
"GO:BP","diol metabolic process","GO:0034311","0.24529644284016908","0.6103087496578096","31","514","3","21026",
"GO:BP","regulation of protein catabolic process in the vacuole","GO:1904350","0.24529644284016908","0.6103087496578096","14","514","2","21026",
"GO:BP","cellular response to forskolin","GO:1904322","0.24529644284016908","0.6103087496578096","14","514","2","21026",
"GO:BP","response to forskolin","GO:1904321","0.24529644284016908","0.6103087496578096","14","514","2","21026",
"GO:BP","pyroptosome complex assembly","GO:1904270","0.24529644284016908","0.6103087496578096","2","514","1","21026",
"GO:BP","homeostatic process","GO:0042592","0.24529644284016908","0.6103087496578096","1736","514","54","21026",
"GO:BP","detection of diacyl bacterial lipopeptide","GO:0042496","0.24529644284016908","0.6103087496578096","2","514","1","21026",
"GO:BP","cell junction assembly","GO:0034329","0.24529644284016908","0.6103087496578096","503","514","19","21026",
"GO:BP","negative regulation of excitatory synapse assembly","GO:1904890","0.24529644284016908","0.6103087496578096","2","514","1","21026",
"GO:BP","regulation of protein localization to kinetochore","GO:1905340","0.24529644284016908","0.6103087496578096","2","514","1","21026",
"GO:BP","mitochondrial unfolded protein response","GO:0034514","0.24529644284016908","0.6103087496578096","2","514","1","21026",
"GO:BP","positive regulation of phosphorylation","GO:0042327","0.24529644284016908","0.6103087496578096","506","514","19","21026",
"GO:BP","regulation of metanephric ureteric bud development","GO:2001074","0.24529644284016908","0.6103087496578096","2","514","1","21026",
"GO:BP","lens placode formation involved in camera-type eye formation","GO:0046619","0.24529644284016908","0.6103087496578096","2","514","1","21026",
"GO:BP","detection of triacyl bacterial lipopeptide","GO:0042495","0.24529644284016908","0.6103087496578096","2","514","1","21026",
"GO:BP","positive regulation of voltage-gated sodium channel activity","GO:1905152","0.24529644284016908","0.6103087496578096","2","514","1","21026",
"GO:BP","negative regulation of mitotic chromosome condensation","GO:1905213","0.24529644284016908","0.6103087496578096","2","514","1","21026",
"GO:BP","cardiac muscle cell contraction","GO:0086003","0.24529644284016908","0.6103087496578096","81","514","5","21026",
"GO:BP","regulation of lipoprotein oxidation","GO:0034442","0.24529644284016908","0.6103087496578096","2","514","1","21026",
"GO:BP","lipoprotein lipid oxidation","GO:0034439","0.24529644284016908","0.6103087496578096","2","514","1","21026",
"GO:BP","regulation of leukocyte adhesion to vascular endothelial cell","GO:1904994","0.24529644284016908","0.6103087496578096","31","514","3","21026",
"GO:BP","regulation of peroxisome proliferator activated receptor signaling pathway","GO:0035358","0.24529644284016908","0.6103087496578096","14","514","2","21026",
"GO:BP","positive regulation of kinase activity","GO:0033674","0.246493586490824","0.6081943761347449","254","514","11","21026",
"GO:BP","positive regulation of developmental growth","GO:0048639","0.24712652321200707","0.6070806408121885","164","514","8","21026",
"GO:BP","muscle contraction","GO:0006936","0.24798387729966365","0.6055765539616967","349","514","14","21026",
"GO:BP","development of primary female sexual characteristics","GO:0046545","0.24898046400316817","0.6038347280386924","108","514","6","21026",
"GO:BP","cardiac septum development","GO:0003279","0.24898046400316817","0.6038347280386924","108","514","6","21026",
"GO:BP","meiotic cell cycle process","GO:1903046","0.24898046400316817","0.6038347280386924","224","514","10","21026",
"GO:BP","positive regulation of tumor necrosis factor superfamily cytokine production","GO:1903557","0.24898046400316817","0.6038347280386924","108","514","6","21026",
"GO:BP","leukocyte tethering or rolling","GO:0050901","0.24910194344167655","0.6036228841748401","34","514","3","21026",
"GO:BP","regulation of mesenchymal cell proliferation","GO:0010464","0.24910194344167655","0.6036228841748401","34","514","3","21026",
"GO:BP","positive regulation of defense response to virus by host","GO:0002230","0.24910194344167655","0.6036228841748401","34","514","3","21026",
"GO:BP","regulation of DNA damage response, signal transduction by p53 class mediator","GO:0043516","0.24910194344167655","0.6036228841748401","34","514","3","21026",
"GO:BP","regulation of catalytic activity","GO:0050790","0.24910194344167655","0.6036228841748401","928","514","31","21026",
"GO:BP","regulation of lymphocyte mediated immunity","GO:0002706","0.24910194344167655","0.6036228841748401","194","514","9","21026",
"GO:BP","regulation of leukocyte mediated immunity","GO:0002703","0.24919947244965165","0.6034528814047128","255","514","11","21026",
"GO:BP","peptidyl-S-diacylglycerol-L-cysteine biosynthetic process from peptidyl-cysteine","GO:0018231","0.24947919792668505","0.6029656608714059","15","514","2","21026",
"GO:BP","peptidyl-L-cysteine S-palmitoylation","GO:0018230","0.24947919792668505","0.6029656608714059","15","514","2","21026",
"GO:BP","positive regulation of ruffle assembly","GO:1900029","0.24947919792668505","0.6029656608714059","15","514","2","21026",
"GO:BP","negative regulation of lipid biosynthetic process","GO:0051055","0.24947919792668505","0.6029656608714059","57","514","4","21026",
"GO:BP","UDP-N-acetylglucosamine metabolic process","GO:0006047","0.24947919792668505","0.6029656608714059","15","514","2","21026",
"GO:BP","regulation of protein localization to endosome","GO:1905666","0.24947919792668505","0.6029656608714059","15","514","2","21026",
"GO:BP","regulation of mitotic sister chromatid segregation","GO:0033047","0.24947919792668505","0.6029656608714059","57","514","4","21026",
"GO:BP","T cell mediated immune response to tumor cell","GO:0002424","0.24947919792668505","0.6029656608714059","15","514","2","21026",
"GO:BP","ventricular cardiac muscle cell differentiation","GO:0055012","0.24947919792668505","0.6029656608714059","15","514","2","21026",
"GO:BP","centriole-centriole cohesion","GO:0010457","0.24947919792668505","0.6029656608714059","15","514","2","21026",
"GO:BP","negative regulation of amino acid transport","GO:0051956","0.24947919792668505","0.6029656608714059","15","514","2","21026",
"GO:BP","ectodermal placode development","GO:0071696","0.24947919792668505","0.6029656608714059","15","514","2","21026",
"GO:BP","vascular endothelial growth factor receptor signaling pathway","GO:0048010","0.24947919792668505","0.6029656608714059","57","514","4","21026",
"GO:BP","regulation of RNA export from nucleus","GO:0046831","0.24947919792668505","0.6029656608714059","15","514","2","21026",
"GO:BP","fat cell proliferation","GO:0070341","0.24947919792668505","0.6029656608714059","15","514","2","21026",
"GO:BP","synaptic vesicle localization","GO:0097479","0.24947919792668505","0.6029656608714059","57","514","4","21026",
"GO:BP","cellular response to carbohydrate stimulus","GO:0071322","0.24947919792668505","0.6029656608714059","165","514","8","21026",
"GO:BP","regulation of action potential","GO:0098900","0.24947919792668505","0.6029656608714059","57","514","4","21026",
"GO:BP","sister chromatid cohesion","GO:0007062","0.24947919792668505","0.6029656608714059","57","514","4","21026",
"GO:BP","negative regulation of cell migration involved in sprouting angiogenesis","GO:0090051","0.24947919792668505","0.6029656608714059","15","514","2","21026",
"GO:BP","postsynaptic specialization organization","GO:0099084","0.24947919792668505","0.6029656608714059","57","514","4","21026",
"GO:BP","cilium movement","GO:0003341","0.2498803879793264","0.602267828413747","256","514","11","21026",
"GO:BP","defense response to virus","GO:0051607","0.2500559875018925","0.6019627419645439","319","514","13","21026",
"GO:BP","actin filament-based process","GO:0030029","0.2501722033947497","0.6017609463728363","825","514","28","21026",
"GO:BP","macrophage activation","GO:0042116","0.25058932299991665","0.6010374371766769","109","514","6","21026",
"GO:BP","synaptic transmission, glutamatergic","GO:0035249","0.25058932299991665","0.6010374371766769","109","514","6","21026",
"GO:BP","regulation of immune system process","GO:0002682","0.2506389107813937","0.600951505465396","1581","514","49","21026",
"GO:BP","response to growth factor","GO:0070848","0.25071907966682766","0.6008126150696134","721","514","25","21026",
"GO:BP","lysosomal transport","GO:0007041","0.2510114417563656","0.6003064817922724","137","514","7","21026",
"GO:BP","supramolecular fiber organization","GO:0097435","0.2516160918446491","0.5992615874880736","861","514","29","21026",
"GO:BP","peptide transport","GO:0015833","0.2518583305316406","0.5988436797314682","288","514","12","21026",
"GO:BP","negative regulation of organelle organization","GO:0010639","0.25212943294719686","0.5983764529335398","352","514","14","21026",
"GO:BP","gliogenesis","GO:0042063","0.25212943294719686","0.5983764529335398","352","514","14","21026",
"GO:BP","spermatid development","GO:0007286","0.25212943294719686","0.5983764529335398","226","514","10","21026",
"GO:BP","regulation of cellular response to growth factor stimulus","GO:0090287","0.25239776126823893","0.5979145015402734","320","514","13","21026",
"GO:BP","phospholipid biosynthetic process","GO:0008654","0.25240864376221345","0.5978957767101758","257","514","11","21026",
"GO:BP","regulation of intracellular signal transduction","GO:1902531","0.25268604176461634","0.597418747601381","1953","514","59","21026",
"GO:BP","regulation of neuron differentiation","GO:0045664","0.2527615698241635","0.5972889560305743","196","514","9","21026",
"GO:BP","response to activity","GO:0014823","0.2543514754045987","0.5945657388338164","83","514","5","21026",
"GO:BP","regulation of neurotransmitter secretion","GO:0046928","0.2543514754045987","0.5945657388338164","83","514","5","21026",
"GO:BP","dendritic spine organization","GO:0097061","0.2543514754045987","0.5945657388338164","83","514","5","21026",
"GO:BP","glial cell proliferation","GO:0014009","0.2552688028115583","0.5930022584220549","58","514","4","21026",
"GO:BP","endothelium development","GO:0003158","0.2552688028115583","0.5930022584220549","138","514","7","21026",
"GO:BP","photoreceptor cell development","GO:0042461","0.2552688028115583","0.5930022584220549","58","514","4","21026",
"GO:BP","regulation of organelle organization","GO:0033043","0.2552688028115583","0.5930022584220549","1148","514","37","21026",
"GO:BP","mononuclear cell migration","GO:0071674","0.2552688028115583","0.5930022584220549","227","514","10","21026",
"GO:BP","cellular response to growth factor stimulus","GO:0071363","0.2552688028115583","0.5930022584220549","689","514","24","21026",
"GO:BP","keratinocyte proliferation","GO:0043616","0.2552688028115583","0.5930022584220549","58","514","4","21026",
"GO:BP","lymphocyte migration","GO:0072676","0.2552688028115583","0.5930022584220549","110","514","6","21026",
"GO:BP","visual system development","GO:0150063","0.25649230554087205","0.5909256586662504","419","514","16","21026",
"GO:BP","regulation of cell adhesion","GO:0030155","0.25649230554087205","0.5909256586662504","794","514","27","21026",
"GO:BP","animal organ morphogenesis","GO:0009887","0.25721403340264665","0.5897053403237503","1042","514","34","21026",
"GO:BP","positive regulation of cell motility","GO:2000147","0.25721403340264665","0.5897053403237503","587","514","21","21026",
"GO:BP","positive regulation of secretion","GO:0051047","0.2580403207340851","0.5883124269664983","322","514","13","21026",
"GO:BP","regulation of DNA-binding transcription factor activity","GO:0051090","0.2580403207340851","0.5883124269664983","322","514","13","21026",
"GO:BP","type I interferon-mediated signaling pathway","GO:0060337","0.2606412539146359","0.5839568436905028","84","514","5","21026",
"GO:BP","mammary gland development","GO:0030879","0.2606412539146359","0.5839568436905028","139","514","7","21026",
"GO:BP","negative regulation of RNA biosynthetic process","GO:1902679","0.2606412539146359","0.5839568436905028","1296","514","41","21026",
"GO:BP","positive regulation of lipid transport","GO:0032370","0.2606412539146359","0.5839568436905028","84","514","5","21026",
"GO:BP","chromosome separation","GO:0051304","0.2606412539146359","0.5839568436905028","84","514","5","21026",
"GO:BP","negative regulation of DNA metabolic process","GO:0051053","0.2606412539146359","0.5839568436905028","139","514","7","21026",
"GO:BP","cellular response to fibroblast growth factor stimulus","GO:0044344","0.26084571944032825","0.5836162857911305","111","514","6","21026",
"GO:BP","negative regulation of cell-matrix adhesion","GO:0001953","0.26180905898541534","0.5820153302859851","36","514","3","21026",
"GO:BP","positive regulation of synaptic transmission, glutamatergic","GO:0051968","0.26180905898541534","0.5820153302859851","36","514","3","21026",
"GO:BP","regulation of skeletal muscle cell proliferation","GO:0014857","0.26180905898541534","0.5820153302859851","16","514","2","21026",
"GO:BP","venous blood vessel development","GO:0060841","0.26180905898541534","0.5820153302859851","16","514","2","21026",
"GO:BP","regulation of amino acid import across plasma membrane","GO:0010958","0.26180905898541534","0.5820153302859851","16","514","2","21026",
"GO:BP","neuron cell-cell adhesion","GO:0007158","0.26180905898541534","0.5820153302859851","16","514","2","21026",
"GO:BP","negative regulation by host of viral process","GO:0044793","0.26180905898541534","0.5820153302859851","16","514","2","21026",
"GO:BP","response to amphetamine","GO:0001975","0.26180905898541534","0.5820153302859851","36","514","3","21026",
"GO:BP","regulation of cation channel activity","GO:2001257","0.26180905898541534","0.5820153302859851","85","514","5","21026",
"GO:BP","CD40 signaling pathway","GO:0023035","0.26180905898541534","0.5820153302859851","16","514","2","21026",
"GO:BP","positive regulation of D-glucose import","GO:0046326","0.26180905898541534","0.5820153302859851","36","514","3","21026",
"GO:BP","morphogenesis of an epithelial bud","GO:0060572","0.26180905898541534","0.5820153302859851","16","514","2","21026",
"GO:BP","cardiac chamber development","GO:0003205","0.26180905898541534","0.5820153302859851","169","514","8","21026",
"GO:BP","gland development","GO:0048732","0.26180905898541534","0.5820153302859851","454","514","17","21026",
"GO:BP","microtubule cytoskeleton organization involved in mitosis","GO:1902850","0.26180905898541534","0.5820153302859851","169","514","8","21026",
"GO:BP","regulation of amino acid transmembrane transport","GO:1903789","0.26180905898541534","0.5820153302859851","16","514","2","21026",
"GO:BP","sensory organ development","GO:0007423","0.26180905898541534","0.5820153302859851","624","514","22","21026",
"GO:BP","nose development","GO:0043584","0.26180905898541534","0.5820153302859851","16","514","2","21026",
"GO:BP","cardiac muscle cell action potential involved in contraction","GO:0086002","0.26180905898541534","0.5820153302859851","59","514","4","21026",
"GO:BP","estrous cycle","GO:0044849","0.26180905898541534","0.5820153302859851","16","514","2","21026",
"GO:BP","lens fiber cell differentiation","GO:0070306","0.26180905898541534","0.5820153302859851","36","514","3","21026",
"GO:BP","pyramidal neuron differentiation","GO:0021859","0.26180905898541534","0.5820153302859851","16","514","2","21026",
"GO:BP","peptidyl-lysine modification","GO:0018205","0.26180905898541534","0.5820153302859851","140","514","7","21026",
"GO:BP","negative regulation of mitotic nuclear division","GO:0045839","0.26180905898541534","0.5820153302859851","59","514","4","21026",
"GO:BP","regulation of smooth muscle cell differentiation","GO:0051150","0.26180905898541534","0.5820153302859851","36","514","3","21026",
"GO:BP","positive regulation of cytoplasmic translation","GO:2000767","0.26180905898541534","0.5820153302859851","16","514","2","21026",
"GO:BP","sodium ion export across plasma membrane","GO:0036376","0.26180905898541534","0.5820153302859851","16","514","2","21026",
"GO:BP","ovulation","GO:0030728","0.26180905898541534","0.5820153302859851","16","514","2","21026",
"GO:BP","cellular response to type I interferon","GO:0071357","0.26180905898541534","0.5820153302859851","85","514","5","21026",
"GO:BP","response to reactive oxygen species","GO:0000302","0.26180905898541534","0.5820153302859851","199","514","9","21026",
"GO:BP","sensory perception of sound","GO:0007605","0.26180905898541534","0.5820153302859851","169","514","8","21026",
"GO:BP","cellular response to dopamine","GO:1903351","0.26180905898541534","0.5820153302859851","59","514","4","21026",
"GO:BP","connective tissue development","GO:0061448","0.26180905898541534","0.5820153302859851","292","514","12","21026",
"GO:BP","nuclear export","GO:0051168","0.26180905898541534","0.5820153302859851","169","514","8","21026",
"GO:BP","DNA conformation change","GO:0071103","0.26180905898541534","0.5820153302859851","16","514","2","21026",
"GO:BP","protein localization to lysosome","GO:0061462","0.26180905898541534","0.5820153302859851","59","514","4","21026",
"GO:BP","response to caffeine","GO:0031000","0.26180905898541534","0.5820153302859851","16","514","2","21026",
"GO:BP","response to unfolded protein","GO:0006986","0.26180905898541534","0.5820153302859851","140","514","7","21026",
"GO:BP","regulation of corticosteroid hormone secretion","GO:2000846","0.26180905898541534","0.5820153302859851","16","514","2","21026",
"GO:BP","response to follicle-stimulating hormone","GO:0032354","0.26180905898541534","0.5820153302859851","16","514","2","21026",
"GO:BP","muscle cell fate commitment","GO:0042693","0.26180905898541534","0.5820153302859851","16","514","2","21026",
"GO:BP","negative regulation of reactive oxygen species biosynthetic process","GO:1903427","0.26180905898541534","0.5820153302859851","16","514","2","21026",
"GO:BP","negative regulation of cell adhesion","GO:0007162","0.2619621374918892","0.5817614745833439","293","514","12","21026",
"GO:BP","viral process","GO:0016032","0.2619621374918892","0.5817614745833439","423","514","16","21026",
"GO:BP","cellular homeostasis","GO:0019725","0.26250855476607815","0.5808565390116884","835","514","28","21026",
"GO:BP","response to temperature stimulus","GO:0009266","0.26344966488383115","0.5793023495269322","170","514","8","21026",
"GO:BP","negative regulation of gene expression, epigenetic","GO:0045814","0.26344966488383115","0.5793023495269322","200","514","9","21026",
"GO:BP","meiosis I cell cycle process","GO:0061982","0.2652033247351808","0.5764210356779285","141","514","7","21026",
"GO:BP","reactive oxygen species metabolic process","GO:0072593","0.26533200070431817","0.5762103682189824","231","514","10","21026",
"GO:BP","sexual reproduction","GO:0019953","0.26645382047671506","0.5743780483633567","1122","514","36","21026",
"GO:BP","positive regulation of cell migration","GO:0030335","0.2664985318494089","0.5743051791757077","559","514","20","21026",
"GO:BP","negative regulation of cell-substrate adhesion","GO:0010812","0.267331963052845","0.5729491125207107","60","514","4","21026",
"GO:BP","unsaturated fatty acid metabolic process","GO:0033559","0.26740724855373904","0.5728268245825459","113","514","6","21026",
"GO:BP","intracellular glucose homeostasis","GO:0001678","0.26917672006931953","0.569962503075925","171","514","8","21026",
"GO:BP","membrane docking","GO:0022406","0.2694828011874579","0.5694689469437733","86","514","5","21026",
"GO:BP","stem cell development","GO:0048864","0.2694828011874579","0.5694689469437733","86","514","5","21026",
"GO:BP","regulation of muscle cell differentiation","GO:0051147","0.27134352642166926","0.5664805351417518","142","514","7","21026",
"GO:BP","sensory system development","GO:0048880","0.2720663273051442","0.5653252059986386","426","514","16","21026",
"GO:BP","positive regulation of nervous system development","GO:0051962","0.27318530733430224","0.563542661927644","296","514","12","21026",
"GO:BP","positive regulation of cardiac neural crest cell migration involved in outflow tract morphogenesis","GO:1905312","0.27318530733430224","0.563542661927644","3","514","1","21026",
"GO:BP","cellular response to exogenous dsRNA","GO:0071360","0.27318530733430224","0.563542661927644","18","514","2","21026",
"GO:BP","amide transport","GO:0042886","0.27318530733430224","0.563542661927644","332","514","13","21026",
"GO:BP","follicle-stimulating hormone signaling pathway","GO:0042699","0.27318530733430224","0.563542661927644","3","514","1","21026",
"GO:BP","synaptic transmission, GABAergic","GO:0051932","0.27318530733430224","0.563542661927644","62","514","4","21026",
"GO:BP","regulation of blood vessel endothelial cell proliferation involved in sprouting angiogenesis","GO:1903587","0.27318530733430224","0.563542661927644","17","514","2","21026",
"GO:BP","cellular response to reactive oxygen species","GO:0034614","0.27318530733430224","0.563542661927644","147","514","7","21026",
"GO:BP","neurotransmitter-gated ion channel clustering","GO:0072578","0.27318530733430224","0.563542661927644","18","514","2","21026",
"GO:BP","fat cell apoptotic process","GO:1904606","0.27318530733430224","0.563542661927644","3","514","1","21026",
"GO:BP","phospholipase C-activating angiotensin-activated signaling pathway","GO:0086097","0.27318530733430224","0.563542661927644","3","514","1","21026",
"GO:BP","negative regulation of nucleobase-containing compound transport","GO:0032240","0.27318530733430224","0.563542661927644","3","514","1","21026",
"GO:BP","regulation of cardiac neural crest cell migration involved in outflow tract morphogenesis","GO:1905310","0.27318530733430224","0.563542661927644","3","514","1","21026",
"GO:BP","regulation of protein import","GO:1904589","0.27318530733430224","0.563542661927644","3","514","1","21026",
"GO:BP","embryonic digestive tract morphogenesis","GO:0048557","0.27318530733430224","0.563542661927644","17","514","2","21026",
"GO:BP","positive regulation of Wnt signaling pathway","GO:0030177","0.27318530733430224","0.563542661927644","144","514","7","21026",
"GO:BP","positive regulation of chromatin organization","GO:1905269","0.27318530733430224","0.563542661927644","3","514","1","21026",
"GO:BP","positive regulation of neuromuscular junction development","GO:1904398","0.27318530733430224","0.563542661927644","3","514","1","21026",
"GO:BP","L-ascorbic acid transmembrane transport","GO:0015882","0.27318530733430224","0.563542661927644","3","514","1","21026",
"GO:BP","action potential initiation","GO:0099610","0.27318530733430224","0.563542661927644","3","514","1","21026",
"GO:BP","relaxation of cardiac muscle","GO:0055119","0.27318530733430224","0.563542661927644","18","514","2","21026",
"GO:BP","aminergic neurotransmitter loading into synaptic vesicle","GO:0015842","0.27318530733430224","0.563542661927644","3","514","1","21026",
"GO:BP","folate import across plasma membrane","GO:1904447","0.27318530733430224","0.563542661927644","3","514","1","21026",
"GO:BP","positive regulation of matrix metallopeptidase secretion","GO:1904466","0.27318530733430224","0.563542661927644","3","514","1","21026",
"GO:BP","positive regulation of bile acid metabolic process","GO:1904253","0.27318530733430224","0.563542661927644","3","514","1","21026",
"GO:BP","regulation of cell migration involved in sprouting angiogenesis","GO:0090049","0.27318530733430224","0.563542661927644","39","514","3","21026",
"GO:BP","serotonin production involved in inflammatory response","GO:0002351","0.27318530733430224","0.563542661927644","3","514","1","21026",
"GO:BP","cellular response to arachidonate","GO:1904551","0.27318530733430224","0.563542661927644","3","514","1","21026",
"GO:BP","vacuolar transport","GO:0007034","0.27318530733430224","0.563542661927644","174","514","8","21026",
"GO:BP","detection of mechanical stimulus involved in sensory perception","GO:0050974","0.27318530733430224","0.563542661927644","39","514","3","21026",
"GO:BP","cell-matrix adhesion","GO:0007160","0.27318530733430224","0.563542661927644","237","514","10","21026",
"GO:BP","serotonin secretion involved in inflammatory response","GO:0002442","0.27318530733430224","0.563542661927644","3","514","1","21026",
"GO:BP","lipid metabolic process","GO:0006629","0.27318530733430224","0.563542661927644","1391","514","43","21026",
"GO:BP","vascular associated smooth muscle cell differentiation involved in phenotypic switching","GO:1905420","0.27318530733430224","0.563542661927644","3","514","1","21026",
"GO:BP","locomotory exploration behavior","GO:0035641","0.27318530733430224","0.563542661927644","17","514","2","21026",
"GO:BP","regulation of cytoplasmic translation","GO:2000765","0.27318530733430224","0.563542661927644","37","514","3","21026",
"GO:BP","striated muscle myosin thick filament assembly","GO:0071688","0.27318530733430224","0.563542661927644","3","514","1","21026",
"GO:BP","lauric acid metabolic process","GO:0048252","0.27318530733430224","0.563542661927644","3","514","1","21026",
"GO:BP","negative regulation of pre-miRNA processing","GO:2000632","0.27318530733430224","0.563542661927644","3","514","1","21026",
"GO:BP","osteoclast development","GO:0036035","0.27318530733430224","0.563542661927644","18","514","2","21026",
"GO:BP","protein complex oligomerization","GO:0051259","0.27318530733430224","0.563542661927644","271","514","11","21026",
"GO:BP","central nervous system morphogenesis","GO:0021551","0.27318530733430224","0.563542661927644","3","514","1","21026",
"GO:BP","establishment of spindle localization","GO:0051293","0.27318530733430224","0.563542661927644","63","514","4","21026",
"GO:BP","neural fold elevation formation","GO:0021502","0.27318530733430224","0.563542661927644","3","514","1","21026",
"GO:BP","meiotic cell cycle","GO:0051321","0.27318530733430224","0.563542661927644","297","514","12","21026",
"GO:BP","regulation of transferase activity","GO:0051338","0.27318530733430224","0.563542661927644","498","514","18","21026",
"GO:BP","kinetochore assembly","GO:0051382","0.27318530733430224","0.563542661927644","17","514","2","21026",
"GO:BP","regulation of tRNA stability","GO:0036415","0.27318530733430224","0.563542661927644","3","514","1","21026",
"GO:BP","nuclear transport","GO:0051169","0.27318530733430224","0.563542661927644","334","514","13","21026",
"GO:BP","negative regulation of meiotic cell cycle","GO:0051447","0.27318530733430224","0.563542661927644","18","514","2","21026",
"GO:BP","regulation of glutamine transport","GO:2000485","0.27318530733430224","0.563542661927644","3","514","1","21026",
"GO:BP","tRNA stabilization","GO:0036416","0.27318530733430224","0.563542661927644","3","514","1","21026",
"GO:BP","TRAM-dependent toll-like receptor signaling pathway","GO:0035668","0.27318530733430224","0.563542661927644","3","514","1","21026",
"GO:BP","TRAM-dependent toll-like receptor 4 signaling pathway","GO:0035669","0.27318530733430224","0.563542661927644","3","514","1","21026",
"GO:BP","response to triacyl bacterial lipopeptide","GO:0071725","0.27318530733430224","0.563542661927644","3","514","1","21026",
"GO:BP","establishment of mitotic spindle orientation","GO:0000132","0.27318530733430224","0.563542661927644","37","514","3","21026",
"GO:BP","ventricular zone neuroblast division","GO:0021847","0.27318530733430224","0.563542661927644","3","514","1","21026",
"GO:BP","negative regulation of ATP biosynthetic process","GO:2001170","0.27318530733430224","0.563542661927644","3","514","1","21026",
"GO:BP","olfactory placode morphogenesis","GO:0071699","0.27318530733430224","0.563542661927644","3","514","1","21026",
"GO:BP","orbitofrontal cortex development","GO:0021769","0.27318530733430224","0.563542661927644","3","514","1","21026",
"GO:BP","olfactory placode development","GO:0071698","0.27318530733430224","0.563542661927644","3","514","1","21026",
"GO:BP","ketone body catabolic process","GO:0046952","0.27318530733430224","0.563542661927644","3","514","1","21026",
"GO:BP","generation of catalytic spliceosome for second transesterification step","GO:0000350","0.27318530733430224","0.563542661927644","3","514","1","21026",
"GO:BP","positive regulation of testosterone secretion","GO:2000845","0.27318530733430224","0.563542661927644","3","514","1","21026",
"GO:BP","cerebellar cortex morphogenesis","GO:0021696","0.27318530733430224","0.563542661927644","38","514","3","21026",
"GO:BP","spermatocyte division","GO:0048137","0.27318530733430224","0.563542661927644","3","514","1","21026",
"GO:BP","regulation of testosterone secretion","GO:2000843","0.27318530733430224","0.563542661927644","3","514","1","21026",
"GO:BP","meiotic DNA double-strand break processing","GO:0000706","0.27318530733430224","0.563542661927644","3","514","1","21026",
"GO:BP","testosterone secretion","GO:0035936","0.27318530733430224","0.563542661927644","3","514","1","21026",
"GO:BP","positive regulation of synaptic vesicle clustering","GO:2000809","0.27318530733430224","0.563542661927644","3","514","1","21026",
"GO:BP","adrenal cortex development","GO:0035801","0.27318530733430224","0.563542661927644","3","514","1","21026",
"GO:BP","regulation of nucleobase-containing compound transport","GO:0032239","0.27318530733430224","0.563542661927644","18","514","2","21026",
"GO:BP","negative regulation of mesoderm development","GO:2000381","0.27318530733430224","0.563542661927644","3","514","1","21026",
"GO:BP","positive regulation of synaptic vesicle exocytosis","GO:2000302","0.27318530733430224","0.563542661927644","3","514","1","21026",
"GO:BP","DNA biosynthetic process","GO:0071897","0.27318530733430224","0.563542661927644","172","514","8","21026",
"GO:BP","cytoplasm protein quality control by the ubiquitin-proteasome system","GO:0071629","0.27318530733430224","0.563542661927644","3","514","1","21026",
"GO:BP","regulation of kinetochore assembly","GO:0090234","0.27318530733430224","0.563542661927644","3","514","1","21026",
"GO:BP","negative regulation of glomerular mesangial cell proliferation","GO:0072125","0.27318530733430224","0.563542661927644","3","514","1","21026",
"GO:BP","negative regulation of cell population proliferation","GO:0008285","0.27318530733430224","0.563542661927644","706","514","24","21026",
"GO:BP","spermatid differentiation","GO:0048515","0.27318530733430224","0.563542661927644","234","514","10","21026",
"GO:BP","regulation of vascular associated smooth muscle cell differentiation involved in phenotypic switching","GO:1905930","0.27318530733430224","0.563542661927644","3","514","1","21026",
"GO:BP","cellular response to catecholamine stimulus","GO:0071870","0.27318530733430224","0.563542661927644","62","514","4","21026",
"GO:BP","metanephric glomerular mesangial cell proliferation involved in metanephros development","GO:0072262","0.27318530733430224","0.563542661927644","3","514","1","21026",
"GO:BP","regulation of cell differentiation involved in phenotypic switching","GO:1905915","0.27318530733430224","0.563542661927644","3","514","1","21026",
"GO:BP","gamete generation","GO:0007276","0.27318530733430224","0.563542661927644","841","514","28","21026",
"GO:BP","regulation of synaptic transmission, GABAergic","GO:0032228","0.27318530733430224","0.563542661927644","37","514","3","21026",
"GO:BP","termination of signal transduction","GO:0023021","0.27318530733430224","0.563542661927644","3","514","1","21026",
"GO:BP","positive regulation of anaphase-promoting complex-dependent catabolic process","GO:1905786","0.27318530733430224","0.563542661927644","3","514","1","21026",
"GO:BP","RNA repair","GO:0042245","0.27318530733430224","0.563542661927644","3","514","1","21026",
"GO:BP","susceptibility to natural killer cell mediated cytotoxicity","GO:0042271","0.27318530733430224","0.563542661927644","3","514","1","21026",
"GO:BP","glandular epithelial cell differentiation","GO:0002067","0.27318530733430224","0.563542661927644","37","514","3","21026",
"GO:BP","regulation of AMPA receptor activity","GO:2000311","0.27318530733430224","0.563542661927644","17","514","2","21026",
"GO:BP","protein linear deubiquitination","GO:1990108","0.27318530733430224","0.563542661927644","3","514","1","21026",
"GO:BP","morphogenesis of an epithelial sheet","GO:0002011","0.27318530733430224","0.563542661927644","64","514","4","21026",
"GO:BP","negative regulation of female gonad development","GO:2000195","0.27318530733430224","0.563542661927644","3","514","1","21026",
"GO:BP","epoxygenase P450 pathway","GO:0019373","0.27318530733430224","0.563542661927644","18","514","2","21026",
"GO:BP","regulation of ubiquitin-specific protease activity","GO:2000152","0.27318530733430224","0.563542661927644","3","514","1","21026",
"GO:BP","negative regulation of cellular component organization","GO:0051129","0.27318530733430224","0.563542661927644","701","514","24","21026",
"GO:BP","positive regulation of type B pancreatic cell development","GO:2000078","0.27318530733430224","0.563542661927644","3","514","1","21026",
"GO:BP","response to cAMP","GO:0051591","0.27318530733430224","0.563542661927644","88","514","5","21026",
"GO:BP","tissue homeostasis","GO:0001894","0.27318530733430224","0.563542661927644","268","514","11","21026",
"GO:BP","renin-angiotensin regulation of aldosterone production","GO:0002018","0.27318530733430224","0.563542661927644","3","514","1","21026",
"GO:BP","L-methionine salvage from S-adenosylmethionine","GO:0019284","0.27318530733430224","0.563542661927644","3","514","1","21026",
"GO:BP","protein localization to cell periphery","GO:1990778","0.27318530733430224","0.563542661927644","365","514","14","21026",
"GO:BP","meiotic recombination checkpoint signaling","GO:0051598","0.27318530733430224","0.563542661927644","3","514","1","21026",
"GO:BP","lymphangiogenesis","GO:0001946","0.27318530733430224","0.563542661927644","18","514","2","21026",
"GO:BP","positive regulation of neurotransmitter secretion","GO:0001956","0.27318530733430224","0.563542661927644","18","514","2","21026",
"GO:BP","miRNA transport","GO:1990428","0.27318530733430224","0.563542661927644","3","514","1","21026",
"GO:BP","cholesterol metabolic process","GO:0008203","0.27318530733430224","0.563542661927644","145","514","7","21026",
"GO:BP","regulation of systemic arterial blood pressure by hormone","GO:0001990","0.27318530733430224","0.563542661927644","38","514","3","21026",
"GO:BP","cellular response to monoamine stimulus","GO:0071868","0.27318530733430224","0.563542661927644","62","514","4","21026",
"GO:BP","regulation of hormone secretion","GO:0046883","0.27318530733430224","0.563542661927644","268","514","11","21026",
"GO:BP","positive regulation of circadian sleep/wake cycle, wakefulness","GO:0010841","0.27318530733430224","0.563542661927644","3","514","1","21026",
"GO:BP","coronary vasculature morphogenesis","GO:0060977","0.27318530733430224","0.563542661927644","18","514","2","21026",
"GO:BP","lipid transport","GO:0006869","0.27318530733430224","0.563542661927644","436","514","16","21026",
"GO:BP","regulation of white fat cell proliferation","GO:0070350","0.27318530733430224","0.563542661927644","3","514","1","21026",
"GO:BP","cellular response to triacyl bacterial lipopeptide","GO:0071727","0.27318530733430224","0.563542661927644","3","514","1","21026",
"GO:BP","negative regulation of glucagon secretion","GO:0070093","0.27318530733430224","0.563542661927644","3","514","1","21026",
"GO:BP","response to interleukin-17","GO:0097396","0.27318530733430224","0.563542661927644","18","514","2","21026",
"GO:BP","prostate epithelial cord elongation","GO:0060523","0.27318530733430224","0.563542661927644","3","514","1","21026",
"GO:BP","positive regulation of molecular function","GO:0044093","0.27318530733430224","0.563542661927644","884","514","29","21026",
"GO:BP","L-glutamate import across plasma membrane","GO:0098712","0.27318530733430224","0.563542661927644","17","514","2","21026",
"GO:BP","positive regulation of protein autoubiquitination","GO:1902499","0.27318530733430224","0.563542661927644","3","514","1","21026",
"GO:BP","positive regulation of protein K48-linked ubiquitination","GO:1902524","0.27318530733430224","0.563542661927644","3","514","1","21026",
"GO:BP","ventricular cardiac muscle tissue development","GO:0003229","0.27318530733430224","0.563542661927644","63","514","4","21026",
"GO:BP","enteroendocrine cell differentiation","GO:0035883","0.27318530733430224","0.563542661927644","37","514","3","21026",
"GO:BP","regulation of lysosomal membrane permeability","GO:0097213","0.27318530733430224","0.563542661927644","3","514","1","21026",
"GO:BP","nucleosome assembly","GO:0006334","0.27318530733430224","0.563542661927644","118","514","6","21026",
"GO:BP","regulation of phenotypic switching","GO:1900239","0.27318530733430224","0.563542661927644","3","514","1","21026",
"GO:BP","regulation of lipoprotein metabolic process","GO:0050746","0.27318530733430224","0.563542661927644","17","514","2","21026",
"GO:BP","positive regulation of ATP-dependent activity","GO:0032781","0.27318530733430224","0.563542661927644","38","514","3","21026",
"GO:BP","positive regulation of neuromuscular synaptic transmission","GO:1900075","0.27318530733430224","0.563542661927644","3","514","1","21026",
"GO:BP","regulation of centriole-centriole cohesion","GO:0030997","0.27318530733430224","0.563542661927644","3","514","1","21026",
"GO:BP","cell proliferation involved in mesonephros development","GO:0061209","0.27318530733430224","0.563542661927644","3","514","1","21026",
"GO:BP","regulation of late endosome to lysosome transport","GO:1902822","0.27318530733430224","0.563542661927644","3","514","1","21026",
"GO:BP","tRNA export from nucleus","GO:0006409","0.27318530733430224","0.563542661927644","3","514","1","21026",
"GO:BP","bud outgrowth involved in lung branching","GO:0060447","0.27318530733430224","0.563542661927644","3","514","1","21026",
"GO:BP","heart field specification","GO:0003128","0.27318530733430224","0.563542661927644","18","514","2","21026",
"GO:BP","regulation of stress-activated MAPK cascade","GO:0032872","0.27318530733430224","0.563542661927644","39","514","3","21026",
"GO:BP","detection of nodal flow","GO:0003127","0.27318530733430224","0.563542661927644","3","514","1","21026",
"GO:BP","endothelial cell differentiation","GO:0045446","0.27318530733430224","0.563542661927644","115","514","6","21026",
"GO:BP","establishment of neuroblast polarity","GO:0045200","0.27318530733430224","0.563542661927644","3","514","1","21026",
"GO:BP","tear secretion","GO:0070075","0.27318530733430224","0.563542661927644","3","514","1","21026",
"GO:BP","regulation of protein refolding","GO:0061083","0.27318530733430224","0.563542661927644","3","514","1","21026",
"GO:BP","establishment or maintenance of neuroblast polarity","GO:0045196","0.27318530733430224","0.563542661927644","3","514","1","21026",
"GO:BP","positive regulation of epithelial cell proliferation","GO:0050679","0.27318530733430224","0.563542661927644","204","514","9","21026",
"GO:BP","lactone metabolic process","GO:1901334","0.27318530733430224","0.563542661927644","17","514","2","21026",
"GO:BP","lactone catabolic process","GO:1901335","0.27318530733430224","0.563542661927644","3","514","1","21026",
"GO:BP","secretion by lung epithelial cell involved in lung growth","GO:0061033","0.27318530733430224","0.563542661927644","3","514","1","21026",
"GO:BP","suppression of viral release by host","GO:0044790","0.27318530733430224","0.563542661927644","17","514","2","21026",
"GO:BP","protein import into mitochondrial intermembrane space","GO:0045041","0.27318530733430224","0.563542661927644","3","514","1","21026",
"GO:BP","positive regulation of lymphangiogenesis","GO:1901492","0.27318530733430224","0.563542661927644","3","514","1","21026",
"GO:BP","calcium ion export","GO:1901660","0.27318530733430224","0.563542661927644","3","514","1","21026",
"GO:BP","embryonic camera-type eye development","GO:0031076","0.27318530733430224","0.563542661927644","37","514","3","21026",
"GO:BP","transport across blood-brain barrier","GO:0150104","0.27318530733430224","0.563542661927644","88","514","5","21026",
"GO:BP","pyroptotic inflammatory response","GO:0070269","0.27318530733430224","0.563542661927644","37","514","3","21026",
"GO:BP","alcohol metabolic process","GO:0006066","0.27318530733430224","0.563542661927644","362","514","14","21026",
"GO:BP","muscle cell proliferation","GO:0033002","0.27318530733430224","0.563542661927644","208","514","9","21026",
"GO:BP","biological process involved in interspecies interaction between organisms","GO:0044419","0.27318530733430224","0.563542661927644","1759","514","53","21026",
"GO:BP","regulation of homologous chromosome segregation","GO:0060629","0.27318530733430224","0.563542661927644","3","514","1","21026",
"GO:BP","detection of bacterial lipopeptide","GO:0070340","0.27318530733430224","0.563542661927644","3","514","1","21026",
"GO:BP","positive regulation of cell communication","GO:0010647","0.27318530733430224","0.563542661927644","1795","514","54","21026",
"GO:BP","regulation of cytoplasmic translational elongation","GO:1900247","0.27318530733430224","0.563542661927644","3","514","1","21026",
"GO:BP","mammary placode formation","GO:0060596","0.27318530733430224","0.563542661927644","3","514","1","21026",
"GO:BP","lymphatic endothelial cell fate commitment","GO:0060838","0.27318530733430224","0.563542661927644","3","514","1","21026",
"GO:BP","regulation of inward rectifier potassium channel activity","GO:1901979","0.27318530733430224","0.563542661927644","3","514","1","21026",
"GO:BP","epidermis morphogenesis","GO:0048730","0.27318530733430224","0.563542661927644","37","514","3","21026",
"GO:BP","epithelial tube morphogenesis","GO:0060562","0.27318530733430224","0.563542661927644","336","514","13","21026",
"GO:BP","bone cell development","GO:0098751","0.27318530733430224","0.563542661927644","18","514","2","21026",
"GO:BP","negative regulation of chromosome condensation","GO:1902340","0.27318530733430224","0.563542661927644","3","514","1","21026",
"GO:BP","regulation of protein secretion","GO:0050708","0.27318530733430224","0.563542661927644","269","514","11","21026",
"GO:BP","regulation of tRNA catabolic process","GO:1902370","0.27318530733430224","0.563542661927644","3","514","1","21026",
"GO:BP","negative regulation of tRNA catabolic process","GO:1902371","0.27318530733430224","0.563542661927644","3","514","1","21026",
"GO:BP","regulation of neuromuscular synaptic transmission","GO:1900073","0.27318530733430224","0.563542661927644","3","514","1","21026",
"GO:BP","vascular transport","GO:0010232","0.27318530733430224","0.563542661927644","88","514","5","21026",
"GO:BP","myeloid cell development","GO:0061515","0.27318530733430224","0.563542661927644","89","514","5","21026",
"GO:BP","late endosomal microautophagy","GO:0061738","0.27318530733430224","0.563542661927644","3","514","1","21026",
"GO:BP","positive regulation of immune response to tumor cell","GO:0002839","0.27318530733430224","0.563542661927644","17","514","2","21026",
"GO:BP","regulation of protein kinase activity","GO:0045859","0.27318530733430224","0.563542661927644","402","514","15","21026",
"GO:BP","protein targeting to lysosome involved in chaperone-mediated autophagy","GO:0061740","0.27318530733430224","0.563542661927644","3","514","1","21026",
"GO:BP","brain morphogenesis","GO:0048854","0.27318530733430224","0.563542661927644","39","514","3","21026",
"GO:BP","positive regulation of protein folding","GO:1903334","0.27318530733430224","0.563542661927644","3","514","1","21026",
"GO:BP","positive regulation of response to tumor cell","GO:0002836","0.27318530733430224","0.563542661927644","17","514","2","21026",
"GO:BP","skeletal muscle myosin thick filament assembly","GO:0030241","0.27318530733430224","0.563542661927644","3","514","1","21026",
"GO:BP","regulation of vacuolar transport","GO:1903335","0.27318530733430224","0.563542661927644","3","514","1","21026",
"GO:BP","response to dopamine","GO:1903350","0.27318530733430224","0.563542661927644","61","514","4","21026",
"GO:BP","positive regulation of bile acid biosynthetic process","GO:0070859","0.27318530733430224","0.563542661927644","3","514","1","21026",
"GO:BP","cell-cell adhesion mediated by integrin","GO:0033631","0.27318530733430224","0.563542661927644","18","514","2","21026",
"GO:BP","negative regulation of G protein-coupled receptor signaling pathway","GO:0045744","0.27318530733430224","0.563542661927644","63","514","4","21026",
"GO:BP","negative regulation of DNA methylation-dependent heterochromatin formation","GO:0090310","0.27318530733430224","0.563542661927644","3","514","1","21026",
"GO:BP","regulation of interleukin-12 production","GO:0032655","0.27318530733430224","0.563542661927644","62","514","4","21026",
"GO:BP","immune response-activating signaling pathway","GO:0002757","0.27318530733430224","0.563542661927644","494","514","18","21026",
"GO:BP","anatomical structure homeostasis","GO:0060249","0.27318530733430224","0.563542661927644","269","514","11","21026",
"GO:BP","MyD88-independent toll-like receptor signaling pathway","GO:0002756","0.27318530733430224","0.563542661927644","18","514","2","21026",
"GO:BP","olfactory placode formation","GO:0030910","0.27318530733430224","0.563542661927644","3","514","1","21026",
"GO:BP","positive regulation of skeletal muscle cell proliferation","GO:0014858","0.27318530733430224","0.563542661927644","3","514","1","21026",
"GO:BP","sarcomerogenesis","GO:0048769","0.27318530733430224","0.563542661927644","3","514","1","21026",
"GO:BP","chemical synaptic transmission, postsynaptic","GO:0099565","0.27318530733430224","0.563542661927644","118","514","6","21026",
"GO:BP","neurofilament bundle assembly","GO:0033693","0.27318530733430224","0.563542661927644","3","514","1","21026",
"GO:BP","postsynaptic intermediate filament cytoskeleton organization","GO:0099185","0.27318530733430224","0.563542661927644","3","514","1","21026",
"GO:BP","negative regulation of tRNA metabolic process","GO:1903327","0.27318530733430224","0.563542661927644","3","514","1","21026",
"GO:BP","positive regulation of viral transcription","GO:0050434","0.27318530733430224","0.563542661927644","3","514","1","21026",
"GO:BP","regulation of mitotic sister chromatid separation","GO:0010965","0.27318530733430224","0.563542661927644","62","514","4","21026",
"GO:BP","interleukin-12 production","GO:0032615","0.27318530733430224","0.563542661927644","62","514","4","21026",
"GO:BP","inhibitory chemical synaptic transmission","GO:0098977","0.27318530733430224","0.563542661927644","3","514","1","21026",
"GO:BP","receptor-mediated endocytosis","GO:0006898","0.27318530733430224","0.563542661927644","264","514","11","21026",
"GO:BP","mitotic cell cycle process","GO:1903047","0.27318530733430224","0.563542661927644","745","514","25","21026",
"GO:BP","meiotic nuclear division","GO:0140013","0.27318530733430224","0.563542661927644","202","514","9","21026",
"GO:BP","positive regulation of cell differentiation","GO:0045597","0.27318530733430224","0.563542661927644","879","514","29","21026",
"GO:BP","positive regulation of oligodendrocyte progenitor proliferation","GO:0070447","0.27318530733430224","0.563542661927644","3","514","1","21026",
"GO:BP","protein localization to CENP-A containing chromatin","GO:0061644","0.27318530733430224","0.563542661927644","18","514","2","21026",
"GO:BP","regulation of retrograde trans-synaptic signaling by endocanabinoid","GO:0099178","0.27318530733430224","0.563542661927644","3","514","1","21026",
"GO:BP","carbohydrate derivative metabolic process","GO:1901135","0.27318530733430224","0.563542661927644","983","514","32","21026",
"GO:BP","mononuclear cell differentiation","GO:1903131","0.27318530733430224","0.563542661927644","534","514","19","21026",
"GO:BP","nucleocytoplasmic transport","GO:0006913","0.27318530733430224","0.563542661927644","334","514","13","21026",
"GO:BP","female genitalia morphogenesis","GO:0048807","0.27318530733430224","0.563542661927644","3","514","1","21026",
"GO:BP","cell differentiation involved in phenotypic switching","GO:0090679","0.27318530733430224","0.563542661927644","3","514","1","21026",
"GO:BP","regulation of DNA endoreduplication","GO:0032875","0.27318530733430224","0.563542661927644","3","514","1","21026",
"GO:BP","cardiac cell fate specification","GO:0060912","0.27318530733430224","0.563542661927644","3","514","1","21026",
"GO:BP","response to fibroblast growth factor","GO:0071774","0.2747222436866219","0.5611061752381241","119","514","6","21026",
"GO:BP","response to type I interferon","GO:0034340","0.27571008786840456","0.559547343341336","91","514","5","21026",
"GO:BP","immune response-regulating signaling pathway","GO:0002764","0.27786325708832066","0.5561688778314382","540","514","19","21026",
"GO:BP","positive regulation of smooth muscle cell migration","GO:0014911","0.28072561987295463","0.5517179505229761","40","514","3","21026",
"GO:BP","ventricular septum morphogenesis","GO:0060412","0.28072561987295463","0.5517179505229761","40","514","3","21026",
"GO:BP","cellular response to heat","GO:0034605","0.28163996805847735","0.5503057136082486","65","514","4","21026",
"GO:BP","response to catecholamine","GO:0071869","0.28163996805847735","0.5503057136082486","65","514","4","21026",
"GO:BP","positive regulation of transcription by RNA polymerase II","GO:0045944","0.28163996805847735","0.5503057136082486","1256","514","39","21026",
"GO:BP","growth","GO:0040007","0.28163996805847735","0.5503057136082486","929","514","30","21026",
"GO:BP","smooth muscle cell differentiation","GO:0051145","0.28163996805847735","0.5503057136082486","65","514","4","21026",
"GO:BP","dendrite development","GO:0016358","0.28163996805847735","0.5503057136082486","242","514","10","21026",
"GO:BP","mitotic sister chromatid separation","GO:0051306","0.28163996805847735","0.5503057136082486","65","514","4","21026",
"GO:BP","cell surface toll-like receptor signaling pathway","GO:0140895","0.28163996805847735","0.5503057136082486","65","514","4","21026",
"GO:BP","response to monoamine","GO:0071867","0.28163996805847735","0.5503057136082486","65","514","4","21026",
"GO:BP","macrophage differentiation","GO:0030225","0.28163996805847735","0.5503057136082486","65","514","4","21026",
"GO:BP","cellular response to vascular endothelial growth factor stimulus","GO:0035924","0.28163996805847735","0.5503057136082486","65","514","4","21026",
"GO:BP","positive regulation of neuron differentiation","GO:0045666","0.28263972943631566","0.5487667913118585","92","514","5","21026",
"GO:BP","regulation of DNA biosynthetic process","GO:2000278","0.28263972943631566","0.5487667913118585","92","514","5","21026",
"GO:BP","membrane depolarization","GO:0051899","0.28263972943631566","0.5487667913118585","92","514","5","21026",
"GO:BP","tissue remodeling","GO:0048771","0.2832137786609113","0.5478856215654768","180","514","8","21026",
"GO:BP","cellular response to glucose stimulus","GO:0071333","0.28481675053702915","0.5454344727181903","150","514","7","21026",
"GO:BP","calcium ion transmembrane transport","GO:0070588","0.2848575410545705","0.545372278945454","340","514","13","21026",
"GO:BP","regulation of catabolic process","GO:0009894","0.2871759068825169","0.5418519987852022","1040","514","33","21026",
"GO:BP","chondrocyte differentiation","GO:0002062","0.2876725855302253","0.5411015233033932","121","514","6","21026",
"GO:BP","regulation of regulated secretory pathway","GO:1903305","0.2876725855302253","0.5411015233033932","121","514","6","21026",
"GO:BP","female genitalia development","GO:0030540","0.2888484772094994","0.539329917688969","19","514","2","21026",
"GO:BP","mitochondrion distribution","GO:0048311","0.2888484772094994","0.539329917688969","19","514","2","21026",
"GO:BP","regulation of neurotransmitter receptor localization to postsynaptic specialization membrane","GO:0098696","0.2888484772094994","0.539329917688969","19","514","2","21026",
"GO:BP","macrophage activation involved in immune response","GO:0002281","0.2888484772094994","0.539329917688969","19","514","2","21026",
"GO:BP","regulation of exocytosis","GO:0017157","0.2888484772094994","0.539329917688969","181","514","8","21026",
"GO:BP","glycosphingolipid catabolic process","GO:0046479","0.2888484772094994","0.539329917688969","19","514","2","21026",
"GO:BP","positive regulation of cell cycle checkpoint","GO:1901978","0.2888484772094994","0.539329917688969","19","514","2","21026",
"GO:BP","negative regulation of megakaryocyte differentiation","GO:0045653","0.2888484772094994","0.539329917688969","19","514","2","21026",
"GO:BP","corticosteroid hormone secretion","GO:0035930","0.2888484772094994","0.539329917688969","19","514","2","21026",
"GO:BP","plasma membrane tubulation","GO:0097320","0.2888484772094994","0.539329917688969","19","514","2","21026",
"GO:BP","prostaglandin secretion","GO:0032310","0.2888484772094994","0.539329917688969","19","514","2","21026",
"GO:BP","regulation of defense response to virus","GO:0050688","0.28906018126968613","0.5390117293112751","66","514","4","21026",
"GO:BP","aromatic amino acid metabolic process","GO:0009072","0.28906018126968613","0.5390117293112751","41","514","3","21026",
"GO:BP","glycerophospholipid metabolic process","GO:0006650","0.28906018126968613","0.5390117293112751","309","514","12","21026",
"GO:BP","neural crest cell differentiation","GO:0014033","0.28906018126968613","0.5390117293112751","93","514","5","21026",
"GO:BP","regulation of postsynapse organization","GO:0099175","0.28906018126968613","0.5390117293112751","151","514","7","21026",
"GO:BP","skeletal muscle fiber development","GO:0048741","0.28906018126968613","0.5390117293112751","41","514","3","21026",
"GO:BP","response to oxygen-containing compound","GO:1901700","0.28906018126968613","0.5390117293112751","1669","514","50","21026",
"GO:BP","regulation of stress-activated protein kinase signaling cascade","GO:0070302","0.28906018126968613","0.5390117293112751","41","514","3","21026",
"GO:BP","enzyme-linked receptor protein signaling pathway","GO:0007167","0.28906018126968613","0.5390117293112751","970","514","31","21026",
"GO:BP","regulation of cell cycle process","GO:0010564","0.28906018126968613","0.5390117293112751","720","514","24","21026",
"GO:BP","calcium-ion regulated exocytosis","GO:0017156","0.28906018126968613","0.5390117293112751","66","514","4","21026",
"GO:BP","protein kinase A signaling","GO:0010737","0.28906018126968613","0.5390117293112751","41","514","3","21026",
"GO:BP","megakaryocyte differentiation","GO:0030219","0.28906018126968613","0.5390117293112751","66","514","4","21026",
"GO:BP","positive regulation of interleukin-10 production","GO:0032733","0.28906018126968613","0.5390117293112751","41","514","3","21026",
"GO:BP","response to external biotic stimulus","GO:0043207","0.2899074023680126","0.5377406954192772","1595","514","48","21026",
"GO:BP","regulation of cell-matrix adhesion","GO:0001952","0.2912315529640106","0.5357615739475923","122","514","6","21026",
"GO:BP","glycosylation","GO:0070085","0.2923510835457467","0.5340952921907588","245","514","10","21026",
"GO:BP","response to biotic stimulus","GO:0009607","0.29327331327505274","0.532727454321481","1634","514","49","21026",
"GO:BP","male gonad development","GO:0008584","0.29385977188775736","0.5318598628656349","152","514","7","21026",
"GO:BP","microtubule-based movement","GO:0007018","0.29424387130547447","0.5312925741461516","478","514","17","21026",
"GO:BP","cilium movement involved in cell motility","GO:0060294","0.29604286064066654","0.5286454078863192","214","514","9","21026",
"GO:BP","intracellular receptor signaling pathway","GO:0030522","0.2963799686415467","0.5281511522528324","377","514","14","21026",
"GO:BP","positive regulation of neurogenesis","GO:0050769","0.296862284642499","0.5274449745564864","246","514","10","21026",
"GO:BP","postsynapse organization","GO:0099173","0.296862284642499","0.5274449745564864","246","514","10","21026",
"GO:BP","regulation of cell size","GO:0008361","0.296862284642499","0.5274449745564864","183","514","8","21026",
"GO:BP","transforming growth factor beta receptor superfamily signaling pathway","GO:0141091","0.29722733475013347","0.5269112528345707","344","514","13","21026",
"GO:BP","Golgi to plasma membrane transport","GO:0006893","0.29755009733933435","0.5264399033258247","67","514","4","21026",
"GO:BP","regulation of ossification","GO:0030278","0.2977852510121734","0.5260968161965041","123","514","6","21026",
"GO:BP","negative regulation of transcription by RNA polymerase II","GO:0000122","0.29785041010077645","0.5260017975984363","938","514","30","21026",
"GO:BP","cellular response to hexose stimulus","GO:0071331","0.2992114726999509","0.5240217582849923","153","514","7","21026",
"GO:BP","microtubule organizing center organization","GO:0031023","0.2992114726999509","0.5240217582849923","153","514","7","21026",
"GO:BP","development of primary male sexual characteristics","GO:0046546","0.2992114726999509","0.5240217582849923","153","514","7","21026",
"GO:BP","cellular response to oxidative stress","GO:0034599","0.3008644896742662","0.52162906798803","247","514","10","21026",
"GO:BP","regulation of amino acid transport","GO:0051955","0.3008644896742662","0.52162906798803","42","514","3","21026",
"GO:BP","intrinsic apoptotic signaling pathway","GO:0097193","0.3008644896742662","0.52162906798803","312","514","12","21026",
"GO:BP","excitatory synapse assembly","GO:1904861","0.3008644896742662","0.52162906798803","42","514","3","21026",
"GO:BP","tRNA modification","GO:0006400","0.30305124195981015","0.5184839318315423","95","514","5","21026",
"GO:BP","regulation of ubiquitin protein ligase activity","GO:1904666","0.3043970206907104","0.516559602571361","20","514","2","21026",
"GO:BP","hair cycle","GO:0042633","0.3043970206907104","0.516559602571361","124","514","6","21026",
"GO:BP","cartilage condensation","GO:0001502","0.3043970206907104","0.516559602571361","20","514","2","21026",
"GO:BP","myeloid dendritic cell differentiation","GO:0043011","0.3043970206907104","0.516559602571361","20","514","2","21026",
"GO:BP","vitamin transmembrane transport","GO:0035461","0.3043970206907104","0.516559602571361","20","514","2","21026",
"GO:BP","MyD88-dependent toll-like receptor signaling pathway","GO:0002755","0.3043970206907104","0.516559602571361","20","514","2","21026",
"GO:BP","positive regulation of neuron migration","GO:2001224","0.3043970206907104","0.516559602571361","20","514","2","21026",
"GO:BP","positive regulation of chondrocyte differentiation","GO:0032332","0.3043970206907104","0.516559602571361","20","514","2","21026",
"GO:BP","regulation of viral transcription","GO:0046782","0.3043970206907104","0.516559602571361","20","514","2","21026",
"GO:BP","positive regulation of leukocyte mediated immunity","GO:0002705","0.3043970206907104","0.516559602571361","154","514","7","21026",
"GO:BP","potassium ion export across plasma membrane","GO:0097623","0.3043970206907104","0.516559602571361","20","514","2","21026",
"GO:BP","cell migration involved in heart development","GO:0060973","0.3043970206907104","0.516559602571361","20","514","2","21026",
"GO:BP","regulation of chromatin organization","GO:1902275","0.3043970206907104","0.516559602571361","20","514","2","21026",
"GO:BP","regulation of meiotic cell cycle","GO:0051445","0.3043970206907104","0.516559602571361","68","514","4","21026",
"GO:BP","branch elongation of an epithelium","GO:0060602","0.3043970206907104","0.516559602571361","20","514","2","21026",
"GO:BP","intracellular transport","GO:0046907","0.3043970206907104","0.516559602571361","1381","514","42","21026",
"GO:BP","DNA repair","GO:0006281","0.3043970206907104","0.516559602571361","621","514","21","21026",
"GO:BP","cellular response to interleukin-7","GO:0098761","0.3043970206907104","0.516559602571361","20","514","2","21026",
"GO:BP","molting cycle","GO:0042303","0.3043970206907104","0.516559602571361","124","514","6","21026",
"GO:BP","regulation of protein neddylation","GO:2000434","0.3043970206907104","0.516559602571361","20","514","2","21026",
"GO:BP","insulin secretion involved in cellular response to glucose stimulus","GO:0035773","0.30500694915211085","0.5156902657547381","70","514","4","21026",
"GO:BP","DNA endoreduplication","GO:0042023","0.30500694915211085","0.5156902657547381","4","514","1","21026",
"GO:BP","negative regulation of aldosterone biosynthetic process","GO:0032348","0.30500694915211085","0.5156902657547381","4","514","1","21026",
"GO:BP","lysosomal lumen pH elevation","GO:0035752","0.30500694915211085","0.5156902657547381","4","514","1","21026",
"GO:BP","regulation of negative chemotaxis","GO:0050923","0.30500694915211085","0.5156902657547381","4","514","1","21026",
"GO:BP","positive regulation of protein oligomerization","GO:0032461","0.30500694915211085","0.5156902657547381","4","514","1","21026",
"GO:BP","positive regulation of phospholipase A2 activity","GO:0032430","0.30500694915211085","0.5156902657547381","4","514","1","21026",
"GO:BP","circadian sleep/wake cycle, wakefulness","GO:0042746","0.30500694915211085","0.5156902657547381","4","514","1","21026",
"GO:BP","limb morphogenesis","GO:0035108","0.30500694915211085","0.5156902657547381","155","514","7","21026",
"GO:BP","negative regulation of mammary gland epithelial cell proliferation","GO:0033600","0.30500694915211085","0.5156902657547381","4","514","1","21026",
"GO:BP","positive regulation of receptor signaling pathway via JAK-STAT","GO:0046427","0.30500694915211085","0.5156902657547381","43","514","3","21026",
"GO:BP","peripheral nervous system neuron axonogenesis","GO:0048936","0.30500694915211085","0.5156902657547381","4","514","1","21026",
"GO:BP","establishment of meiotic sister chromatid cohesion","GO:0034089","0.30500694915211085","0.5156902657547381","4","514","1","21026",
"GO:BP","alkanesulfonate biosynthetic process","GO:0046305","0.30500694915211085","0.5156902657547381","4","514","1","21026",
"GO:BP","response to progesterone","GO:0032570","0.30500694915211085","0.5156902657547381","44","514","3","21026",
"GO:BP","establishment of mitotic spindle localization","GO:0040001","0.30500694915211085","0.5156902657547381","43","514","3","21026",
"GO:BP","positive regulation of luteinizing hormone secretion","GO:0033686","0.30500694915211085","0.5156902657547381","4","514","1","21026",
"GO:BP","positive regulation of osteoblast differentiation","GO:0045669","0.30500694915211085","0.5156902657547381","70","514","4","21026",
"GO:BP","appendage morphogenesis","GO:0035107","0.30500694915211085","0.5156902657547381","155","514","7","21026",
"GO:BP","male genitalia morphogenesis","GO:0048808","0.30500694915211085","0.5156902657547381","4","514","1","21026",
"GO:BP","positive regulation of signaling","GO:0023056","0.30500694915211085","0.5156902657547381","1796","514","53","21026",
"GO:BP","multicellular organismal response to stress","GO:0033555","0.30500694915211085","0.5156902657547381","98","514","5","21026",
"GO:BP","leukemia inhibitory factor signaling pathway","GO:0048861","0.30500694915211085","0.5156902657547381","4","514","1","21026",
"GO:BP","formation of radial glial scaffolds","GO:0021943","0.30500694915211085","0.5156902657547381","4","514","1","21026",
"GO:BP","negative regulation of nucleotide biosynthetic process","GO:0030809","0.30500694915211085","0.5156902657547381","4","514","1","21026",
"GO:BP","positive regulation of lipoprotein metabolic process","GO:0050747","0.30500694915211085","0.5156902657547381","4","514","1","21026",
"GO:BP","microtubule polymerization","GO:0046785","0.30500694915211085","0.5156902657547381","98","514","5","21026",
"GO:BP","protein localization to chromosome","GO:0034502","0.30500694915211085","0.5156902657547381","126","514","6","21026",
"GO:BP","negative regulation of phagocytosis","GO:0050765","0.30500694915211085","0.5156902657547381","21","514","2","21026",
"GO:BP","regulation of collateral sprouting","GO:0048670","0.30500694915211085","0.5156902657547381","21","514","2","21026",
"GO:BP","oncostatin-M-mediated signaling pathway","GO:0038165","0.30500694915211085","0.5156902657547381","4","514","1","21026",
"GO:BP","negative regulation of aldosterone metabolic process","GO:0032345","0.30500694915211085","0.5156902657547381","4","514","1","21026",
"GO:BP","serotonin biosynthetic process","GO:0042427","0.30500694915211085","0.5156902657547381","4","514","1","21026",
"GO:BP","eye photoreceptor cell development","GO:0042462","0.30500694915211085","0.5156902657547381","43","514","3","21026",
"GO:BP","positive regulation of bone mineralization","GO:0030501","0.30500694915211085","0.5156902657547381","44","514","3","21026",
"GO:BP","detection of bacterial lipoprotein","GO:0042494","0.30500694915211085","0.5156902657547381","4","514","1","21026",
"GO:BP","glycerolipid biosynthetic process","GO:0045017","0.30500694915211085","0.5156902657547381","250","514","10","21026",
"GO:BP","innate immune response","GO:0045087","0.30500694915211085","0.5156902657547381","984","514","31","21026",
"GO:BP","negative regulation of appetite by leptin-mediated signaling pathway","GO:0038108","0.30500694915211085","0.5156902657547381","4","514","1","21026",
"GO:BP","detection of mechanical stimulus involved in sensory perception of touch","GO:0050976","0.30500694915211085","0.5156902657547381","4","514","1","21026",
"GO:BP","myelination","GO:0042552","0.30500694915211085","0.5156902657547381","157","514","7","21026",
"GO:BP","toll-like receptor TLR6:TLR2 signaling pathway","GO:0038124","0.30500694915211085","0.5156902657547381","4","514","1","21026",
"GO:BP","myosin filament assembly","GO:0031034","0.30500694915211085","0.5156902657547381","4","514","1","21026",
"GO:BP","taurine biosynthetic process","GO:0042412","0.30500694915211085","0.5156902657547381","4","514","1","21026",
"GO:BP","plasma membrane lactate transport","GO:0035879","0.30500694915211085","0.5156902657547381","4","514","1","21026",
"GO:BP","proteasomal ubiquitin-independent protein catabolic process","GO:0010499","0.30500694915211085","0.5156902657547381","4","514","1","21026",
"GO:BP","postsynaptic cytoskeleton organization","GO:0099188","0.30500694915211085","0.5156902657547381","21","514","2","21026",
"GO:BP","oligosaccharide transport","GO:0015772","0.30500694915211085","0.5156902657547381","4","514","1","21026",
"GO:BP","N-acetylglucosamine catabolic process","GO:0006046","0.30500694915211085","0.5156902657547381","4","514","1","21026",
"GO:BP","pre-B cell allelic exclusion","GO:0002331","0.30500694915211085","0.5156902657547381","4","514","1","21026",
"GO:BP","white fat cell proliferation","GO:0070343","0.30500694915211085","0.5156902657547381","4","514","1","21026",
"GO:BP","vestibular reflex","GO:0060005","0.30500694915211085","0.5156902657547381","4","514","1","21026",
"GO:BP","nucleotide-sugar metabolic process","GO:0009225","0.30500694915211085","0.5156902657547381","44","514","3","21026",
"GO:BP","negative regulation of reactive oxygen species metabolic process","GO:2000378","0.30500694915211085","0.5156902657547381","43","514","3","21026",
"GO:BP","synaptic vesicle cycle","GO:0099504","0.30500694915211085","0.5156902657547381","221","514","9","21026",
"GO:BP","allantois development","GO:1905069","0.30500694915211085","0.5156902657547381","4","514","1","21026",
"GO:BP","intracellular chemical homeostasis","GO:0055082","0.30500694915211085","0.5156902657547381","730","514","24","21026",
"GO:BP","regulation of leukocyte adhesion to arterial endothelial cell","GO:1904997","0.30500694915211085","0.5156902657547381","4","514","1","21026",
"GO:BP","positive regulation of reactive oxygen species metabolic process","GO:2000379","0.30500694915211085","0.5156902657547381","70","514","4","21026",
"GO:BP","long-chain fatty acid import into peroxisome","GO:0015910","0.30500694915211085","0.5156902657547381","4","514","1","21026",
"GO:BP","Harderian gland development","GO:0070384","0.30500694915211085","0.5156902657547381","4","514","1","21026",
"GO:BP","dendritic spine maintenance","GO:0097062","0.30500694915211085","0.5156902657547381","21","514","2","21026",
"GO:BP","chromosomal 5-methylcytosine DNA demethylation pathway","GO:0141166","0.30500694915211085","0.5156902657547381","4","514","1","21026",
"GO:BP","regulation of lymphocyte migration","GO:2000401","0.30500694915211085","0.5156902657547381","70","514","4","21026",
"GO:BP","DNA replication","GO:0006260","0.30500694915211085","0.5156902657547381","283","514","11","21026",
"GO:BP","mRNA alternative polyadenylation","GO:0110104","0.30500694915211085","0.5156902657547381","4","514","1","21026",
"GO:BP","melanin biosynthetic process from tyrosine","GO:0006583","0.30500694915211085","0.5156902657547381","4","514","1","21026",
"GO:BP","prostate gland morphogenetic growth","GO:0060737","0.30500694915211085","0.5156902657547381","4","514","1","21026",
"GO:BP","behavioral fear response","GO:0001662","0.30500694915211085","0.5156902657547381","44","514","3","21026",
"GO:BP","male anatomical structure morphogenesis","GO:0090598","0.30500694915211085","0.5156902657547381","4","514","1","21026",
"GO:BP","negative regulation of extracellular matrix constituent secretion","GO:0003332","0.30500694915211085","0.5156902657547381","4","514","1","21026",
"GO:BP","synaptic vesicle targeting","GO:0016080","0.30500694915211085","0.5156902657547381","4","514","1","21026",
"GO:BP","lipid biosynthetic process","GO:0008610","0.30500694915211085","0.5156902657547381","729","514","24","21026",
"GO:BP","cellular response to 2,3,7,8-tetrachlorodibenzodioxine","GO:1904613","0.30500694915211085","0.5156902657547381","4","514","1","21026",
"GO:BP","response to arachidonate","GO:1904550","0.30500694915211085","0.5156902657547381","4","514","1","21026",
"GO:BP","sucrose transport","GO:0015770","0.30500694915211085","0.5156902657547381","4","514","1","21026",
"GO:BP","disaccharide transport","GO:0015766","0.30500694915211085","0.5156902657547381","4","514","1","21026",
"GO:BP","positive regulation of glutamate receptor signaling pathway","GO:1900451","0.30500694915211085","0.5156902657547381","4","514","1","21026",
"GO:BP","glucosylceramide catabolic process","GO:0006680","0.30500694915211085","0.5156902657547381","4","514","1","21026",
"GO:BP","regulation of collagen catabolic process","GO:0010710","0.30500694915211085","0.5156902657547381","4","514","1","21026",
"GO:BP","response to interleukin-7","GO:0098760","0.30500694915211085","0.5156902657547381","21","514","2","21026",
"GO:BP","dichotomous subdivision of terminal units involved in salivary gland branching","GO:0060666","0.30500694915211085","0.5156902657547381","4","514","1","21026",
"GO:BP","xenobiotic metabolic process","GO:0006805","0.30500694915211085","0.5156902657547381","125","514","6","21026",
"GO:BP","positive regulation of D-glucose transmembrane transport","GO:0010828","0.30500694915211085","0.5156902657547381","44","514","3","21026",
"GO:BP","regulation of DNA stability","GO:0097752","0.30500694915211085","0.5156902657547381","4","514","1","21026",
"GO:BP","regulation of circadian sleep/wake cycle, wakefulness","GO:0010840","0.30500694915211085","0.5156902657547381","4","514","1","21026",
"GO:BP","vasculogenesis involved in coronary vascular morphogenesis","GO:0060979","0.30500694915211085","0.5156902657547381","4","514","1","21026",
"GO:BP","negative regulation of cortisol biosynthetic process","GO:2000065","0.30500694915211085","0.5156902657547381","4","514","1","21026",
"GO:BP","positive regulation of dendritic spine development","GO:0060999","0.30500694915211085","0.5156902657547381","43","514","3","21026",
"GO:BP","positive regulation of L-glutamate import across plasma membrane","GO:0002038","0.30500694915211085","0.5156902657547381","4","514","1","21026",
"GO:BP","calcium-independent cell-matrix adhesion","GO:0007161","0.30500694915211085","0.5156902657547381","4","514","1","21026",
"GO:BP","pancreas morphogenesis","GO:0061113","0.30500694915211085","0.5156902657547381","4","514","1","21026",
"GO:BP","morphogenesis of a branching epithelium","GO:0061138","0.30500694915211085","0.5156902657547381","189","514","8","21026",
"GO:BP","regulation of glutamate uptake involved in transmission of nerve impulse","GO:0051946","0.30500694915211085","0.5156902657547381","4","514","1","21026",
"GO:BP","negative regulation of gonad development","GO:1905940","0.30500694915211085","0.5156902657547381","4","514","1","21026",
"GO:BP","cellular process","GO:0009987","0.30500694915211085","0.5156902657547381","20247","514","501","21026",
"GO:BP","proximal/distal axis specification","GO:0009946","0.30500694915211085","0.5156902657547381","4","514","1","21026",
"GO:BP","aorta smooth muscle tissue morphogenesis","GO:0060414","0.30500694915211085","0.5156902657547381","4","514","1","21026",
"GO:BP","microglia development","GO:0014005","0.30500694915211085","0.5156902657547381","4","514","1","21026",
"GO:BP","cell activation","GO:0001775","0.30500694915211085","0.5156902657547381","1132","514","35","21026",
"GO:BP","positive regulation of mesenchymal stem cell migration","GO:1905322","0.30500694915211085","0.5156902657547381","4","514","1","21026",
"GO:BP","vein smooth muscle contraction","GO:0014826","0.30500694915211085","0.5156902657547381","4","514","1","21026",
"GO:BP","regulation of mesenchymal stem cell migration","GO:1905320","0.30500694915211085","0.5156902657547381","4","514","1","21026",
"GO:BP","mesenchymal stem cell migration","GO:1905319","0.30500694915211085","0.5156902657547381","4","514","1","21026",
"GO:BP","response to muscle activity involved in regulation of muscle adaptation","GO:0014873","0.30500694915211085","0.5156902657547381","4","514","1","21026",
"GO:BP","endocardium formation","GO:0060214","0.30500694915211085","0.5156902657547381","4","514","1","21026",
"GO:BP","mitochondrial translational elongation","GO:0070125","0.30500694915211085","0.5156902657547381","4","514","1","21026",
"GO:BP","regulation of CAMKK-AMPK signaling cascade","GO:1905289","0.30500694915211085","0.5156902657547381","4","514","1","21026",
"GO:BP","striated muscle contraction","GO:0006941","0.30500694915211085","0.5156902657547381","189","514","8","21026",
"GO:BP","Langerhans cell differentiation","GO:0061520","0.30500694915211085","0.5156902657547381","4","514","1","21026",
"GO:BP","regulation of amino acid uptake involved in synaptic transmission","GO:0051941","0.30500694915211085","0.5156902657547381","4","514","1","21026",
"GO:BP","immune response in gut-associated lymphoid tissue","GO:0002387","0.30500694915211085","0.5156902657547381","4","514","1","21026",
"GO:BP","mRNA export from nucleus","GO:0006406","0.30500694915211085","0.5156902657547381","70","514","4","21026",
"GO:BP","ovarian cumulus expansion","GO:0001550","0.30500694915211085","0.5156902657547381","4","514","1","21026",
"GO:BP","negative regulation of mitochondrial calcium ion concentration","GO:0051562","0.30500694915211085","0.5156902657547381","4","514","1","21026",
"GO:BP","transcription initiation at mitochondrial promoter","GO:0006391","0.30500694915211085","0.5156902657547381","4","514","1","21026",
"GO:BP","relaxation of skeletal muscle","GO:0090076","0.30500694915211085","0.5156902657547381","4","514","1","21026",
"GO:BP","striatal medium spiny neuron differentiation","GO:0021773","0.30500694915211085","0.5156902657547381","4","514","1","21026",
"GO:BP","negative regulation of primary miRNA processing","GO:2000635","0.30500694915211085","0.5156902657547381","4","514","1","21026",
"GO:BP","regulation of apoptotic process in bone marrow cell","GO:0071865","0.30500694915211085","0.5156902657547381","4","514","1","21026",
"GO:BP","glycolipid catabolic process","GO:0019377","0.30500694915211085","0.5156902657547381","21","514","2","21026",
"GO:BP","type B pancreatic cell maturation","GO:0072560","0.30500694915211085","0.5156902657547381","4","514","1","21026",
"GO:BP","Notch signaling pathway","GO:0007219","0.30500694915211085","0.5156902657547381","186","514","8","21026",
"GO:BP","negative regulation of apoptotic process in bone marrow cell","GO:0071866","0.30500694915211085","0.5156902657547381","4","514","1","21026",
"GO:BP","regulation of early endosome to recycling endosome transport","GO:1902954","0.30500694915211085","0.5156902657547381","4","514","1","21026",
"GO:BP","negative regulation of glucocorticoid secretion","GO:2000850","0.30500694915211085","0.5156902657547381","4","514","1","21026",
"GO:BP","regulation of tRNA metabolic process","GO:1903326","0.30500694915211085","0.5156902657547381","4","514","1","21026",
"GO:BP","spindle assembly involved in female meiosis I","GO:0007057","0.30500694915211085","0.5156902657547381","4","514","1","21026",
"GO:BP","cell proliferation involved in kidney development","GO:0072111","0.30500694915211085","0.5156902657547381","21","514","2","21026",
"GO:BP","positive regulation of protein lipidation","GO:1903061","0.30500694915211085","0.5156902657547381","4","514","1","21026",
"GO:BP","RNA import into nucleus","GO:0006404","0.30500694915211085","0.5156902657547381","4","514","1","21026",
"GO:BP","negative regulation of corticosteroid hormone secretion","GO:2000847","0.30500694915211085","0.5156902657547381","4","514","1","21026",
"GO:BP","RNA catabolic process","GO:0006401","0.30500694915211085","0.5156902657547381","315","514","12","21026",
"GO:BP","mesonephric duct morphogenesis","GO:0072180","0.30500694915211085","0.5156902657547381","4","514","1","21026",
"GO:BP","regulation of hydrolase activity","GO:0051336","0.30500694915211085","0.5156902657547381","352","514","13","21026",
"GO:BP","negative regulation of steroid hormone secretion","GO:2000832","0.30500694915211085","0.5156902657547381","4","514","1","21026",
"GO:BP","histamine uptake","GO:0051615","0.30500694915211085","0.5156902657547381","4","514","1","21026",
"GO:BP","cytoplasm protein quality control","GO:0140455","0.30500694915211085","0.5156902657547381","4","514","1","21026",
"GO:BP","cellular response to diacyl bacterial lipopeptide","GO:0071726","0.30500694915211085","0.5156902657547381","4","514","1","21026",
"GO:BP","late viral transcription","GO:0019086","0.30500694915211085","0.5156902657547381","4","514","1","21026",
"GO:BP","asymmetric cell division","GO:0008356","0.30500694915211085","0.5156902657547381","21","514","2","21026",
"GO:BP","presynaptic active zone assembly","GO:1904071","0.30500694915211085","0.5156902657547381","4","514","1","21026",
"GO:BP","secondary alcohol metabolic process","GO:1902652","0.30500694915211085","0.5156902657547381","156","514","7","21026",
"GO:BP","eye development","GO:0001654","0.30500694915211085","0.5156902657547381","415","514","15","21026",
"GO:BP","mRNA modification","GO:0016556","0.30500694915211085","0.5156902657547381","21","514","2","21026",
"GO:BP","regulation of monoatomic cation transmembrane transport","GO:1904062","0.30500694915211085","0.5156902657547381","284","514","11","21026",
"GO:BP","positive regulation of synapse structural plasticity","GO:0051835","0.30500694915211085","0.5156902657547381","4","514","1","21026",
"GO:BP","meiotic sister chromatid cohesion, centromeric","GO:0051754","0.30500694915211085","0.5156902657547381","4","514","1","21026",
"GO:BP","regulation of cellular response to stress","GO:0080135","0.30500694915211085","0.5156902657547381","519","514","18","21026",
"GO:BP","negative regulation of purine nucleotide biosynthetic process","GO:1900372","0.30500694915211085","0.5156902657547381","4","514","1","21026",
"GO:BP","regulation of response to drug","GO:2001023","0.30500694915211085","0.5156902657547381","4","514","1","21026",
"GO:BP","membrane depolarization during cardiac muscle cell action potential","GO:0086012","0.30500694915211085","0.5156902657547381","21","514","2","21026",
"GO:BP","positive regulation of response to oxidative stress","GO:1902884","0.30500694915211085","0.5156902657547381","4","514","1","21026",
"GO:BP","negative regulation of chondrocyte proliferation","GO:1902731","0.30500694915211085","0.5156902657547381","4","514","1","21026",
"GO:BP","ubiquitin-dependent protein catabolic process via the N-end rule pathway","GO:0071596","0.30500694915211085","0.5156902657547381","4","514","1","21026",
"GO:BP","regulation of G protein-coupled receptor signaling pathway","GO:0008277","0.30500694915211085","0.5156902657547381","155","514","7","21026",
"GO:BP","endothelial cell-cell adhesion","GO:0071603","0.30500694915211085","0.5156902657547381","4","514","1","21026",
"GO:BP","positive regulation of respiratory gaseous exchange","GO:1903942","0.30500694915211085","0.5156902657547381","4","514","1","21026",
"GO:BP","regulation of ATF6-mediated unfolded protein response","GO:1903891","0.30500694915211085","0.5156902657547381","4","514","1","21026",
"GO:BP","negative regulation of monoatomic anion transport","GO:1903792","0.30500694915211085","0.5156902657547381","4","514","1","21026",
"GO:BP","glutamate biosynthetic process","GO:0006537","0.30500694915211085","0.5156902657547381","4","514","1","21026",
"GO:BP","response to diacyl bacterial lipopeptide","GO:0071724","0.30500694915211085","0.5156902657547381","4","514","1","21026",
"GO:BP","kinetochore organization","GO:0051383","0.30500694915211085","0.5156902657547381","21","514","2","21026",
"GO:BP","regulation of protein-containing complex assembly","GO:0043254","0.3062217680442301","0.5139639403344618","421","514","15","21026",
"GO:BP","hair follicle development","GO:0001942","0.30818125965418874","0.5111937740414437","99","514","5","21026",
"GO:BP","ensheathment of neurons","GO:0007272","0.30818125965418874","0.5111937740414437","159","514","7","21026",
"GO:BP","negative regulation of protein secretion","GO:0050709","0.30818125965418874","0.5111937740414437","71","514","4","21026",
"GO:BP","axis specification","GO:0009798","0.30818125965418874","0.5111937740414437","99","514","5","21026",
"GO:BP","lipid localization","GO:0010876","0.30818125965418874","0.5111937740414437","456","514","16","21026",
"GO:BP","axon ensheathment","GO:0008366","0.30818125965418874","0.5111937740414437","159","514","7","21026",
"GO:BP","positive regulation of gliogenesis","GO:0014015","0.30818125965418874","0.5111937740414437","71","514","4","21026",
"GO:BP","positive regulation of nucleobase-containing compound metabolic process","GO:0045935","0.30818125965418874","0.5111937740414437","2036","514","59","21026",
"GO:BP","response to mechanical stimulus","GO:0009612","0.30818125965418874","0.5111937740414437","222","514","9","21026",
"GO:BP","positive chemotaxis","GO:0050918","0.30818125965418874","0.5111937740414437","71","514","4","21026",
"GO:BP","regulation of dendritic spine morphogenesis","GO:0061001","0.31058734826558154","0.5078162391752432","45","514","3","21026",
"GO:BP","regulation of fatty acid biosynthetic process","GO:0042304","0.31058734826558154","0.5078162391752432","45","514","3","21026",
"GO:BP","regulation of cellular senescence","GO:2000772","0.31058734826558154","0.5078162391752432","45","514","3","21026",
"GO:BP","phosphatidylinositol biosynthetic process","GO:0006661","0.31058734826558154","0.5078162391752432","129","514","6","21026",
"GO:BP","response to tumor cell","GO:0002347","0.31058734826558154","0.5078162391752432","45","514","3","21026",
"GO:BP","positive regulation of DNA-templated transcription","GO:0045893","0.31058734826558154","0.5078162391752432","1697","514","50","21026",
"GO:BP","behavioral defense response","GO:0002209","0.31058734826558154","0.5078162391752432","45","514","3","21026",
"GO:BP","cerebellum morphogenesis","GO:0021587","0.31058734826558154","0.5078162391752432","45","514","3","21026",
"GO:BP","regulation of systemic arterial blood pressure mediated by a chemical signal","GO:0003044","0.31058734826558154","0.5078162391752432","45","514","3","21026",
"GO:BP","regulation of mitotic cell cycle","GO:0007346","0.31165497949919396","0.5063259297322067","492","514","17","21026",
"GO:BP","positive regulation of RNA biosynthetic process","GO:1902680","0.3135422633525749","0.5037039109617889","1699","514","50","21026",
"GO:BP","neural tube development","GO:0021915","0.3136621905848459","0.5035378287998623","160","514","7","21026",
"GO:BP","kidney morphogenesis","GO:0060993","0.31424147663132024","0.5027364931238997","100","514","5","21026",
"GO:BP","proteoglycan metabolic process","GO:0006029","0.31424147663132024","0.5027364931238997","100","514","5","21026",
"GO:BP","endosome to lysosome transport","GO:0008333","0.315014151908587","0.5016699352334154","72","514","4","21026",
"GO:BP","cell surface pattern recognition receptor signaling pathway","GO:0002752","0.315014151908587","0.5016699352334154","72","514","4","21026",
"GO:BP","melanosome transport","GO:0032402","0.315014151908587","0.5016699352334154","22","514","2","21026",
"GO:BP","secretory granule localization","GO:0032252","0.315014151908587","0.5016699352334154","22","514","2","21026",
"GO:BP","positive regulation of stress-activated protein kinase signaling cascade","GO:0070304","0.315014151908587","0.5016699352334154","22","514","2","21026",
"GO:BP","sex determination","GO:0007530","0.315014151908587","0.5016699352334154","22","514","2","21026",
"GO:BP","regulation of cartilage development","GO:0061035","0.315014151908587","0.5016699352334154","72","514","4","21026",
"GO:BP","small molecule metabolic process","GO:0044281","0.315014151908587","0.5016699352334154","1776","514","52","21026",
"GO:BP","mannosylation","GO:0097502","0.315014151908587","0.5016699352334154","22","514","2","21026",
"GO:BP","lysosomal protein catabolic process","GO:1905146","0.315014151908587","0.5016699352334154","22","514","2","21026",
"GO:BP","labyrinthine layer morphogenesis","GO:0060713","0.315014151908587","0.5016699352334154","22","514","2","21026",
"GO:BP","regulation of proteasomal ubiquitin-dependent protein catabolic process","GO:0032434","0.315014151908587","0.5016699352334154","130","514","6","21026",
"GO:BP","regulation of synaptic vesicle endocytosis","GO:1900242","0.315014151908587","0.5016699352334154","22","514","2","21026",
"GO:BP","lymph vessel morphogenesis","GO:0036303","0.315014151908587","0.5016699352334154","22","514","2","21026",
"GO:BP","regulation of ryanodine-sensitive calcium-release channel activity","GO:0060314","0.315014151908587","0.5016699352334154","22","514","2","21026",
"GO:BP","phosphatidylinositol-3-phosphate biosynthetic process","GO:0036092","0.315014151908587","0.5016699352334154","22","514","2","21026",
"GO:BP","mRNA transport","GO:0051028","0.315014151908587","0.5016699352334154","130","514","6","21026",
"GO:BP","B cell receptor signaling pathway","GO:0050853","0.315014151908587","0.5016699352334154","72","514","4","21026",
"GO:BP","positive regulation of stress-activated MAPK cascade","GO:0032874","0.315014151908587","0.5016699352334154","22","514","2","21026",
"GO:BP","organ induction","GO:0001759","0.315014151908587","0.5016699352334154","22","514","2","21026",
"GO:BP","cellular senescence","GO:0090398","0.3198650641152109","0.49503319127109013","101","514","5","21026",
"GO:BP","dendritic spine development","GO:0060996","0.3198650641152109","0.49503319127109013","101","514","5","21026",
"GO:BP","regulation of biomineral tissue development","GO:0070167","0.3198650641152109","0.49503319127109013","101","514","5","21026",
"GO:BP","response to heat","GO:0009408","0.3198650641152109","0.49503319127109013","101","514","5","21026",
"GO:BP","regulation of protein localization to membrane","GO:1905475","0.3203141523211371","0.494423872640597","193","514","8","21026",
"GO:BP","myotube cell development","GO:0014904","0.3203141523211371","0.494423872640597","46","514","3","21026",
"GO:BP","regulation of natural killer cell mediated cytotoxicity","GO:0042269","0.3203141523211371","0.494423872640597","46","514","3","21026",
"GO:BP","regulation of extrinsic apoptotic signaling pathway via death domain receptors","GO:1902041","0.3203141523211371","0.494423872640597","46","514","3","21026",
"GO:BP","viral genome replication","GO:0019079","0.3211295825201632","0.49331968529774156","131","514","6","21026",
"GO:BP","response to other organism","GO:0051707","0.3211295825201632","0.49331968529774156","1592","514","47","21026",
"GO:BP","positive regulation of protein transport","GO:0051222","0.32160988750124303","0.4926706078675517","258","514","10","21026",
"GO:BP","ventricular septum development","GO:0003281","0.3236805770003985","0.4898833603893056","73","514","4","21026",
"GO:BP","proteoglycan biosynthetic process","GO:0030166","0.3236805770003985","0.4898833603893056","73","514","4","21026",
"GO:BP","regulation of cytokine production","GO:0001817","0.3248694058374255","0.4882911858590868","781","514","25","21026",
"GO:BP","limb development","GO:0060173","0.3256585784897968","0.48723747716528126","194","514","8","21026",
"GO:BP","appendage development","GO:0048736","0.3256585784897968","0.48723747716528126","194","514","8","21026",
"GO:BP","multicellular organismal reproductive process","GO:0048609","0.32677471580170075","0.4857515543813879","1000","514","31","21026",
"GO:BP","response to organophosphorus","GO:0046683","0.3281888411922664","0.4838761895565722","132","514","6","21026",
"GO:BP","protein deubiquitination","GO:0016579","0.3281888411922664","0.4838761895565722","132","514","6","21026",
"GO:BP","regulation of monoatomic ion transmembrane transporter activity","GO:0032412","0.329211863310135","0.4825245231642114","163","514","7","21026",
"GO:BP","peroxisomal membrane transport","GO:0015919","0.33120033725466297","0.47990922965356886","23","514","2","21026",
"GO:BP","extracellular matrix organization","GO:0030198","0.33120033725466297","0.47990922965356886","327","514","12","21026",
"GO:BP","reflex","GO:0060004","0.33120033725466297","0.47990922965356886","23","514","2","21026",
"GO:BP","sodium ion homeostasis","GO:0055078","0.33120033725466297","0.47990922965356886","47","514","3","21026",
"GO:BP","phosphatidylinositol-mediated signaling","GO:0048015","0.33120033725466297","0.47990922965356886","23","514","2","21026",
"GO:BP","peroxisome proliferator activated receptor signaling pathway","GO:0035357","0.33120033725466297","0.47990922965356886","23","514","2","21026",
"GO:BP","retinal ganglion cell axon guidance","GO:0031290","0.33120033725466297","0.47990922965356886","23","514","2","21026",
"GO:BP","late endosome to lysosome transport","GO:1902774","0.33120033725466297","0.47990922965356886","23","514","2","21026",
"GO:BP","export across plasma membrane","GO:0140115","0.33120033725466297","0.47990922965356886","74","514","4","21026",
"GO:BP","peroxisomal transport","GO:0043574","0.33120033725466297","0.47990922965356886","23","514","2","21026",
"GO:BP","calcium-independent cell-cell adhesion via plasma membrane cell-adhesion molecules","GO:0016338","0.33120033725466297","0.47990922965356886","23","514","2","21026",
"GO:BP","pigment granule transport","GO:0051904","0.33120033725466297","0.47990922965356886","23","514","2","21026",
"GO:BP","negative regulation of organic acid transport","GO:0032891","0.33120033725466297","0.47990922965356886","23","514","2","21026",
"GO:BP","phenol-containing compound biosynthetic process","GO:0046189","0.33120033725466297","0.47990922965356886","47","514","3","21026",
"GO:BP","regulation of nuclear-transcribed mRNA catabolic process, deadenylation-dependent decay","GO:1900151","0.33120033725466297","0.47990922965356886","23","514","2","21026",
"GO:BP","establishment of melanosome localization","GO:0032401","0.33120033725466297","0.47990922965356886","23","514","2","21026",
"GO:BP","flagellated sperm motility","GO:0030317","0.33120033725466297","0.47990922965356886","195","514","8","21026",
"GO:BP","sperm motility","GO:0097722","0.33120033725466297","0.47990922965356886","195","514","8","21026",
"GO:BP","regulation of insulin-like growth factor receptor signaling pathway","GO:0043567","0.33120033725466297","0.47990922965356886","23","514","2","21026",
"GO:BP","regulation of biosynthetic process","GO:0009889","0.33120033725466297","0.47990922965356886","5809","514","155","21026",
"GO:BP","ammonium ion metabolic process","GO:0097164","0.33120033725466297","0.47990922965356886","23","514","2","21026",
"GO:BP","establishment of spindle orientation","GO:0051294","0.33120033725466297","0.47990922965356886","47","514","3","21026",
"GO:BP","negative regulation of reproductive process","GO:2000242","0.33120033725466297","0.47990922965356886","74","514","4","21026",
"GO:BP","negative regulation of catabolic process","GO:0009895","0.33120033725466297","0.47990922965356886","361","514","13","21026",
"GO:BP","positive regulation of lymphocyte mediated immunity","GO:0002708","0.3320529391248941","0.4787926713050529","133","514","6","21026",
"GO:BP","regulation of microtubule cytoskeleton organization","GO:0070507","0.3320529391248941","0.4787926713050529","164","514","7","21026",
"GO:BP","primary alcohol metabolic process","GO:0034308","0.3320529391248941","0.4787926713050529","103","514","5","21026",
"GO:BP","mRNA catabolic process","GO:0006402","0.3327357804794235","0.47790049510580257","261","514","10","21026",
"GO:BP","regulation of macromolecule metabolic process","GO:0060255","0.3327357804794235","0.47790049510580257","6492","514","172","21026",
"GO:BP","regulation of forebrain neuron differentiation","GO:2000977","0.33287545664806434","0.47771822477501213","5","514","1","21026",
"GO:BP","myelin assembly","GO:0032288","0.33287545664806434","0.47771822477501213","24","514","2","21026",
"GO:BP","negative regulation of cAMP/PKA signal transduction","GO:0141162","0.33287545664806434","0.47771822477501213","5","514","1","21026",
"GO:BP","regulation of spindle organization","GO:0090224","0.33287545664806434","0.47771822477501213","48","514","3","21026",
"GO:BP","regulation of centromere complex assembly","GO:0090230","0.33287545664806434","0.47771822477501213","5","514","1","21026",
"GO:BP","mitochondrion organization","GO:0007005","0.33287545664806434","0.47771822477501213","435","514","15","21026",
"GO:BP","negative regulation of glucocorticoid metabolic process","GO:0031944","0.33287545664806434","0.47771822477501213","5","514","1","21026",
"GO:BP","positive regulation of RNA export from nucleus","GO:0046833","0.33287545664806434","0.47771822477501213","5","514","1","21026",
"GO:BP","Golgi reassembly","GO:0090168","0.33287545664806434","0.47771822477501213","5","514","1","21026",
"GO:BP","extracellular structure organization","GO:0043062","0.33287545664806434","0.47771822477501213","328","514","12","21026",
"GO:BP","regulation of kinase activity","GO:0043549","0.33287545664806434","0.47771822477501213","431","514","15","21026",
"GO:BP","positive regulation of protein deubiquitination","GO:1903003","0.33287545664806434","0.47771822477501213","5","514","1","21026",
"GO:BP","negative regulation of interleukin-6 production","GO:0032715","0.33287545664806434","0.47771822477501213","48","514","3","21026",
"GO:BP","positive regulation of DNA-binding transcription factor activity","GO:0051091","0.33287545664806434","0.47771822477501213","196","514","8","21026",
"GO:BP","regulation of protein localization to microtubule","GO:1902816","0.33287545664806434","0.47771822477501213","5","514","1","21026",
"GO:BP","cell surface receptor protein serine/threonine kinase signaling pathway","GO:0007178","0.33287545664806434","0.47771822477501213","364","514","13","21026",
"GO:BP","renal control of peripheral vascular resistance involved in regulation of systemic arterial blood pressure","GO:0003072","0.33287545664806434","0.47771822477501213","5","514","1","21026",
"GO:BP","regulation of kidney size","GO:0035564","0.33287545664806434","0.47771822477501213","5","514","1","21026",
"GO:BP","metanephric S-shaped body morphogenesis","GO:0072284","0.33287545664806434","0.47771822477501213","5","514","1","21026",
"GO:BP","positive regulation of neurotrophin TRK receptor signaling pathway","GO:0051388","0.33287545664806434","0.47771822477501213","5","514","1","21026",
"GO:BP","negative regulation of protein localization to microtubule","GO:1902817","0.33287545664806434","0.47771822477501213","5","514","1","21026",
"GO:BP","hindbrain morphogenesis","GO:0021575","0.33287545664806434","0.47771822477501213","48","514","3","21026",
"GO:BP","mitotic spindle assembly","GO:0090307","0.33287545664806434","0.47771822477501213","76","514","4","21026",
"GO:BP","negative regulation of glucocorticoid biosynthetic process","GO:0031947","0.33287545664806434","0.47771822477501213","5","514","1","21026",
"GO:BP","metanephric glomerular mesangium development","GO:0072223","0.33287545664806434","0.47771822477501213","5","514","1","21026",
"GO:BP","regulation of pre-miRNA processing","GO:2000631","0.33287545664806434","0.47771822477501213","5","514","1","21026",
"GO:BP","thorax and anterior abdomen determination","GO:0007356","0.33287545664806434","0.47771822477501213","5","514","1","21026",
"GO:BP","regulation of systemic arterial blood pressure by renin-angiotensin","GO:0003081","0.33287545664806434","0.47771822477501213","24","514","2","21026",
"GO:BP","phosphatidylcholine metabolic process","GO:0046470","0.33287545664806434","0.47771822477501213","76","514","4","21026",
"GO:BP","amygdala development","GO:0021764","0.33287545664806434","0.47771822477501213","5","514","1","21026",
"GO:BP","interkinetic nuclear migration","GO:0022027","0.33287545664806434","0.47771822477501213","5","514","1","21026",
"GO:BP","negative regulation of protein targeting to mitochondrion","GO:1903215","0.33287545664806434","0.47771822477501213","5","514","1","21026",
"GO:BP","regulation of cAMP/PKA signal transduction","GO:0141161","0.33287545664806434","0.47771822477501213","5","514","1","21026",
"GO:BP","T cell migration","GO:0072678","0.33287545664806434","0.47771822477501213","76","514","4","21026",
"GO:BP","protein to membrane docking","GO:0022615","0.33287545664806434","0.47771822477501213","5","514","1","21026",
"GO:BP","regulation of cortisol secretion","GO:0051462","0.33287545664806434","0.47771822477501213","5","514","1","21026",
"GO:BP","L-methionine salvage from methylthioadenosine","GO:0019509","0.33287545664806434","0.47771822477501213","5","514","1","21026",
"GO:BP","cellular extravasation","GO:0045123","0.33287545664806434","0.47771822477501213","76","514","4","21026",
"GO:BP","membrane lipid catabolic process","GO:0046466","0.33287545664806434","0.47771822477501213","48","514","3","21026",
"GO:BP","alditol biosynthetic process","GO:0019401","0.33287545664806434","0.47771822477501213","5","514","1","21026",
"GO:BP","negative regulation of T cell mediated immune response to tumor cell","GO:0002841","0.33287545664806434","0.47771822477501213","5","514","1","21026",
"GO:BP","adenylate cyclase-activating serotonin receptor signaling pathway","GO:0007192","0.33287545664806434","0.47771822477501213","5","514","1","21026",
"GO:BP","carnitine biosynthetic process","GO:0045329","0.33287545664806434","0.47771822477501213","5","514","1","21026",
"GO:BP","skeletal system development","GO:0001501","0.33287545664806434","0.47771822477501213","540","514","18","21026",
"GO:BP","positive regulation of insulin receptor signaling pathway","GO:0046628","0.33287545664806434","0.47771822477501213","24","514","2","21026",
"GO:BP","T-helper 17 cell lineage commitment","GO:0072540","0.33287545664806434","0.47771822477501213","24","514","2","21026",
"GO:BP","cortisol secretion","GO:0043400","0.33287545664806434","0.47771822477501213","5","514","1","21026",
"GO:BP","mitotic spindle organization","GO:0007052","0.33287545664806434","0.47771822477501213","134","514","6","21026",
"GO:BP","'de novo' protein folding","GO:0006458","0.33287545664806434","0.47771822477501213","48","514","3","21026",
"GO:BP","regulation of synaptic vesicle transport","GO:1902803","0.33287545664806434","0.47771822477501213","5","514","1","21026",
"GO:BP","external encapsulating structure organization","GO:0045229","0.33287545664806434","0.47771822477501213","329","514","12","21026",
"GO:BP","mitochondrial calcium ion homeostasis","GO:0051560","0.33287545664806434","0.47771822477501213","24","514","2","21026",
"GO:BP","apoptotic process in bone marrow cell","GO:0071839","0.33287545664806434","0.47771822477501213","5","514","1","21026",
"GO:BP","positive regulation of dendritic spine maintenance","GO:1902952","0.33287545664806434","0.47771822477501213","5","514","1","21026",
"GO:BP","positive regulation of cell cycle process","GO:0090068","0.33287545664806434","0.47771822477501213","262","514","10","21026",
"GO:BP","response to L-ascorbic acid","GO:0033591","0.33287545664806434","0.47771822477501213","5","514","1","21026",
"GO:BP","photoreceptor cell differentiation","GO:0046530","0.33287545664806434","0.47771822477501213","75","514","4","21026",
"GO:BP","axoneme assembly","GO:0035082","0.33287545664806434","0.47771822477501213","105","514","5","21026",
"GO:BP","histone mRNA metabolic process","GO:0008334","0.33287545664806434","0.47771822477501213","24","514","2","21026",
"GO:BP","regulation of anaphase-promoting complex-dependent catabolic process","GO:1905784","0.33287545664806434","0.47771822477501213","5","514","1","21026",
"GO:BP","retrograde trans-synaptic signaling by endocannabinoid","GO:0098921","0.33287545664806434","0.47771822477501213","5","514","1","21026",
"GO:BP","presynaptic actin cytoskeleton organization","GO:0099140","0.33287545664806434","0.47771822477501213","5","514","1","21026",
"GO:BP","leukotriene signaling pathway","GO:0061737","0.33287545664806434","0.47771822477501213","5","514","1","21026",
"GO:BP","lung growth","GO:0060437","0.33287545664806434","0.47771822477501213","5","514","1","21026",
"GO:BP","maintenance of presynaptic active zone structure","GO:0048790","0.33287545664806434","0.47771822477501213","5","514","1","21026",
"GO:BP","retrograde trans-synaptic signaling by lipid","GO:0098920","0.33287545664806434","0.47771822477501213","5","514","1","21026",
"GO:BP","negative regulation of translational elongation","GO:0045900","0.33287545664806434","0.47771822477501213","5","514","1","21026",
"GO:BP","negative regulation of cell proliferation involved in kidney development","GO:1901723","0.33287545664806434","0.47771822477501213","5","514","1","21026",
"GO:BP","positive regulation of blood-brain barrier permeability","GO:1905605","0.33287545664806434","0.47771822477501213","5","514","1","21026",
"GO:BP","cytokine production","GO:0001816","0.33287545664806434","0.47771822477501213","787","514","25","21026",
"GO:BP","regulation of asymmetric cell division","GO:0009786","0.33287545664806434","0.47771822477501213","5","514","1","21026",
"GO:BP","ERBB2-ERBB4 signaling pathway","GO:0038135","0.33287545664806434","0.47771822477501213","5","514","1","21026",
"GO:BP","smooth muscle contraction","GO:0006939","0.33287545664806434","0.47771822477501213","105","514","5","21026",
"GO:BP","leukocyte adhesion to arterial endothelial cell","GO:0061757","0.33287545664806434","0.47771822477501213","5","514","1","21026",
"GO:BP","microtubule bundle formation","GO:0001578","0.33287545664806434","0.47771822477501213","134","514","6","21026",
"GO:BP","mammary gland morphogenesis","GO:0060443","0.33287545664806434","0.47771822477501213","48","514","3","21026",
"GO:BP","regulation of proteasomal protein catabolic process","GO:0061136","0.33287545664806434","0.47771822477501213","197","514","8","21026",
"GO:BP","protein polyufmylation","GO:1990564","0.33287545664806434","0.47771822477501213","5","514","1","21026",
"GO:BP","cell aggregation","GO:0098743","0.33287545664806434","0.47771822477501213","24","514","2","21026",
"GO:BP","positive regulation of the force of heart contraction","GO:0098735","0.33287545664806434","0.47771822477501213","5","514","1","21026",
"GO:BP","artery development","GO:0060840","0.33287545664806434","0.47771822477501213","105","514","5","21026",
"GO:BP","response to odorant","GO:1990834","0.33287545664806434","0.47771822477501213","5","514","1","21026",
"GO:BP","maintenance of blood vessel diameter homeostasis by renin-angiotensin","GO:0002034","0.33287545664806434","0.47771822477501213","5","514","1","21026",
"GO:BP","regulation of neuronal action potential","GO:0098908","0.33287545664806434","0.47771822477501213","5","514","1","21026",
"GO:BP","glycerol biosynthetic process","GO:0006114","0.33287545664806434","0.47771822477501213","5","514","1","21026",
"GO:BP","negative regulation of inflammatory response","GO:0050728","0.33287545664806434","0.47771822477501213","165","514","7","21026",
"GO:BP","positive regulation of epithelial cell proliferation involved in lung morphogenesis","GO:0060501","0.33287545664806434","0.47771822477501213","5","514","1","21026",
"GO:BP","folate transmembrane transport","GO:0098838","0.33287545664806434","0.47771822477501213","5","514","1","21026",
"GO:BP","blood vessel endothelial cell proliferation involved in sprouting angiogenesis","GO:0002043","0.33287545664806434","0.47771822477501213","24","514","2","21026",
"GO:BP","negative regulation of triglyceride catabolic process","GO:0010897","0.33287545664806434","0.47771822477501213","5","514","1","21026",
"GO:BP","negative regulation of cell volume","GO:0045794","0.33287545664806434","0.47771822477501213","5","514","1","21026",
"GO:BP","positive regulation of ubiquitin-dependent protein catabolic process","GO:2000060","0.33287545664806434","0.47771822477501213","105","514","5","21026",
"GO:BP","skeletal muscle satellite cell maintenance involved in skeletal muscle regeneration","GO:0014834","0.33287545664806434","0.47771822477501213","5","514","1","21026",
"GO:BP","positive regulation of sarcomere organization","GO:0060298","0.33287545664806434","0.47771822477501213","5","514","1","21026",
"GO:BP","positive regulation of lysosomal protein catabolic process","GO:1905167","0.33287545664806434","0.47771822477501213","5","514","1","21026",
"GO:BP","regulation of excitatory synapse assembly","GO:1904889","0.33287545664806434","0.47771822477501213","24","514","2","21026",
"GO:BP","negative regulation of high voltage-gated calcium channel activity","GO:1901842","0.33287545664806434","0.47771822477501213","5","514","1","21026",
"GO:BP","positive regulation of protein neddylation","GO:2000436","0.33287545664806434","0.47771822477501213","5","514","1","21026",
"GO:BP","cellular response to dsRNA","GO:0071359","0.33287545664806434","0.47771822477501213","24","514","2","21026",
"GO:BP","dosage compensation by inactivation of X chromosome","GO:0009048","0.33287545664806434","0.47771822477501213","24","514","2","21026",
"GO:BP","cellular response to luteinizing hormone stimulus","GO:0071373","0.33287545664806434","0.47771822477501213","5","514","1","21026",
"GO:BP","ciliary neurotrophic factor-mediated signaling pathway","GO:0070120","0.33287545664806434","0.47771822477501213","5","514","1","21026",
"GO:BP","response to oxidative stress","GO:0006979","0.33287545664806434","0.47771822477501213","400","514","14","21026",
"GO:BP","Roundabout signaling pathway","GO:0035385","0.33287545664806434","0.47771822477501213","5","514","1","21026",
"GO:BP","axon midline choice point recognition","GO:0016199","0.33287545664806434","0.47771822477501213","5","514","1","21026",
"GO:BP","positive regulation of hepatic stellate cell activation","GO:2000491","0.33287545664806434","0.47771822477501213","5","514","1","21026",
"GO:BP","photoreceptor cell morphogenesis","GO:0008594","0.33287545664806434","0.47771822477501213","5","514","1","21026",
"GO:BP","establishment of pigment granule localization","GO:0051905","0.33287545664806434","0.47771822477501213","24","514","2","21026",
"GO:BP","protein autoubiquitination","GO:0051865","0.33287545664806434","0.47771822477501213","76","514","4","21026",
"GO:BP","protein K69-linked ufmylation","GO:1990592","0.33287545664806434","0.47771822477501213","5","514","1","21026",
"GO:BP","type III interferon production","GO:0034343","0.33287545664806434","0.47771822477501213","5","514","1","21026",
"GO:BP","immune system process","GO:0002376","0.33287545664806434","0.47771822477501213","2871","514","80","21026",
"GO:BP","ERK5 cascade","GO:0070375","0.33287545664806434","0.47771822477501213","5","514","1","21026",
"GO:BP","positive regulation of dopamine receptor signaling pathway","GO:0060161","0.33287545664806434","0.47771822477501213","5","514","1","21026",
"GO:BP","regulation of voltage-gated sodium channel activity","GO:1905150","0.33287545664806434","0.47771822477501213","5","514","1","21026",
"GO:BP","soft palate development","GO:0060023","0.33287545664806434","0.47771822477501213","5","514","1","21026",
"GO:BP","positive regulation of DNA topoisomerase (ATP-hydrolyzing) activity","GO:2000373","0.33287545664806434","0.47771822477501213","5","514","1","21026",
"GO:BP","Sertoli cell proliferation","GO:0060011","0.33287545664806434","0.47771822477501213","5","514","1","21026",
"GO:BP","regulation of cardiac muscle contraction","GO:0055117","0.33287545664806434","0.47771822477501213","75","514","4","21026",
"GO:BP","regulation of type III interferon production","GO:0034344","0.33287545664806434","0.47771822477501213","5","514","1","21026",
"GO:BP","digestive tract development","GO:0048565","0.33287545664806434","0.47771822477501213","135","514","6","21026",
"GO:BP","positive regulation of leukocyte adhesion to vascular endothelial cell","GO:1904996","0.33287545664806434","0.47771822477501213","24","514","2","21026",
"GO:BP","response to epidermal growth factor","GO:0070849","0.33287545664806434","0.47771822477501213","48","514","3","21026",
"GO:BP","regulation of axon diameter","GO:0031133","0.33287545664806434","0.47771822477501213","5","514","1","21026",
"GO:BP","cardiac muscle tissue growth","GO:0055017","0.33287545664806434","0.47771822477501213","75","514","4","21026",
"GO:BP","reversible differentiation","GO:0090677","0.33287545664806434","0.47771822477501213","5","514","1","21026",
"GO:BP","platelet aggregation","GO:0070527","0.33287545664806434","0.47771822477501213","76","514","4","21026",
"GO:BP","skin epidermis development","GO:0098773","0.33392209482323587","0.4763548437717985","136","514","6","21026",
"GO:BP","actin filament-based movement","GO:0030048","0.33392209482323587","0.4763548437717985","136","514","6","21026",
"GO:BP","mitotic spindle assembly checkpoint signaling","GO:0007094","0.33469780736557253","0.4753471327338028","49","514","3","21026",
"GO:BP","unsaturated fatty acid biosynthetic process","GO:0006636","0.33469780736557253","0.4753471327338028","49","514","3","21026",
"GO:BP","positive regulation of receptor signaling pathway via STAT","GO:1904894","0.33469780736557253","0.4753471327338028","49","514","3","21026",
"GO:BP","negative regulation of epithelial cell differentiation","GO:0030857","0.33469780736557253","0.4753471327338028","49","514","3","21026",
"GO:BP","semaphorin-plexin signaling pathway","GO:0071526","0.33469780736557253","0.4753471327338028","49","514","3","21026",
"GO:BP","digestive tract morphogenesis","GO:0048546","0.33469780736557253","0.4753471327338028","49","514","3","21026",
"GO:BP","spindle assembly checkpoint signaling","GO:0071173","0.33469780736557253","0.4753471327338028","49","514","3","21026",
"GO:BP","mitotic spindle checkpoint signaling","GO:0071174","0.33469780736557253","0.4753471327338028","49","514","3","21026",
"GO:BP","positive regulation of lipid localization","GO:1905954","0.33634465908470546","0.4732154642156279","106","514","5","21026",
"GO:BP","RNA localization","GO:0006403","0.33634465908470546","0.4732154642156279","200","514","8","21026",
"GO:BP","mesonephros development","GO:0001823","0.33634465908470546","0.4732154642156279","106","514","5","21026",
"GO:BP","regulation of microtubule-based process","GO:0032886","0.33723772233877036","0.472063852531028","266","514","10","21026",
"GO:BP","regulation of apoptotic process","GO:0042981","0.3383244830666374","0.4706665730781011","1462","514","43","21026",
"GO:BP","regulation of organic acid transport","GO:0032890","0.33837741496723406","0.4705986316922134","77","514","4","21026",
"GO:BP","motile cilium assembly","GO:0044458","0.33837741496723406","0.4705986316922134","77","514","4","21026",
"GO:BP","embryonic pattern specification","GO:0009880","0.33837741496723406","0.4705986316922134","77","514","4","21026",
"GO:BP","regulation of anatomical structure morphogenesis","GO:0022603","0.33837741496723406","0.4705986316922134","831","514","26","21026",
"GO:BP","outflow tract morphogenesis","GO:0003151","0.33837741496723406","0.4705986316922134","77","514","4","21026",
"GO:BP","glycoprotein biosynthetic process","GO:0009101","0.33841315079906764","0.47055276853935335","300","514","11","21026",
"GO:BP","positive regulation of immune response","GO:0050778","0.34366216458100635","0.4638682787972507","760","514","24","21026",
"GO:BP","nucleosome organization","GO:0034728","0.344959209699882","0.46223225579509036","138","514","6","21026",
"GO:BP","response to hypoxia","GO:0001666","0.344959209699882","0.46223225579509036","302","514","11","21026",
"GO:BP","mitochondrial depolarization","GO:0051882","0.344959209699882","0.46223225579509036","25","514","2","21026",
"GO:BP","glucosamine-containing compound metabolic process","GO:1901071","0.344959209699882","0.46223225579509036","25","514","2","21026",
"GO:BP","fear response","GO:0042596","0.344959209699882","0.46223225579509036","50","514","3","21026",
"GO:BP","coronary vasculature development","GO:0060976","0.344959209699882","0.46223225579509036","50","514","3","21026",
"GO:BP","cellular response to calcium ion","GO:0071277","0.344959209699882","0.46223225579509036","78","514","4","21026",
"GO:BP","positive regulation of transmembrane transport","GO:0034764","0.344959209699882","0.46223225579509036","202","514","8","21026",
"GO:BP","spindle checkpoint signaling","GO:0031577","0.344959209699882","0.46223225579509036","50","514","3","21026",
"GO:BP","mitotic recombination","GO:0006312","0.344959209699882","0.46223225579509036","25","514","2","21026",
"GO:BP","melanosome localization","GO:0032400","0.344959209699882","0.46223225579509036","25","514","2","21026",
"GO:BP","central nervous system myelination","GO:0022010","0.344959209699882","0.46223225579509036","25","514","2","21026",
"GO:BP","axon ensheathment in central nervous system","GO:0032291","0.344959209699882","0.46223225579509036","25","514","2","21026",
"GO:BP","renal system process involved in regulation of systemic arterial blood pressure","GO:0003071","0.344959209699882","0.46223225579509036","25","514","2","21026",
"GO:BP","membrane repolarization during cardiac muscle cell action potential","GO:0086013","0.344959209699882","0.46223225579509036","25","514","2","21026",
"GO:BP","Fc-epsilon receptor signaling pathway","GO:0038095","0.344959209699882","0.46223225579509036","25","514","2","21026",
"GO:BP","nuclear migration","GO:0007097","0.344959209699882","0.46223225579509036","25","514","2","21026",
"GO:BP","RNA stabilization","GO:0043489","0.344959209699882","0.46223225579509036","78","514","4","21026",
"GO:BP","cerebral cortex cell migration","GO:0021795","0.344959209699882","0.46223225579509036","50","514","3","21026",
"GO:BP","response to muscle stretch","GO:0035994","0.344959209699882","0.46223225579509036","25","514","2","21026",
"GO:BP","regulation of adaptive immune response based on somatic recombination of immune receptors built from immunoglobulin superfamily domains","GO:0002822","0.344959209699882","0.46223225579509036","202","514","8","21026",
"GO:BP","positive regulation of translation","GO:0045727","0.344959209699882","0.46223225579509036","138","514","6","21026",
"GO:BP","myoblast proliferation","GO:0051450","0.344959209699882","0.46223225579509036","25","514","2","21026",
"GO:BP","regulation of T cell migration","GO:2000404","0.344959209699882","0.46223225579509036","50","514","3","21026",
"GO:BP","response to exogenous dsRNA","GO:0043330","0.344959209699882","0.46223225579509036","50","514","3","21026",
"GO:BP","regulation of activin receptor signaling pathway","GO:0032925","0.344959209699882","0.46223225579509036","25","514","2","21026",
"GO:BP","regulation of GTPase activity","GO:0043087","0.344959209699882","0.46223225579509036","202","514","8","21026",
"GO:BP","cochlea morphogenesis","GO:0090103","0.344959209699882","0.46223225579509036","25","514","2","21026",
"GO:BP","positive regulation of steroid biosynthetic process","GO:0010893","0.344959209699882","0.46223225579509036","25","514","2","21026",
"GO:BP","apoptotic process","GO:0006915","0.3453233668984317","0.46177403337456685","1923","514","55","21026",
"GO:BP","regulation of ubiquitin-dependent protein catabolic process","GO:2000058","0.3453233668984317","0.46177403337456685","170","514","7","21026",
"GO:BP","glycoprotein metabolic process","GO:0009100","0.34666908658398116","0.4600848838254929","371","514","13","21026",
"GO:BP","excitatory postsynaptic potential","GO:0060079","0.34837641551721243","0.4579512536569947","108","514","5","21026",
"GO:BP","hematopoietic progenitor cell differentiation","GO:0002244","0.34990052365861785","0.45605540755459584","139","514","6","21026",
"GO:BP","regulation of proteolysis involved in protein catabolic process","GO:1903050","0.34990052365861785","0.45605540755459584","236","514","9","21026",
"GO:BP","organophosphate biosynthetic process","GO:0090407","0.35005851864763693","0.4558593493599946","619","514","20","21026",
"GO:BP","regulation of immune response","GO:0050776","0.35017701747382224","0.4557123605707635","947","514","29","21026",
"GO:BP","regulation of transmembrane transporter activity","GO:0022898","0.3516893049510197","0.4538408385962803","171","514","7","21026",
"GO:BP","regulation of potassium ion transmembrane transport","GO:1901379","0.35447061693642135","0.45041975887654934","79","514","4","21026",
"GO:BP","neuroinflammatory response","GO:0150076","0.35447061693642135","0.45041975887654934","79","514","4","21026",
"GO:BP","positive regulation of DNA biosynthetic process","GO:2000573","0.3545335213101663","0.4503426957932668","51","514","3","21026",
"GO:BP","glutamate receptor signaling pathway","GO:0007215","0.3545335213101663","0.4503426957932668","51","514","3","21026",
"GO:BP","nervous system process","GO:0050877","0.3545335213101663","0.4503426957932668","1510","514","44","21026",
"GO:BP","visual learning","GO:0008542","0.3545335213101663","0.4503426957932668","51","514","3","21026",
"GO:BP","negative regulation of peptide hormone secretion","GO:0090278","0.3545335213101663","0.4503426957932668","51","514","3","21026",
"GO:BP","prostate gland development","GO:0030850","0.3545335213101663","0.4503426957932668","51","514","3","21026",
"GO:BP","ephrin receptor signaling pathway","GO:0048013","0.3545335213101663","0.4503426957932668","51","514","3","21026",
"GO:BP","viral gene expression","GO:0019080","0.35537535889309557","0.44931268870786856","109","514","5","21026",
"GO:BP","interferon-mediated signaling pathway","GO:0140888","0.35537535889309557","0.44931268870786856","109","514","5","21026",
"GO:BP","regulation of JNK cascade","GO:0046328","0.35573806610752284","0.4488696602122886","140","514","6","21026",
"GO:BP","metanephric part of ureteric bud development","GO:0035502","0.35607163097044886","0.4484626261678679","6","514","1","21026",
"GO:BP","regulation of chloride transport","GO:2001225","0.35607163097044886","0.4484626261678679","6","514","1","21026",
"GO:BP","regulation of aldosterone secretion","GO:2000858","0.35607163097044886","0.4484626261678679","6","514","1","21026",
"GO:BP","regulation of mineralocorticoid secretion","GO:2000855","0.35607163097044886","0.4484626261678679","6","514","1","21026",
"GO:BP","spliceosomal conformational changes to generate catalytic conformation","GO:0000393","0.35607163097044886","0.4484626261678679","6","514","1","21026",
"GO:BP","regulation of grooming behavior","GO:2000821","0.35607163097044886","0.4484626261678679","6","514","1","21026",
"GO:BP","histamine metabolic process","GO:0001692","0.35607163097044886","0.4484626261678679","6","514","1","21026",
"GO:BP","tendon development","GO:0035989","0.35607163097044886","0.4484626261678679","6","514","1","21026",
"GO:BP","reactive gliosis","GO:0150103","0.35607163097044886","0.4484626261678679","6","514","1","21026",
"GO:BP","RNA methylation","GO:0001510","0.35607163097044886","0.4484626261678679","81","514","4","21026",
"GO:BP","regulation of primary miRNA processing","GO:2000634","0.35607163097044886","0.4484626261678679","6","514","1","21026",
"GO:BP","positive regulation of cellular response to insulin stimulus","GO:1900078","0.35607163097044886","0.4484626261678679","26","514","2","21026",
"GO:BP","positive regulation of miRNA catabolic process","GO:2000627","0.35607163097044886","0.4484626261678679","6","514","1","21026",
"GO:BP","phosphatidylinositol acyl-chain remodeling","GO:0036149","0.35607163097044886","0.4484626261678679","6","514","1","21026",
"GO:BP","regulation of mesoderm development","GO:2000380","0.35607163097044886","0.4484626261678679","6","514","1","21026",
"GO:BP","regulation of ovarian follicle development","GO:2000354","0.35607163097044886","0.4484626261678679","6","514","1","21026",
"GO:BP","regulation of systemic arterial blood pressure by endothelin","GO:0003100","0.35607163097044886","0.4484626261678679","6","514","1","21026",
"GO:BP","primary amino compound biosynthetic process","GO:1901162","0.35607163097044886","0.4484626261678679","6","514","1","21026",
"GO:BP","positive regulation of maintenance of mitotic sister chromatid cohesion","GO:0034184","0.35607163097044886","0.4484626261678679","6","514","1","21026",
"GO:BP","regulation of cellular response to macrophage colony-stimulating factor stimulus","GO:1903972","0.35607163097044886","0.4484626261678679","6","514","1","21026",
"GO:BP","regulation of response to macrophage colony-stimulating factor","GO:1903969","0.35607163097044886","0.4484626261678679","6","514","1","21026",
"GO:BP","positive regulation of maintenance of sister chromatid cohesion","GO:0034093","0.35607163097044886","0.4484626261678679","6","514","1","21026",
"GO:BP","regulation of natural killer cell mediated immunity","GO:0002715","0.35607163097044886","0.4484626261678679","52","514","3","21026",
"GO:BP","regulation of myeloid dendritic cell cytokine production","GO:0002733","0.35607163097044886","0.4484626261678679","6","514","1","21026",
"GO:BP","regulation of protein autoubiquitination","GO:1902498","0.35607163097044886","0.4484626261678679","6","514","1","21026",
"GO:BP","positive regulation of myeloid dendritic cell cytokine production","GO:0002735","0.35607163097044886","0.4484626261678679","6","514","1","21026",
"GO:BP","negative regulation of peptide secretion","GO:0002792","0.35607163097044886","0.4484626261678679","52","514","3","21026",
"GO:BP","integrin activation","GO:0033622","0.35607163097044886","0.4484626261678679","26","514","2","21026",
"GO:BP","positive regulation of natural killer cell mediated cytotoxicity directed against tumor cell target","GO:0002860","0.35607163097044886","0.4484626261678679","6","514","1","21026",
"GO:BP","regulation of protein modification by small protein conjugation or removal","GO:1903320","0.35607163097044886","0.4484626261678679","239","514","9","21026",
"GO:BP","endocardium morphogenesis","GO:0003160","0.35607163097044886","0.4484626261678679","6","514","1","21026",
"GO:BP","regulation of respiratory gaseous exchange","GO:0043576","0.35607163097044886","0.4484626261678679","26","514","2","21026",
"GO:BP","negative regulation of lens fiber cell differentiation","GO:1902747","0.35607163097044886","0.4484626261678679","6","514","1","21026",
"GO:BP","regulation of matrix metallopeptidase secretion","GO:1904464","0.35607163097044886","0.4484626261678679","6","514","1","21026",
"GO:BP","regulation of AMPA glutamate receptor clustering","GO:1904717","0.35607163097044886","0.4484626261678679","6","514","1","21026",
"GO:BP","positive regulation of protein localization to chromosome, telomeric region","GO:1904816","0.35607163097044886","0.4484626261678679","6","514","1","21026",
"GO:BP","interleukin-17A-mediated signaling pathway","GO:0038173","0.35607163097044886","0.4484626261678679","6","514","1","21026",
"GO:BP","regulation of branching morphogenesis of a nerve","GO:2000172","0.35607163097044886","0.4484626261678679","6","514","1","21026",
"GO:BP","negative regulation of double-strand break repair via homologous recombination","GO:2000042","0.35607163097044886","0.4484626261678679","26","514","2","21026",
"GO:BP","matrix metallopeptidase secretion","GO:1990773","0.35607163097044886","0.4484626261678679","6","514","1","21026",
"GO:BP","lipid transport across blood-brain barrier","GO:1990379","0.35607163097044886","0.4484626261678679","6","514","1","21026",
"GO:BP","succinyl-CoA catabolic process","GO:1901289","0.35607163097044886","0.4484626261678679","6","514","1","21026",
"GO:BP","peptidyl-lysine deacetylation","GO:0034983","0.35607163097044886","0.4484626261678679","6","514","1","21026",
"GO:BP","pyruvate transmembrane transport","GO:1901475","0.35607163097044886","0.4484626261678679","6","514","1","21026",
"GO:BP","regulation of lymphangiogenesis","GO:1901490","0.35607163097044886","0.4484626261678679","6","514","1","21026",
"GO:BP","organic acid metabolic process","GO:0006082","0.35607163097044886","0.4484626261678679","915","514","28","21026",
"GO:BP","cytoplasmic translational elongation","GO:0002182","0.35607163097044886","0.4484626261678679","6","514","1","21026",
"GO:BP","negative regulation of chromatin organization","GO:1905268","0.35607163097044886","0.4484626261678679","6","514","1","21026",
"GO:BP","late endosome to Golgi transport","GO:0034499","0.35607163097044886","0.4484626261678679","6","514","1","21026",
"GO:BP","pre-B cell differentiation","GO:0002329","0.35607163097044886","0.4484626261678679","6","514","1","21026",
"GO:BP","myeloid dendritic cell cytokine production","GO:0002372","0.35607163097044886","0.4484626261678679","6","514","1","21026",
"GO:BP","negative regulation of T-helper 17 cell lineage commitment","GO:2000329","0.35607163097044886","0.4484626261678679","6","514","1","21026",
"GO:BP","tooth eruption","GO:0044691","0.35607163097044886","0.4484626261678679","6","514","1","21026",
"GO:BP","negative regulation of dendritic spine morphogenesis","GO:0061002","0.35607163097044886","0.4484626261678679","6","514","1","21026",
"GO:BP","nucleic acid catabolic process","GO:0141188","0.35607163097044886","0.4484626261678679","343","514","12","21026",
"GO:BP","wybutosine metabolic process","GO:0031590","0.35607163097044886","0.4484626261678679","6","514","1","21026",
"GO:BP","wybutosine biosynthetic process","GO:0031591","0.35607163097044886","0.4484626261678679","6","514","1","21026",
"GO:BP","macrophage inflammatory protein-1 alpha production","GO:0071608","0.35607163097044886","0.4484626261678679","6","514","1","21026",
"GO:BP","regulation of macrophage inflammatory protein 1 alpha production","GO:0071640","0.35607163097044886","0.4484626261678679","6","514","1","21026",
"GO:BP","bronchiole development","GO:0060435","0.35607163097044886","0.4484626261678679","6","514","1","21026",
"GO:BP","response to ammonium ion","GO:0060359","0.35607163097044886","0.4484626261678679","6","514","1","21026",
"GO:BP","embryonic retina morphogenesis in camera-type eye","GO:0060059","0.35607163097044886","0.4484626261678679","6","514","1","21026",
"GO:BP","response to indole-3-methanol","GO:0071680","0.35607163097044886","0.4484626261678679","6","514","1","21026",
"GO:BP","fused antrum stage","GO:0048165","0.35607163097044886","0.4484626261678679","6","514","1","21026",
"GO:BP","negative regulation of cardiac muscle contraction","GO:0055118","0.35607163097044886","0.4484626261678679","6","514","1","21026",
"GO:BP","asymmetric neuroblast division","GO:0055059","0.35607163097044886","0.4484626261678679","6","514","1","21026",
"GO:BP","sensory perception of touch","GO:0050975","0.35607163097044886","0.4484626261678679","6","514","1","21026",
"GO:BP","cardiac muscle cell development","GO:0055013","0.35607163097044886","0.4484626261678679","80","514","4","21026",
"GO:BP","positive regulation of cell proliferation in bone marrow","GO:0071864","0.35607163097044886","0.4484626261678679","6","514","1","21026",
"GO:BP","sex-chromosome dosage compensation","GO:0007549","0.35607163097044886","0.4484626261678679","26","514","2","21026",
"GO:BP","positive regulation of follicle-stimulating hormone secretion","GO:0046881","0.35607163097044886","0.4484626261678679","6","514","1","21026",
"GO:BP","regulation of follicle-stimulating hormone secretion","GO:0046880","0.35607163097044886","0.4484626261678679","6","514","1","21026",
"GO:BP","zygotic determination of anterior/posterior axis, embryo","GO:0007354","0.35607163097044886","0.4484626261678679","6","514","1","21026",
"GO:BP","regulation of bone remodeling","GO:0046850","0.35607163097044886","0.4484626261678679","52","514","3","21026",
"GO:BP","regulation of metanephros development","GO:0072215","0.35607163097044886","0.4484626261678679","6","514","1","21026",
"GO:BP","positive regulation of synaptic transmission, cholinergic","GO:0032224","0.35607163097044886","0.4484626261678679","6","514","1","21026",
"GO:BP","glutamate reuptake","GO:0051935","0.35607163097044886","0.4484626261678679","6","514","1","21026",
"GO:BP","terminal button organization","GO:0072553","0.35607163097044886","0.4484626261678679","6","514","1","21026",
"GO:BP","positive regulation of nucleobase-containing compound transport","GO:0032241","0.35607163097044886","0.4484626261678679","6","514","1","21026",
"GO:BP","pigment granule localization","GO:0051875","0.35607163097044886","0.4484626261678679","26","514","2","21026",
"GO:BP","positive regulation of behavior","GO:0048520","0.35607163097044886","0.4484626261678679","26","514","2","21026",
"GO:BP","type II pneumocyte differentiation","GO:0060510","0.35607163097044886","0.4484626261678679","6","514","1","21026",
"GO:BP","prostate glandular acinus morphogenesis","GO:0060526","0.35607163097044886","0.4484626261678679","6","514","1","21026",
"GO:BP","prostate epithelial cord arborization involved in prostate glandular acinus morphogenesis","GO:0060527","0.35607163097044886","0.4484626261678679","6","514","1","21026",
"GO:BP","endoplasmic reticulum-plasma membrane tethering","GO:0061817","0.35607163097044886","0.4484626261678679","6","514","1","21026",
"GO:BP","regulation of protein K48-linked ubiquitination","GO:0061945","0.35607163097044886","0.4484626261678679","6","514","1","21026",
"GO:BP","articular cartilage development","GO:0061975","0.35607163097044886","0.4484626261678679","6","514","1","21026",
"GO:BP","retinal blood vessel morphogenesis","GO:0061304","0.35607163097044886","0.4484626261678679","6","514","1","21026",
"GO:BP","secondary palate development","GO:0062009","0.35607163097044886","0.4484626261678679","26","514","2","21026",
"GO:BP","pulmonary artery morphogenesis","GO:0061156","0.35607163097044886","0.4484626261678679","6","514","1","21026",
"GO:BP","detection of virus","GO:0009597","0.35607163097044886","0.4484626261678679","6","514","1","21026",
"GO:BP","RNA modification","GO:0009451","0.35607163097044886","0.4484626261678679","174","514","7","21026",
"GO:BP","myosin filament organization","GO:0031033","0.35607163097044886","0.4484626261678679","6","514","1","21026",
"GO:BP","actin-mediated cell contraction","GO:0070252","0.35607163097044886","0.4484626261678679","111","514","5","21026",
"GO:BP","lens fiber cell morphogenesis","GO:0070309","0.35607163097044886","0.4484626261678679","6","514","1","21026",
"GO:BP","cardiac muscle tissue regeneration","GO:0061026","0.35607163097044886","0.4484626261678679","6","514","1","21026",
"GO:BP","maintenance of centrosome location","GO:0051661","0.35607163097044886","0.4484626261678679","6","514","1","21026",
"GO:BP","GDP-mannose biosynthetic process","GO:0009298","0.35607163097044886","0.4484626261678679","6","514","1","21026",
"GO:BP","negative regulation of epithelial cell proliferation involved in prostate gland development","GO:0060770","0.35607163097044886","0.4484626261678679","6","514","1","21026",
"GO:BP","regulation of ERK1 and ERK2 cascade","GO:0070372","0.35607163097044886","0.4484626261678679","274","514","10","21026",
"GO:BP","protein targeting to vacuole involved in autophagy","GO:0071211","0.35607163097044886","0.4484626261678679","6","514","1","21026",
"GO:BP","positive regulation of mast cell chemotaxis","GO:0060754","0.35607163097044886","0.4484626261678679","6","514","1","21026",
"GO:BP","myoblast fate commitment","GO:0048625","0.35607163097044886","0.4484626261678679","6","514","1","21026",
"GO:BP","regulation of spontaneous synaptic transmission","GO:0150003","0.35607163097044886","0.4484626261678679","6","514","1","21026",
"GO:BP","embryonic camera-type eye morphogenesis","GO:0048596","0.35607163097044886","0.4484626261678679","26","514","2","21026",
"GO:BP","ectodermal cell differentiation","GO:0010668","0.35607163097044886","0.4484626261678679","6","514","1","21026",
"GO:BP","regulation of bone mineralization","GO:0030500","0.35607163097044886","0.4484626261678679","80","514","4","21026",
"GO:BP","embryonic placenta morphogenesis","GO:0060669","0.35607163097044886","0.4484626261678679","26","514","2","21026",
"GO:BP","negative regulation of heterochromatin formation","GO:0031452","0.35607163097044886","0.4484626261678679","6","514","1","21026",
"GO:BP","cellular response to hypoxia","GO:0071456","0.35607163097044886","0.4484626261678679","142","514","6","21026",
"GO:BP","mesenchymal cell proliferation involved in lung development","GO:0060916","0.35607163097044886","0.4484626261678679","6","514","1","21026",
"GO:BP","negative regulation of steroid hormone biosynthetic process","GO:0090032","0.35607163097044886","0.4484626261678679","6","514","1","21026",
"GO:BP","atrial cardiac muscle tissue morphogenesis","GO:0055009","0.35607163097044886","0.4484626261678679","6","514","1","21026",
"GO:BP","positive regulation of inhibitory postsynaptic potential","GO:0097151","0.35607163097044886","0.4484626261678679","6","514","1","21026",
"GO:BP","elastin metabolic process","GO:0051541","0.35607163097044886","0.4484626261678679","6","514","1","21026",
"GO:BP","protein localization to motile cilium","GO:0120229","0.35607163097044886","0.4484626261678679","6","514","1","21026",
"GO:BP","positive regulation of neurotransmitter uptake","GO:0051582","0.35607163097044886","0.4484626261678679","6","514","1","21026",
"GO:BP","olfactory bulb interneuron development","GO:0021891","0.35607163097044886","0.4484626261678679","6","514","1","21026",
"GO:BP","regulation of glutamate receptor clustering","GO:0106104","0.35607163097044886","0.4484626261678679","6","514","1","21026",
"GO:BP","cerebral cortex neuron differentiation","GO:0021895","0.35607163097044886","0.4484626261678679","26","514","2","21026",
"GO:BP","presynaptic cytoskeleton organization","GO:0099187","0.35607163097044886","0.4484626261678679","6","514","1","21026",
"GO:BP","deoxyribonucleoside catabolic process","GO:0046121","0.35607163097044886","0.4484626261678679","6","514","1","21026",
"GO:BP","positive regulation of hydrolase activity","GO:0051345","0.35607163097044886","0.4484626261678679","206","514","8","21026",
"GO:BP","forebrain ventricular zone progenitor cell division","GO:0021869","0.35607163097044886","0.4484626261678679","6","514","1","21026",
"GO:BP","AIM2 inflammasome complex assembly","GO:0140970","0.35607163097044886","0.4484626261678679","6","514","1","21026",
"GO:BP","positive regulation of proteasomal ubiquitin-dependent protein catabolic process","GO:0032436","0.35607163097044886","0.4484626261678679","80","514","4","21026",
"GO:BP","positive regulation of MHC class I biosynthetic process","GO:0045345","0.35607163097044886","0.4484626261678679","6","514","1","21026",
"GO:BP","cerebral cortex tangential migration","GO:0021800","0.35607163097044886","0.4484626261678679","6","514","1","21026",
"GO:BP","de novo centriole assembly","GO:0097742","0.35607163097044886","0.4484626261678679","6","514","1","21026",
"GO:BP","myeloid leukocyte migration","GO:0097529","0.35607163097044886","0.4484626261678679","238","514","9","21026",
"GO:BP","protein catabolic process in the vacuole","GO:0007039","0.35607163097044886","0.4484626261678679","26","514","2","21026",
"GO:BP","response to cortisol","GO:0051414","0.35607163097044886","0.4484626261678679","6","514","1","21026",
"GO:BP","negative regulation of filopodium assembly","GO:0051490","0.35607163097044886","0.4484626261678679","6","514","1","21026",
"GO:BP","negative regulation of interferon-alpha production","GO:0032687","0.35607163097044886","0.4484626261678679","6","514","1","21026",
"GO:BP","JNK cascade","GO:0007254","0.3564117697860087","0.44804796269151403","175","514","7","21026",
"GO:BP","regulation of mononuclear cell migration","GO:0071675","0.35741521730753956","0.4468269609182204","143","514","6","21026",
"GO:BP","stress-activated MAPK cascade","GO:0051403","0.3589068551271937","0.4450182465553613","53","514","3","21026",
"GO:BP","retinol metabolic process","GO:0042572","0.3589068551271937","0.4450182465553613","53","514","3","21026",
"GO:BP","response to amine","GO:0014075","0.3589068551271937","0.4450182465553613","53","514","3","21026",
"GO:BP","mitochondrion localization","GO:0051646","0.3589068551271937","0.4450182465553613","53","514","3","21026",
"GO:BP","membrane repolarization","GO:0086009","0.3589068551271937","0.4450182465553613","53","514","3","21026",
"GO:BP","regulation of chondrocyte differentiation","GO:0032330","0.3589068551271937","0.4450182465553613","53","514","3","21026",
"GO:BP","cell proliferation in forebrain","GO:0021846","0.35905115622207356","0.4448436704127676","27","514","2","21026",
"GO:BP","glycosyl compound catabolic process","GO:1901658","0.35905115622207356","0.4448436704127676","27","514","2","21026",
"GO:BP","adrenal gland development","GO:0030325","0.35905115622207356","0.4448436704127676","27","514","2","21026",
"GO:BP","cellular response to interferon-beta","GO:0035458","0.35905115622207356","0.4448436704127676","27","514","2","21026",
"GO:BP","viral life cycle","GO:0019058","0.35905115622207356","0.4448436704127676","310","514","11","21026",
"GO:BP","positive regulation of mesenchymal cell proliferation","GO:0002053","0.35905115622207356","0.4448436704127676","27","514","2","21026",
"GO:BP","negative regulation of amine transport","GO:0051953","0.35905115622207356","0.4448436704127676","27","514","2","21026",
"GO:BP","positive regulation of acute inflammatory response","GO:0002675","0.35905115622207356","0.4448436704127676","27","514","2","21026",
"GO:BP","neurotrophin TRK receptor signaling pathway","GO:0048011","0.35905115622207356","0.4448436704127676","27","514","2","21026",
"GO:BP","cell growth","GO:0016049","0.35905115622207356","0.4448436704127676","485","514","16","21026",
"GO:BP","spermatid nucleus differentiation","GO:0007289","0.35905115622207356","0.4448436704127676","27","514","2","21026",
"GO:BP","positive regulation of macrophage activation","GO:0043032","0.35905115622207356","0.4448436704127676","27","514","2","21026",
"GO:BP","cell surface receptor protein tyrosine kinase signaling pathway","GO:0007169","0.35931598895357136","0.44452345699571527","629","514","20","21026",
"GO:BP","regulation of response to cytokine stimulus","GO:0060759","0.3601583487698477","0.443506513463578","176","514","7","21026",
"GO:BP","sodium ion transmembrane transport","GO:0035725","0.3601583487698477","0.443506513463578","176","514","7","21026",
"GO:BP","cytoskeleton-dependent intracellular transport","GO:0030705","0.36074297634513824","0.4428021158526082","209","514","8","21026",
"GO:BP","regulation of translation","GO:0006417","0.3610937583234624","0.4423800184939877","380","514","13","21026",
"GO:BP","Rho protein signal transduction","GO:0007266","0.3616894103921358","0.4416642064045002","144","514","6","21026",
"GO:BP","response to alcohol","GO:0097305","0.3644658819377081","0.43834312023954947","277","514","10","21026",
"GO:BP","lysosome organization","GO:0007040","0.3653500611587322","0.4372908156188936","113","514","5","21026",
"GO:BP","lytic vacuole organization","GO:0080171","0.3653500611587322","0.4372908156188936","113","514","5","21026",
"GO:BP","positive regulation of plasma membrane bounded cell projection assembly","GO:0120034","0.3653500611587322","0.4372908156188936","113","514","5","21026",
"GO:BP","tRNA metabolic process","GO:0006399","0.3663847324209637","0.43606263206608026","210","514","8","21026",
"GO:BP","regulation of monoatomic ion transport","GO:0043269","0.36720077201370316","0.43509641439634317","452","514","15","21026",
"GO:BP","regulation of macromolecule biosynthetic process","GO:0010556","0.36720077201370316","0.43509641439634317","5644","514","149","21026",
"GO:BP","regulation of post-translational protein modification","GO:1901873","0.368327131364308","0.4337662893779932","244","514","9","21026",
"GO:BP","positive regulation of fibroblast proliferation","GO:0048146","0.368327131364308","0.4337662893779932","54","514","3","21026",
"GO:BP","hormone metabolic process","GO:0042445","0.368327131364308","0.4337662893779932","244","514","9","21026",
"GO:BP","neuromuscular junction development","GO:0007528","0.368327131364308","0.4337662893779932","54","514","3","21026",
"GO:BP","sodium ion transport","GO:0006814","0.368327131364308","0.4337662893779932","244","514","9","21026",
"GO:BP","regulation of animal organ morphogenesis","GO:2000027","0.3683869043383064","0.43369581678870245","83","514","4","21026",
"GO:BP","negative regulation of viral process","GO:0048525","0.3683869043383064","0.43369581678870245","83","514","4","21026",
"GO:BP","retinoid metabolic process","GO:0001523","0.3683869043383064","0.43369581678870245","83","514","4","21026",
"GO:BP","cell maturation","GO:0048469","0.3713606443481754","0.43020412334277236","211","514","8","21026",
"GO:BP","positive regulation of RNA metabolic process","GO:0051254","0.37158457983812737","0.429942316826309","1835","514","52","21026",
"GO:BP","autophagy","GO:0006914","0.3716486955658379","0.4298673871703357","597","514","19","21026",
"GO:BP","process utilizing autophagic mechanism","GO:0061919","0.3716486955658379","0.4298673871703357","597","514","19","21026",
"GO:BP","phenol-containing compound metabolic process","GO:0018958","0.3721943125134365","0.42923026759134164","114","514","5","21026",
"GO:BP","negative regulation of protein phosphorylation","GO:0001933","0.3731282962624206","0.42814181489739145","245","514","9","21026",
"GO:BP","G protein-coupled serotonin receptor signaling pathway","GO:0098664","0.3733512169439057","0.4278824287440242","28","514","2","21026",
"GO:BP","T-helper cell lineage commitment","GO:0002295","0.3733512169439057","0.4278824287440242","28","514","2","21026",
"GO:BP","mammary gland epithelial cell proliferation","GO:0033598","0.3733512169439057","0.4278824287440242","28","514","2","21026",
"GO:BP","negative regulation of non-canonical NF-kappaB signal transduction","GO:1901223","0.3733512169439057","0.4278824287440242","28","514","2","21026",
"GO:BP","negative regulation of stress fiber assembly","GO:0051497","0.3733512169439057","0.4278824287440242","28","514","2","21026",
"GO:BP","regulation of osteoblast proliferation","GO:0033688","0.3733512169439057","0.4278824287440242","28","514","2","21026",
"GO:BP","digestive system development","GO:0055123","0.3733512169439057","0.4278824287440242","146","514","6","21026",
"GO:BP","positive regulation of chemotaxis","GO:0050921","0.3733512169439057","0.4278824287440242","146","514","6","21026",
"GO:BP","positive regulation of natural killer cell mediated cytotoxicity","GO:0045954","0.3733512169439057","0.4278824287440242","28","514","2","21026",
"GO:BP","endocardial cushion formation","GO:0003272","0.3733512169439057","0.4278824287440242","28","514","2","21026",
"GO:BP","negative regulation of lipid catabolic process","GO:0050995","0.3733512169439057","0.4278824287440242","28","514","2","21026",
"GO:BP","positive regulation of T cell cytokine production","GO:0002726","0.3733512169439057","0.4278824287440242","28","514","2","21026",
"GO:BP","regulation of lipopolysaccharide-mediated signaling pathway","GO:0031664","0.3733512169439057","0.4278824287440242","28","514","2","21026",
"GO:BP","positive regulation of G2/M transition of mitotic cell cycle","GO:0010971","0.3733512169439057","0.4278824287440242","28","514","2","21026",
"GO:BP","embryonic hindlimb morphogenesis","GO:0035116","0.3733512169439057","0.4278824287440242","28","514","2","21026",
"GO:BP","actomyosin structure organization","GO:0031032","0.3746140591899721","0.4264159276707435","212","514","8","21026",
"GO:BP","fatty acid elongation, unsaturated fatty acid","GO:0019368","0.3751944837141111","0.42574355544791276","7","514","1","21026",
"GO:BP","peptidyl-lysine monomethylation","GO:0018026","0.3751944837141111","0.42574355544791276","7","514","1","21026",
"GO:BP","cerebellar Purkinje cell layer development","GO:0021680","0.3751944837141111","0.42574355544791276","29","514","2","21026",
"GO:BP","cardiac muscle cell fate commitment","GO:0060923","0.3751944837141111","0.42574355544791276","7","514","1","21026",
"GO:BP","positive regulation of transmission of nerve impulse","GO:0051971","0.3751944837141111","0.42574355544791276","7","514","1","21026",
"GO:BP","regulation of hepatic stellate cell activation","GO:2000489","0.3751944837141111","0.42574355544791276","7","514","1","21026",
"GO:BP","axon choice point recognition","GO:0016198","0.3751944837141111","0.42574355544791276","7","514","1","21026",
"GO:BP","RNA (guanine-N7)-methylation","GO:0036265","0.3751944837141111","0.42574355544791276","7","514","1","21026",
"GO:BP","protein depalmitoylation","GO:0002084","0.3751944837141111","0.42574355544791276","7","514","1","21026",
"GO:BP","vasculogenesis","GO:0001570","0.3751944837141111","0.42574355544791276","85","514","4","21026",
"GO:BP","response to decreased oxygen levels","GO:0036293","0.3751944837141111","0.42574355544791276","316","514","11","21026",
"GO:BP","cellular response to decreased oxygen levels","GO:0036294","0.3751944837141111","0.42574355544791276","149","514","6","21026",
"GO:BP","positive regulation of behavioral fear response","GO:2000987","0.3751944837141111","0.42574355544791276","7","514","1","21026",
"GO:BP","positive regulation of stem cell proliferation","GO:2000648","0.3751944837141111","0.42574355544791276","56","514","3","21026",
"GO:BP","N-acetylneuraminate catabolic process","GO:0019262","0.3751944837141111","0.42574355544791276","7","514","1","21026",
"GO:BP","ketone metabolic process","GO:0042180","0.3751944837141111","0.42574355544791276","213","514","8","21026",
"GO:BP","substrate-independent telencephalic tangential interneuron migration","GO:0021843","0.3751944837141111","0.42574355544791276","7","514","1","21026",
"GO:BP","regulation of female gonad development","GO:2000194","0.3751944837141111","0.42574355544791276","7","514","1","21026",
"GO:BP","replication-born double-strand break repair via sister chromatid exchange","GO:1990414","0.3751944837141111","0.42574355544791276","7","514","1","21026",
"GO:BP","renin secretion into blood stream","GO:0002001","0.3751944837141111","0.42574355544791276","7","514","1","21026",
"GO:BP","phenotypic switching","GO:0036166","0.3751944837141111","0.42574355544791276","7","514","1","21026",
"GO:BP","lung lobe development","GO:0060462","0.3751944837141111","0.42574355544791276","7","514","1","21026",
"GO:BP","lung lobe morphogenesis","GO:0060463","0.3751944837141111","0.42574355544791276","7","514","1","21026",
"GO:BP","social behavior","GO:0035176","0.3751944837141111","0.42574355544791276","55","514","3","21026",
"GO:BP","neural fold formation","GO:0001842","0.3751944837141111","0.42574355544791276","7","514","1","21026",
"GO:BP","negative regulation of fibroblast apoptotic process","GO:2000270","0.3751944837141111","0.42574355544791276","7","514","1","21026",
"GO:BP","myeloid dendritic cell activation","GO:0001773","0.3751944837141111","0.42574355544791276","29","514","2","21026",
"GO:BP","positive regulation of B cell receptor signaling pathway","GO:0050861","0.3751944837141111","0.42574355544791276","7","514","1","21026",
"GO:BP","regulation of cortisol biosynthetic process","GO:2000064","0.3751944837141111","0.42574355544791276","7","514","1","21026",
"GO:BP","regulation of epithelial cell proliferation involved in lung morphogenesis","GO:2000794","0.3751944837141111","0.42574355544791276","7","514","1","21026",
"GO:BP","diapedesis","GO:0050904","0.3751944837141111","0.42574355544791276","7","514","1","21026",
"GO:BP","regulation of blood volume by renin-angiotensin","GO:0002016","0.3751944837141111","0.42574355544791276","7","514","1","21026",
"GO:BP","intracellular pH elevation","GO:0051454","0.3751944837141111","0.42574355544791276","7","514","1","21026",
"GO:BP","regulation of synaptic vesicle clustering","GO:2000807","0.3751944837141111","0.42574355544791276","7","514","1","21026",
"GO:BP","positive regulation of cell development","GO:0010720","0.3751944837141111","0.42574355544791276","458","514","15","21026",
"GO:BP","intraciliary transport involved in cilium assembly","GO:0035735","0.3751944837141111","0.42574355544791276","7","514","1","21026",
"GO:BP","paracrine signaling","GO:0038001","0.3751944837141111","0.42574355544791276","7","514","1","21026",
"GO:BP","intrinsic apoptotic signaling pathway in response to hydrogen peroxide","GO:0036481","0.3751944837141111","0.42574355544791276","7","514","1","21026",
"GO:BP","aldosterone secretion","GO:0035932","0.3751944837141111","0.42574355544791276","7","514","1","21026",
"GO:BP","chorio-allantoic fusion","GO:0060710","0.3751944837141111","0.42574355544791276","7","514","1","21026",
"GO:BP","mineralocorticoid secretion","GO:0035931","0.3751944837141111","0.42574355544791276","7","514","1","21026",
"GO:BP","detection of muscle stretch","GO:0035995","0.3751944837141111","0.42574355544791276","7","514","1","21026",
"GO:BP","response to luteinizing hormone","GO:0034699","0.3751944837141111","0.42574355544791276","7","514","1","21026",
"GO:BP","renal response to blood flow involved in circulatory renin-angiotensin regulation of systemic arterial blood pressure","GO:0001999","0.3751944837141111","0.42574355544791276","7","514","1","21026",
"GO:BP","chondrocyte proliferation","GO:0035988","0.3751944837141111","0.42574355544791276","29","514","2","21026",
"GO:BP","regulation of synapse pruning","GO:1905806","0.3751944837141111","0.42574355544791276","7","514","1","21026",
"GO:BP","L-methionine salvage","GO:0071267","0.3751944837141111","0.42574355544791276","7","514","1","21026",
"GO:BP","substrate-independent telencephalic tangential migration","GO:0021826","0.3751944837141111","0.42574355544791276","7","514","1","21026",
"GO:BP","monocarboxylic acid biosynthetic process","GO:0072330","0.3751944837141111","0.42574355544791276","213","514","8","21026",
"GO:BP","pigmentation","GO:0043473","0.3751944837141111","0.42574355544791276","115","514","5","21026",
"GO:BP","S-adenosylmethionine cycle","GO:0033353","0.3751944837141111","0.42574355544791276","7","514","1","21026",
"GO:BP","S-shaped body morphogenesis","GO:0072050","0.3751944837141111","0.42574355544791276","7","514","1","21026",
"GO:BP","positive regulation of natural killer cell mediated immune response to tumor cell","GO:0002857","0.3751944837141111","0.42574355544791276","7","514","1","21026",
"GO:BP","positive regulation of hormone secretion","GO:0046887","0.3751944837141111","0.42574355544791276","149","514","6","21026",
"GO:BP","regulation of cell proliferation in bone marrow","GO:0071863","0.3751944837141111","0.42574355544791276","7","514","1","21026",
"GO:BP","reactive oxygen species biosynthetic process","GO:1903409","0.3751944837141111","0.42574355544791276","56","514","3","21026",
"GO:BP","regulation of synaptic vesicle recycling","GO:1903421","0.3751944837141111","0.42574355544791276","29","514","2","21026",
"GO:BP","early endosome to recycling endosome transport","GO:0061502","0.3751944837141111","0.42574355544791276","7","514","1","21026",
"GO:BP","regulation of mitotic cytokinetic process","GO:1903436","0.3751944837141111","0.42574355544791276","7","514","1","21026",
"GO:BP","positive regulation of mitotic cytokinetic process","GO:1903438","0.3751944837141111","0.42574355544791276","7","514","1","21026",
"GO:BP","negative regulation of secretion by cell","GO:1903531","0.3751944837141111","0.42574355544791276","148","514","6","21026",
"GO:BP","regulation of luteinizing hormone secretion","GO:0033684","0.3751944837141111","0.42574355544791276","7","514","1","21026",
"GO:BP","focal adhesion assembly","GO:0048041","0.3751944837141111","0.42574355544791276","85","514","4","21026",
"GO:BP","CDP-choline pathway","GO:0006657","0.3751944837141111","0.42574355544791276","7","514","1","21026",
"GO:BP","leukocyte degranulation","GO:0043299","0.3751944837141111","0.42574355544791276","85","514","4","21026",
"GO:BP","amino acid salvage","GO:0043102","0.3751944837141111","0.42574355544791276","7","514","1","21026",
"GO:BP","lung alveolus development","GO:0048286","0.3751944837141111","0.42574355544791276","55","514","3","21026",
"GO:BP","secretion of lysosomal enzymes","GO:0033299","0.3751944837141111","0.42574355544791276","7","514","1","21026",
"GO:BP","regulation of protein oligomerization","GO:0032459","0.3751944837141111","0.42574355544791276","7","514","1","21026",
"GO:BP","protein autophosphorylation","GO:0046777","0.3751944837141111","0.42574355544791276","179","514","7","21026",
"GO:BP","glucosylceramide metabolic process","GO:0006678","0.3751944837141111","0.42574355544791276","7","514","1","21026",
"GO:BP","pyruvate transport","GO:0006848","0.3751944837141111","0.42574355544791276","7","514","1","21026",
"GO:BP","negative regulation of extrinsic apoptotic signaling pathway via death domain receptors","GO:1902042","0.3751944837141111","0.42574355544791276","29","514","2","21026",
"GO:BP","axis elongation","GO:0003401","0.3751944837141111","0.42574355544791276","29","514","2","21026",
"GO:BP","regulation of mesenchymal stem cell proliferation","GO:1902460","0.3751944837141111","0.42574355544791276","7","514","1","21026",
"GO:BP","regulation of cytokinetic process","GO:0032954","0.3751944837141111","0.42574355544791276","7","514","1","21026",
"GO:BP","interneuron migration from the subpallium to the cortex","GO:0021830","0.3751944837141111","0.42574355544791276","7","514","1","21026",
"GO:BP","positive regulation of mesenchymal stem cell proliferation","GO:1902462","0.3751944837141111","0.42574355544791276","7","514","1","21026",
"GO:BP","regulation of phospholipase A2 activity","GO:0032429","0.3751944837141111","0.42574355544791276","7","514","1","21026",
"GO:BP","sulfur compound biosynthetic process","GO:0044272","0.3751944837141111","0.42574355544791276","149","514","6","21026",
"GO:BP","regulation of cellular component biogenesis","GO:0044087","0.3751944837141111","0.42574355544791276","1011","514","30","21026",
"GO:BP","nucleus organization","GO:0006997","0.3751944837141111","0.42574355544791276","147","514","6","21026",
"GO:BP","negative regulation of hydrogen peroxide-mediated programmed cell death","GO:1901299","0.3751944837141111","0.42574355544791276","7","514","1","21026",
"GO:BP","regulation of receptor localization to synapse","GO:1902683","0.3751944837141111","0.42574355544791276","29","514","2","21026",
"GO:BP","positive regulation of protein deacetylation","GO:0090312","0.3751944837141111","0.42574355544791276","7","514","1","21026",
"GO:BP","phosphatidylethanolamine metabolic process","GO:0046337","0.3751944837141111","0.42574355544791276","29","514","2","21026",
"GO:BP","glycosylceramide catabolic process","GO:0046477","0.3751944837141111","0.42574355544791276","7","514","1","21026",
"GO:BP","membrane repolarization during action potential","GO:0086011","0.3751944837141111","0.42574355544791276","29","514","2","21026",
"GO:BP","modulation of inhibitory postsynaptic potential","GO:0098828","0.3751944837141111","0.42574355544791276","7","514","1","21026",
"GO:BP","membrane depolarization during action potential","GO:0086010","0.3751944837141111","0.42574355544791276","29","514","2","21026",
"GO:BP","positive regulation of gonadotropin secretion","GO:0032278","0.3751944837141111","0.42574355544791276","7","514","1","21026",
"GO:BP","positive regulation of chemokine (C-C motif) ligand 5 production","GO:0071651","0.3751944837141111","0.42574355544791276","7","514","1","21026",
"GO:BP","negative regulation of blood vessel endothelial cell proliferation involved in sprouting angiogenesis","GO:1903588","0.3751944837141111","0.42574355544791276","7","514","1","21026",
"GO:BP","cellular response to interleukin-1","GO:0071347","0.3751944837141111","0.42574355544791276","84","514","4","21026",
"GO:BP","L-methionine biosynthetic process","GO:0071265","0.3751944837141111","0.42574355544791276","7","514","1","21026",
"GO:BP","cellular response to bacterial lipopeptide","GO:0071221","0.3751944837141111","0.42574355544791276","7","514","1","21026",
"GO:BP","cellular response to bacterial lipoprotein","GO:0071220","0.3751944837141111","0.42574355544791276","7","514","1","21026",
"GO:BP","amino-acid betaine biosynthetic process","GO:0006578","0.3751944837141111","0.42574355544791276","7","514","1","21026",
"GO:BP","negative regulation of monocyte differentiation","GO:0045656","0.3751944837141111","0.42574355544791276","7","514","1","21026",
"GO:BP","carboxylic acid transmembrane transport","GO:1905039","0.3751944837141111","0.42574355544791276","148","514","6","21026",
"GO:BP","indole-containing compound biosynthetic process","GO:0042435","0.3751944837141111","0.42574355544791276","7","514","1","21026",
"GO:BP","positive regulation of oligodendrocyte differentiation","GO:0048714","0.3751944837141111","0.42574355544791276","29","514","2","21026",
"GO:BP","response to bacterial lipopeptide","GO:0070339","0.3751944837141111","0.42574355544791276","7","514","1","21026",
"GO:BP","thyroid hormone metabolic process","GO:0042403","0.3751944837141111","0.42574355544791276","29","514","2","21026",
"GO:BP","defense response to symbiont","GO:0140546","0.3751944837141111","0.42574355544791276","1082","514","32","21026",
"GO:BP","regulation of retrograde transport, endosome to Golgi","GO:1905279","0.3751944837141111","0.42574355544791276","7","514","1","21026",
"GO:BP","centromere complex assembly","GO:0034508","0.3751944837141111","0.42574355544791276","29","514","2","21026",
"GO:BP","DNA-templated transcription termination","GO:0006353","0.3751944837141111","0.42574355544791276","29","514","2","21026",
"GO:BP","negative regulation of chemokine-mediated signaling pathway","GO:0070100","0.3751944837141111","0.42574355544791276","7","514","1","21026",
"GO:BP","cellular response to chemical stress","GO:0062197","0.3751944837141111","0.42574355544791276","317","514","11","21026",
"GO:BP","protein neddylation","GO:0045116","0.3751944837141111","0.42574355544791276","29","514","2","21026",
"GO:BP","fatty acid elongation, monounsaturated fatty acid","GO:0034625","0.3751944837141111","0.42574355544791276","7","514","1","21026",
"GO:BP","fatty acid elongation, polyunsaturated fatty acid","GO:0034626","0.3751944837141111","0.42574355544791276","7","514","1","21026",
"GO:BP","inhibitory synapse assembly","GO:1904862","0.3751944837141111","0.42574355544791276","29","514","2","21026",
"GO:BP","establishment of mitotic sister chromatid cohesion","GO:0034087","0.3751944837141111","0.42574355544791276","7","514","1","21026",
"GO:BP","anterior head development","GO:0097065","0.3751944837141111","0.42574355544791276","7","514","1","21026",
"GO:BP","myeloid leukocyte mediated immunity","GO:0002444","0.3751944837141111","0.42574355544791276","117","514","5","21026",
"GO:BP","negative regulation of protein localization","GO:1903828","0.3751944837141111","0.42574355544791276","215","514","8","21026",
"GO:BP","protein processing involved in protein targeting to mitochondrion","GO:0006627","0.3751944837141111","0.42574355544791276","7","514","1","21026",
"GO:BP","protein ufmylation","GO:0071569","0.3751944837141111","0.42574355544791276","7","514","1","21026",
"GO:BP","positive regulation of fever generation","GO:0031622","0.3751944837141111","0.42574355544791276","7","514","1","21026",
"GO:BP","tRNA 3'-end processing","GO:0042780","0.3751944837141111","0.42574355544791276","7","514","1","21026",
"GO:BP","very long-chain fatty acid catabolic process","GO:0042760","0.3751944837141111","0.42574355544791276","7","514","1","21026",
"GO:BP","cellular response to steroid hormone stimulus","GO:0071383","0.3751944837141111","0.42574355544791276","213","514","8","21026",
"GO:BP","protein import into peroxisome membrane","GO:0045046","0.3751944837141111","0.42574355544791276","7","514","1","21026",
"GO:BP","lipopolysaccharide-mediated signaling pathway","GO:0031663","0.3751944837141111","0.42574355544791276","56","514","3","21026",
"GO:BP","intracellular distribution of mitochondria","GO:0048312","0.3751944837141111","0.42574355544791276","7","514","1","21026",
"GO:BP","positive regulation of microglial cell migration","GO:1904141","0.3751944837141111","0.42574355544791276","7","514","1","21026",
"GO:BP","negative regulation of establishment of protein localization to mitochondrion","GO:1903748","0.3751944837141111","0.42574355544791276","7","514","1","21026",
"GO:BP","platelet degranulation","GO:0002576","0.3751944837141111","0.42574355544791276","7","514","1","21026",
"GO:BP","positive regulation of protein catabolic process in the vacuole","GO:1904352","0.3751944837141111","0.42574355544791276","7","514","1","21026",
"GO:BP","regulation of protein localization to cell periphery","GO:1904375","0.3751944837141111","0.42574355544791276","149","514","6","21026",
"GO:BP","regulation of glutamate receptor signaling pathway","GO:1900449","0.3751944837141111","0.42574355544791276","7","514","1","21026",
"GO:BP","cellular response to progesterone stimulus","GO:0071393","0.3751944837141111","0.42574355544791276","7","514","1","21026",
"GO:BP","positive regulation of activin receptor signaling pathway","GO:0032927","0.3751944837141111","0.42574355544791276","7","514","1","21026",
"GO:BP","regulation of transporter activity","GO:0032409","0.3752684062901928","0.42565799714140146","182","514","7","21026",
"GO:BP","cardiac cell development","GO:0055006","0.37540012426819885","0.42550558795072974","86","514","4","21026",
"GO:BP","lipid catabolic process","GO:0016042","0.3776826793436705","0.42287293160867045","354","514","12","21026",
"GO:BP","regulation of plasma membrane bounded cell projection organization","GO:0120035","0.37878179145485213","0.4216109062810902","642","514","20","21026",
"GO:BP","regulation of programmed cell death","GO:0043067","0.38142934250661414","0.41858590070129054","1506","514","43","21026",
"GO:BP","negative regulation of viral genome replication","GO:0045071","0.3816209886693254","0.4183677476665746","57","514","3","21026",
"GO:BP","cortical cytoskeleton organization","GO:0030865","0.3816209886693254","0.4183677476665746","57","514","3","21026",
"GO:BP","arachidonate metabolic process","GO:0019369","0.3816209886693254","0.4183677476665746","57","514","3","21026",
"GO:BP","regulation of lipid metabolic process","GO:0019216","0.3816209886693254","0.4183677476665746","320","514","11","21026",
"GO:BP","biological process involved in intraspecies interaction between organisms","GO:0051703","0.3816209886693254","0.4183677476665746","57","514","3","21026",
"GO:BP","regulation of small molecule metabolic process","GO:0062012","0.3816209886693254","0.4183677476665746","320","514","11","21026",
"GO:BP","mast cell degranulation","GO:0043303","0.3816209886693254","0.4183677476665746","57","514","3","21026",
"GO:BP","stress-activated protein kinase signaling cascade","GO:0031098","0.3816209886693254","0.4183677476665746","57","514","3","21026",
"GO:BP","leukocyte proliferation","GO:0070661","0.3816209886693254","0.4183677476665746","355","514","12","21026",
"GO:BP","toll-like receptor 4 signaling pathway","GO:0034142","0.3816209886693254","0.4183677476665746","57","514","3","21026",
"GO:BP","regulation of adaptive immune response","GO:0002819","0.3831050724046298","0.4166820978139542","217","514","8","21026",
"GO:BP","B cell activation","GO:0042113","0.3855572386379118","0.41391113880808794","286","514","10","21026",
"GO:BP","cell-substrate adhesion","GO:0031589","0.3855572386379118","0.41391113880808794","356","514","12","21026",
"GO:BP","regulation of monoatomic ion transmembrane transport","GO:0034765","0.3861273155856177","0.4132694742410511","321","514","11","21026",
"GO:BP","cellular response to low-density lipoprotein particle stimulus","GO:0071404","0.3866340968043968","0.4126998487010807","30","514","2","21026",
"GO:BP","epithelial tube branching involved in lung morphogenesis","GO:0060441","0.3866340968043968","0.4126998487010807","30","514","2","21026",
"GO:BP","collateral sprouting","GO:0048668","0.3866340968043968","0.4126998487010807","30","514","2","21026",
"GO:BP","calcium ion transport into cytosol","GO:0060402","0.3866340968043968","0.4126998487010807","30","514","2","21026",
"GO:BP","negative regulation of organ growth","GO:0046621","0.3866340968043968","0.4126998487010807","30","514","2","21026",
"GO:BP","positive regulation of steroid metabolic process","GO:0045940","0.3866340968043968","0.4126998487010807","30","514","2","21026",
"GO:BP","mitochondrial genome maintenance","GO:0000002","0.3866340968043968","0.4126998487010807","30","514","2","21026",
"GO:BP","prostaglandin transport","GO:0015732","0.3866340968043968","0.4126998487010807","30","514","2","21026",
"GO:BP","heterochromatin formation","GO:0031507","0.3866340968043968","0.4126998487010807","151","514","6","21026",
"GO:BP","phospholipid metabolic process","GO:0006644","0.3866340968043968","0.4126998487010807","392","514","13","21026",
"GO:BP","lymph vessel development","GO:0001945","0.3866340968043968","0.4126998487010807","30","514","2","21026",
"GO:BP","gamma-aminobutyric acid signaling pathway","GO:0007214","0.3866340968043968","0.4126998487010807","30","514","2","21026",
"GO:BP","positive regulation of sodium ion transport","GO:0010765","0.3866340968043968","0.4126998487010807","30","514","2","21026",
"GO:BP","dephosphorylation","GO:0016311","0.38700985833104457","0.4122779720243896","218","514","8","21026",
"GO:BP","response to dsRNA","GO:0043331","0.39141303173622455","0.4073647190027107","58","514","3","21026",
"GO:BP","eye photoreceptor cell differentiation","GO:0001754","0.39141303173622455","0.4073647190027107","58","514","3","21026",
"GO:BP","diterpenoid metabolic process","GO:0016101","0.39141303173622455","0.4073647190027107","88","514","4","21026",
"GO:BP","cell cycle checkpoint signaling","GO:0000075","0.39141303173622455","0.4073647190027107","185","514","7","21026",
"GO:BP","Fc receptor signaling pathway","GO:0038093","0.39141303173622455","0.4073647190027107","58","514","3","21026",
"GO:BP","ovarian follicle development","GO:0001541","0.39141303173622455","0.4073647190027107","58","514","3","21026",
"GO:BP","visual behavior","GO:0007632","0.39141303173622455","0.4073647190027107","58","514","3","21026",
"GO:BP","organic acid transmembrane transport","GO:1903825","0.3920243188771206","0.4066869910750925","152","514","6","21026",
"GO:BP","epithelial cell development","GO:0002064","0.3922442097600555","0.40644345867236353","219","514","8","21026",
"GO:BP","organic acid biosynthetic process","GO:0016053","0.3931127628726436","0.4054828560649685","323","514","11","21026",
"GO:BP","regulation of DNA replication","GO:0006275","0.39569579309772823","0.40263856697975114","120","514","5","21026",
"GO:BP","negative regulation of defense response","GO:0031348","0.39654160338709227","0.4017112417042692","254","514","9","21026",
"GO:BP","regulation of sarcomere organization","GO:0060297","0.3969947720186172","0.40121521237647145","8","514","1","21026",
"GO:BP","metanephros morphogenesis","GO:0003338","0.3969947720186172","0.40121521237647145","31","514","2","21026",
"GO:BP","endothelial cell fate commitment","GO:0060839","0.3969947720186172","0.40121521237647145","8","514","1","21026",
"GO:BP","glutamate catabolic process","GO:0006538","0.3969947720186172","0.40121521237647145","8","514","1","21026",
"GO:BP","heme B metabolic process","GO:0046492","0.3969947720186172","0.40121521237647145","8","514","1","21026",
"GO:BP","DNA replication, synthesis of primer","GO:0006269","0.3969947720186172","0.40121521237647145","8","514","1","21026",
"GO:BP","positive regulation of fear response","GO:1903367","0.3969947720186172","0.40121521237647145","8","514","1","21026",
"GO:BP","regulation of lens fiber cell differentiation","GO:1902746","0.3969947720186172","0.40121521237647145","8","514","1","21026",
"GO:BP","regulation of aldosterone metabolic process","GO:0032344","0.3969947720186172","0.40121521237647145","8","514","1","21026",
"GO:BP","lymphatic endothelial cell differentiation","GO:0060836","0.3969947720186172","0.40121521237647145","8","514","1","21026",
"GO:BP","CD4-positive, alpha-beta T cell lineage commitment","GO:0043373","0.3969947720186172","0.40121521237647145","31","514","2","21026",
"GO:BP","mast cell activation involved in immune response","GO:0002279","0.3969947720186172","0.40121521237647145","59","514","3","21026",
"GO:BP","ventricular compact myocardium morphogenesis","GO:0003223","0.3969947720186172","0.40121521237647145","8","514","1","21026",
"GO:BP","regulation of miRNA catabolic process","GO:2000625","0.3969947720186172","0.40121521237647145","8","514","1","21026",
"GO:BP","intracellular protein transport","GO:0006886","0.3969947720186172","0.40121521237647145","686","514","21","21026",
"GO:BP","positive regulation of mitochondrial membrane potential","GO:0010918","0.3969947720186172","0.40121521237647145","8","514","1","21026",
"GO:BP","negative regulation of vascular associated smooth muscle cell differentiation","GO:1905064","0.3969947720186172","0.40121521237647145","8","514","1","21026",
"GO:BP","protein localization to basolateral plasma membrane","GO:1903361","0.3969947720186172","0.40121521237647145","8","514","1","21026",
"GO:BP","postsynaptic density assembly","GO:0097107","0.3969947720186172","0.40121521237647145","31","514","2","21026",
"GO:BP","intermediate filament bundle assembly","GO:0045110","0.3969947720186172","0.40121521237647145","8","514","1","21026",
"GO:BP","oxoacid metabolic process","GO:0043436","0.3969947720186172","0.40121521237647145","909","514","27","21026",
"GO:BP","response to bacterial lipoprotein","GO:0032493","0.3969947720186172","0.40121521237647145","8","514","1","21026",
"GO:BP","aspartate metabolic process","GO:0006531","0.3969947720186172","0.40121521237647145","8","514","1","21026",
"GO:BP","positive regulation of microtubule nucleation","GO:0090063","0.3969947720186172","0.40121521237647145","8","514","1","21026",
"GO:BP","thiamine transport","GO:0015888","0.3969947720186172","0.40121521237647145","8","514","1","21026",
"GO:BP","regulation of mast cell chemotaxis","GO:0060753","0.3969947720186172","0.40121521237647145","8","514","1","21026",
"GO:BP","mitotic sister chromatid cohesion","GO:0007064","0.3969947720186172","0.40121521237647145","31","514","2","21026",
"GO:BP","response to monosaccharide","GO:0034284","0.3969947720186172","0.40121521237647145","220","514","8","21026",
"GO:BP","positive regulation of chromosome condensation","GO:1905821","0.3969947720186172","0.40121521237647145","8","514","1","21026",
"GO:BP","positive regulation of CoA-transferase activity","GO:1905920","0.3969947720186172","0.40121521237647145","8","514","1","21026",
"GO:BP","cAMP/PKA signal transduction","GO:0141156","0.3969947720186172","0.40121521237647145","8","514","1","21026",
"GO:BP","regulation of synapse structural plasticity","GO:0051823","0.3969947720186172","0.40121521237647145","8","514","1","21026",
"GO:BP","neurotransmitter receptor transport, postsynaptic endosome to lysosome","GO:0098943","0.3969947720186172","0.40121521237647145","8","514","1","21026",
"GO:BP","dichotomous subdivision of an epithelial terminal unit","GO:0060600","0.3969947720186172","0.40121521237647145","8","514","1","21026",
"GO:BP","regionalization","GO:0003002","0.3969947720186172","0.40121521237647145","433","514","14","21026",
"GO:BP","presynaptic active zone organization","GO:1990709","0.3969947720186172","0.40121521237647145","8","514","1","21026",
"GO:BP","peptidyl-amino acid modification","GO:0018193","0.3969947720186172","0.40121521237647145","686","514","21","21026",
"GO:BP","negative regulation of cell cycle process","GO:0010948","0.3969947720186172","0.40121521237647145","289","514","10","21026",
"GO:BP","negative regulation of endothelial cell differentiation","GO:0045602","0.3969947720186172","0.40121521237647145","8","514","1","21026",
"GO:BP","protein localization to plasma membrane","GO:0072659","0.3969947720186172","0.40121521237647145","291","514","10","21026",
"GO:BP","establishment of Golgi localization","GO:0051683","0.3969947720186172","0.40121521237647145","8","514","1","21026",
"GO:BP","regulation of cardiac muscle cell action potential involved in regulation of contraction","GO:0098909","0.3969947720186172","0.40121521237647145","8","514","1","21026",
"GO:BP","positive regulation of cell cycle G2/M phase transition","GO:1902751","0.3969947720186172","0.40121521237647145","31","514","2","21026",
"GO:BP","positive regulation of male gonad development","GO:2000020","0.3969947720186172","0.40121521237647145","8","514","1","21026",
"GO:BP","tube closure","GO:0060606","0.3969947720186172","0.40121521237647145","89","514","4","21026",
"GO:BP","interleukin-1-mediated signaling pathway","GO:0070498","0.3969947720186172","0.40121521237647145","31","514","2","21026",
"GO:BP","membranous septum morphogenesis","GO:0003149","0.3969947720186172","0.40121521237647145","8","514","1","21026",
"GO:BP","heart induction","GO:0003129","0.3969947720186172","0.40121521237647145","8","514","1","21026",
"GO:BP","MHC class I biosynthetic process","GO:0045341","0.3969947720186172","0.40121521237647145","8","514","1","21026",
"GO:BP","icosanoid metabolic process","GO:0006690","0.3969947720186172","0.40121521237647145","122","514","5","21026",
"GO:BP","regulation of MHC class I biosynthetic process","GO:0045343","0.3969947720186172","0.40121521237647145","8","514","1","21026",
"GO:BP","regulation of neuron maturation","GO:0014041","0.3969947720186172","0.40121521237647145","8","514","1","21026",
"GO:BP","positive regulation of action potential","GO:0045760","0.3969947720186172","0.40121521237647145","8","514","1","21026",
"GO:BP","vesicle-mediated transport in synapse","GO:0099003","0.3969947720186172","0.40121521237647145","257","514","9","21026",
"GO:BP","negative regulation of response to tumor cell","GO:0002835","0.3969947720186172","0.40121521237647145","8","514","1","21026",
"GO:BP","negative regulation of immune response to tumor cell","GO:0002838","0.3969947720186172","0.40121521237647145","8","514","1","21026",
"GO:BP","positive regulation of T cell mediated immune response to tumor cell","GO:0002842","0.3969947720186172","0.40121521237647145","8","514","1","21026",
"GO:BP","protein localization to endoplasmic reticulum exit site","GO:0070973","0.3969947720186172","0.40121521237647145","8","514","1","21026",
"GO:BP","regulation of vascular associated smooth muscle contraction","GO:0003056","0.3969947720186172","0.40121521237647145","8","514","1","21026",
"GO:BP","fatty acid elongation, saturated fatty acid","GO:0019367","0.3969947720186172","0.40121521237647145","8","514","1","21026",
"GO:BP","vitamin A metabolic process","GO:0006776","0.3969947720186172","0.40121521237647145","8","514","1","21026",
"GO:BP","clathrin coat disassembly","GO:0072318","0.3969947720186172","0.40121521237647145","8","514","1","21026",
"GO:BP","negative regulation of phosphatase activity","GO:0010923","0.3969947720186172","0.40121521237647145","8","514","1","21026",
"GO:BP","heme B biosynthetic process","GO:0006785","0.3969947720186172","0.40121521237647145","8","514","1","21026",
"GO:BP","glycoside catabolic process","GO:0016139","0.3969947720186172","0.40121521237647145","8","514","1","21026",
"GO:BP","positive regulation of microglial cell activation","GO:1903980","0.3969947720186172","0.40121521237647145","8","514","1","21026",
"GO:BP","chaperone cofactor-dependent protein refolding","GO:0051085","0.3969947720186172","0.40121521237647145","31","514","2","21026",
"GO:BP","regulation of saliva secretion","GO:0046877","0.3969947720186172","0.40121521237647145","8","514","1","21026",
"GO:BP","maintenance of postsynaptic density structure","GO:0099562","0.3969947720186172","0.40121521237647145","8","514","1","21026",
"GO:BP","pronephros development","GO:0048793","0.3969947720186172","0.40121521237647145","8","514","1","21026",
"GO:BP","regulation of endoplasmic reticulum unfolded protein response","GO:1900101","0.3969947720186172","0.40121521237647145","31","514","2","21026",
"GO:BP","hard palate development","GO:0060022","0.3969947720186172","0.40121521237647145","8","514","1","21026",
"GO:BP","negative regulation of calcium ion-dependent exocytosis","GO:0045955","0.3969947720186172","0.40121521237647145","8","514","1","21026",
"GO:BP","negative regulation of complement activation, classical pathway","GO:0045959","0.3969947720186172","0.40121521237647145","8","514","1","21026",
"GO:BP","cobalt ion transport","GO:0006824","0.3969947720186172","0.40121521237647145","8","514","1","21026",
"GO:BP","response to estradiol","GO:0032355","0.3969947720186172","0.40121521237647145","121","514","5","21026",
"GO:BP","neurotransmitter loading into synaptic vesicle","GO:0098700","0.3969947720186172","0.40121521237647145","8","514","1","21026",
"GO:BP","relaxation of smooth muscle","GO:0044557","0.3969947720186172","0.40121521237647145","8","514","1","21026",
"GO:BP","locomotory behavior","GO:0007626","0.3969947720186172","0.40121521237647145","222","514","8","21026",
"GO:BP","lactate transport","GO:0015727","0.3969947720186172","0.40121521237647145","8","514","1","21026",
"GO:BP","endomembrane system organization","GO:0010256","0.3969947720186172","0.40121521237647145","613","514","19","21026",
"GO:BP","tetrahydrobiopterin metabolic process","GO:0046146","0.3969947720186172","0.40121521237647145","8","514","1","21026",
"GO:BP","imidazole-containing compound catabolic process","GO:0052805","0.3969947720186172","0.40121521237647145","8","514","1","21026",
"GO:BP","response to 2,3,7,8-tetrachlorodibenzodioxine","GO:1904612","0.3969947720186172","0.40121521237647145","8","514","1","21026",
"GO:BP","dedifferentiation","GO:0043696","0.3969947720186172","0.40121521237647145","8","514","1","21026",
"GO:BP","cerebellar granule cell differentiation","GO:0021707","0.3969947720186172","0.40121521237647145","8","514","1","21026",
"GO:BP","peptidyl-serine autophosphorylation","GO:0036289","0.3969947720186172","0.40121521237647145","8","514","1","21026",
"GO:BP","cell dedifferentiation","GO:0043697","0.3969947720186172","0.40121521237647145","8","514","1","21026",
"GO:BP","pharyngeal system development","GO:0060037","0.3969947720186172","0.40121521237647145","31","514","2","21026",
"GO:BP","negative regulation of cartilage development","GO:0061037","0.3969947720186172","0.40121521237647145","31","514","2","21026",
"GO:BP","microglial cell migration","GO:1904124","0.3969947720186172","0.40121521237647145","8","514","1","21026",
"GO:BP","glycerolipid metabolic process","GO:0046486","0.3969947720186172","0.40121521237647145","398","514","13","21026",
"GO:BP","regulation of aldosterone biosynthetic process","GO:0032347","0.3969947720186172","0.40121521237647145","8","514","1","21026",
"GO:BP","response to lipoprotein particle","GO:0055094","0.3969947720186172","0.40121521237647145","31","514","2","21026",
"GO:BP","'de novo' AMP biosynthetic process","GO:0044208","0.3969947720186172","0.40121521237647145","8","514","1","21026",
"GO:BP","lactate transmembrane transport","GO:0035873","0.3969947720186172","0.40121521237647145","8","514","1","21026",
"GO:BP","regulation of synaptic transmission, cholinergic","GO:0032222","0.3969947720186172","0.40121521237647145","8","514","1","21026",
"GO:BP","interleukin-33-mediated signaling pathway","GO:0038172","0.3969947720186172","0.40121521237647145","8","514","1","21026",
"GO:BP","regulation of neuromuscular junction development","GO:1904396","0.3969947720186172","0.40121521237647145","8","514","1","21026",
"GO:BP","L-histidine catabolic process","GO:0006548","0.3969947720186172","0.40121521237647145","8","514","1","21026",
"GO:BP","T cell differentiation in thymus","GO:0033077","0.3969947720186172","0.40121521237647145","89","514","4","21026",
"GO:BP","regulation of microglial cell migration","GO:1904139","0.3969947720186172","0.40121521237647145","8","514","1","21026",
"GO:BP","regulation of glucagon secretion","GO:0070092","0.3969947720186172","0.40121521237647145","8","514","1","21026",
"GO:BP","glucagon secretion","GO:0070091","0.3969947720186172","0.40121521237647145","8","514","1","21026",
"GO:BP","regulation of gene expression","GO:0010468","0.3969947720186172","0.40121521237647145","5536","514","145","21026",
"GO:BP","cerebellar granular layer formation","GO:0021684","0.3969947720186172","0.40121521237647145","8","514","1","21026",
"GO:BP","regulation of renal sodium excretion","GO:0035813","0.3969947720186172","0.40121521237647145","8","514","1","21026",
"GO:BP","double-strand break repair via homologous recombination","GO:0000724","0.3969947720186172","0.40121521237647145","188","514","7","21026",
"GO:BP","regulation of dephosphorylation","GO:0035303","0.3969947720186172","0.40121521237647145","31","514","2","21026",
"GO:BP","chromatin remodeling","GO:0006338","0.3969947720186172","0.40121521237647145","725","514","22","21026",
"GO:BP","vesicle-mediated transport to the plasma membrane","GO:0098876","0.39745501820298995","0.4007120153135184","155","514","6","21026",
"GO:BP","regulation of macrophage activation","GO:0043030","0.39784633657859625","0.4002846366252106","60","514","3","21026",
"GO:BP","response to fatty acid","GO:0070542","0.39784633657859625","0.4002846366252106","60","514","3","21026",
"GO:BP","intrinsic apoptotic signaling pathway in response to oxidative stress","GO:0008631","0.39784633657859625","0.4002846366252106","60","514","3","21026",
"GO:BP","interleukin-10 production","GO:0032613","0.39784633657859625","0.4002846366252106","60","514","3","21026",
"GO:BP","regulation of calcium ion transmembrane transporter activity","GO:1901019","0.39784633657859625","0.4002846366252106","60","514","3","21026",
"GO:BP","mast cell mediated immunity","GO:0002448","0.39784633657859625","0.4002846366252106","60","514","3","21026",
"GO:BP","reciprocal homologous recombination","GO:0140527","0.39784633657859625","0.4002846366252106","60","514","3","21026",
"GO:BP","reciprocal meiotic recombination","GO:0007131","0.39784633657859625","0.4002846366252106","60","514","3","21026",
"GO:BP","dendritic spine morphogenesis","GO:0060997","0.39784633657859625","0.4002846366252106","60","514","3","21026",
"GO:BP","receptor clustering","GO:0043113","0.39784633657859625","0.4002846366252106","60","514","3","21026",
"GO:BP","regulation of interleukin-10 production","GO:0032653","0.39784633657859625","0.4002846366252106","60","514","3","21026",
"GO:BP","anterior/posterior axis specification","GO:0009948","0.39784633657859625","0.4002846366252106","60","514","3","21026",
"GO:BP","programmed cell death","GO:0012501","0.39943160120284493","0.3985575787114263","1987","514","55","21026",
"GO:BP","sensory organ morphogenesis","GO:0090596","0.40063233897273104","0.39725399745244777","293","514","10","21026",
"GO:BP","regulation of angiogenesis","GO:0045765","0.40063233897273104","0.39725399745244777","293","514","10","21026",
"GO:BP","actin cytoskeleton organization","GO:0030036","0.40063233897273104","0.39725399745244777","729","514","22","21026",
"GO:BP","cellular response to interleukin-6","GO:0071354","0.4009133475377605","0.39694948461877244","32","514","2","21026",
"GO:BP","thyroid gland development","GO:0030878","0.4009133475377605","0.39694948461877244","32","514","2","21026",
"GO:BP","antigen processing and presentation of peptide antigen via MHC class II","GO:0002495","0.4009133475377605","0.39694948461877244","32","514","2","21026",
"GO:BP","regulation of lysosomal lumen pH","GO:0035751","0.4009133475377605","0.39694948461877244","32","514","2","21026",
"GO:BP","embryonic epithelial tube formation","GO:0001838","0.4009133475377605","0.39694948461877244","123","514","5","21026",
"GO:BP","regulation of metabolic process","GO:0019222","0.4009133475377605","0.39694948461877244","7035","514","182","21026",
"GO:BP","cellular response to vitamin","GO:0071295","0.4009133475377605","0.39694948461877244","32","514","2","21026",
"GO:BP","response to auditory stimulus","GO:0010996","0.4009133475377605","0.39694948461877244","32","514","2","21026",
"GO:BP","positive regulation of cartilage development","GO:0061036","0.4009133475377605","0.39694948461877244","32","514","2","21026",
"GO:BP","associative learning","GO:0008306","0.4009133475377605","0.39694948461877244","91","514","4","21026",
"GO:BP","innate immune response activating cell surface receptor signaling pathway","GO:0002220","0.4009133475377605","0.39694948461877244","91","514","4","21026",
"GO:BP","response to muscle activity","GO:0014850","0.4009133475377605","0.39694948461877244","32","514","2","21026",
"GO:BP","detection of visible light","GO:0009584","0.4009133475377605","0.39694948461877244","32","514","2","21026",
"GO:BP","negative regulation of RNA catabolic process","GO:1902369","0.4009133475377605","0.39694948461877244","91","514","4","21026",
"GO:BP","negative regulation of DNA biosynthetic process","GO:2000279","0.4009133475377605","0.39694948461877244","32","514","2","21026",
"GO:BP","negative regulation of response to stimulus","GO:0048585","0.4017645712181722","0.39602836326433244","1680","514","47","21026",
"GO:BP","calcium ion homeostasis","GO:0055074","0.4018196619072508","0.39596881609722206","329","514","11","21026",
"GO:BP","cell death","GO:0008219","0.4048815967542479","0.39267196294439966","1991","514","55","21026",
"GO:BP","respiratory system development","GO:0060541","0.40700142515782817","0.390404070044812","225","514","8","21026",
"GO:BP","regulation of dendritic spine development","GO:0060998","0.40700142515782817","0.390404070044812","61","514","3","21026",
"GO:BP","negative regulation of supramolecular fiber organization","GO:1902904","0.40700142515782817","0.390404070044812","157","514","6","21026",
"GO:BP","macrophage migration","GO:1905517","0.40700142515782817","0.390404070044812","61","514","3","21026",
"GO:BP","heterotypic cell-cell adhesion","GO:0034113","0.40700142515782817","0.390404070044812","61","514","3","21026",
"GO:BP","regulation of ATP-dependent activity","GO:0043462","0.40700142515782817","0.390404070044812","61","514","3","21026",
"GO:BP","positive regulation of mitotic cell cycle","GO:0045931","0.4072956413578325","0.39009023745726384","124","514","5","21026",
"GO:BP","regulation of cell projection organization","GO:0031344","0.4079641854380823","0.3893779612957247","658","514","20","21026",
"GO:BP","negative regulation of phosphorylation","GO:0042326","0.40824960891195383","0.38907422262916747","260","514","9","21026",
"GO:BP","regulation of embryonic development","GO:0045995","0.40828996449983423","0.3890312946200044","92","514","4","21026",
"GO:BP","macromolecule glycosylation","GO:0043413","0.412596001068327","0.3844749855785126","226","514","8","21026",
"GO:BP","protein glycosylation","GO:0006486","0.412596001068327","0.3844749855785126","226","514","8","21026",
"GO:BP","regulation of viral process","GO:0050792","0.41355820889271017","0.3834633542571789","158","514","6","21026",
"GO:BP","negative regulation of MAPK cascade","GO:0043409","0.41355820889271017","0.3834633542571789","158","514","6","21026",
"GO:BP","B cell differentiation","GO:0030183","0.41355820889271017","0.3834633542571789","158","514","6","21026",
"GO:BP","chondrocyte development","GO:0002063","0.4143750427923925","0.382606409401682","33","514","2","21026",
"GO:BP","mesonephric duct development","GO:0072177","0.4143750427923925","0.382606409401682","9","514","1","21026",
"GO:BP","positive regulation of long-term neuronal synaptic plasticity","GO:0048170","0.4143750427923925","0.382606409401682","9","514","1","21026",
"GO:BP","negative regulation of stress-activated MAPK cascade","GO:0032873","0.4143750427923925","0.382606409401682","9","514","1","21026",
"GO:BP","folic acid transport","GO:0015884","0.4143750427923925","0.382606409401682","9","514","1","21026",
"GO:BP","regulation of RNA stability","GO:0043487","0.4143750427923925","0.382606409401682","193","514","7","21026",
"GO:BP","establishment of sister chromatid cohesion","GO:0034085","0.4143750427923925","0.382606409401682","9","514","1","21026",
"GO:BP","regulation of intestinal cholesterol absorption","GO:0030300","0.4143750427923925","0.382606409401682","9","514","1","21026",
"GO:BP","regulation of maintenance of sister chromatid cohesion","GO:0034091","0.4143750427923925","0.382606409401682","9","514","1","21026",
"GO:BP","heme O biosynthetic process","GO:0048034","0.4143750427923925","0.382606409401682","9","514","1","21026",
"GO:BP","cell proliferation in bone marrow","GO:0071838","0.4143750427923925","0.382606409401682","9","514","1","21026",
"GO:BP","small molecule catabolic process","GO:0044282","0.4143750427923925","0.382606409401682","371","514","12","21026",
"GO:BP","heparan sulfate proteoglycan biosynthetic process","GO:0015012","0.4143750427923925","0.382606409401682","33","514","2","21026",
"GO:BP","alpha-beta T cell lineage commitment","GO:0002363","0.4143750427923925","0.382606409401682","33","514","2","21026",
"GO:BP","heme O metabolic process","GO:0048033","0.4143750427923925","0.382606409401682","9","514","1","21026",
"GO:BP","positive regulation of gonad development","GO:1905941","0.4143750427923925","0.382606409401682","9","514","1","21026",
"GO:BP","regulation of blood vessel endothelial cell migration","GO:0043535","0.4143750427923925","0.382606409401682","93","514","4","21026",
"GO:BP","cholesterol catabolic process","GO:0006707","0.4143750427923925","0.382606409401682","9","514","1","21026",
"GO:BP","positive regulation of blood vessel endothelial cell proliferation involved in sprouting angiogenesis","GO:1903589","0.4143750427923925","0.382606409401682","9","514","1","21026",
"GO:BP","regulation of focal adhesion assembly","GO:0051893","0.4143750427923925","0.382606409401682","63","514","3","21026",
"GO:BP","nutrient storage","GO:0170062","0.4143750427923925","0.382606409401682","93","514","4","21026",
"GO:BP","osteoblast proliferation","GO:0033687","0.4143750427923925","0.382606409401682","33","514","2","21026",
"GO:BP","positive regulation of calcium ion import across plasma membrane","GO:1905665","0.4143750427923925","0.382606409401682","9","514","1","21026",
"GO:BP","protein localization to perinuclear region of cytoplasm","GO:1905719","0.4143750427923925","0.382606409401682","9","514","1","21026",
"GO:BP","mitochondrial fragmentation involved in apoptotic process","GO:0043653","0.4143750427923925","0.382606409401682","9","514","1","21026",
"GO:BP","regulation of protein folding","GO:1903332","0.4143750427923925","0.382606409401682","9","514","1","21026",
"GO:BP","germ cell migration","GO:0008354","0.4143750427923925","0.382606409401682","9","514","1","21026",
"GO:BP","negative regulation of adaptive immune response based on somatic recombination of immune receptors built from immunoglobulin superfamily domains","GO:0002823","0.4143750427923925","0.382606409401682","62","514","3","21026",
"GO:BP","regulation of natural killer cell mediated cytotoxicity directed against tumor cell target","GO:0002858","0.4143750427923925","0.382606409401682","9","514","1","21026",
"GO:BP","cortical microtubule organization","GO:0043622","0.4143750427923925","0.382606409401682","9","514","1","21026",
"GO:BP","regulation of glucocorticoid biosynthetic process","GO:0031946","0.4143750427923925","0.382606409401682","9","514","1","21026",
"GO:BP","telomere maintenance in response to DNA damage","GO:0043247","0.4143750427923925","0.382606409401682","33","514","2","21026",
"GO:BP","cellular response to hydroperoxide","GO:0071447","0.4143750427923925","0.382606409401682","9","514","1","21026",
"GO:BP","axonogenesis involved in innervation","GO:0060385","0.4143750427923925","0.382606409401682","9","514","1","21026",
"GO:BP","positive regulation of myeloid leukocyte differentiation","GO:0002763","0.4143750427923925","0.382606409401682","62","514","3","21026",
"GO:BP","L-glutamate transmembrane transport","GO:0015813","0.4143750427923925","0.382606409401682","33","514","2","21026",
"GO:BP","regulation of mitotic metaphase/anaphase transition","GO:0030071","0.4143750427923925","0.382606409401682","93","514","4","21026",
"GO:BP","protein desumoylation","GO:0016926","0.4143750427923925","0.382606409401682","9","514","1","21026",
"GO:BP","sterol catabolic process","GO:0016127","0.4143750427923925","0.382606409401682","9","514","1","21026",
"GO:BP","primary neural tube formation","GO:0014020","0.4143750427923925","0.382606409401682","94","514","4","21026",
"GO:BP","vesicle uncoating","GO:0072319","0.4143750427923925","0.382606409401682","9","514","1","21026",
"GO:BP","multi-pass transmembrane protein insertion into ER membrane","GO:0160063","0.4143750427923925","0.382606409401682","9","514","1","21026",
"GO:BP","metanephric glomerulus vasculature development","GO:0072239","0.4143750427923925","0.382606409401682","9","514","1","21026",
"GO:BP","regulation of blood-brain barrier permeability","GO:1905603","0.4143750427923925","0.382606409401682","9","514","1","21026",
"GO:BP","positive regulation of NK T cell activation","GO:0051135","0.4143750427923925","0.382606409401682","9","514","1","21026",
"GO:BP","coronary artery morphogenesis","GO:0060982","0.4143750427923925","0.382606409401682","9","514","1","21026",
"GO:BP","carboxylic acid metabolic process","GO:0019752","0.4143750427923925","0.382606409401682","887","514","26","21026",
"GO:BP","positive regulation of T-helper 2 cell cytokine production","GO:2000553","0.4143750427923925","0.382606409401682","9","514","1","21026",
"GO:BP","metanephros development","GO:0001656","0.4143750427923925","0.382606409401682","93","514","4","21026",
"GO:BP","acrosomal vesicle exocytosis","GO:0060478","0.4143750427923925","0.382606409401682","9","514","1","21026",
"GO:BP","positive regulation of sister chromatid cohesion","GO:0045876","0.4143750427923925","0.382606409401682","9","514","1","21026",
"GO:BP","establishment of planar polarity","GO:0001736","0.4143750427923925","0.382606409401682","33","514","2","21026",
"GO:BP","postsynaptic modulation of chemical synaptic transmission","GO:0099170","0.4143750427923925","0.382606409401682","33","514","2","21026",
"GO:BP","chondroitin sulfate proteoglycan biosynthetic process","GO:0050650","0.4143750427923925","0.382606409401682","9","514","1","21026",
"GO:BP","N-acylphosphatidylethanolamine metabolic process","GO:0070292","0.4143750427923925","0.382606409401682","9","514","1","21026",
"GO:BP","ERK1 and ERK2 cascade","GO:0070371","0.4143750427923925","0.382606409401682","299","514","10","21026",
"GO:BP","substrate-dependent cell migration, cell extension","GO:0006930","0.4143750427923925","0.382606409401682","9","514","1","21026",
"GO:BP","alkanesulfonate metabolic process","GO:0019694","0.4143750427923925","0.382606409401682","9","514","1","21026",
"GO:BP","neuronal signal transduction","GO:0023041","0.4143750427923925","0.382606409401682","9","514","1","21026",
"GO:BP","organophosphate metabolic process","GO:0019637","0.4143750427923925","0.382606409401682","1077","514","31","21026",
"GO:BP","establishment of cell polarity","GO:0030010","0.4143750427923925","0.382606409401682","159","514","6","21026",
"GO:BP","serotonin secretion","GO:0001820","0.4143750427923925","0.382606409401682","9","514","1","21026",
"GO:BP","regulation of fever generation","GO:0031620","0.4143750427923925","0.382606409401682","9","514","1","21026",
"GO:BP","regulation of extracellular matrix constituent secretion","GO:0003330","0.4143750427923925","0.382606409401682","9","514","1","21026",
"GO:BP","lipid storage","GO:0019915","0.4143750427923925","0.382606409401682","93","514","4","21026",
"GO:BP","establishment of meiotic spindle localization","GO:0051295","0.4143750427923925","0.382606409401682","9","514","1","21026",
"GO:BP","L-histidine metabolic process","GO:0006547","0.4143750427923925","0.382606409401682","9","514","1","21026",
"GO:BP","response to ketone","GO:1901654","0.4143750427923925","0.382606409401682","229","514","8","21026",
"GO:BP","positive regulation of unsaturated fatty acid biosynthetic process","GO:2001280","0.4143750427923925","0.382606409401682","9","514","1","21026",
"GO:BP","glial cell differentiation","GO:0010001","0.4143750427923925","0.382606409401682","264","514","9","21026",
"GO:BP","microglial cell proliferation","GO:0061518","0.4143750427923925","0.382606409401682","9","514","1","21026",
"GO:BP","hepatic stellate cell activation","GO:0035733","0.4143750427923925","0.382606409401682","9","514","1","21026",
"GO:BP","sulfur amino acid metabolic process","GO:0000096","0.4143750427923925","0.382606409401682","33","514","2","21026",
"GO:BP","rDNA heterochromatin formation","GO:0000183","0.4143750427923925","0.382606409401682","9","514","1","21026",
"GO:BP","positive regulation of microtubule polymerization","GO:0031116","0.4143750427923925","0.382606409401682","33","514","2","21026",
"GO:BP","taurine metabolic process","GO:0019530","0.4143750427923925","0.382606409401682","9","514","1","21026",
"GO:BP","cardiac conduction","GO:0061337","0.4143750427923925","0.382606409401682","94","514","4","21026",
"GO:BP","venous blood vessel morphogenesis","GO:0048845","0.4143750427923925","0.382606409401682","9","514","1","21026",
"GO:BP","developmental induction","GO:0031128","0.4143750427923925","0.382606409401682","33","514","2","21026",
"GO:BP","ATF6-mediated unfolded protein response","GO:0036500","0.4143750427923925","0.382606409401682","9","514","1","21026",
"GO:BP","regulation of cell-substrate junction assembly","GO:0090109","0.4143750427923925","0.382606409401682","63","514","3","21026",
"GO:BP","regulation of vasculature development","GO:1901342","0.4143750427923925","0.382606409401682","299","514","10","21026",
"GO:BP","regulation of heart morphogenesis","GO:2000826","0.4143750427923925","0.382606409401682","9","514","1","21026",
"GO:BP","recombinational repair","GO:0000725","0.4143750427923925","0.382606409401682","193","514","7","21026",
"GO:BP","negative regulation of autophagy","GO:0010507","0.4143750427923925","0.382606409401682","93","514","4","21026",
"GO:BP","negative regulation of striated muscle contraction","GO:0045988","0.4143750427923925","0.382606409401682","9","514","1","21026",
"GO:BP","positive regulation of nervous system process","GO:0031646","0.4143750427923925","0.382606409401682","33","514","2","21026",
"GO:BP","regulation of complement activation, classical pathway","GO:0030450","0.4143750427923925","0.382606409401682","9","514","1","21026",
"GO:BP","cellular response to metal ion","GO:0071248","0.4143750427923925","0.382606409401682","192","514","7","21026",
"GO:BP","mesodermal cell differentiation","GO:0048333","0.4143750427923925","0.382606409401682","33","514","2","21026",
"GO:BP","regulation of mitotic centrosome separation","GO:0046602","0.4143750427923925","0.382606409401682","9","514","1","21026",
"GO:BP","antigen processing and presentation of exogenous peptide antigen via MHC class I","GO:0042590","0.4143750427923925","0.382606409401682","9","514","1","21026",
"GO:BP","DNA-templated DNA replication","GO:0006261","0.4143750427923925","0.382606409401682","160","514","6","21026",
"GO:BP","mRNA pseudouridine synthesis","GO:1990481","0.4143750427923925","0.382606409401682","9","514","1","21026",
"GO:BP","regulation of male gonad development","GO:2000018","0.4143750427923925","0.382606409401682","9","514","1","21026",
"GO:BP","diaphragm development","GO:0060539","0.4143750427923925","0.382606409401682","9","514","1","21026",
"GO:BP","adenylate cyclase-inhibiting G protein-coupled glutamate receptor signaling pathway","GO:0007196","0.4143750427923925","0.382606409401682","9","514","1","21026",
"GO:BP","dense core granule exocytosis","GO:1990504","0.4143750427923925","0.382606409401682","9","514","1","21026",
"GO:BP","mesenchymal stem cell proliferation","GO:0097168","0.4143750427923925","0.382606409401682","9","514","1","21026",
"GO:BP","localization within membrane","GO:0051668","0.4143750427923925","0.382606409401682","924","514","27","21026",
"GO:BP","long-chain fatty acid catabolic process","GO:0042758","0.4143750427923925","0.382606409401682","9","514","1","21026",
"GO:BP","regulation of type B pancreatic cell development","GO:2000074","0.4143750427923925","0.382606409401682","9","514","1","21026",
"GO:BP","protein hexamerization","GO:0034214","0.4143750427923925","0.382606409401682","9","514","1","21026",
"GO:BP","intracellular amino acid homeostasis","GO:0080144","0.4143750427923925","0.382606409401682","9","514","1","21026",
"GO:BP","positive regulation of fibroblast growth factor receptor signaling pathway","GO:0045743","0.4143750427923925","0.382606409401682","9","514","1","21026",
"GO:BP","positive regulation of Wnt signaling pathway, planar cell polarity pathway","GO:2000096","0.4143750427923925","0.382606409401682","9","514","1","21026",
"GO:BP","establishment of tissue polarity","GO:0007164","0.4143750427923925","0.382606409401682","33","514","2","21026",
"GO:BP","regulation of maintenance of mitotic sister chromatid cohesion","GO:0034182","0.4143750427923925","0.382606409401682","9","514","1","21026",
"GO:BP","lymphocyte activation","GO:0046649","0.4143750427923925","0.382606409401682","814","514","24","21026",
"GO:BP","regulation of leukocyte mediated cytotoxicity","GO:0001910","0.4143750427923925","0.382606409401682","93","514","4","21026",
"GO:BP","translational initiation","GO:0006413","0.41502225659513475","0.38192861254750005","127","514","5","21026",
"GO:BP","macromolecule methylation","GO:0043414","0.41502225659513475","0.38192861254750005","127","514","5","21026",
"GO:BP","mammary gland duct morphogenesis","GO:0060603","0.41614482570903494","0.3807555009589057","34","514","2","21026",
"GO:BP","heart formation","GO:0060914","0.41614482570903494","0.3807555009589057","34","514","2","21026",
"GO:BP","import across plasma membrane","GO:0098739","0.41614482570903494","0.3807555009589057","195","514","7","21026",
"GO:BP","regulation of spindle assembly","GO:0090169","0.41614482570903494","0.3807555009589057","34","514","2","21026",
"GO:BP","relaxation of muscle","GO:0090075","0.41614482570903494","0.3807555009589057","34","514","2","21026",
"GO:BP","positive regulation of natural killer cell mediated immunity","GO:0002717","0.41614482570903494","0.3807555009589057","34","514","2","21026",
"GO:BP","positive regulation of cyclin-dependent protein serine/threonine kinase activity","GO:0045737","0.41614482570903494","0.3807555009589057","34","514","2","21026",
"GO:BP","peptidyl-cysteine modification","GO:0018198","0.41614482570903494","0.3807555009589057","34","514","2","21026",
"GO:BP","nucleus localization","GO:0051647","0.41614482570903494","0.3807555009589057","34","514","2","21026",
"GO:BP","regulation of cardiac muscle cell contraction","GO:0086004","0.41614482570903494","0.3807555009589057","34","514","2","21026",
"GO:BP","regulation of neurotransmitter receptor activity","GO:0099601","0.41614482570903494","0.3807555009589057","34","514","2","21026",
"GO:BP","positive regulation of potassium ion transmembrane transport","GO:1901381","0.41614482570903494","0.3807555009589057","34","514","2","21026",
"GO:BP","cytokine-mediated signaling pathway","GO:0019221","0.4176865276273936","0.37914953256691375","518","514","16","21026",
"GO:BP","negative regulation of developmental growth","GO:0048640","0.4189334598029836","0.37785495158081617","95","514","4","21026",
"GO:BP","response to lipid","GO:0033993","0.4197472519650751","0.3770121384545012","930","514","27","21026",
"GO:BP","heart morphogenesis","GO:0003007","0.42300543899975995","0.3736540484348947","266","514","9","21026",
"GO:BP","regulation of neuron projection development","GO:0010975","0.42300543899975995","0.3736540484348947","446","514","14","21026",
"GO:BP","regulation of microtubule polymerization","GO:0031113","0.42339449520073186","0.3732547927962656","64","514","3","21026",
"GO:BP","positive regulation of synapse assembly","GO:0051965","0.42339449520073186","0.3732547927962656","64","514","3","21026",
"GO:BP","regulation of muscle system process","GO:0090257","0.42339449520073186","0.3732547927962656","231","514","8","21026",
"GO:BP","protein homotetramerization","GO:0051289","0.42339449520073186","0.3732547927962656","64","514","3","21026",
"GO:BP","regulation of lipid catabolic process","GO:0050994","0.42339449520073186","0.3732547927962656","64","514","3","21026",
"GO:BP","olefinic compound metabolic process","GO:0120254","0.4234402909078178","0.3732078206519278","162","514","6","21026",
"GO:BP","carbohydrate derivative biosynthetic process","GO:1901137","0.4245165323555953","0.3721053919429991","594","514","18","21026",
"GO:BP","regulation of metal ion transport","GO:0010959","0.4251854406044393","0.37142161520567707","374","514","12","21026",
"GO:BP","regulation of potassium ion transport","GO:0043266","0.42681299303799924","0.36976236825690173","96","514","4","21026",
"GO:BP","regulation of metaphase/anaphase transition of cell cycle","GO:1902099","0.42681299303799924","0.36976236825690173","96","514","4","21026",
"GO:BP","RNA 3'-end processing","GO:0031123","0.42681299303799924","0.36976236825690173","96","514","4","21026",
"GO:BP","catabolic process","GO:0009056","0.42681299303799924","0.36976236825690173","2639","514","71","21026",
"GO:BP","cell-substrate junction assembly","GO:0007044","0.42681299303799924","0.36976236825690173","96","514","4","21026",
"GO:BP","gastrulation","GO:0007369","0.42728638238922473","0.36928094792105715","197","514","7","21026",
"GO:BP","negative regulation of establishment of protein localization","GO:1904950","0.4277098933669351","0.36885070395180664","129","514","5","21026",
"GO:BP","forebrain neuron development","GO:0021884","0.4277424175360505","0.3688176803290936","36","514","2","21026",
"GO:BP","succinyl-CoA metabolic process","GO:0006104","0.4277424175360505","0.3688176803290936","10","514","1","21026",
"GO:BP","regulation of leukocyte migration","GO:0002685","0.4277424175360505","0.3688176803290936","234","514","8","21026",
"GO:BP","positive regulation of JNK cascade","GO:0046330","0.4277424175360505","0.3688176803290936","97","514","4","21026",
"GO:BP","regulation of endothelial cell differentiation","GO:0045601","0.4277424175360505","0.3688176803290936","35","514","2","21026",
"GO:BP","postsynaptic membrane assembly","GO:0097104","0.4277424175360505","0.3688176803290936","10","514","1","21026",
"GO:BP","mannose metabolic process","GO:0006013","0.4277424175360505","0.3688176803290936","10","514","1","21026",
"GO:BP","positive regulation of cyclin-dependent protein kinase activity","GO:1904031","0.4277424175360505","0.3688176803290936","36","514","2","21026",
"GO:BP","negative regulation of hormone biosynthetic process","GO:0032353","0.4277424175360505","0.3688176803290936","10","514","1","21026",
"GO:BP","endosome organization","GO:0007032","0.4277424175360505","0.3688176803290936","98","514","4","21026",
"GO:BP","regulation of striated muscle contraction","GO:0006942","0.4277424175360505","0.3688176803290936","97","514","4","21026",
"GO:BP","negative regulation of voltage-gated calcium channel activity","GO:1901386","0.4277424175360505","0.3688176803290936","10","514","1","21026",
"GO:BP","hindbrain radial glia guided cell migration","GO:0021932","0.4277424175360505","0.3688176803290936","10","514","1","21026",
"GO:BP","cerebellar granular layer morphogenesis","GO:0021683","0.4277424175360505","0.3688176803290936","10","514","1","21026",
"GO:BP","negative regulation of signal transduction by p53 class mediator","GO:1901797","0.4277424175360505","0.3688176803290936","35","514","2","21026",
"GO:BP","presynaptic membrane assembly","GO:0097105","0.4277424175360505","0.3688176803290936","10","514","1","21026",
"GO:BP","glucosamine-containing compound catabolic process","GO:1901072","0.4277424175360505","0.3688176803290936","10","514","1","21026",
"GO:BP","regulation of glomerular mesangial cell proliferation","GO:0072124","0.4277424175360505","0.3688176803290936","10","514","1","21026",
"GO:BP","negative regulation of signaling","GO:0023057","0.4277424175360505","0.3688176803290936","1435","514","40","21026",
"GO:BP","positive regulation of adaptive immune response based on somatic recombination of immune receptors built from immunoglobulin superfamily domains","GO:0002824","0.4277424175360505","0.3688176803290936","130","514","5","21026",
"GO:BP","GDP-mannose metabolic process","GO:0019673","0.4277424175360505","0.3688176803290936","10","514","1","21026",
"GO:BP","regulation of natural killer cell mediated immune response to tumor cell","GO:0002855","0.4277424175360505","0.3688176803290936","10","514","1","21026",
"GO:BP","tertiary alcohol biosynthetic process","GO:1902645","0.4277424175360505","0.3688176803290936","10","514","1","21026",
"GO:BP","postsynaptic density protein 95 clustering","GO:0097119","0.4277424175360505","0.3688176803290936","10","514","1","21026",
"GO:BP","calcium-mediated signaling","GO:0019722","0.4277424175360505","0.3688176803290936","234","514","8","21026",
"GO:BP","immune response-regulating cell surface receptor signaling pathway","GO:0002768","0.4277424175360505","0.3688176803290936","341","514","11","21026",
"GO:BP","vesicle docking involved in exocytosis","GO:0006904","0.4277424175360505","0.3688176803290936","36","514","2","21026",
"GO:BP","signal transduction by p53 class mediator","GO:0072331","0.4277424175360505","0.3688176803290936","164","514","6","21026",
"GO:BP","regulation of muscle contraction","GO:0006937","0.4277424175360505","0.3688176803290936","165","514","6","21026",
"GO:BP","regulation of hydrogen peroxide-mediated programmed cell death","GO:1901298","0.4277424175360505","0.3688176803290936","10","514","1","21026",
"GO:BP","regulation of organelle transport along microtubule","GO:1902513","0.4277424175360505","0.3688176803290936","10","514","1","21026",
"GO:BP","cardiac neural crest cell migration involved in outflow tract morphogenesis","GO:0003253","0.4277424175360505","0.3688176803290936","10","514","1","21026",
"GO:BP","phosphatidylinositol phosphate biosynthetic process","GO:0046854","0.4277424175360505","0.3688176803290936","65","514","3","21026",
"GO:BP","vesicle targeting","GO:0006903","0.4277424175360505","0.3688176803290936","66","514","3","21026",
"GO:BP","amino acid neurotransmitter reuptake","GO:0051933","0.4277424175360505","0.3688176803290936","10","514","1","21026",
"GO:BP","positive regulation of nucleocytoplasmic transport","GO:0046824","0.4277424175360505","0.3688176803290936","65","514","3","21026",
"GO:BP","regulation of protein export from nucleus","GO:0046825","0.4277424175360505","0.3688176803290936","36","514","2","21026",
"GO:BP","intracellular calcium ion homeostasis","GO:0006874","0.4277424175360505","0.3688176803290936","304","514","10","21026",
"GO:BP","adenylate cyclase-inhibiting serotonin receptor signaling pathway","GO:0007198","0.4277424175360505","0.3688176803290936","10","514","1","21026",
"GO:BP","endoplasmic reticulum localization","GO:0051643","0.4277424175360505","0.3688176803290936","10","514","1","21026",
"GO:BP","negative regulation of phosphate metabolic process","GO:0045936","0.4277424175360505","0.3688176803290936","304","514","10","21026",
"GO:BP","glutamine transport","GO:0006868","0.4277424175360505","0.3688176803290936","10","514","1","21026",
"GO:BP","regulation of transmembrane receptor protein serine/threonine kinase signaling pathway","GO:0090092","0.4277424175360505","0.3688176803290936","268","514","9","21026",
"GO:BP","ketone body metabolic process","GO:1902224","0.4277424175360505","0.3688176803290936","10","514","1","21026",
"GO:BP","regulation of synapse assembly","GO:0051963","0.4277424175360505","0.3688176803290936","165","514","6","21026",
"GO:BP","negative regulation of miRNA processing","GO:1903799","0.4277424175360505","0.3688176803290936","10","514","1","21026",
"GO:BP","vesicle transport along actin filament","GO:0030050","0.4277424175360505","0.3688176803290936","10","514","1","21026",
"GO:BP","dendrite extension","GO:0097484","0.4277424175360505","0.3688176803290936","36","514","2","21026",
"GO:BP","metaphase/anaphase transition of mitotic cell cycle","GO:0007091","0.4277424175360505","0.3688176803290936","97","514","4","21026",
"GO:BP","protein tetramerization","GO:0051262","0.4277424175360505","0.3688176803290936","98","514","4","21026",
"GO:BP","regulation of prostaglandin biosynthetic process","GO:0031392","0.4277424175360505","0.3688176803290936","10","514","1","21026",
"GO:BP","histamine secretion by mast cell","GO:0002553","0.4277424175360505","0.3688176803290936","10","514","1","21026",
"GO:BP","regulation of epithelial cell proliferation involved in prostate gland development","GO:0060768","0.4277424175360505","0.3688176803290936","10","514","1","21026",
"GO:BP","positive regulation of response to cytokine stimulus","GO:0060760","0.4277424175360505","0.3688176803290936","66","514","3","21026",
"GO:BP","cortisol biosynthetic process","GO:0034651","0.4277424175360505","0.3688176803290936","10","514","1","21026",
"GO:BP","glycosphingolipid metabolic process","GO:0006687","0.4277424175360505","0.3688176803290936","65","514","3","21026",
"GO:BP","cholesterol import","GO:0070508","0.4277424175360505","0.3688176803290936","10","514","1","21026",
"GO:BP","negative regulation of DNA-templated DNA replication","GO:2000104","0.4277424175360505","0.3688176803290936","10","514","1","21026",
"GO:BP","positive regulation of heat generation","GO:0031652","0.4277424175360505","0.3688176803290936","10","514","1","21026",
"GO:BP","RISC complex assembly","GO:0070922","0.4277424175360505","0.3688176803290936","10","514","1","21026",
"GO:BP","regulation of ER to Golgi vesicle-mediated transport","GO:0060628","0.4277424175360505","0.3688176803290936","10","514","1","21026",
"GO:BP","negative regulation of cell-cell adhesion mediated by cadherin","GO:2000048","0.4277424175360505","0.3688176803290936","10","514","1","21026",
"GO:BP","cellular response to lipoteichoic acid","GO:0071223","0.4277424175360505","0.3688176803290936","10","514","1","21026",
"GO:BP","cellular response to manganese ion","GO:0071287","0.4277424175360505","0.3688176803290936","10","514","1","21026",
"GO:BP","prostate glandular acinus development","GO:0060525","0.4277424175360505","0.3688176803290936","10","514","1","21026",
"GO:BP","cytosolic ribosome assembly","GO:0042256","0.4277424175360505","0.3688176803290936","10","514","1","21026",
"GO:BP","retrograde trans-synaptic signaling","GO:0098917","0.4277424175360505","0.3688176803290936","10","514","1","21026",
"GO:BP","organelle fusion","GO:0048284","0.4277424175360505","0.3688176803290936","165","514","6","21026",
"GO:BP","epithelial cell proliferation involved in lung morphogenesis","GO:0060502","0.4277424175360505","0.3688176803290936","10","514","1","21026",
"GO:BP","nucleolar chromatin organization","GO:1990700","0.4277424175360505","0.3688176803290936","10","514","1","21026",
"GO:BP","cellular response to brain-derived neurotrophic factor stimulus","GO:1990416","0.4277424175360505","0.3688176803290936","10","514","1","21026",
"GO:BP","mRNA 3'-end processing by stem-loop binding and cleavage","GO:0006398","0.4277424175360505","0.3688176803290936","10","514","1","21026",
"GO:BP","cellular response to follicle-stimulating hormone stimulus","GO:0071372","0.4277424175360505","0.3688176803290936","10","514","1","21026",
"GO:BP","lung saccule development","GO:0060430","0.4277424175360505","0.3688176803290936","10","514","1","21026",
"GO:BP","intrinsic apoptotic signaling pathway in response to osmotic stress","GO:0008627","0.4277424175360505","0.3688176803290936","10","514","1","21026",
"GO:BP","cellular response to oxygen levels","GO:0071453","0.4277424175360505","0.3688176803290936","165","514","6","21026",
"GO:BP","adult feeding behavior","GO:0008343","0.4277424175360505","0.3688176803290936","10","514","1","21026",
"GO:BP","regulation of neuroinflammatory response","GO:0150077","0.4277424175360505","0.3688176803290936","35","514","2","21026",
"GO:BP","zinc ion import across plasma membrane","GO:0071578","0.4277424175360505","0.3688176803290936","10","514","1","21026",
"GO:BP","CD4-positive or CD8-positive, alpha-beta T cell lineage commitment","GO:0043369","0.4277424175360505","0.3688176803290936","35","514","2","21026",
"GO:BP","prostatic bud formation","GO:0060513","0.4277424175360505","0.3688176803290936","10","514","1","21026",
"GO:BP","negative regulation of cell communication","GO:0010648","0.4277424175360505","0.3688176803290936","1436","514","40","21026",
"GO:BP","response to lipoteichoic acid","GO:0070391","0.4277424175360505","0.3688176803290936","10","514","1","21026",
"GO:BP","response to steroid hormone","GO:0048545","0.4277424175360505","0.3688176803290936","340","514","11","21026",
"GO:BP","sebaceous gland development","GO:0048733","0.4277424175360505","0.3688176803290936","10","514","1","21026",
"GO:BP","regulation of microtubule polymerization or depolymerization","GO:0031110","0.4277424175360505","0.3688176803290936","98","514","4","21026",
"GO:BP","very long-chain fatty acid metabolic process","GO:0000038","0.4277424175360505","0.3688176803290936","35","514","2","21026",
"GO:BP","dorsal aorta development","GO:0035907","0.4277424175360505","0.3688176803290936","10","514","1","21026",
"GO:BP","natural killer cell chemotaxis","GO:0035747","0.4277424175360505","0.3688176803290936","10","514","1","21026",
"GO:BP","regulation of B cell proliferation","GO:0030888","0.4277424175360505","0.3688176803290936","66","514","3","21026",
"GO:BP","trans-synaptic signaling by endocannabinoid","GO:0099542","0.4277424175360505","0.3688176803290936","10","514","1","21026",
"GO:BP","trans-synaptic signaling by lipid","GO:0099541","0.4277424175360505","0.3688176803290936","10","514","1","21026",
"GO:BP","CAMKK-AMPK signaling cascade","GO:0061762","0.4277424175360505","0.3688176803290936","10","514","1","21026",
"GO:BP","positive regulation of collateral sprouting","GO:0048672","0.4277424175360505","0.3688176803290936","10","514","1","21026",
"GO:BP","cellular response to interferon-alpha","GO:0035457","0.4277424175360505","0.3688176803290936","10","514","1","21026",
"GO:BP","response to interferon-beta","GO:0035456","0.4277424175360505","0.3688176803290936","35","514","2","21026",
"GO:BP","neuron fate determination","GO:0048664","0.4277424175360505","0.3688176803290936","10","514","1","21026",
"GO:BP","intracellular triglyceride homeostasis","GO:0035356","0.4277424175360505","0.3688176803290936","10","514","1","21026",
"GO:BP","positive regulation of animal organ morphogenesis","GO:0110110","0.4277424175360505","0.3688176803290936","35","514","2","21026",
"GO:BP","retina vasculature morphogenesis in camera-type eye","GO:0061299","0.4277424175360505","0.3688176803290936","10","514","1","21026",
"GO:BP","regulation of glucocorticoid secretion","GO:2000849","0.4277424175360505","0.3688176803290936","10","514","1","21026",
"GO:BP","negative regulation of dephosphorylation","GO:0035305","0.4277424175360505","0.3688176803290936","10","514","1","21026",
"GO:BP","phosphatidylethanolamine biosynthetic process","GO:0006646","0.4277424175360505","0.3688176803290936","10","514","1","21026",
"GO:BP","regulation of chemokine-mediated signaling pathway","GO:0070099","0.4277424175360505","0.3688176803290936","10","514","1","21026",
"GO:BP","negative regulation of cytoplasmic translation","GO:2000766","0.4277424175360505","0.3688176803290936","10","514","1","21026",
"GO:BP","hindlimb morphogenesis","GO:0035137","0.4277424175360505","0.3688176803290936","36","514","2","21026",
"GO:BP","negative regulation of phosphorus metabolic process","GO:0010563","0.4277424175360505","0.3688176803290936","304","514","10","21026",
"GO:BP","regulation of meiotic nuclear division","GO:0040020","0.4277424175360505","0.3688176803290936","35","514","2","21026",
"GO:BP","multicellular organismal-level homeostasis","GO:0048871","0.4277424175360505","0.3688176803290936","825","514","24","21026",
"GO:BP","oocyte maturation","GO:0001556","0.4277424175360505","0.3688176803290936","36","514","2","21026",
"GO:BP","positive regulation of miRNA metabolic process","GO:2000630","0.4277424175360505","0.3688176803290936","65","514","3","21026",
"GO:BP","negative regulation of thymocyte apoptotic process","GO:0070244","0.4277424175360505","0.3688176803290936","10","514","1","21026",
"GO:BP","negative regulation of stress-activated protein kinase signaling cascade","GO:0070303","0.4277424175360505","0.3688176803290936","10","514","1","21026",
"GO:BP","monocyte differentiation","GO:0030224","0.4277424175360505","0.3688176803290936","35","514","2","21026",
"GO:BP","neurotransmitter reuptake","GO:0098810","0.4277424175360505","0.3688176803290936","35","514","2","21026",
"GO:BP","positive regulation of lipopolysaccharide-mediated signaling pathway","GO:0031666","0.4277424175360505","0.3688176803290936","10","514","1","21026",
"GO:BP","embryonic eye morphogenesis","GO:0048048","0.4277424175360505","0.3688176803290936","35","514","2","21026",
"GO:BP","vagina development","GO:0060068","0.4277424175360505","0.3688176803290936","10","514","1","21026",
"GO:BP","positive regulation of epithelial cell proliferation involved in wound healing","GO:0060054","0.4277424175360505","0.3688176803290936","10","514","1","21026",
"GO:BP","negative regulation of blood vessel endothelial cell migration","GO:0043537","0.4277424175360505","0.3688176803290936","35","514","2","21026",
"GO:BP","neurofilament cytoskeleton organization","GO:0060052","0.4277424175360505","0.3688176803290936","10","514","1","21026",
"GO:BP","natural killer cell mediated cytotoxicity directed against tumor cell target","GO:0002420","0.4277424175360505","0.3688176803290936","10","514","1","21026",
"GO:BP","regulation of protein localization to chromosome, telomeric region","GO:1904814","0.4277424175360505","0.3688176803290936","10","514","1","21026",
"GO:BP","response to vitamin E","GO:0033197","0.4277424175360505","0.3688176803290936","10","514","1","21026",
"GO:BP","bicarbonate transport","GO:0015701","0.4277424175360505","0.3688176803290936","36","514","2","21026",
"GO:BP","negative regulation of cardiac muscle cell proliferation","GO:0060044","0.4277424175360505","0.3688176803290936","10","514","1","21026",
"GO:BP","positive regulation of ubiquitin protein ligase activity","GO:1904668","0.4277424175360505","0.3688176803290936","10","514","1","21026",
"GO:BP","negative regulation of ubiquitin protein ligase activity","GO:1904667","0.4277424175360505","0.3688176803290936","10","514","1","21026",
"GO:BP","histamine secretion involved in inflammatory response","GO:0002441","0.4277424175360505","0.3688176803290936","10","514","1","21026",
"GO:BP","amine transport","GO:0015837","0.4277424175360505","0.3688176803290936","97","514","4","21026",
"GO:BP","antigen processing and presentation of peptide or polysaccharide antigen via MHC class II","GO:0002504","0.4277424175360505","0.3688176803290936","36","514","2","21026",
"GO:BP","protoporphyrinogen IX biosynthetic process","GO:0006782","0.4277424175360505","0.3688176803290936","10","514","1","21026",
"GO:BP","DNA integration","GO:0015074","0.4277424175360505","0.3688176803290936","10","514","1","21026",
"GO:BP","histamine production involved in inflammatory response","GO:0002349","0.4277424175360505","0.3688176803290936","10","514","1","21026",
"GO:BP","meiotic cell cycle checkpoint signaling","GO:0033313","0.4277424175360505","0.3688176803290936","10","514","1","21026",
"GO:BP","negative regulation of DNA-binding transcription factor activity","GO:0043433","0.4277424175360505","0.3688176803290936","130","514","5","21026",
"GO:BP","myotube differentiation","GO:0014902","0.4277424175360505","0.3688176803290936","131","514","5","21026",
"GO:BP","cellular response to hormone stimulus","GO:0032870","0.4278100227628019","0.3687490449641433","638","514","19","21026",
"GO:BP","protein localization to membrane","GO:0072657","0.4299410594297757","0.36659107772020894","827","514","24","21026",
"GO:BP","regulation of tumor necrosis factor production","GO:0032680","0.43068502322285435","0.36584023026842283","166","514","6","21026",
"GO:BP","protein import into nucleus","GO:0006606","0.43068502322285435","0.36584023026842283","166","514","6","21026",
"GO:BP","tumor necrosis factor production","GO:0032640","0.43068502322285435","0.36584023026842283","166","514","6","21026",
"GO:BP","negative regulation of translation","GO:0017148","0.43129852101653793","0.3652220311085294","132","514","5","21026",
"GO:BP","cerebral cortex development","GO:0021987","0.43129852101653793","0.3652220311085294","132","514","5","21026",
"GO:BP","response to oxygen levels","GO:0070482","0.43329062235687155","0.36322071023342023","344","514","11","21026",
"GO:BP","negative regulation of extrinsic apoptotic signaling pathway","GO:2001237","0.43392264099963634","0.36258768887821996","99","514","4","21026",
"GO:BP","sulfur compound metabolic process","GO:0006790","0.43392264099963634","0.36258768887821996","308","514","10","21026",
"GO:BP","terpenoid metabolic process","GO:0006721","0.43392264099963634","0.36258768887821996","99","514","4","21026",
"GO:BP","negative regulation of adaptive immune response","GO:0002820","0.43580935222862305","0.36070345426942335","67","514","3","21026",
"GO:BP","regulation of smooth muscle cell migration","GO:0014910","0.43580935222862305","0.36070345426942335","67","514","3","21026",
"GO:BP","positive regulation of leukocyte mediated cytotoxicity","GO:0001912","0.43580935222862305","0.36070345426942335","67","514","3","21026",
"GO:BP","regulation of insulin receptor signaling pathway","GO:0046626","0.43580935222862305","0.36070345426942335","67","514","3","21026",
"GO:BP","endothelial cell development","GO:0001885","0.43580935222862305","0.36070345426942335","67","514","3","21026",
"GO:BP","protein localization to cell surface","GO:0034394","0.43580935222862305","0.36070345426942335","67","514","3","21026",
"GO:BP","nucleobase-containing compound transport","GO:0015931","0.43582332961977305","0.3606895256869487","237","514","8","21026",
"GO:BP","regulation of calcium ion transmembrane transport","GO:1903169","0.43614528258859314","0.36036882055562364","167","514","6","21026",
"GO:BP","positive regulation of monoatomic ion transport","GO:0043270","0.4373134351882506","0.35920718001052704","202","514","7","21026",
"GO:BP","regulation of growth","GO:0040008","0.4379774944023394","0.3585482052675739","604","514","18","21026",
"GO:BP","positive regulation of ATP metabolic process","GO:1903580","0.43970464146154264","0.35683895000345306","37","514","2","21026",
"GO:BP","regulation of NLRP3 inflammasome complex assembly","GO:1900225","0.43970464146154264","0.35683895000345306","37","514","2","21026",
"GO:BP","regulation of membrane repolarization","GO:0060306","0.43970464146154264","0.35683895000345306","37","514","2","21026",
"GO:BP","negative regulation of lymphocyte apoptotic process","GO:0070229","0.43970464146154264","0.35683895000345306","37","514","2","21026",
"GO:BP","regulation of presynapse organization","GO:0099174","0.43970464146154264","0.35683895000345306","37","514","2","21026",
"GO:BP","calcium ion import across plasma membrane","GO:0098703","0.43970464146154264","0.35683895000345306","37","514","2","21026",
"GO:BP","DNA replication initiation","GO:0006270","0.43970464146154264","0.35683895000345306","37","514","2","21026",
"GO:BP","exploration behavior","GO:0035640","0.43970464146154264","0.35683895000345306","37","514","2","21026",
"GO:BP","DNA methylation-dependent constitutive heterochromatin formation","GO:0006346","0.43970464146154264","0.35683895000345306","37","514","2","21026",
"GO:BP","response to interleukin-6","GO:0070741","0.43970464146154264","0.35683895000345306","37","514","2","21026",
"GO:BP","hemostasis","GO:0007599","0.43970464146154264","0.35683895000345306","238","514","8","21026",
"GO:BP","protein localization to centrosome","GO:0071539","0.43970464146154264","0.35683895000345306","37","514","2","21026",
"GO:BP","regulation of megakaryocyte differentiation","GO:0045652","0.43970464146154264","0.35683895000345306","37","514","2","21026",
"GO:BP","cellular response to lipoprotein particle stimulus","GO:0071402","0.43970464146154264","0.35683895000345306","37","514","2","21026",
"GO:BP","cellular response to fatty acid","GO:0071398","0.43970464146154264","0.35683895000345306","37","514","2","21026",
"GO:BP","metaphase/anaphase transition of cell cycle","GO:0044784","0.4399531365565789","0.3565935817383804","100","514","4","21026",
"GO:BP","immune response-activating cell surface receptor signaling pathway","GO:0002429","0.44058900912816756","0.35596634089955975","310","514","10","21026",
"GO:BP","negative regulation of secretion","GO:0051048","0.4406587420219701","0.3558976096919981","168","514","6","21026",
"GO:BP","regulation of protein localization to cilium","GO:1903564","0.4427051382985715","0.35388543731239747","11","514","1","21026",
"GO:BP","antigen processing and presentation of exogenous peptide antigen","GO:0002478","0.4427051382985715","0.35388543731239747","38","514","2","21026",
"GO:BP","mitotic spindle midzone assembly","GO:0051256","0.4427051382985715","0.35388543731239747","11","514","1","21026",
"GO:BP","positive regulation of steroid hormone secretion","GO:2000833","0.4427051382985715","0.35388543731239747","11","514","1","21026",
"GO:BP","protein-DNA complex assembly","GO:0065004","0.4427051382985715","0.35388543731239747","241","514","8","21026",
"GO:BP","lung secretory cell differentiation","GO:0061140","0.4427051382985715","0.35388543731239747","11","514","1","21026",
"GO:BP","protein homooligomerization","GO:0051260","0.4427051382985715","0.35388543731239747","204","514","7","21026",
"GO:BP","UV protection","GO:0009650","0.4427051382985715","0.35388543731239747","11","514","1","21026",
"GO:BP","positive regulation of integrin activation","GO:0033625","0.4427051382985715","0.35388543731239747","11","514","1","21026",
"GO:BP","regulation of protein deubiquitination","GO:0090085","0.4427051382985715","0.35388543731239747","11","514","1","21026",
"GO:BP","omega-hydroxylase P450 pathway","GO:0097267","0.4427051382985715","0.35388543731239747","11","514","1","21026",
"GO:BP","positive regulation of vascular associated smooth muscle cell proliferation","GO:1904707","0.4427051382985715","0.35388543731239747","38","514","2","21026",
"GO:BP","positive regulation of cold-induced thermogenesis","GO:0120162","0.4427051382985715","0.35388543731239747","101","514","4","21026",
"GO:BP","MDA-5 signaling pathway","GO:0039530","0.4427051382985715","0.35388543731239747","11","514","1","21026",
"GO:BP","osteoclast proliferation","GO:0002158","0.4427051382985715","0.35388543731239747","11","514","1","21026",
"GO:BP","detection of light stimulus","GO:0009583","0.4427051382985715","0.35388543731239747","68","514","3","21026",
"GO:BP","glomerular mesangial cell proliferation","GO:0072110","0.4427051382985715","0.35388543731239747","11","514","1","21026",
"GO:BP","positive regulation of dendritic cell cytokine production","GO:0002732","0.4427051382985715","0.35388543731239747","11","514","1","21026",
"GO:BP","regulation of heart rate","GO:0002027","0.4427051382985715","0.35388543731239747","101","514","4","21026",
"GO:BP","lymphocyte proliferation","GO:0046651","0.4427051382985715","0.35388543731239747","311","514","10","21026",
"GO:BP","organic anion transport","GO:0015711","0.4427051382985715","0.35388543731239747","459","514","14","21026",
"GO:BP","protein deneddylation","GO:0000338","0.4427051382985715","0.35388543731239747","11","514","1","21026",
"GO:BP","positive regulation of glial cell migration","GO:1903977","0.4427051382985715","0.35388543731239747","11","514","1","21026",
"GO:BP","Bergmann glial cell differentiation","GO:0060020","0.4427051382985715","0.35388543731239747","11","514","1","21026",
"GO:BP","urogenital system development","GO:0001655","0.4427051382985715","0.35388543731239747","68","514","3","21026",
"GO:BP","neutrophil differentiation","GO:0030223","0.4427051382985715","0.35388543731239747","11","514","1","21026",
"GO:BP","negative regulation of excitatory postsynaptic potential","GO:0090394","0.4427051382985715","0.35388543731239747","11","514","1","21026",
"GO:BP","bone resorption","GO:0045453","0.4427051382985715","0.35388543731239747","68","514","3","21026",
"GO:BP","establishment of endothelial intestinal barrier","GO:0090557","0.4427051382985715","0.35388543731239747","11","514","1","21026",
"GO:BP","antigen processing and presentation of peptide antigen","GO:0048002","0.4427051382985715","0.35388543731239747","68","514","3","21026",
"GO:BP","lipid glycosylation","GO:0030259","0.4427051382985715","0.35388543731239747","11","514","1","21026",
"GO:BP","presynaptic membrane organization","GO:0097090","0.4427051382985715","0.35388543731239747","11","514","1","21026",
"GO:BP","homologous recombination","GO:0035825","0.4427051382985715","0.35388543731239747","68","514","3","21026",
"GO:BP","heme A biosynthetic process","GO:0006784","0.4427051382985715","0.35388543731239747","11","514","1","21026",
"GO:BP","positive regulation of microtubule polymerization or depolymerization","GO:0031112","0.4427051382985715","0.35388543731239747","38","514","2","21026",
"GO:BP","monoatomic cation homeostasis","GO:0055080","0.4427051382985715","0.35388543731239747","606","514","18","21026",
"GO:BP","regulation of high voltage-gated calcium channel activity","GO:1901841","0.4427051382985715","0.35388543731239747","11","514","1","21026",
"GO:BP","choline transport","GO:0015871","0.4427051382985715","0.35388543731239747","11","514","1","21026",
"GO:BP","apoptotic signaling pathway","GO:0097190","0.4427051382985715","0.35388543731239747","606","514","18","21026",
"GO:BP","positive regulation of fatty acid beta-oxidation","GO:0032000","0.4427051382985715","0.35388543731239747","11","514","1","21026",
"GO:BP","heme a metabolic process","GO:0046160","0.4427051382985715","0.35388543731239747","11","514","1","21026",
"GO:BP","GDP metabolic process","GO:0046710","0.4427051382985715","0.35388543731239747","11","514","1","21026",
"GO:BP","regulation of extent of cell growth","GO:0061387","0.4427051382985715","0.35388543731239747","101","514","4","21026",
"GO:BP","G protein-coupled purinergic receptor signaling pathway","GO:0035588","0.4427051382985715","0.35388543731239747","11","514","1","21026",
"GO:BP","postsynaptic specialization assembly","GO:0098698","0.4427051382985715","0.35388543731239747","38","514","2","21026",
"GO:BP","flavonoid metabolic process","GO:0009812","0.4427051382985715","0.35388543731239747","11","514","1","21026",
"GO:BP","negative regulation of neuroblast proliferation","GO:0007406","0.4427051382985715","0.35388543731239747","11","514","1","21026",
"GO:BP","positive regulation of ATP biosynthetic process","GO:2001171","0.4427051382985715","0.35388543731239747","11","514","1","21026",
"GO:BP","regulation of excretion","GO:0044062","0.4427051382985715","0.35388543731239747","11","514","1","21026",
"GO:BP","regulation of basement membrane organization","GO:0110011","0.4427051382985715","0.35388543731239747","11","514","1","21026",
"GO:BP","Golgi ribbon formation","GO:0090161","0.4427051382985715","0.35388543731239747","11","514","1","21026",
"GO:BP","ureteric bud development","GO:0001657","0.4427051382985715","0.35388543731239747","101","514","4","21026",
"GO:BP","regulation of dopamine receptor signaling pathway","GO:0060159","0.4427051382985715","0.35388543731239747","11","514","1","21026",
"GO:BP","positive regulation of Rac protein signal transduction","GO:0035022","0.4427051382985715","0.35388543731239747","11","514","1","21026",
"GO:BP","secondary heart field specification","GO:0003139","0.4427051382985715","0.35388543731239747","11","514","1","21026",
"GO:BP","centromeric sister chromatid cohesion","GO:0070601","0.4427051382985715","0.35388543731239747","11","514","1","21026",
"GO:BP","homophilic cell adhesion via plasma membrane adhesion molecules","GO:0007156","0.4427051382985715","0.35388543731239747","169","514","6","21026",
"GO:BP","fever generation","GO:0001660","0.4427051382985715","0.35388543731239747","11","514","1","21026",
"GO:BP","Leydig cell differentiation","GO:0033327","0.4427051382985715","0.35388543731239747","11","514","1","21026",
"GO:BP","serotonin metabolic process","GO:0042428","0.4427051382985715","0.35388543731239747","11","514","1","21026",
"GO:BP","positive regulation of BMP signaling pathway","GO:0030513","0.4427051382985715","0.35388543731239747","38","514","2","21026",
"GO:BP","neural tube formation","GO:0001841","0.4427051382985715","0.35388543731239747","101","514","4","21026",
"GO:BP","ER overload response","GO:0006983","0.4427051382985715","0.35388543731239747","11","514","1","21026",
"GO:BP","negative regulation of humoral immune response mediated by circulating immunoglobulin","GO:0002924","0.4427051382985715","0.35388543731239747","11","514","1","21026",
"GO:BP","regulation of mRNA processing","GO:0050684","0.4427051382985715","0.35388543731239747","134","514","5","21026",
"GO:BP","regulation of cell-substrate junction organization","GO:0150116","0.4427051382985715","0.35388543731239747","68","514","3","21026",
"GO:BP","IRES-dependent viral translational initiation","GO:0075522","0.4427051382985715","0.35388543731239747","11","514","1","21026",
"GO:BP","negative regulation of transcription by RNA polymerase I","GO:0016479","0.4427051382985715","0.35388543731239747","11","514","1","21026",
"GO:BP","regulation of protein lipidation","GO:1903059","0.4427051382985715","0.35388543731239747","11","514","1","21026",
"GO:BP","cellular response to hydroxyurea","GO:0072711","0.4427051382985715","0.35388543731239747","11","514","1","21026",
"GO:BP","histone mRNA catabolic process","GO:0071044","0.4427051382985715","0.35388543731239747","11","514","1","21026",
"GO:BP","regulation of synaptic vesicle priming","GO:0010807","0.4427051382985715","0.35388543731239747","11","514","1","21026",
"GO:BP","deoxyribonucleoside metabolic process","GO:0009120","0.4427051382985715","0.35388543731239747","11","514","1","21026",
"GO:BP","regulation of resting membrane potential","GO:0060075","0.4427051382985715","0.35388543731239747","11","514","1","21026",
"GO:BP","cellular response to alkaloid","GO:0071312","0.4427051382985715","0.35388543731239747","38","514","2","21026",
"GO:BP","prostate gland growth","GO:0060736","0.4427051382985715","0.35388543731239747","11","514","1","21026",
"GO:BP","interleukin-17-mediated signaling pathway","GO:0097400","0.4427051382985715","0.35388543731239747","11","514","1","21026",
"GO:BP","G protein-coupled adenosine receptor signaling pathway","GO:0001973","0.4427051382985715","0.35388543731239747","11","514","1","21026",
"GO:BP","glomerular basement membrane development","GO:0032836","0.4427051382985715","0.35388543731239747","11","514","1","21026",
"GO:BP","regulation of endothelial cell migration","GO:0010594","0.4427051382985715","0.35388543731239747","169","514","6","21026",
"GO:BP","sphingomyelin biosynthetic process","GO:0006686","0.4427051382985715","0.35388543731239747","11","514","1","21026",
"GO:BP","positive regulation of chemokine (C-X-C motif) ligand 2 production","GO:2000343","0.4427051382985715","0.35388543731239747","11","514","1","21026",
"GO:BP","embryonic camera-type eye formation","GO:0060900","0.4427051382985715","0.35388543731239747","11","514","1","21026",
"GO:BP","phagocytosis","GO:0006909","0.4427051382985715","0.35388543731239747","241","514","8","21026",
"GO:BP","regulation of ubiquitin-protein transferase activity","GO:0051438","0.4427051382985715","0.35388543731239747","38","514","2","21026",
"GO:BP","negative regulation of ERK1 and ERK2 cascade","GO:0070373","0.4427051382985715","0.35388543731239747","68","514","3","21026",
"GO:BP","epithelial cell differentiation involved in prostate gland development","GO:0060742","0.4427051382985715","0.35388543731239747","11","514","1","21026",
"GO:BP","regulation of protein glycosylation","GO:0060049","0.4427051382985715","0.35388543731239747","11","514","1","21026",
"GO:BP","protein localization to microtubule organizing center","GO:1905508","0.4427051382985715","0.35388543731239747","38","514","2","21026",
"GO:BP","action potential propagation","GO:0098870","0.4427051382985715","0.35388543731239747","11","514","1","21026",
"GO:BP","mRNA stabilization","GO:0048255","0.4427051382985715","0.35388543731239747","69","514","3","21026",
"GO:BP","calcium ion import into cytosol","GO:1902656","0.4427051382985715","0.35388543731239747","38","514","2","21026",
"GO:BP","aldosterone biosynthetic process","GO:0032342","0.4427051382985715","0.35388543731239747","11","514","1","21026",
"GO:BP","negative regulation of neurogenesis","GO:0050768","0.4427051382985715","0.35388543731239747","134","514","5","21026",
"GO:BP","positive regulation by host of viral genome replication","GO:0044829","0.4427051382985715","0.35388543731239747","11","514","1","21026",
"GO:BP","natural killer cell mediated immune response to tumor cell","GO:0002423","0.4427051382985715","0.35388543731239747","11","514","1","21026",
"GO:BP","epithelial cell proliferation involved in prostate gland development","GO:0060767","0.4427051382985715","0.35388543731239747","11","514","1","21026",
"GO:BP","regulation of glucocorticoid metabolic process","GO:0031943","0.4427051382985715","0.35388543731239747","11","514","1","21026",
"GO:BP","anatomical structure maturation","GO:0071695","0.4429330555803514","0.353661907612173","277","514","9","21026",
"GO:BP","mesonephric epithelium development","GO:0072163","0.4438422019321277","0.35277140603624213","102","514","4","21026",
"GO:BP","negative regulation of mRNA metabolic process","GO:1903312","0.4438422019321277","0.35277140603624213","102","514","4","21026",
"GO:BP","mesonephric tubule development","GO:0072164","0.4438422019321277","0.35277140603624213","102","514","4","21026",
"GO:BP","positive regulation of adaptive immune response","GO:0002821","0.44440216335649274","0.3522238355738785","136","514","5","21026",
"GO:BP","odontogenesis","GO:0042476","0.44440216335649274","0.3522238355738785","136","514","5","21026",
"GO:BP","positive regulation of proteolysis involved in protein catabolic process","GO:1903052","0.44440216335649274","0.3522238355738785","136","514","5","21026",
"GO:BP","protein targeting","GO:0006605","0.4464980376340913","0.35018044550232935","536","514","16","21026",
"GO:BP","regulation of tumor necrosis factor superfamily cytokine production","GO:1903555","0.4464980376340913","0.35018044550232935","171","514","6","21026",
"GO:BP","tumor necrosis factor superfamily cytokine production","GO:0071706","0.4464980376340913","0.35018044550232935","171","514","6","21026",
"GO:BP","import into nucleus","GO:0051170","0.4464980376340913","0.35018044550232935","171","514","6","21026",
"GO:BP","purine ribonucleotide metabolic process","GO:0009150","0.4477225230037414","0.3489910575705397","351","514","11","21026",
"GO:BP","response to metal ion","GO:0010038","0.4477225230037414","0.3489910575705397","351","514","11","21026",
"GO:BP","retrograde transport, endosome to Golgi","GO:0042147","0.45120464612946865","0.34562643699900125","103","514","4","21026",
"GO:BP","phospholipase C-activating G protein-coupled receptor signaling pathway","GO:0007200","0.45120464612946865","0.34562643699900125","137","514","5","21026",
"GO:BP","substrate adhesion-dependent cell spreading","GO:0034446","0.45120464612946865","0.34562643699900125","103","514","4","21026",
"GO:BP","apoptotic mitochondrial changes","GO:0008637","0.45120464612946865","0.34562643699900125","103","514","4","21026",
"GO:BP","cell-substrate junction organization","GO:0150115","0.45120464612946865","0.34562643699900125","103","514","4","21026",
"GO:BP","negative regulation of NF-kappaB transcription factor activity","GO:0032088","0.45120464612946865","0.34562643699900125","70","514","3","21026",
"GO:BP","positive regulation of DNA repair","GO:0045739","0.45120464612946865","0.34562643699900125","137","514","5","21026",
"GO:BP","spermatogenesis","GO:0007283","0.45285959814701426","0.34403642315560196","651","514","19","21026",
"GO:BP","cardiac muscle cell membrane repolarization","GO:0099622","0.453477744686563","0.3434440219379281","39","514","2","21026",
"GO:BP","basement membrane organization","GO:0071711","0.453477744686563","0.3434440219379281","39","514","2","21026",
"GO:BP","long-term memory","GO:0007616","0.453477744686563","0.3434440219379281","39","514","2","21026",
"GO:BP","peroxisome organization","GO:0007031","0.453477744686563","0.3434440219379281","39","514","2","21026",
"GO:BP","positive regulation of T cell mediated cytotoxicity","GO:0001916","0.453477744686563","0.3434440219379281","39","514","2","21026",
"GO:BP","negative regulation of proteasomal ubiquitin-dependent protein catabolic process","GO:0032435","0.453477744686563","0.3434440219379281","39","514","2","21026",
"GO:BP","negative regulation of double-strand break repair","GO:2000780","0.453477744686563","0.3434440219379281","39","514","2","21026",
"GO:BP","leukocyte activation involved in immune response","GO:0002366","0.453477744686563","0.3434440219379281","316","514","10","21026",
"GO:BP","protein transmembrane import into intracellular organelle","GO:0044743","0.453477744686563","0.3434440219379281","39","514","2","21026",
"GO:BP","acrosome reaction","GO:0007340","0.453477744686563","0.3434440219379281","39","514","2","21026",
"GO:BP","response to glucose","GO:0009749","0.45527854177126337","0.3417228184156071","208","514","7","21026",
"GO:BP","microtubule polymerization or depolymerization","GO:0031109","0.457237553114779","0.3398581080213504","138","514","5","21026",
"GO:BP","signal transduction in response to DNA damage","GO:0042770","0.45789155877949983","0.3392373626074296","173","514","6","21026",
"GO:BP","protein K27-linked ubiquitination","GO:0044314","0.45822084923012024","0.33892515412612","12","514","1","21026",
"GO:BP","NLRP3 inflammasome complex assembly","GO:0044546","0.45822084923012024","0.33892515412612","40","514","2","21026",
"GO:BP","mast cell chemotaxis","GO:0002551","0.45822084923012024","0.33892515412612","12","514","1","21026",
"GO:BP","negative regulation of response to food","GO:0032096","0.45822084923012024","0.33892515412612","12","514","1","21026",
"GO:BP","negative regulation of appetite","GO:0032099","0.45822084923012024","0.33892515412612","12","514","1","21026",
"GO:BP","organic acid transport","GO:0015849","0.45822084923012024","0.33892515412612","356","514","11","21026",
"GO:BP","heparin proteoglycan biosynthetic process","GO:0030210","0.45822084923012024","0.33892515412612","12","514","1","21026",
"GO:BP","carboxylic acid transport","GO:0046942","0.45822084923012024","0.33892515412612","355","514","11","21026",
"GO:BP","single fertilization","GO:0007338","0.45822084923012024","0.33892515412612","174","514","6","21026",
"GO:BP","histamine secretion","GO:0001821","0.45822084923012024","0.33892515412612","12","514","1","21026",
"GO:BP","negative regulation of sprouting angiogenesis","GO:1903671","0.45822084923012024","0.33892515412612","12","514","1","21026",
"GO:BP","mononuclear cell proliferation","GO:0032943","0.45822084923012024","0.33892515412612","319","514","10","21026",
"GO:BP","response to carbohydrate","GO:0009743","0.45822084923012024","0.33892515412612","245","514","8","21026",
"GO:BP","regulation of T cell cytokine production","GO:0002724","0.45822084923012024","0.33892515412612","40","514","2","21026",
"GO:BP","regulation of chemotaxis","GO:0050920","0.45822084923012024","0.33892515412612","209","514","7","21026",
"GO:BP","nephric duct morphogenesis","GO:0072178","0.45822084923012024","0.33892515412612","12","514","1","21026",
"GO:BP","cardiac neural crest cell development involved in outflow tract morphogenesis","GO:0061309","0.45822084923012024","0.33892515412612","12","514","1","21026",
"GO:BP","cytoplasmic pattern recognition receptor signaling pathway","GO:0002753","0.45822084923012024","0.33892515412612","174","514","6","21026",
"GO:BP","symbiont entry into host cell","GO:0046718","0.45822084923012024","0.33892515412612","139","514","5","21026",
"GO:BP","negative regulation of response to nutrient levels","GO:0032108","0.45822084923012024","0.33892515412612","12","514","1","21026",
"GO:BP","determination of left/right symmetry","GO:0007368","0.45822084923012024","0.33892515412612","139","514","5","21026",
"GO:BP","stem cell differentiation","GO:0048863","0.45822084923012024","0.33892515412612","245","514","8","21026",
"GO:BP","regulation of intestinal lipid absorption","GO:1904729","0.45822084923012024","0.33892515412612","12","514","1","21026",
"GO:BP","negative regulation of epithelial to mesenchymal transition","GO:0010719","0.45822084923012024","0.33892515412612","40","514","2","21026",
"GO:BP","regulation of timing of cell differentiation","GO:0048505","0.45822084923012024","0.33892515412612","12","514","1","21026",
"GO:BP","excitatory chemical synaptic transmission","GO:0098976","0.45822084923012024","0.33892515412612","12","514","1","21026",
"GO:BP","cortisol metabolic process","GO:0034650","0.45822084923012024","0.33892515412612","12","514","1","21026",
"GO:BP","postsynaptic neurotransmitter receptor diffusion trapping","GO:0098970","0.45822084923012024","0.33892515412612","12","514","1","21026",
"GO:BP","positive regulation of myoblast proliferation","GO:2000288","0.45822084923012024","0.33892515412612","12","514","1","21026",
"GO:BP","receptor diffusion trapping","GO:0098953","0.45822084923012024","0.33892515412612","12","514","1","21026",
"GO:BP","blood vessel endothelial cell differentiation","GO:0060837","0.45822084923012024","0.33892515412612","12","514","1","21026",
"GO:BP","methionine biosynthetic process","GO:0009086","0.45822084923012024","0.33892515412612","12","514","1","21026",
"GO:BP","mineralocorticoid biosynthetic process","GO:0006705","0.45822084923012024","0.33892515412612","12","514","1","21026",
"GO:BP","cellular response to oxidised low-density lipoprotein particle stimulus","GO:0140052","0.45822084923012024","0.33892515412612","12","514","1","21026",
"GO:BP","hepatocyte growth factor receptor signaling pathway","GO:0048012","0.45822084923012024","0.33892515412612","12","514","1","21026",
"GO:BP","cardiac muscle cell myoblast differentiation","GO:0060379","0.45822084923012024","0.33892515412612","12","514","1","21026",
"GO:BP","negative regulation of osteoblast proliferation","GO:0033689","0.45822084923012024","0.33892515412612","12","514","1","21026",
"GO:BP","monoatomic ion homeostasis","GO:0050801","0.45822084923012024","0.33892515412612","616","514","18","21026",
"GO:BP","negative regulation of macrophage migration","GO:1905522","0.45822084923012024","0.33892515412612","12","514","1","21026",
"GO:BP","antral ovarian follicle growth","GO:0001547","0.45822084923012024","0.33892515412612","12","514","1","21026",
"GO:BP","genitalia morphogenesis","GO:0035112","0.45822084923012024","0.33892515412612","12","514","1","21026",
"GO:BP","chemokine (C-C motif) ligand 5 production","GO:0071609","0.45822084923012024","0.33892515412612","12","514","1","21026",
"GO:BP","positive regulation of sodium ion transmembrane transporter activity","GO:2000651","0.45822084923012024","0.33892515412612","12","514","1","21026",
"GO:BP","regulation of skeletal muscle satellite cell proliferation","GO:0014842","0.45822084923012024","0.33892515412612","12","514","1","21026",
"GO:BP","regulation of chemokine (C-C motif) ligand 5 production","GO:0071649","0.45822084923012024","0.33892515412612","12","514","1","21026",
"GO:BP","T cell cytokine production","GO:0002369","0.45822084923012024","0.33892515412612","40","514","2","21026",
"GO:BP","regulation of natural killer cell proliferation","GO:0032817","0.45822084923012024","0.33892515412612","12","514","1","21026",
"GO:BP","regulation of calcium ion import across plasma membrane","GO:1905664","0.45822084923012024","0.33892515412612","12","514","1","21026",
"GO:BP","regulation of reactive oxygen species biosynthetic process","GO:1903426","0.45822084923012024","0.33892515412612","40","514","2","21026",
"GO:BP","regulation of G2/M transition of mitotic cell cycle","GO:0010389","0.45822084923012024","0.33892515412612","105","514","4","21026",
"GO:BP","regulation of translational elongation","GO:0006448","0.45822084923012024","0.33892515412612","12","514","1","21026",
"GO:BP","positive regulation of extrinsic apoptotic signaling pathway via death domain receptors","GO:1902043","0.45822084923012024","0.33892515412612","12","514","1","21026",
"GO:BP","purine nucleotide metabolic process","GO:0006163","0.45822084923012024","0.33892515412612","430","514","13","21026",
"GO:BP","positive regulation of keratinocyte migration","GO:0051549","0.45822084923012024","0.33892515412612","12","514","1","21026",
"GO:BP","positive regulation of nucleotide metabolic process","GO:0045981","0.45822084923012024","0.33892515412612","40","514","2","21026",
"GO:BP","lamellipodium assembly","GO:0030032","0.45822084923012024","0.33892515412612","71","514","3","21026",
"GO:BP","negative regulation of hormone metabolic process","GO:0032351","0.45822084923012024","0.33892515412612","12","514","1","21026",
"GO:BP","endocardium development","GO:0003157","0.45822084923012024","0.33892515412612","12","514","1","21026",
"GO:BP","retinal rod cell development","GO:0046548","0.45822084923012024","0.33892515412612","12","514","1","21026",
"GO:BP","positive regulation of transmembrane receptor protein serine/threonine kinase signaling pathway","GO:0090100","0.45822084923012024","0.33892515412612","104","514","4","21026",
"GO:BP","renal sodium excretion","GO:0035812","0.45822084923012024","0.33892515412612","12","514","1","21026",
"GO:BP","metaphase chromosome alignment","GO:0051310","0.45822084923012024","0.33892515412612","104","514","4","21026",
"GO:BP","nuclear membrane disassembly","GO:0051081","0.45822084923012024","0.33892515412612","12","514","1","21026",
"GO:BP","regulation of heart rate by cardiac conduction","GO:0086091","0.45822084923012024","0.33892515412612","40","514","2","21026",
"GO:BP","glucocorticoid secretion","GO:0035933","0.45822084923012024","0.33892515412612","12","514","1","21026",
"GO:BP","macrophage proliferation","GO:0061517","0.45822084923012024","0.33892515412612","12","514","1","21026",
"GO:BP","regulation of cellular component size","GO:0032535","0.45822084923012024","0.33892515412612","356","514","11","21026",
"GO:BP","protoporphyrinogen IX metabolic process","GO:0046501","0.45822084923012024","0.33892515412612","12","514","1","21026",
"GO:BP","response to hydroxyurea","GO:0072710","0.45822084923012024","0.33892515412612","12","514","1","21026",
"GO:BP","negative regulation of collateral sprouting","GO:0048671","0.45822084923012024","0.33892515412612","12","514","1","21026",
"GO:BP","alcohol catabolic process","GO:0046164","0.45822084923012024","0.33892515412612","40","514","2","21026",
"GO:BP","regulation of neurotrophin TRK receptor signaling pathway","GO:0051386","0.45822084923012024","0.33892515412612","12","514","1","21026",
"GO:BP","regulation of NK T cell activation","GO:0051133","0.45822084923012024","0.33892515412612","12","514","1","21026",
"GO:BP","mitotic spindle elongation","GO:0000022","0.45822084923012024","0.33892515412612","12","514","1","21026",
"GO:BP","actin filament-based transport","GO:0099515","0.45822084923012024","0.33892515412612","12","514","1","21026",
"GO:BP","protein import","GO:0017038","0.45822084923012024","0.33892515412612","12","514","1","21026",
"GO:BP","neurotransmitter receptor diffusion trapping","GO:0099628","0.45822084923012024","0.33892515412612","12","514","1","21026",
"GO:BP","G protein-coupled dopamine receptor signaling pathway","GO:0007212","0.45822084923012024","0.33892515412612","40","514","2","21026",
"GO:BP","regulation of actin filament-based movement","GO:1903115","0.45822084923012024","0.33892515412612","40","514","2","21026",
"GO:BP","positive regulation of integrin-mediated signaling pathway","GO:2001046","0.45822084923012024","0.33892515412612","12","514","1","21026",
"GO:BP","negative regulation of vascular endothelial growth factor signaling pathway","GO:1900747","0.45822084923012024","0.33892515412612","12","514","1","21026",
"GO:BP","regulation of gonadotropin secretion","GO:0032276","0.45822084923012024","0.33892515412612","12","514","1","21026",
"GO:BP","pyramidal neuron development","GO:0021860","0.45822084923012024","0.33892515412612","12","514","1","21026",
"GO:BP","maintenance of organelle location","GO:0051657","0.45822084923012024","0.33892515412612","12","514","1","21026",
"GO:BP","positive regulation of mitotic cell cycle spindle assembly checkpoint","GO:0090267","0.45822084923012024","0.33892515412612","12","514","1","21026",
"GO:BP","positive regulation of purine nucleotide metabolic process","GO:1900544","0.45822084923012024","0.33892515412612","40","514","2","21026",
"GO:BP","regulation of peptide hormone secretion","GO:0090276","0.45822084923012024","0.33892515412612","210","514","7","21026",
"GO:BP","regulation of osteoclast differentiation","GO:0045670","0.45915237996830666","0.3380431602211562","72","514","3","21026",
"GO:BP","neuromuscular process","GO:0050905","0.45915237996830666","0.3380431602211562","175","514","6","21026",
"GO:BP","regulation of cellular response to insulin stimulus","GO:1900076","0.45915237996830666","0.3380431602211562","72","514","3","21026",
"GO:BP","platelet activation","GO:0030168","0.4596964501210182","0.3375288499560334","140","514","5","21026",
"GO:BP","centrosome cycle","GO:0007098","0.4596964501210182","0.3375288499560334","140","514","5","21026",
"GO:BP","carboxylic acid biosynthetic process","GO:0046394","0.460214217413474","0.33703996878592707","320","514","10","21026",
"GO:BP","cell activation involved in immune response","GO:0002263","0.460214217413474","0.33703996878592707","320","514","10","21026",
"GO:BP","positive regulation of cell projection organization","GO:0031346","0.4607121488713753","0.3365703353526316","357","514","11","21026",
"GO:BP","glycolipid metabolic process","GO:0006664","0.4630460941830593","0.33437577474242797","106","514","4","21026",
"GO:BP","regulation of signal transduction by p53 class mediator","GO:1901796","0.4630460941830593","0.33437577474242797","106","514","4","21026",
"GO:BP","dicarboxylic acid transport","GO:0006835","0.4630460941830593","0.33437577474242797","106","514","4","21026",
"GO:BP","regulation of gliogenesis","GO:0014013","0.4630460941830593","0.33437577474242797","106","514","4","21026",
"GO:BP","negative regulation of cell cycle phase transition","GO:1901988","0.4655688831252661","0.3320160539994687","248","514","8","21026",
"GO:BP","regulation of inflammasome-mediated signaling pathway","GO:0141085","0.46782162205474637","0.3299197095853174","41","514","2","21026",
"GO:BP","superoxide anion generation","GO:0042554","0.46782162205474637","0.3299197095853174","41","514","2","21026",
"GO:BP","negative regulation of microtubule polymerization or depolymerization","GO:0031111","0.46782162205474637","0.3299197095853174","41","514","2","21026",
"GO:BP","mast cell activation","GO:0045576","0.46782162205474637","0.3299197095853174","73","514","3","21026",
"GO:BP","estrogen metabolic process","GO:0008210","0.46782162205474637","0.3299197095853174","41","514","2","21026",
"GO:BP","regulation of p38MAPK cascade","GO:1900744","0.46782162205474637","0.3299197095853174","41","514","2","21026",
"GO:BP","mitochondrial fission","GO:0000266","0.46782162205474637","0.3299197095853174","41","514","2","21026",
"GO:BP","negative regulation of DNA repair","GO:0045738","0.46782162205474637","0.3299197095853174","41","514","2","21026",
"GO:BP","negative regulation of hormone secretion","GO:0046888","0.46782162205474637","0.3299197095853174","73","514","3","21026",
"GO:BP","epiboly involved in wound healing","GO:0090505","0.46782162205474637","0.3299197095853174","41","514","2","21026",
"GO:BP","wound healing, spreading of cells","GO:0044319","0.46782162205474637","0.3299197095853174","41","514","2","21026",
"GO:BP","granulocyte differentiation","GO:0030851","0.46782162205474637","0.3299197095853174","41","514","2","21026",
"GO:BP","acidic amino acid transport","GO:0015800","0.46782162205474637","0.3299197095853174","73","514","3","21026",
"GO:BP","T cell lineage commitment","GO:0002360","0.46782162205474637","0.3299197095853174","41","514","2","21026",
"GO:BP","neurotrophin signaling pathway","GO:0038179","0.46782162205474637","0.3299197095853174","41","514","2","21026",
"GO:BP","T-helper 17 cell differentiation","GO:0072539","0.46782162205474637","0.3299197095853174","41","514","2","21026",
"GO:BP","endocardial cushion morphogenesis","GO:0003203","0.46782162205474637","0.3299197095853174","41","514","2","21026",
"GO:BP","positive regulation of catabolic process","GO:0009896","0.46782162205474637","0.3299197095853174","546","514","16","21026",
"GO:BP","calcium ion transport","GO:0006816","0.4689490192520513","0.3288743680758761","434","514","13","21026",
"GO:BP","liposaccharide metabolic process","GO:1903509","0.4689490192520513","0.3288743680758761","107","514","4","21026",
"GO:BP","nuclear receptor-mediated signaling pathway","GO:0141193","0.4689490192520513","0.3288743680758761","177","514","6","21026",
"GO:BP","positive regulation of endothelial cell migration","GO:0010595","0.4689490192520513","0.3288743680758761","107","514","4","21026",
"GO:BP","regulation of sister chromatid segregation","GO:0033045","0.4689490192520513","0.3288743680758761","107","514","4","21026",
"GO:BP","regulation of peptide secretion","GO:0002791","0.4693229625035304","0.3285281965980559","213","514","7","21026",
"GO:BP","response to hexose","GO:0009746","0.4693229625035304","0.3285281965980559","213","514","7","21026",
"GO:BP","positive regulation of peptidyl-tyrosine phosphorylation","GO:0050731","0.47097773751493993","0.32699962090277973","142","514","5","21026",
"GO:BP","positive regulation of nucleotide biosynthetic process","GO:0030810","0.4721925563138293","0.32588086346082745","13","514","1","21026",
"GO:BP","canonical inflammasome complex assembly","GO:0140632","0.4721925563138293","0.32588086346082745","42","514","2","21026",
"GO:BP","positive regulation of protein import into nucleus","GO:0042307","0.4721925563138293","0.32588086346082745","42","514","2","21026",
"GO:BP","protein-containing complex localization","GO:0031503","0.4721925563138293","0.32588086346082745","215","514","7","21026",
"GO:BP","cellular response to macrophage colony-stimulating factor stimulus","GO:0036006","0.4721925563138293","0.32588086346082745","13","514","1","21026",
"GO:BP","carnitine metabolic process","GO:0009437","0.4721925563138293","0.32588086346082745","13","514","1","21026",
"GO:BP","bone mineralization involved in bone maturation","GO:0035630","0.4721925563138293","0.32588086346082745","13","514","1","21026",
"GO:BP","membrane lipid metabolic process","GO:0006643","0.4721925563138293","0.32588086346082745","214","514","7","21026",
"GO:BP","atrioventricular canal development","GO:0036302","0.4721925563138293","0.32588086346082745","13","514","1","21026",
"GO:BP","T-helper 2 cell cytokine production","GO:0035745","0.4721925563138293","0.32588086346082745","13","514","1","21026",
"GO:BP","homocysteine metabolic process","GO:0050667","0.4721925563138293","0.32588086346082745","13","514","1","21026",
"GO:BP","negative regulation of microtubule polymerization","GO:0031115","0.4721925563138293","0.32588086346082745","13","514","1","21026",
"GO:BP","negative regulation of dendritic spine development","GO:0061000","0.4721925563138293","0.32588086346082745","13","514","1","21026",
"GO:BP","interstrand cross-link repair","GO:0036297","0.4721925563138293","0.32588086346082745","42","514","2","21026",
"GO:BP","chondroitin sulfate proteoglycan metabolic process","GO:0050654","0.4721925563138293","0.32588086346082745","13","514","1","21026",
"GO:BP","chaperone-mediated protein folding","GO:0061077","0.4721925563138293","0.32588086346082745","74","514","3","21026",
"GO:BP","TRIF-dependent toll-like receptor signaling pathway","GO:0035666","0.4721925563138293","0.32588086346082745","13","514","1","21026",
"GO:BP","positive regulation of protein ubiquitination","GO:0031398","0.4721925563138293","0.32588086346082745","108","514","4","21026",
"GO:BP","regulation of development, heterochronic","GO:0040034","0.4721925563138293","0.32588086346082745","13","514","1","21026",
"GO:BP","extracellular matrix constituent secretion","GO:0070278","0.4721925563138293","0.32588086346082745","13","514","1","21026",
"GO:BP","mitochondrial protein processing","GO:0034982","0.4721925563138293","0.32588086346082745","13","514","1","21026",
"GO:BP","regulation of T-helper 2 cell cytokine production","GO:2000551","0.4721925563138293","0.32588086346082745","13","514","1","21026",
"GO:BP","regulation of SNARE complex assembly","GO:0035542","0.4721925563138293","0.32588086346082745","13","514","1","21026",
"GO:BP","tRNA 5'-leader removal","GO:0001682","0.4721925563138293","0.32588086346082745","13","514","1","21026",
"GO:BP","mitochondrial ribosome assembly","GO:0061668","0.4721925563138293","0.32588086346082745","13","514","1","21026",
"GO:BP","positive regulation of cell killing","GO:0031343","0.4721925563138293","0.32588086346082745","74","514","3","21026",
"GO:BP","epiboly","GO:0090504","0.4721925563138293","0.32588086346082745","42","514","2","21026",
"GO:BP","purine ribonucleoside monophosphate metabolic process","GO:0009167","0.4721925563138293","0.32588086346082745","42","514","2","21026",
"GO:BP","imidazole-containing compound metabolic process","GO:0052803","0.4721925563138293","0.32588086346082745","13","514","1","21026",
"GO:BP","extraembryonic membrane development","GO:1903867","0.4721925563138293","0.32588086346082745","13","514","1","21026",
"GO:BP","early endosome to late endosome transport","GO:0045022","0.4721925563138293","0.32588086346082745","42","514","2","21026",
"GO:BP","regulation of skeletal muscle fiber development","GO:0048742","0.4721925563138293","0.32588086346082745","13","514","1","21026",
"GO:BP","cellular response to alcohol","GO:0097306","0.4721925563138293","0.32588086346082745","108","514","4","21026",
"GO:BP","positive regulation of mitotic cytokinesis","GO:1903490","0.4721925563138293","0.32588086346082745","13","514","1","21026",
"GO:BP","positive regulation of leukocyte tethering or rolling","GO:1903238","0.4721925563138293","0.32588086346082745","13","514","1","21026",
"GO:BP","mitochondrial DNA replication","GO:0006264","0.4721925563138293","0.32588086346082745","13","514","1","21026",
"GO:BP","positive regulation of purine nucleotide biosynthetic process","GO:1900373","0.4721925563138293","0.32588086346082745","13","514","1","21026",
"GO:BP","negative regulation of interferon-beta production","GO:0032688","0.4721925563138293","0.32588086346082745","13","514","1","21026",
"GO:BP","AMP biosynthetic process","GO:0006167","0.4721925563138293","0.32588086346082745","13","514","1","21026",
"GO:BP","negative regulation of extracellular matrix organization","GO:1903054","0.4721925563138293","0.32588086346082745","13","514","1","21026",
"GO:BP","positive regulation of lymphocyte proliferation","GO:0050671","0.4721925563138293","0.32588086346082745","143","514","5","21026",
"GO:BP","serotonin uptake","GO:0051610","0.4721925563138293","0.32588086346082745","13","514","1","21026",
"GO:BP","positive regulation of cell size","GO:0045793","0.4721925563138293","0.32588086346082745","13","514","1","21026",
"GO:BP","female meiosis I","GO:0007144","0.4721925563138293","0.32588086346082745","13","514","1","21026",
"GO:BP","aldosterone metabolic process","GO:0032341","0.4721925563138293","0.32588086346082745","13","514","1","21026",
"GO:BP","female meiotic nuclear division","GO:0007143","0.4721925563138293","0.32588086346082745","42","514","2","21026",
"GO:BP","positive regulation of membrane potential","GO:0045838","0.4721925563138293","0.32588086346082745","13","514","1","21026",
"GO:BP","regulation of cell projection size","GO:0032536","0.4721925563138293","0.32588086346082745","13","514","1","21026",
"GO:BP","detection of molecule of bacterial origin","GO:0032490","0.4721925563138293","0.32588086346082745","13","514","1","21026",
"GO:BP","regulation of peptide transport","GO:0090087","0.4721925563138293","0.32588086346082745","215","514","7","21026",
"GO:BP","alcohol biosynthetic process","GO:0046165","0.4721925563138293","0.32588086346082745","143","514","5","21026",
"GO:BP","positive regulation of spindle checkpoint","GO:0090232","0.4721925563138293","0.32588086346082745","13","514","1","21026",
"GO:BP","N-acetylneuraminate metabolic process","GO:0006054","0.4721925563138293","0.32588086346082745","13","514","1","21026",
"GO:BP","CDP-diacylglycerol metabolic process","GO:0046341","0.4721925563138293","0.32588086346082745","13","514","1","21026",
"GO:BP","negative regulation of autophagosome assembly","GO:1902902","0.4721925563138293","0.32588086346082745","13","514","1","21026",
"GO:BP","CDP-diacylglycerol biosynthetic process","GO:0016024","0.4721925563138293","0.32588086346082745","13","514","1","21026",
"GO:BP","T cell activation via T cell receptor contact with antigen bound to MHC molecule on antigen presenting cell","GO:0002291","0.4721925563138293","0.32588086346082745","13","514","1","21026",
"GO:BP","smooth muscle cell migration","GO:0014909","0.4721925563138293","0.32588086346082745","74","514","3","21026",
"GO:BP","negative regulation of smooth muscle cell apoptotic process","GO:0034392","0.4721925563138293","0.32588086346082745","13","514","1","21026",
"GO:BP","branching involved in labyrinthine layer morphogenesis","GO:0060670","0.4721925563138293","0.32588086346082745","13","514","1","21026",
"GO:BP","UV-damage excision repair","GO:0070914","0.4721925563138293","0.32588086346082745","13","514","1","21026",
"GO:BP","regulation of heat generation","GO:0031650","0.4721925563138293","0.32588086346082745","13","514","1","21026",
"GO:BP","endothelial cell morphogenesis","GO:0001886","0.4721925563138293","0.32588086346082745","13","514","1","21026",
"GO:BP","cellular response to electrical stimulus","GO:0071257","0.4721925563138293","0.32588086346082745","13","514","1","21026",
"GO:BP","membrane disassembly","GO:0030397","0.4721925563138293","0.32588086346082745","13","514","1","21026",
"GO:BP","negative regulation of circadian rhythm","GO:0042754","0.4721925563138293","0.32588086346082745","13","514","1","21026",
"GO:BP","postsynaptic membrane organization","GO:0001941","0.4721925563138293","0.32588086346082745","42","514","2","21026",
"GO:BP","very long-chain fatty acid biosynthetic process","GO:0042761","0.4721925563138293","0.32588086346082745","13","514","1","21026",
"GO:BP","positive regulation of protein sumoylation","GO:0033235","0.4721925563138293","0.32588086346082745","13","514","1","21026",
"GO:BP","regulation of triglyceride catabolic process","GO:0010896","0.4721925563138293","0.32588086346082745","13","514","1","21026",
"GO:BP","negative regulation of transcription by competitive promoter binding","GO:0010944","0.4721925563138293","0.32588086346082745","13","514","1","21026",
"GO:BP","Golgi to plasma membrane protein transport","GO:0043001","0.4721925563138293","0.32588086346082745","42","514","2","21026",
"GO:BP","maintenance of sister chromatid cohesion","GO:0034086","0.4721925563138293","0.32588086346082745","13","514","1","21026",
"GO:BP","regulation of gonad development","GO:1905939","0.4721925563138293","0.32588086346082745","13","514","1","21026",
"GO:BP","positive regulation of potassium ion transport","GO:0043268","0.4721925563138293","0.32588086346082745","42","514","2","21026",
"GO:BP","neutrophil degranulation","GO:0043312","0.4721925563138293","0.32588086346082745","13","514","1","21026",
"GO:BP","regulation of insulin secretion","GO:0050796","0.4721925563138293","0.32588086346082745","178","514","6","21026",
"GO:BP","maintenance of mitotic sister chromatid cohesion","GO:0034088","0.4721925563138293","0.32588086346082745","13","514","1","21026",
"GO:BP","skeletal muscle satellite cell differentiation","GO:0014816","0.4721925563138293","0.32588086346082745","13","514","1","21026",
"GO:BP","epithelial cilium movement involved in determination of left/right asymmetry","GO:0060287","0.4721925563138293","0.32588086346082745","13","514","1","21026",
"GO:BP","response to toxic substance","GO:0009636","0.47370093301948707","0.32449575986816814","252","514","8","21026",
"GO:BP","long-chain fatty acid metabolic process","GO:0001676","0.4737817880239789","0.32442163739270674","109","514","4","21026",
"GO:BP","regulation of DNA recombination","GO:0000018","0.4737817880239789","0.32442163739270674","144","514","5","21026",
"GO:BP","symbiont entry into host","GO:0044409","0.4737817880239789","0.32442163739270674","144","514","5","21026",
"GO:BP","positive regulation of leukocyte activation","GO:0002696","0.4737817880239789","0.32442163739270674","363","514","11","21026",
"GO:BP","protein dephosphorylation","GO:0006470","0.4737817880239789","0.32442163739270674","144","514","5","21026",
"GO:BP","cellular response to topologically incorrect protein","GO:0035967","0.4737817880239789","0.32442163739270674","109","514","4","21026",
"GO:BP","polyol metabolic process","GO:0019751","0.4737817880239789","0.32442163739270674","109","514","4","21026",
"GO:BP","regulation of cell killing","GO:0031341","0.4737817880239789","0.32442163739270674","109","514","4","21026",
"GO:BP","neutrophil migration","GO:1990266","0.4737817880239789","0.32442163739270674","109","514","4","21026",
"GO:BP","protein localization to cilium","GO:0061512","0.474833575255835","0.3234585798758324","75","514","3","21026",
"GO:BP","regulation of immune effector process","GO:0002697","0.4752882779527852","0.32304289658931257","401","514","12","21026",
"GO:BP","positive regulation of synaptic transmission","GO:0050806","0.4757647554494135","0.32260773354880407","180","514","6","21026",
"GO:BP","purine ribonucleoside triphosphate metabolic process","GO:0009205","0.4776081746251344","0.32092824853654917","253","514","8","21026",
"GO:BP","negative regulation of signal transduction","GO:0009968","0.4776081746251344","0.32092824853654917","1326","514","36","21026",
"GO:BP","endosomal transport","GO:0016197","0.4783693442586393","0.32023665938314133","290","514","9","21026",
"GO:BP","negative regulation of molecular function","GO:0044092","0.4783693442586393","0.32023665938314133","553","514","16","21026",
"GO:BP","male gamete generation","GO:0048232","0.48007948023162045","0.3186868564399713","668","514","19","21026",
"GO:BP","regulation of cell-substrate adhesion","GO:0010810","0.4801488965314516","0.3186240648858934","217","514","7","21026",
"GO:BP","dendrite morphogenesis","GO:0048813","0.4801488965314516","0.3186240648858934","145","514","5","21026",
"GO:BP","fertilization","GO:0009566","0.4801488965314516","0.3186240648858934","217","514","7","21026",
"GO:BP","sphingolipid catabolic process","GO:0030149","0.48078063862179077","0.31805303000079316","43","514","2","21026",
"GO:BP","cellular response to epidermal growth factor stimulus","GO:0071364","0.48078063862179077","0.31805303000079316","43","514","2","21026",
"GO:BP","cortical actin cytoskeleton organization","GO:0030866","0.48078063862179077","0.31805303000079316","43","514","2","21026",
"GO:BP","negative regulation of endothelial cell proliferation","GO:0001937","0.48078063862179077","0.31805303000079316","43","514","2","21026",
"GO:BP","aspartate family amino acid metabolic process","GO:0009066","0.48078063862179077","0.31805303000079316","43","514","2","21026",
"GO:BP","positive regulation of double-strand break repair via homologous recombination","GO:1905168","0.48078063862179077","0.31805303000079316","43","514","2","21026",
"GO:BP","regulation of digestive system process","GO:0044058","0.48078063862179077","0.31805303000079316","43","514","2","21026",
"GO:BP","response to cold","GO:0009409","0.48078063862179077","0.31805303000079316","43","514","2","21026",
"GO:BP","response to interleukin-1","GO:0070555","0.48078063862179077","0.31805303000079316","110","514","4","21026",
"GO:BP","osteoclast differentiation","GO:0030316","0.48078063862179077","0.31805303000079316","110","514","4","21026",
"GO:BP","'de novo' post-translational protein folding","GO:0051084","0.48078063862179077","0.31805303000079316","43","514","2","21026",
"GO:BP","L-glutamate import","GO:0051938","0.48078063862179077","0.31805303000079316","43","514","2","21026",
"GO:BP","positive regulation of DNA replication","GO:0045740","0.48078063862179077","0.31805303000079316","43","514","2","21026",
"GO:BP","amino sugar metabolic process","GO:0006040","0.48078063862179077","0.31805303000079316","43","514","2","21026",
"GO:BP","regulation of tissue remodeling","GO:0034103","0.48228924801730244","0.31669241997487263","76","514","3","21026",
"GO:BP","positive regulation of protein localization to cell periphery","GO:1904377","0.48228924801730244","0.31669241997487263","76","514","3","21026",
"GO:BP","small molecule biosynthetic process","GO:0044283","0.4827097921831256","0.31631389105501384","593","514","17","21026",
"GO:BP","regulation of cytoskeleton organization","GO:0051493","0.4833079098428719","0.3157760971164444","517","514","15","21026",
"GO:BP","positive regulation of proteolysis","GO:0045862","0.4837826491605887","0.31534971164371123","218","514","7","21026",
"GO:BP","positive regulation of establishment of protein localization","GO:1904951","0.48457619620198955","0.3146379234878915","329","514","10","21026",
"GO:BP","regulation of axonogenesis","GO:0050770","0.48457619620198955","0.3146379234878915","146","514","5","21026",
"GO:BP","positive regulation of mononuclear cell proliferation","GO:0032946","0.48457619620198955","0.3146379234878915","146","514","5","21026",
"GO:BP","left/right pattern formation","GO:0060972","0.48457619620198955","0.3146379234878915","146","514","5","21026",
"GO:BP","complement receptor mediated signaling pathway","GO:0002430","0.48500909110754536","0.31425012081868886","14","514","1","21026",
"GO:BP","leukocyte mediated immunity","GO:0002443","0.48500909110754536","0.31425012081868886","481","514","14","21026",
"GO:BP","negative regulation by host of viral transcription","GO:0043922","0.48500909110754536","0.31425012081868886","14","514","1","21026",
"GO:BP","monocarboxylic acid transport","GO:0015718","0.48500909110754536","0.31425012081868886","183","514","6","21026",
"GO:BP","dicarboxylic acid biosynthetic process","GO:0043650","0.48500909110754536","0.31425012081868886","14","514","1","21026",
"GO:BP","regulation of vascular associated smooth muscle cell differentiation","GO:1905063","0.48500909110754536","0.31425012081868886","14","514","1","21026",
"GO:BP","regulation of growth hormone secretion","GO:0060123","0.48500909110754536","0.31425012081868886","14","514","1","21026",
"GO:BP","negative regulation of substrate adhesion-dependent cell spreading","GO:1900025","0.48500909110754536","0.31425012081868886","14","514","1","21026",
"GO:BP","immature B cell differentiation","GO:0002327","0.48500909110754536","0.31425012081868886","14","514","1","21026",
"GO:BP","positive regulation of monocyte chemotactic protein-1 production","GO:0071639","0.48500909110754536","0.31425012081868886","14","514","1","21026",
"GO:BP","regulation of mitotic spindle organization","GO:0060236","0.48500909110754536","0.31425012081868886","44","514","2","21026",
"GO:BP","mineralocorticoid metabolic process","GO:0008212","0.48500909110754536","0.31425012081868886","14","514","1","21026",
"GO:BP","spontaneous synaptic transmission","GO:0098814","0.48500909110754536","0.31425012081868886","14","514","1","21026",
"GO:BP","cellular response to radiation","GO:0071478","0.48500909110754536","0.31425012081868886","182","514","6","21026",
"GO:BP","male sex determination","GO:0030238","0.48500909110754536","0.31425012081868886","14","514","1","21026",
"GO:BP","negative regulation of neuroinflammatory response","GO:0150079","0.48500909110754536","0.31425012081868886","14","514","1","21026",
"GO:BP","regulation of respiratory gaseous exchange by nervous system process","GO:0002087","0.48500909110754536","0.31425012081868886","14","514","1","21026",
"GO:BP","endosomal vesicle fusion","GO:0034058","0.48500909110754536","0.31425012081868886","14","514","1","21026",
"GO:BP","positive regulation of DNA damage response, signal transduction by p53 class mediator","GO:0043517","0.48500909110754536","0.31425012081868886","14","514","1","21026",
"GO:BP","intestinal absorption","GO:0050892","0.48500909110754536","0.31425012081868886","44","514","2","21026",
"GO:BP","radial glial cell differentiation","GO:0060019","0.48500909110754536","0.31425012081868886","14","514","1","21026",
"GO:BP","heparan sulfate proteoglycan metabolic process","GO:0030201","0.48500909110754536","0.31425012081868886","44","514","2","21026",
"GO:BP","positive regulation of growth","GO:0045927","0.48500909110754536","0.31425012081868886","256","514","8","21026",
"GO:BP","negative regulation of type I interferon production","GO:0032480","0.48500909110754536","0.31425012081868886","44","514","2","21026",
"GO:BP","negative regulation of complement activation","GO:0045916","0.48500909110754536","0.31425012081868886","14","514","1","21026",
"GO:BP","L-ascorbic acid metabolic process","GO:0019852","0.48500909110754536","0.31425012081868886","14","514","1","21026",
"GO:BP","spindle midzone assembly","GO:0051255","0.48500909110754536","0.31425012081868886","14","514","1","21026",
"GO:BP","mitotic centrosome separation","GO:0007100","0.48500909110754536","0.31425012081868886","14","514","1","21026",
"GO:BP","positive regulation of lymphocyte activation","GO:0051251","0.48500909110754536","0.31425012081868886","331","514","10","21026",
"GO:BP","negative regulation of cellular response to vascular endothelial growth factor stimulus","GO:1902548","0.48500909110754536","0.31425012081868886","14","514","1","21026",
"GO:BP","cerebellar granular layer development","GO:0021681","0.48500909110754536","0.31425012081868886","14","514","1","21026",
"GO:BP","spindle elongation","GO:0051231","0.48500909110754536","0.31425012081868886","14","514","1","21026",
"GO:BP","negative regulation of triglyceride metabolic process","GO:0090209","0.48500909110754536","0.31425012081868886","14","514","1","21026",
"GO:BP","regulation of keratinocyte migration","GO:0051547","0.48500909110754536","0.31425012081868886","14","514","1","21026",
"GO:BP","negative regulation of alcohol biosynthetic process","GO:1902931","0.48500909110754536","0.31425012081868886","14","514","1","21026",
"GO:BP","Golgi localization","GO:0051645","0.48500909110754536","0.31425012081868886","14","514","1","21026",
"GO:BP","serotonin receptor signaling pathway","GO:0007210","0.48500909110754536","0.31425012081868886","14","514","1","21026",
"GO:BP","regulation of cell proliferation involved in kidney development","GO:1901722","0.48500909110754536","0.31425012081868886","14","514","1","21026",
"GO:BP","ethanol catabolic process","GO:0006068","0.48500909110754536","0.31425012081868886","14","514","1","21026",
"GO:BP","peptidyl-threonine phosphorylation","GO:0018107","0.48500909110754536","0.31425012081868886","77","514","3","21026",
"GO:BP","glycosyl compound metabolic process","GO:1901657","0.48500909110754536","0.31425012081868886","77","514","3","21026",
"GO:BP","negative regulation of B cell apoptotic process","GO:0002903","0.48500909110754536","0.31425012081868886","14","514","1","21026",
"GO:BP","actin crosslink formation","GO:0051764","0.48500909110754536","0.31425012081868886","14","514","1","21026",
"GO:BP","negative regulation of cell differentiation","GO:0045596","0.48500909110754536","0.31425012081868886","671","514","19","21026",
"GO:BP","dendritic cell differentiation","GO:0097028","0.48500909110754536","0.31425012081868886","44","514","2","21026",
"GO:BP","S-adenosylmethionine metabolic process","GO:0046500","0.48500909110754536","0.31425012081868886","14","514","1","21026",
"GO:BP","saliva secretion","GO:0046541","0.48500909110754536","0.31425012081868886","14","514","1","21026",
"GO:BP","positive regulation of prostaglandin secretion","GO:0032308","0.48500909110754536","0.31425012081868886","14","514","1","21026",
"GO:BP","metanephric mesenchyme development","GO:0072075","0.48500909110754536","0.31425012081868886","14","514","1","21026",
"GO:BP","base-excision repair, gap-filling","GO:0006287","0.48500909110754536","0.31425012081868886","14","514","1","21026",
"GO:BP","positive regulation of endoplasmic reticulum unfolded protein response","GO:1900103","0.48500909110754536","0.31425012081868886","14","514","1","21026",
"GO:BP","regulation of intestinal absorption","GO:1904478","0.48500909110754536","0.31425012081868886","14","514","1","21026",
"GO:BP","lymphocyte differentiation","GO:0030098","0.48500909110754536","0.31425012081868886","442","514","13","21026",
"GO:BP","epithelial cilium movement involved in extracellular fluid movement","GO:0003351","0.48500909110754536","0.31425012081868886","44","514","2","21026",
"GO:BP","random inactivation of X chromosome","GO:0060816","0.48500909110754536","0.31425012081868886","14","514","1","21026",
"GO:BP","natural killer cell mediated cytotoxicity","GO:0042267","0.48500909110754536","0.31425012081868886","77","514","3","21026",
"GO:BP","regulation of Wnt signaling pathway, planar cell polarity pathway","GO:2000095","0.48500909110754536","0.31425012081868886","14","514","1","21026",
"GO:BP","lipoprotein catabolic process","GO:0042159","0.48500909110754536","0.31425012081868886","14","514","1","21026",
"GO:BP","positive regulation of fibroblast migration","GO:0010763","0.48500909110754536","0.31425012081868886","14","514","1","21026",
"GO:BP","regulation of mitochondrial fusion","GO:0010635","0.48500909110754536","0.31425012081868886","14","514","1","21026",
"GO:BP","fatty acid elongation","GO:0030497","0.48500909110754536","0.31425012081868886","14","514","1","21026",
"GO:BP","forebrain morphogenesis","GO:0048853","0.48500909110754536","0.31425012081868886","14","514","1","21026",
"GO:BP","lens fiber cell development","GO:0070307","0.48500909110754536","0.31425012081868886","14","514","1","21026",
"GO:BP","purine nucleoside monophosphate metabolic process","GO:0009126","0.48500909110754536","0.31425012081868886","44","514","2","21026",
"GO:BP","DNA synthesis involved in DNA repair","GO:0000731","0.48500909110754536","0.31425012081868886","44","514","2","21026",
"GO:BP","primary alcohol biosynthetic process","GO:0034309","0.48500909110754536","0.31425012081868886","14","514","1","21026",
"GO:BP","regulation of T-helper 17 cell lineage commitment","GO:2000328","0.48500909110754536","0.31425012081868886","14","514","1","21026",
"GO:BP","facultative heterochromatin formation","GO:0140718","0.48500909110754536","0.31425012081868886","14","514","1","21026",
"GO:BP","cell migration involved in gastrulation","GO:0042074","0.48500909110754536","0.31425012081868886","14","514","1","21026",
"GO:BP","regulation of nuclear-transcribed mRNA catabolic process, nonsense-mediated decay","GO:2000622","0.48500909110754536","0.31425012081868886","14","514","1","21026",
"GO:BP","chordate embryonic development","GO:0043009","0.48500909110754536","0.31425012081868886","671","514","19","21026",
"GO:BP","bone development","GO:0060348","0.4851550809796358","0.314119415937669","220","514","7","21026",
"GO:BP","microtubule-based transport","GO:0099111","0.4851550809796358","0.314119415937669","220","514","7","21026",
"GO:BP","regulation of protein catabolic process","GO:0042176","0.4862309914871755","0.3131573634628245","369","514","11","21026",
"GO:BP","specification of symmetry","GO:0009799","0.48904970847014084","0.3106469956471186","148","514","5","21026",
"GO:BP","determination of bilateral symmetry","GO:0009855","0.48904970847014084","0.3106469956471186","148","514","5","21026",
"GO:BP","positive regulation of small GTPase mediated signal transduction","GO:0051057","0.49207098197707927","0.3079722450833981","78","514","3","21026",
"GO:BP","positive regulation of proteasomal protein catabolic process","GO:1901800","0.4935317092857354","0.30668493878884595","113","514","4","21026",
"GO:BP","axon extension","GO:0048675","0.4935317092857354","0.30668493878884595","113","514","4","21026",
"GO:BP","post-Golgi vesicle-mediated transport","GO:0006892","0.4935317092857354","0.30668493878884595","113","514","4","21026",
"GO:BP","temperature homeostasis","GO:0001659","0.4944129593586005","0.3059101542134016","185","514","6","21026",
"GO:BP","cell cycle DNA replication","GO:0044786","0.4965937662924506","0.3039987364161353","45","514","2","21026",
"GO:BP","neurotransmitter uptake","GO:0001504","0.4965937662924506","0.3039987364161353","45","514","2","21026",
"GO:BP","negative regulation of insulin secretion","GO:0046676","0.4965937662924506","0.3039987364161353","45","514","2","21026",
"GO:BP","regulation of macrophage migration","GO:1905521","0.4965937662924506","0.3039987364161353","45","514","2","21026",
"GO:BP","negative regulation of lipid localization","GO:1905953","0.4965937662924506","0.3039987364161353","45","514","2","21026",
"GO:BP","lung epithelium development","GO:0060428","0.4965937662924506","0.3039987364161353","45","514","2","21026",
"GO:BP","response to testosterone","GO:0033574","0.4965937662924506","0.3039987364161353","45","514","2","21026",
"GO:BP","positive regulation of cellular component organization","GO:0051130","0.49711775000102404","0.3035407297399515","1105","514","30","21026",
"GO:BP","intracellular monoatomic cation homeostasis","GO:0030003","0.49804038592669375","0.30273543901948125","524","514","15","21026",
"GO:BP","ribonucleotide metabolic process","GO:0009259","0.4983921974873001","0.3024287653351131","372","514","11","21026",
"GO:BP","cell fate commitment","GO:0045165","0.49925994775524174","0.3016732730528172","297","514","9","21026",
"GO:BP","sphingosine biosynthetic process","GO:0046512","0.4992654464201613","0.30166848991991674","15","514","1","21026",
"GO:BP","G protein-coupled glutamate receptor signaling pathway","GO:0007216","0.4992654464201613","0.30166848991991674","15","514","1","21026",
"GO:BP","regulation of long-term synaptic depression","GO:1900452","0.4992654464201613","0.30166848991991674","15","514","1","21026",
"GO:BP","medium-chain fatty acid metabolic process","GO:0051791","0.4992654464201613","0.30166848991991674","15","514","1","21026",
"GO:BP","negative regulation of B cell mediated immunity","GO:0002713","0.4992654464201613","0.30166848991991674","15","514","1","21026",
"GO:BP","peripheral nervous system neuron development","GO:0048935","0.4992654464201613","0.30166848991991674","15","514","1","21026",
"GO:BP","regulation of prostaglandin secretion","GO:0032306","0.4992654464201613","0.30166848991991674","15","514","1","21026",
"GO:BP","synapse pruning","GO:0098883","0.4992654464201613","0.30166848991991674","15","514","1","21026",
"GO:BP","I-kappaB phosphorylation","GO:0007252","0.4992654464201613","0.30166848991991674","15","514","1","21026",
"GO:BP","fibroblast activation","GO:0072537","0.4992654464201613","0.30166848991991674","15","514","1","21026",
"GO:BP","intracellular potassium ion homeostasis","GO:0030007","0.4992654464201613","0.30166848991991674","15","514","1","21026",
"GO:BP","neuron remodeling","GO:0016322","0.4992654464201613","0.30166848991991674","15","514","1","21026",
"GO:BP","primary amino compound metabolic process","GO:1901160","0.4992654464201613","0.30166848991991674","15","514","1","21026",
"GO:BP","epithelial cell fate commitment","GO:0072148","0.4992654464201613","0.30166848991991674","15","514","1","21026",
"GO:BP","sphingoid biosynthetic process","GO:0046520","0.4992654464201613","0.30166848991991674","15","514","1","21026",
"GO:BP","blood vessel remodeling","GO:0001974","0.4992654464201613","0.30166848991991674","46","514","2","21026",
"GO:BP","negative regulation of immunoglobulin mediated immune response","GO:0002890","0.4992654464201613","0.30166848991991674","15","514","1","21026",
"GO:BP","negative regulation of mRNA catabolic process","GO:1902373","0.4992654464201613","0.30166848991991674","79","514","3","21026",
"GO:BP","chaperone-mediated autophagy","GO:0061684","0.4992654464201613","0.30166848991991674","15","514","1","21026",
"GO:BP","positive regulation of B cell proliferation","GO:0030890","0.4992654464201613","0.30166848991991674","46","514","2","21026",
"GO:BP","G protein-coupled purinergic nucleotide receptor signaling pathway","GO:0035589","0.4992654464201613","0.30166848991991674","15","514","1","21026",
"GO:BP","negative regulation of intrinsic apoptotic signaling pathway in response to DNA damage by p53 class mediator","GO:1902166","0.4992654464201613","0.30166848991991674","15","514","1","21026",
"GO:BP","regulation of steroid hormone biosynthetic process","GO:0090030","0.4992654464201613","0.30166848991991674","15","514","1","21026",
"GO:BP","negative regulation of ubiquitin-protein transferase activity","GO:0051444","0.4992654464201613","0.30166848991991674","15","514","1","21026",
"GO:BP","negative regulation of adenylate cyclase-activating G protein-coupled receptor signaling pathway","GO:0106072","0.4992654464201613","0.30166848991991674","15","514","1","21026",
"GO:BP","cerebellar Purkinje cell layer formation","GO:0021694","0.4992654464201613","0.30166848991991674","15","514","1","21026",
"GO:BP","negative regulation of cytosolic calcium ion concentration","GO:0051481","0.4992654464201613","0.30166848991991674","15","514","1","21026",
"GO:BP","cardiac neural crest cell development involved in heart development","GO:0061308","0.4992654464201613","0.30166848991991674","15","514","1","21026",
"GO:BP","cardiac neural crest cell differentiation involved in heart development","GO:0061307","0.4992654464201613","0.30166848991991674","15","514","1","21026",
"GO:BP","negative regulation of protein transport","GO:0051224","0.4992654464201613","0.30166848991991674","114","514","4","21026",
"GO:BP","microtubule nucleation","GO:0007020","0.4992654464201613","0.30166848991991674","46","514","2","21026",
"GO:BP","negative regulation of cell fate commitment","GO:0010454","0.4992654464201613","0.30166848991991674","15","514","1","21026",
"GO:BP","respiratory system process","GO:0003016","0.4992654464201613","0.30166848991991674","46","514","2","21026",
"GO:BP","histamine transport","GO:0051608","0.4992654464201613","0.30166848991991674","15","514","1","21026",
"GO:BP","positive regulation of glial cell differentiation","GO:0045687","0.4992654464201613","0.30166848991991674","46","514","2","21026",
"GO:BP","nuclear pore organization","GO:0006999","0.4992654464201613","0.30166848991991674","15","514","1","21026",
"GO:BP","neutrophil extravasation","GO:0072672","0.4992654464201613","0.30166848991991674","15","514","1","21026",
"GO:BP","mRNA 3'-end processing","GO:0031124","0.4992654464201613","0.30166848991991674","46","514","2","21026",
"GO:BP","amino sugar catabolic process","GO:0046348","0.4992654464201613","0.30166848991991674","15","514","1","21026",
"GO:BP","protein localization to condensed chromosome","GO:1903083","0.4992654464201613","0.30166848991991674","15","514","1","21026",
"GO:BP","regulation of cold-induced thermogenesis","GO:0120161","0.4992654464201613","0.30166848991991674","151","514","5","21026",
"GO:BP","regulation of thymocyte apoptotic process","GO:0070243","0.4992654464201613","0.30166848991991674","15","514","1","21026",
"GO:BP","regulation of receptor signaling pathway via JAK-STAT","GO:0046425","0.4992654464201613","0.30166848991991674","79","514","3","21026",
"GO:BP","ethanol metabolic process","GO:0006067","0.4992654464201613","0.30166848991991674","15","514","1","21026",
"GO:BP","hepatocyte differentiation","GO:0070365","0.4992654464201613","0.30166848991991674","15","514","1","21026",
"GO:BP","protein localization to kinetochore","GO:0034501","0.4992654464201613","0.30166848991991674","15","514","1","21026",
"GO:BP","mast cell migration","GO:0097531","0.4992654464201613","0.30166848991991674","15","514","1","21026",
"GO:BP","ribonucleoside triphosphate metabolic process","GO:0009199","0.4992654464201613","0.30166848991991674","260","514","8","21026",
"GO:BP","positive regulation of telomere maintenance in response to DNA damage","GO:1904507","0.4992654464201613","0.30166848991991674","15","514","1","21026",
"GO:BP","negative regulation of gene expression via chromosomal CpG island methylation","GO:0044027","0.4992654464201613","0.30166848991991674","15","514","1","21026",
"GO:BP","circadian behavior","GO:0048512","0.4992654464201613","0.30166848991991674","46","514","2","21026",
"GO:BP","natural killer cell proliferation","GO:0001787","0.4992654464201613","0.30166848991991674","15","514","1","21026",
"GO:BP","negative regulation of DNA damage response, signal transduction by p53 class mediator","GO:0043518","0.4992654464201613","0.30166848991991674","15","514","1","21026",
"GO:BP","regulation of RNA splicing","GO:0043484","0.4992654464201613","0.30166848991991674","187","514","6","21026",
"GO:BP","purine nucleoside triphosphate metabolic process","GO:0009144","0.4992654464201613","0.30166848991991674","260","514","8","21026",
"GO:BP","response to stimulus involved in regulation of muscle adaptation","GO:0014874","0.4992654464201613","0.30166848991991674","15","514","1","21026",
"GO:BP","regulation of monoatomic anion transport","GO:0044070","0.4992654464201613","0.30166848991991674","15","514","1","21026",
"GO:BP","positive regulation of non-canonical Wnt signaling pathway","GO:2000052","0.4992654464201613","0.30166848991991674","15","514","1","21026",
"GO:BP","regulation of developmental pigmentation","GO:0048070","0.4992654464201613","0.30166848991991674","15","514","1","21026",
"GO:BP","response to dexamethasone","GO:0071548","0.4992654464201613","0.30166848991991674","46","514","2","21026",
"GO:BP","proteasome assembly","GO:0043248","0.4992654464201613","0.30166848991991674","15","514","1","21026",
"GO:BP","positive regulation of keratinocyte proliferation","GO:0010838","0.4992654464201613","0.30166848991991674","15","514","1","21026",
"GO:BP","intrinsic apoptotic signaling pathway in response to DNA damage by p53 class mediator","GO:0042771","0.4992654464201613","0.30166848991991674","46","514","2","21026",
"GO:BP","positive regulation of neuroinflammatory response","GO:0150078","0.4992654464201613","0.30166848991991674","15","514","1","21026",
"GO:BP","regulation of neuron projection arborization","GO:0150011","0.4992654464201613","0.30166848991991674","15","514","1","21026",
"GO:BP","columnar/cuboidal epithelial cell differentiation","GO:0002065","0.4992654464201613","0.30166848991991674","115","514","4","21026",
"GO:BP","inflammasome-mediated signaling pathway","GO:0141084","0.4992654464201613","0.30166848991991674","46","514","2","21026",
"GO:BP","cellular response to ethanol","GO:0071361","0.4992654464201613","0.30166848991991674","15","514","1","21026",
"GO:BP","left/right axis specification","GO:0070986","0.4992654464201613","0.30166848991991674","15","514","1","21026",
"GO:BP","regulation of NMDA receptor activity","GO:2000310","0.4992654464201613","0.30166848991991674","15","514","1","21026",
"GO:BP","cellular response to potassium ion","GO:0035865","0.4992654464201613","0.30166848991991674","15","514","1","21026",
"GO:BP","lysosomal membrane organization","GO:0097212","0.4992654464201613","0.30166848991991674","15","514","1","21026",
"GO:BP","base-excision repair","GO:0006284","0.4992654464201613","0.30166848991991674","46","514","2","21026",
"GO:BP","positive regulation of ERK1 and ERK2 cascade","GO:0070374","0.4992654464201613","0.30166848991991674","187","514","6","21026",
"GO:BP","negative regulation of NLRP3 inflammasome complex assembly","GO:1900226","0.4992654464201613","0.30166848991991674","15","514","1","21026",
"GO:BP","regulation of IRE1-mediated unfolded protein response","GO:1903894","0.4992654464201613","0.30166848991991674","15","514","1","21026",
"GO:BP","negative regulation of T-helper 17 cell differentiation","GO:2000320","0.4992654464201613","0.30166848991991674","15","514","1","21026",
"GO:BP","translational elongation","GO:0006414","0.49979089557636863","0.3012116594479797","80","514","3","21026",
"GO:BP","respiratory gaseous exchange by respiratory system","GO:0007585","0.49979089557636863","0.3012116594479797","80","514","3","21026",
"GO:BP","positive regulation of exocytosis","GO:0045921","0.49979089557636863","0.3012116594479797","80","514","3","21026",
"GO:BP","protein-DNA complex organization","GO:0071824","0.500599574316844","0.3005095240284833","262","514","8","21026",
"GO:BP","regulation of DNA repair","GO:0006282","0.5016777977236867","0.2995751187040624","225","514","7","21026",
"GO:BP","negative regulation of mitotic cell cycle","GO:0045930","0.5016777977236867","0.2995751187040624","225","514","7","21026",
"GO:BP","regulation of body fluid levels","GO:0050878","0.5048236471761545","0.29686030987014134","376","514","11","21026",
"GO:BP","regulation of actin filament-based process","GO:0032970","0.5048236471761545","0.29686030987014134","376","514","11","21026",
"GO:BP","vesicle organization","GO:0016050","0.5048236471761545","0.29686030987014134","376","514","11","21026",
"GO:BP","regulation of nucleocytoplasmic transport","GO:0046822","0.5053638832635682","0.2963957989412571","116","514","4","21026",
"GO:BP","regulation of cell junction assembly","GO:1901888","0.5053638832635682","0.2963957989412571","263","514","8","21026",
"GO:BP","antigen processing and presentation","GO:0019882","0.5053638832635682","0.2963957989412571","116","514","4","21026",
"GO:BP","regulation of release of sequestered calcium ion into cytosol","GO:0051279","0.5084660541912699","0.2937380357983007","81","514","3","21026",
"GO:BP","leukocyte cell-cell adhesion","GO:0007159","0.5084660541912699","0.2937380357983007","415","514","12","21026",
"GO:BP","response to axon injury","GO:0048678","0.5084660541912699","0.2937380357983007","81","514","3","21026",
"GO:BP","nitric oxide metabolic process","GO:0046209","0.5084660541912699","0.2937380357983007","81","514","3","21026",
"GO:BP","regulation of leukocyte cell-cell adhesion","GO:1903037","0.5084660541912699","0.2937380357983007","377","514","11","21026",
"GO:BP","nucleoside phosphate metabolic process","GO:0006753","0.5088578789023556","0.2934034966947239","646","514","18","21026",
"GO:BP","antigen processing and presentation of exogenous antigen","GO:0019884","0.5095744586581246","0.29279234821945915","47","514","2","21026",
"GO:BP","regulation of oligodendrocyte differentiation","GO:0048713","0.5095744586581246","0.29279234821945915","47","514","2","21026",
"GO:BP","extracellular transport","GO:0006858","0.5095744586581246","0.29279234821945915","47","514","2","21026",
"GO:BP","neuron recognition","GO:0008038","0.5095744586581246","0.29279234821945915","47","514","2","21026",
"GO:BP","intracellular lipid transport","GO:0032365","0.5095744586581246","0.29279234821945915","47","514","2","21026",
"GO:BP","labyrinthine layer development","GO:0060711","0.5095744586581246","0.29279234821945915","47","514","2","21026",
"GO:BP","ER-nucleus signaling pathway","GO:0006984","0.5095744586581246","0.29279234821945915","47","514","2","21026",
"GO:BP","regulation of acute inflammatory response","GO:0002673","0.5095744586581246","0.29279234821945915","47","514","2","21026",
"GO:BP","negative regulation of muscle cell apoptotic process","GO:0010656","0.5095744586581246","0.29279234821945915","47","514","2","21026",
"GO:BP","positive regulation of organic acid transport","GO:0032892","0.5095744586581246","0.29279234821945915","47","514","2","21026",
"GO:BP","cold-induced thermogenesis","GO:0106106","0.5096729039126556","0.29270845449058547","153","514","5","21026",
"GO:BP","inorganic cation import across plasma membrane","GO:0098659","0.5112210508034621","0.29139127132157877","117","514","4","21026",
"GO:BP","proton transmembrane transport","GO:1902600","0.5112210508034621","0.29139127132157877","190","514","6","21026",
"GO:BP","inorganic ion import across plasma membrane","GO:0099587","0.5112210508034621","0.29139127132157877","117","514","4","21026",
"GO:BP","tRNA decay","GO:0016078","0.5121084918528378","0.29063802257558","16","514","1","21026",
"GO:BP","regulation of transmission of nerve impulse","GO:0051969","0.5121084918528378","0.29063802257558","16","514","1","21026",
"GO:BP","purine ribonucleoside bisphosphate metabolic process","GO:0034035","0.5121084918528378","0.29063802257558","16","514","1","21026",
"GO:BP","regulation of myoblast proliferation","GO:2000291","0.5121084918528378","0.29063802257558","16","514","1","21026",
"GO:BP","low-density lipoprotein particle remodeling","GO:0034374","0.5121084918528378","0.29063802257558","16","514","1","21026",
"GO:BP","negative regulation of cell division","GO:0051782","0.5121084918528378","0.29063802257558","16","514","1","21026",
"GO:BP","sulfur amino acid biosynthetic process","GO:0000097","0.5121084918528378","0.29063802257558","16","514","1","21026",
"GO:BP","regulation of mitotic cytokinesis","GO:1902412","0.5121084918528378","0.29063802257558","16","514","1","21026",
"GO:BP","negative regulation of T-helper 17 type immune response","GO:2000317","0.5121084918528378","0.29063802257558","16","514","1","21026",
"GO:BP","miRNA catabolic process","GO:0010587","0.5121084918528378","0.29063802257558","16","514","1","21026",
"GO:BP","establishment of chromosome localization","GO:0051303","0.5121084918528378","0.29063802257558","118","514","4","21026",
"GO:BP","negative regulation of focal adhesion assembly","GO:0051895","0.5121084918528378","0.29063802257558","16","514","1","21026",
"GO:BP","tissue regeneration","GO:0042246","0.5121084918528378","0.29063802257558","82","514","3","21026",
"GO:BP","centrosome separation","GO:0051299","0.5121084918528378","0.29063802257558","16","514","1","21026",
"GO:BP","glomerular mesangium development","GO:0072109","0.5121084918528378","0.29063802257558","16","514","1","21026",
"GO:BP","negative regulation of peptidyl-threonine phosphorylation","GO:0010801","0.5121084918528378","0.29063802257558","16","514","1","21026",
"GO:BP","reactive nitrogen species metabolic process","GO:2001057","0.5121084918528378","0.29063802257558","82","514","3","21026",
"GO:BP","peptidyl-tyrosine autophosphorylation","GO:0038083","0.5121084918528378","0.29063802257558","16","514","1","21026",
"GO:BP","regulation of dendritic cell cytokine production","GO:0002730","0.5121084918528378","0.29063802257558","16","514","1","21026",
"GO:BP","sensory perception of pain","GO:0019233","0.5121084918528378","0.29063802257558","82","514","3","21026",
"GO:BP","ketone catabolic process","GO:0042182","0.5121084918528378","0.29063802257558","16","514","1","21026",
"GO:BP","detection of bacterium","GO:0016045","0.5121084918528378","0.29063802257558","16","514","1","21026",
"GO:BP","regulation of Golgi organization","GO:1903358","0.5121084918528378","0.29063802257558","16","514","1","21026",
"GO:BP","negative regulation of viral transcription","GO:0032897","0.5121084918528378","0.29063802257558","16","514","1","21026",
"GO:BP","calcium import into the mitochondrion","GO:0036444","0.5121084918528378","0.29063802257558","16","514","1","21026",
"GO:BP","dendritic cell cytokine production","GO:0002371","0.5121084918528378","0.29063802257558","16","514","1","21026",
"GO:BP","natural killer cell mediated immunity","GO:0002228","0.5121084918528378","0.29063802257558","82","514","3","21026",
"GO:BP","positive regulation of vascular associated smooth muscle cell migration","GO:1904754","0.5121084918528378","0.29063802257558","16","514","1","21026",
"GO:BP","renal sodium ion transport","GO:0003096","0.5121084918528378","0.29063802257558","16","514","1","21026",
"GO:BP","regulation of cell cycle G2/M phase transition","GO:1902749","0.5121084918528378","0.29063802257558","118","514","4","21026",
"GO:BP","ribose phosphate metabolic process","GO:0019693","0.5121084918528378","0.29063802257558","380","514","11","21026",
"GO:BP","nephric duct development","GO:0072176","0.5121084918528378","0.29063802257558","16","514","1","21026",
"GO:BP","cell cycle phase transition","GO:0044770","0.5121084918528378","0.29063802257558","532","514","15","21026",
"GO:BP","regulation of miRNA processing","GO:1903798","0.5121084918528378","0.29063802257558","16","514","1","21026",
"GO:BP","pre-miRNA processing","GO:0031054","0.5121084918528378","0.29063802257558","16","514","1","21026",
"GO:BP","isotype switching to IgG isotypes","GO:0048291","0.5121084918528378","0.29063802257558","16","514","1","21026",
"GO:BP","peripheral nervous system neuron differentiation","GO:0048934","0.5121084918528378","0.29063802257558","16","514","1","21026",
"GO:BP","intracellular monoatomic ion homeostasis","GO:0006873","0.5121084918528378","0.29063802257558","533","514","15","21026",
"GO:BP","positive regulation of synaptic transmission, GABAergic","GO:0032230","0.5121084918528378","0.29063802257558","16","514","1","21026",
"GO:BP","3'-phosphoadenosine 5'-phosphosulfate metabolic process","GO:0050427","0.5121084918528378","0.29063802257558","16","514","1","21026",
"GO:BP","positive regulation of dendrite development","GO:1900006","0.5121084918528378","0.29063802257558","16","514","1","21026",
"GO:BP","growth hormone secretion","GO:0030252","0.5121084918528378","0.29063802257558","16","514","1","21026",
"GO:BP","Golgi inheritance","GO:0048313","0.5121084918528378","0.29063802257558","16","514","1","21026",
"GO:BP","tRNA 5'-end processing","GO:0099116","0.5121084918528378","0.29063802257558","16","514","1","21026",
"GO:BP","positive regulation of fatty acid oxidation","GO:0046321","0.5121084918528378","0.29063802257558","16","514","1","21026",
"GO:BP","postsynaptic actin cytoskeleton organization","GO:0098974","0.5121084918528378","0.29063802257558","16","514","1","21026",
"GO:BP","BMP signaling pathway","GO:0030509","0.5121084918528378","0.29063802257558","154","514","5","21026",
"GO:BP","sphingosine-1-phosphate receptor signaling pathway","GO:0003376","0.5121084918528378","0.29063802257558","16","514","1","21026",
"GO:BP","negative regulation of cell-substrate junction organization","GO:0150118","0.5121084918528378","0.29063802257558","16","514","1","21026",
"GO:BP","regulation of response to food","GO:0032095","0.5121084918528378","0.29063802257558","16","514","1","21026",
"GO:BP","hyaluronan catabolic process","GO:0030214","0.5121084918528378","0.29063802257558","16","514","1","21026",
"GO:BP","organelle inheritance","GO:0048308","0.5121084918528378","0.29063802257558","16","514","1","21026",
"GO:BP","regulation of cellular response to heat","GO:1900034","0.5121084918528378","0.29063802257558","16","514","1","21026",
"GO:BP","complement activation, alternative pathway","GO:0006957","0.5121084918528378","0.29063802257558","16","514","1","21026",
"GO:BP","positive regulation of sodium ion transmembrane transport","GO:1902307","0.5121084918528378","0.29063802257558","16","514","1","21026",
"GO:BP","glucocorticoid biosynthetic process","GO:0006704","0.5121084918528378","0.29063802257558","16","514","1","21026",
"GO:BP","membrane repolarization during ventricular cardiac muscle cell action potential","GO:0098915","0.5121084918528378","0.29063802257558","16","514","1","21026",
"GO:BP","methionine metabolic process","GO:0006555","0.5121084918528378","0.29063802257558","16","514","1","21026",
"GO:BP","immune response","GO:0006955","0.5121084918528378","0.29063802257558","2070","514","54","21026",
"GO:BP","positive regulation of stem cell population maintenance","GO:1902459","0.5129538052539349","0.2899217441019121","48","514","2","21026",
"GO:BP","regulation of T cell mediated cytotoxicity","GO:0001914","0.5129538052539349","0.2899217441019121","48","514","2","21026",
"GO:BP","rhythmic behavior","GO:0007622","0.5129538052539349","0.2899217441019121","48","514","2","21026",
"GO:BP","fat-soluble vitamin metabolic process","GO:0006775","0.5129538052539349","0.2899217441019121","48","514","2","21026",
"GO:BP","oligodendrocyte development","GO:0014003","0.5129538052539349","0.2899217441019121","48","514","2","21026",
"GO:BP","calcium-dependent cell-cell adhesion via plasma membrane cell adhesion molecules","GO:0016339","0.5129538052539349","0.2899217441019121","48","514","2","21026",
"GO:BP","regulation of cell cycle checkpoint","GO:1901976","0.5129538052539349","0.2899217441019121","48","514","2","21026",
"GO:BP","vesicle-mediated transport between endosomal compartments","GO:0098927","0.5129538052539349","0.2899217441019121","48","514","2","21026",
"GO:BP","microglial cell activation","GO:0001774","0.5129538052539349","0.2899217441019121","48","514","2","21026",
"GO:BP","inorganic ion homeostasis","GO:0098771","0.5129538052539349","0.2899217441019121","534","514","15","21026",
"GO:BP","negative regulation of cytoskeleton organization","GO:0051494","0.5140230641813103","0.28901739380249436","155","514","5","21026",
"GO:BP","organic hydroxy compound transport","GO:0015850","0.5146698863397516","0.28847124185100603","267","514","8","21026",
"GO:BP","positive regulation of cell activation","GO:0050867","0.5146750822755054","0.2884668573806972","381","514","11","21026",
"GO:BP","protein ubiquitination","GO:0016567","0.5147259966808398","0.2884238967781562","768","514","21","21026",
"GO:BP","regulation of double-strand break repair via homologous recombination","GO:0010569","0.5149384816242343","0.2882446519043978","83","514","3","21026",
"GO:BP","nucleobase-containing compound catabolic process","GO:0034655","0.5149384816242343","0.2882446519043978","535","514","15","21026",
"GO:BP","adenylate cyclase-inhibiting G protein-coupled receptor signaling pathway","GO:0007193","0.5149384816242343","0.2882446519043978","83","514","3","21026",
"GO:BP","embryonic organ morphogenesis","GO:0048562","0.5149384816242343","0.2882446519043978","305","514","9","21026",
"GO:BP","intrinsic apoptotic signaling pathway by p53 class mediator","GO:0072332","0.5149384816242343","0.2882446519043978","83","514","3","21026",
"GO:BP","regulation of translational initiation","GO:0006446","0.5149384816242343","0.2882446519043978","83","514","3","21026",
"GO:BP","positive regulation of cytokine production involved in immune response","GO:0002720","0.5149384816242343","0.2882446519043978","83","514","3","21026",
"GO:BP","cardiac muscle hypertrophy","GO:0003300","0.5149384816242343","0.2882446519043978","83","514","3","21026",
"GO:BP","energy homeostasis","GO:0097009","0.5149384816242343","0.2882446519043978","83","514","3","21026",
"GO:BP","nephron morphogenesis","GO:0072028","0.5149384816242343","0.2882446519043978","83","514","3","21026",
"GO:BP","synaptic vesicle endocytosis","GO:0048488","0.5149384816242343","0.2882446519043978","83","514","3","21026",
"GO:BP","regulation of extrinsic apoptotic signaling pathway","GO:2001236","0.5191713808754681","0.2846892558656808","156","514","5","21026",
"GO:BP","regulation of epithelial cell differentiation","GO:0030856","0.5191713808754681","0.2846892558656808","156","514","5","21026",
"GO:BP","embryo development ending in birth or egg hatching","GO:0009792","0.5195768654317726","0.28435019447160237","692","514","19","21026",
"GO:BP","regulation of postsynaptic membrane neurotransmitter receptor levels","GO:0099072","0.5209291431706197","0.2832213454581817","121","514","4","21026",
"GO:BP","isoprenoid metabolic process","GO:0006720","0.5209291431706197","0.2832213454581817","121","514","4","21026",
"GO:BP","mammary gland epithelial cell differentiation","GO:0060644","0.5209291431706197","0.2832213454581817","17","514","1","21026",
"GO:BP","positive regulation of vascular permeability","GO:0043117","0.5209291431706197","0.2832213454581817","17","514","1","21026",
"GO:BP","negative regulation of miRNA-mediated gene silencing","GO:0060965","0.5209291431706197","0.2832213454581817","17","514","1","21026",
"GO:BP","intestinal epithelial cell development","GO:0060576","0.5209291431706197","0.2832213454581817","17","514","1","21026",
"GO:BP","kidney mesenchyme development","GO:0072074","0.5209291431706197","0.2832213454581817","17","514","1","21026",
"GO:BP","regulation of receptor clustering","GO:1903909","0.5209291431706197","0.2832213454581817","17","514","1","21026",
"GO:BP","regulation of clathrin-dependent endocytosis","GO:2000369","0.5209291431706197","0.2832213454581817","17","514","1","21026",
"GO:BP","regulation of pigmentation","GO:0120305","0.5209291431706197","0.2832213454581817","17","514","1","21026",
"GO:BP","intraciliary transport","GO:0042073","0.5209291431706197","0.2832213454581817","49","514","2","21026",
"GO:BP","demethylation","GO:0070988","0.5209291431706197","0.2832213454581817","17","514","1","21026",
"GO:BP","T cell homeostasis","GO:0043029","0.5209291431706197","0.2832213454581817","49","514","2","21026",
"GO:BP","extrinsic apoptotic signaling pathway via death domain receptors","GO:0008625","0.5209291431706197","0.2832213454581817","84","514","3","21026",
"GO:BP","positive regulation of homotypic cell-cell adhesion","GO:0034112","0.5209291431706197","0.2832213454581817","17","514","1","21026",
"GO:BP","retinal metabolic process","GO:0042574","0.5209291431706197","0.2832213454581817","17","514","1","21026",
"GO:BP","primary alcohol catabolic process","GO:0034310","0.5209291431706197","0.2832213454581817","17","514","1","21026",
"GO:BP","icosanoid secretion","GO:0032309","0.5209291431706197","0.2832213454581817","49","514","2","21026",
"GO:BP","NAD biosynthetic process","GO:0009435","0.5209291431706197","0.2832213454581817","17","514","1","21026",
"GO:BP","regulation of amine transport","GO:0051952","0.5209291431706197","0.2832213454581817","84","514","3","21026",
"GO:BP","sperm DNA condensation","GO:0035092","0.5209291431706197","0.2832213454581817","17","514","1","21026",
"GO:BP","toll-like receptor 2 signaling pathway","GO:0034134","0.5209291431706197","0.2832213454581817","17","514","1","21026",
"GO:BP","establishment of endothelial barrier","GO:0061028","0.5209291431706197","0.2832213454581817","49","514","2","21026",
"GO:BP","metanephric glomerulus development","GO:0072224","0.5209291431706197","0.2832213454581817","17","514","1","21026",
"GO:BP","response to insulin","GO:0032868","0.5209291431706197","0.2832213454581817","270","514","8","21026",
"GO:BP","regulation of gluconeogenesis","GO:0006111","0.5209291431706197","0.2832213454581817","49","514","2","21026",
"GO:BP","skeletal muscle organ development","GO:0060538","0.5209291431706197","0.2832213454581817","194","514","6","21026",
"GO:BP","neuron maturation","GO:0042551","0.5209291431706197","0.2832213454581817","49","514","2","21026",
"GO:BP","antigen receptor-mediated signaling pathway","GO:0050851","0.5209291431706197","0.2832213454581817","195","514","6","21026",
"GO:BP","blood coagulation","GO:0007596","0.5209291431706197","0.2832213454581817","231","514","7","21026",
"GO:BP","respiratory burst involved in defense response","GO:0002679","0.5209291431706197","0.2832213454581817","17","514","1","21026",
"GO:BP","inhibitory postsynaptic potential","GO:0060080","0.5209291431706197","0.2832213454581817","17","514","1","21026",
"GO:BP","developmental pigmentation","GO:0048066","0.5209291431706197","0.2832213454581817","49","514","2","21026",
"GO:BP","regulation of mammary gland epithelial cell proliferation","GO:0033599","0.5209291431706197","0.2832213454581817","17","514","1","21026",
"GO:BP","translational termination","GO:0006415","0.5209291431706197","0.2832213454581817","17","514","1","21026",
"GO:BP","skeletal muscle satellite cell proliferation","GO:0014841","0.5209291431706197","0.2832213454581817","17","514","1","21026",
"GO:BP","regulation of integrin activation","GO:0033623","0.5209291431706197","0.2832213454581817","17","514","1","21026",
"GO:BP","regulation of cell communication by electrical coupling","GO:0010649","0.5209291431706197","0.2832213454581817","17","514","1","21026",
"GO:BP","nucleoside bisphosphate metabolic process","GO:0033865","0.5209291431706197","0.2832213454581817","17","514","1","21026",
"GO:BP","response to vitamin A","GO:0033189","0.5209291431706197","0.2832213454581817","17","514","1","21026",
"GO:BP","V(D)J recombination","GO:0033151","0.5209291431706197","0.2832213454581817","17","514","1","21026",
"GO:BP","nuclear receptor-mediated steroid hormone signaling pathway","GO:0030518","0.5209291431706197","0.2832213454581817","121","514","4","21026",
"GO:BP","ribonucleoside bisphosphate metabolic process","GO:0033875","0.5209291431706197","0.2832213454581817","17","514","1","21026",
"GO:BP","androgen receptor signaling pathway","GO:0030521","0.5209291431706197","0.2832213454581817","49","514","2","21026",
"GO:BP","dicarboxylic acid catabolic process","GO:0043649","0.5209291431706197","0.2832213454581817","17","514","1","21026",
"GO:BP","purine nucleoside bisphosphate metabolic process","GO:0034032","0.5209291431706197","0.2832213454581817","17","514","1","21026",
"GO:BP","regulation of DNA strand elongation","GO:0060382","0.5209291431706197","0.2832213454581817","17","514","1","21026",
"GO:BP","endolysosomal toll-like receptor signaling pathway","GO:0140894","0.5209291431706197","0.2832213454581817","49","514","2","21026",
"GO:BP","myelin maintenance","GO:0043217","0.5209291431706197","0.2832213454581817","17","514","1","21026",
"GO:BP","granulocyte migration","GO:0097530","0.5209291431706197","0.2832213454581817","157","514","5","21026",
"GO:BP","regulation of respiratory system process","GO:0044065","0.5209291431706197","0.2832213454581817","17","514","1","21026",
"GO:BP","regulation of regulatory ncRNA processing","GO:0070920","0.5209291431706197","0.2832213454581817","17","514","1","21026",
"GO:BP","protein branched polyubiquitination","GO:0141198","0.5209291431706197","0.2832213454581817","17","514","1","21026",
"GO:BP","positive regulation of RNA splicing","GO:0033120","0.5209291431706197","0.2832213454581817","49","514","2","21026",
"GO:BP","xenobiotic transmembrane transport","GO:0006855","0.5209291431706197","0.2832213454581817","17","514","1","21026",
"GO:BP","detection of mechanical stimulus involved in sensory perception of sound","GO:0050910","0.5209291431706197","0.2832213454581817","17","514","1","21026",
"GO:BP","cellular response to interleukin-17","GO:0097398","0.5209291431706197","0.2832213454581817","17","514","1","21026",
"GO:BP","tRNA wobble uridine modification","GO:0002098","0.5209291431706197","0.2832213454581817","17","514","1","21026",
"GO:BP","tyrosine metabolic process","GO:0006570","0.5209291431706197","0.2832213454581817","17","514","1","21026",
"GO:BP","glycosylceramide metabolic process","GO:0006677","0.5209291431706197","0.2832213454581817","17","514","1","21026",
"GO:BP","amino-acid betaine metabolic process","GO:0006577","0.5209291431706197","0.2832213454581817","17","514","1","21026",
"GO:BP","response to macrophage colony-stimulating factor","GO:0036005","0.5209291431706197","0.2832213454581817","17","514","1","21026",
"GO:BP","regulation of hematopoietic stem cell differentiation","GO:1902036","0.5209291431706197","0.2832213454581817","17","514","1","21026",
"GO:BP","regulation of establishment of endothelial barrier","GO:1903140","0.5209291431706197","0.2832213454581817","17","514","1","21026",
"GO:BP","regulation of intrinsic apoptotic signaling pathway in response to DNA damage by p53 class mediator","GO:1902165","0.5209291431706197","0.2832213454581817","17","514","1","21026",
"GO:BP","positive regulation of cholesterol metabolic process","GO:0090205","0.5209291431706197","0.2832213454581817","17","514","1","21026",
"GO:BP","inner dynein arm assembly","GO:0036159","0.5209291431706197","0.2832213454581817","17","514","1","21026",
"GO:BP","epithelial cell-cell adhesion","GO:0090136","0.5209291431706197","0.2832213454581817","17","514","1","21026",
"GO:BP","regulation of supramolecular fiber organization","GO:1902903","0.5209291431706197","0.2832213454581817","383","514","11","21026",
"GO:BP","positive regulation of protein polyubiquitination","GO:1902916","0.5209291431706197","0.2832213454581817","17","514","1","21026",
"GO:BP","regulation of ATP biosynthetic process","GO:2001169","0.5209291431706197","0.2832213454581817","17","514","1","21026",
"GO:BP","canonical NF-kappaB signal transduction","GO:0007249","0.5209291431706197","0.2832213454581817","308","514","9","21026",
"GO:BP","negative regulation of intracellular transport","GO:0032387","0.5209291431706197","0.2832213454581817","49","514","2","21026",
"GO:BP","acute-phase response","GO:0006953","0.5209291431706197","0.2832213454581817","49","514","2","21026",
"GO:BP","negative regulation of smooth muscle cell differentiation","GO:0051151","0.5209291431706197","0.2832213454581817","17","514","1","21026",
"GO:BP","ganglion development","GO:0061548","0.5209291431706197","0.2832213454581817","17","514","1","21026",
"GO:BP","mitotic DNA replication","GO:1902969","0.5209291431706197","0.2832213454581817","17","514","1","21026",
"GO:BP","cellular response to hepatocyte growth factor stimulus","GO:0035729","0.5209291431706197","0.2832213454581817","17","514","1","21026",
"GO:BP","negative regulation of apoptotic signaling pathway","GO:2001234","0.5209291431706197","0.2832213454581817","232","514","7","21026",
"GO:BP","locomotor rhythm","GO:0045475","0.5209291431706197","0.2832213454581817","17","514","1","21026",
"GO:BP","protein maturation","GO:0051604","0.5209291431706197","0.2832213454581817","539","514","15","21026",
"GO:BP","regulation of endothelial cell development","GO:1901550","0.5209291431706197","0.2832213454581817","17","514","1","21026",
"GO:BP","regulation of sister chromatid cohesion","GO:0007063","0.5209291431706197","0.2832213454581817","17","514","1","21026",
"GO:BP","nucleolus organization","GO:0007000","0.5209291431706197","0.2832213454581817","17","514","1","21026",
"GO:BP","branching morphogenesis of an epithelial tube","GO:0048754","0.5209291431706197","0.2832213454581817","157","514","5","21026",
"GO:BP","regulation of striated muscle cell differentiation","GO:0051153","0.5222037413961435","0.28216002094302667","85","514","3","21026",
"GO:BP","neutrophil chemotaxis","GO:0030593","0.5222037413961435","0.28216002094302667","85","514","3","21026",
"GO:BP","regulation of signaling receptor activity","GO:0010469","0.5222037413961435","0.28216002094302667","85","514","3","21026",
"GO:BP","positive T cell selection","GO:0043368","0.5240623892152931","0.28061700752193847","50","514","2","21026",
"GO:BP","cell-cell adhesion mediated by cadherin","GO:0044331","0.5240623892152931","0.28061700752193847","50","514","2","21026",
"GO:BP","positive regulation of cytokinesis","GO:0032467","0.5240623892152931","0.28061700752193847","50","514","2","21026",
"GO:BP","activin receptor signaling pathway","GO:0032924","0.5240623892152931","0.28061700752193847","50","514","2","21026",
"GO:BP","negative regulation of osteoblast differentiation","GO:0045668","0.5240623892152931","0.28061700752193847","50","514","2","21026",
"GO:BP","thymus development","GO:0048538","0.5240623892152931","0.28061700752193847","50","514","2","21026",
"GO:BP","establishment or maintenance of cell polarity","GO:0007163","0.5262665647115201","0.278794221133305","234","514","7","21026",
"GO:BP","cellular response to light stimulus","GO:0071482","0.5268850814617196","0.2782840981259744","122","514","4","21026",
"GO:BP","non-canonical NF-kappaB signal transduction","GO:0038061","0.5268850814617196","0.2782840981259744","122","514","4","21026",
"GO:BP","fatty acid transport","GO:0015908","0.5268850814617196","0.2782840981259744","122","514","4","21026",
"GO:BP","negative regulation of protein modification process","GO:0031400","0.5283805913926084","0.2770531433775307","349","514","10","21026",
"GO:BP","positive regulation of smooth muscle cell proliferation","GO:0048661","0.5300109797933689","0.27571513339113535","86","514","3","21026",
"GO:BP","striated muscle hypertrophy","GO:0014897","0.5300109797933689","0.27571513339113535","86","514","3","21026",
"GO:BP","negative regulation of response to external stimulus","GO:0032102","0.5300109797933689","0.27571513339113535","388","514","11","21026",
"GO:BP","proteasomal protein catabolic process","GO:0010498","0.5300109797933689","0.27571513339113535","543","514","15","21026",
"GO:BP","regulation of response to endoplasmic reticulum stress","GO:1905897","0.5300109797933689","0.27571513339113535","86","514","3","21026",
"GO:BP","regulation of cell cycle phase transition","GO:1901987","0.5314874426838128","0.27450699198273937","427","514","12","21026",
"GO:BP","negative regulation of metabolic process","GO:0009892","0.5330368119126382","0.27324279724271455","3375","514","86","21026",
"GO:BP","stem cell proliferation","GO:0072089","0.533951507997031","0.27249818260734965","123","514","4","21026",
"GO:BP","regulation of phosphatase activity","GO:0010921","0.5339623297664168","0.2724893807086146","18","514","1","21026",
"GO:BP","negative regulation of macrophage activation","GO:0043031","0.5339623297664168","0.2724893807086146","18","514","1","21026",
"GO:BP","negative regulation of oxidoreductase activity","GO:0051354","0.5339623297664168","0.2724893807086146","18","514","1","21026",
"GO:BP","cardioblast differentiation","GO:0010002","0.5339623297664168","0.2724893807086146","18","514","1","21026",
"GO:BP","cellular response to nutrient","GO:0031670","0.5339623297664168","0.2724893807086146","51","514","2","21026",
"GO:BP","negative regulation of gluconeogenesis","GO:0045721","0.5339623297664168","0.2724893807086146","18","514","1","21026",
"GO:BP","positive regulation of circadian rhythm","GO:0042753","0.5339623297664168","0.2724893807086146","18","514","1","21026",
"GO:BP","angiotensin-activated signaling pathway","GO:0038166","0.5339623297664168","0.2724893807086146","18","514","1","21026",
"GO:BP","negative regulation of fatty acid biosynthetic process","GO:0045717","0.5339623297664168","0.2724893807086146","18","514","1","21026",
"GO:BP","lung development","GO:0030324","0.5339623297664168","0.2724893807086146","198","514","6","21026",
"GO:BP","N-acetylglucosamine metabolic process","GO:0006044","0.5339623297664168","0.2724893807086146","18","514","1","21026",
"GO:BP","stabilization of membrane potential","GO:0030322","0.5339623297664168","0.2724893807086146","18","514","1","21026",
"GO:BP","cellular response to misfolded protein","GO:0071218","0.5339623297664168","0.2724893807086146","18","514","1","21026",
"GO:BP","presynaptic endocytosis","GO:0140238","0.5339623297664168","0.2724893807086146","87","514","3","21026",
"GO:BP","white fat cell differentiation","GO:0050872","0.5339623297664168","0.2724893807086146","18","514","1","21026",
"GO:BP","endodermal cell differentiation","GO:0035987","0.5339623297664168","0.2724893807086146","51","514","2","21026",
"GO:BP","negative regulation of inflammasome-mediated signaling pathway","GO:0141086","0.5339623297664168","0.2724893807086146","18","514","1","21026",
"GO:BP","regulation of cellular response to hypoxia","GO:1900037","0.5339623297664168","0.2724893807086146","18","514","1","21026",
"GO:BP","negative regulation of biosynthetic process","GO:0009890","0.5339623297664168","0.2724893807086146","2813","514","72","21026",
"GO:BP","positive regulation of vascular endothelial cell proliferation","GO:1905564","0.5339623297664168","0.2724893807086146","18","514","1","21026",
"GO:BP","response to manganese ion","GO:0010042","0.5339623297664168","0.2724893807086146","18","514","1","21026",
"GO:BP","leukocyte activation involved in inflammatory response","GO:0002269","0.5339623297664168","0.2724893807086146","51","514","2","21026",
"GO:BP","IMP metabolic process","GO:0046040","0.5339623297664168","0.2724893807086146","18","514","1","21026",
"GO:BP","amino acid import across plasma membrane","GO:0089718","0.5339623297664168","0.2724893807086146","51","514","2","21026",
"GO:BP","constitutive heterochromatin formation","GO:0140719","0.5339623297664168","0.2724893807086146","51","514","2","21026",
"GO:BP","intestinal cholesterol absorption","GO:0030299","0.5339623297664168","0.2724893807086146","18","514","1","21026",
"GO:BP","cell migration in hindbrain","GO:0021535","0.5339623297664168","0.2724893807086146","18","514","1","21026",
"GO:BP","negative regulation of intracellular signal transduction","GO:1902532","0.5339623297664168","0.2724893807086146","662","514","18","21026",
"GO:BP","glutamatergic neuron differentiation","GO:1905962","0.5339623297664168","0.2724893807086146","18","514","1","21026",
"GO:BP","regulation of systemic arterial blood pressure by circulatory renin-angiotensin","GO:0001991","0.5339623297664168","0.2724893807086146","18","514","1","21026",
"GO:BP","insulin-like growth factor receptor signaling pathway","GO:0048009","0.5339623297664168","0.2724893807086146","51","514","2","21026",
"GO:BP","negative regulation of post-transcriptional gene silencing","GO:0060149","0.5339623297664168","0.2724893807086146","18","514","1","21026",
"GO:BP","positive regulation of macrophage derived foam cell differentiation","GO:0010744","0.5339623297664168","0.2724893807086146","18","514","1","21026",
"GO:BP","heat generation","GO:0031649","0.5339623297664168","0.2724893807086146","18","514","1","21026",
"GO:BP","aldehyde biosynthetic process","GO:0046184","0.5339623297664168","0.2724893807086146","18","514","1","21026",
"GO:BP","positive regulation of type 2 immune response","GO:0002830","0.5339623297664168","0.2724893807086146","18","514","1","21026",
"GO:BP","regulation of humoral immune response mediated by circulating immunoglobulin","GO:0002923","0.5339623297664168","0.2724893807086146","18","514","1","21026",
"GO:BP","negative regulation of humoral immune response","GO:0002921","0.5339623297664168","0.2724893807086146","18","514","1","21026",
"GO:BP","negative regulation of gene silencing by regulatory ncRNA","GO:0060967","0.5339623297664168","0.2724893807086146","18","514","1","21026",
"GO:BP","methylation","GO:0032259","0.5339623297664168","0.2724893807086146","236","514","7","21026",
"GO:BP","toxin metabolic process","GO:0009404","0.5339623297664168","0.2724893807086146","18","514","1","21026",
"GO:BP","negative regulation of post-transcriptional gene silencing by regulatory ncRNA","GO:1900369","0.5339623297664168","0.2724893807086146","18","514","1","21026",
"GO:BP","chemokine (C-X-C motif) ligand 2 production","GO:0072567","0.5339623297664168","0.2724893807086146","18","514","1","21026",
"GO:BP","regulation of leukocyte tethering or rolling","GO:1903236","0.5339623297664168","0.2724893807086146","18","514","1","21026",
"GO:BP","regulation of viral genome replication","GO:0045069","0.5339623297664168","0.2724893807086146","87","514","3","21026",
"GO:BP","regulation of mRNA catabolic process","GO:0061013","0.5339623297664168","0.2724893807086146","198","514","6","21026",
"GO:BP","heparin proteoglycan metabolic process","GO:0030202","0.5339623297664168","0.2724893807086146","18","514","1","21026",
"GO:BP","peptidyl-threonine modification","GO:0018210","0.5339623297664168","0.2724893807086146","87","514","3","21026",
"GO:BP","pseudouridine synthesis","GO:0001522","0.5339623297664168","0.2724893807086146","18","514","1","21026",
"GO:BP","positive regulation of autophagy","GO:0010508","0.5339623297664168","0.2724893807086146","161","514","5","21026",
"GO:BP","regulation of early endosome to late endosome transport","GO:2000641","0.5339623297664168","0.2724893807086146","18","514","1","21026",
"GO:BP","fatty acid derivative catabolic process","GO:1901569","0.5339623297664168","0.2724893807086146","18","514","1","21026",
"GO:BP","interleukin-6-mediated signaling pathway","GO:0070102","0.5339623297664168","0.2724893807086146","18","514","1","21026",
"GO:BP","regulation of chemokine (C-X-C motif) ligand 2 production","GO:2000341","0.5339623297664168","0.2724893807086146","18","514","1","21026",
"GO:BP","nucleoside phosphate biosynthetic process","GO:1901293","0.536462493001377","0.2704606365162042","314","514","9","21026",
"GO:BP","nucleoside triphosphate metabolic process","GO:0009141","0.5385617645744979","0.268764482754716","276","514","8","21026",
"GO:BP","cellular defense response","GO:0006968","0.5397988039407875","0.26776808206644453","52","514","2","21026",
"GO:BP","body morphogenesis","GO:0010171","0.5397988039407875","0.26776808206644453","52","514","2","21026",
"GO:BP","endocardial cushion development","GO:0003197","0.5397988039407875","0.26776808206644453","52","514","2","21026",
"GO:BP","coagulation","GO:0050817","0.5397988039407875","0.26776808206644453","238","514","7","21026",
"GO:BP","release of cytochrome c from mitochondria","GO:0001836","0.5397988039407875","0.26776808206644453","52","514","2","21026",
"GO:BP","neural tube closure","GO:0001843","0.5399751205603995","0.2676262499034178","88","514","3","21026",
"GO:BP","muscle cell migration","GO:0014812","0.5399751205603995","0.2676262499034178","88","514","3","21026",
"GO:BP","regulation of receptor signaling pathway via STAT","GO:1904892","0.5399751205603995","0.2676262499034178","88","514","3","21026",
"GO:BP","muscle hypertrophy","GO:0014896","0.5399751205603995","0.2676262499034178","88","514","3","21026",
"GO:BP","chloride transport","GO:0006821","0.5406688440023212","0.2670686558871467","125","514","4","21026",
"GO:BP","regulation of myeloid leukocyte differentiation","GO:0002761","0.5406688440023212","0.2670686558871467","125","514","4","21026",
"GO:BP","positive regulation of leukocyte cell-cell adhesion","GO:1903039","0.5422688472082746","0.2657853446225614","277","514","8","21026",
"GO:BP","epithelial cell differentiation","GO:0030855","0.5440823139136323","0.26433539115815435","746","514","20","21026",
"GO:BP","peptidyl-tyrosine phosphorylation","GO:0018108","0.5440823139136323","0.26433539115815435","239","514","7","21026",
"GO:BP","long-chain fatty-acyl-CoA biosynthetic process","GO:0035338","0.546187221768501","0.26265846454111225","19","514","1","21026",
"GO:BP","NK T cell activation","GO:0051132","0.546187221768501","0.26265846454111225","19","514","1","21026",
"GO:BP","regulation of B cell apoptotic process","GO:0002902","0.546187221768501","0.26265846454111225","19","514","1","21026",
"GO:BP","detection of other organism","GO:0098543","0.546187221768501","0.26265846454111225","19","514","1","21026",
"GO:BP","regulation of monocyte differentiation","GO:0045655","0.546187221768501","0.26265846454111225","19","514","1","21026",
"GO:BP","sphingolipid mediated signaling pathway","GO:0090520","0.546187221768501","0.26265846454111225","19","514","1","21026",
"GO:BP","peptide catabolic process","GO:0043171","0.546187221768501","0.26265846454111225","19","514","1","21026",
"GO:BP","cardiac right ventricle morphogenesis","GO:0003215","0.546187221768501","0.26265846454111225","19","514","1","21026",
"GO:BP","protein acylation","GO:0043543","0.546187221768501","0.26265846454111225","89","514","3","21026",
"GO:BP","negative regulation of GTPase activity","GO:0034260","0.546187221768501","0.26265846454111225","19","514","1","21026",
"GO:BP","negative regulation of anoikis","GO:2000811","0.546187221768501","0.26265846454111225","19","514","1","21026",
"GO:BP","lysosome localization","GO:0032418","0.546187221768501","0.26265846454111225","89","514","3","21026",
"GO:BP","GABAergic neuron differentiation","GO:0097154","0.546187221768501","0.26265846454111225","19","514","1","21026",
"GO:BP","response to hepatocyte growth factor","GO:0035728","0.546187221768501","0.26265846454111225","19","514","1","21026",
"GO:BP","wound healing","GO:0042060","0.546187221768501","0.26265846454111225","433","514","12","21026",
"GO:BP","regulation of microtubule nucleation","GO:0010968","0.546187221768501","0.26265846454111225","19","514","1","21026",
"GO:BP","nucleotide-binding oligomerization domain containing 2 signaling pathway","GO:0070431","0.546187221768501","0.26265846454111225","19","514","1","21026",
"GO:BP","embryonic limb morphogenesis","GO:0030326","0.546187221768501","0.26265846454111225","126","514","4","21026",
"GO:BP","positive regulation of Ras protein signal transduction","GO:0046579","0.546187221768501","0.26265846454111225","19","514","1","21026",
"GO:BP","dense core granule localization","GO:0032253","0.546187221768501","0.26265846454111225","19","514","1","21026",
"GO:BP","respiratory tube development","GO:0030323","0.546187221768501","0.26265846454111225","202","514","6","21026",
"GO:BP","primary miRNA processing","GO:0031053","0.546187221768501","0.26265846454111225","19","514","1","21026",
"GO:BP","positive regulation of transcription by RNA polymerase III","GO:0045945","0.546187221768501","0.26265846454111225","19","514","1","21026",
"GO:BP","CD4-positive, alpha-beta T cell cytokine production","GO:0035743","0.546187221768501","0.26265846454111225","19","514","1","21026",
"GO:BP","regulation of sensory perception","GO:0051931","0.546187221768501","0.26265846454111225","19","514","1","21026",
"GO:BP","regulation of sensory perception of pain","GO:0051930","0.546187221768501","0.26265846454111225","19","514","1","21026",
"GO:BP","regulation of telomere maintenance in response to DNA damage","GO:1904505","0.546187221768501","0.26265846454111225","19","514","1","21026",
"GO:BP","glutamine family amino acid biosynthetic process","GO:0009084","0.546187221768501","0.26265846454111225","19","514","1","21026",
"GO:BP","regulation of circadian sleep/wake cycle","GO:0042749","0.546187221768501","0.26265846454111225","19","514","1","21026",
"GO:BP","cellular response to ATP","GO:0071318","0.546187221768501","0.26265846454111225","19","514","1","21026",
"GO:BP","protein O-linked mannosylation","GO:0035269","0.546187221768501","0.26265846454111225","19","514","1","21026",
"GO:BP","embryonic appendage morphogenesis","GO:0035113","0.546187221768501","0.26265846454111225","126","514","4","21026",
"GO:BP","nicotinamide nucleotide biosynthetic process","GO:0019359","0.546187221768501","0.26265846454111225","19","514","1","21026",
"GO:BP","defense response to other organism","GO:0098542","0.546187221768501","0.26265846454111225","1263","514","33","21026",
"GO:BP","L-amino acid biosynthetic process","GO:0170034","0.546187221768501","0.26265846454111225","53","514","2","21026",
"GO:BP","regulation of microglial cell activation","GO:1903978","0.546187221768501","0.26265846454111225","19","514","1","21026",
"GO:BP","response to hormone","GO:0009725","0.546187221768501","0.26265846454111225","907","514","24","21026",
"GO:BP","vocalization behavior","GO:0071625","0.546187221768501","0.26265846454111225","19","514","1","21026",
"GO:BP","regulation of fibroblast apoptotic process","GO:2000269","0.546187221768501","0.26265846454111225","19","514","1","21026",
"GO:BP","negative regulation of neuron apoptotic process","GO:0043524","0.546187221768501","0.26265846454111225","164","514","5","21026",
"GO:BP","peptidyl-lysine methylation","GO:0018022","0.546187221768501","0.26265846454111225","19","514","1","21026",
"GO:BP","pyridine nucleotide biosynthetic process","GO:0019363","0.546187221768501","0.26265846454111225","19","514","1","21026",
"GO:BP","cerebellar Purkinje cell layer morphogenesis","GO:0021692","0.546187221768501","0.26265846454111225","19","514","1","21026",
"GO:BP","transcription initiation-coupled chromatin remodeling","GO:0045815","0.546187221768501","0.26265846454111225","53","514","2","21026",
"GO:BP","negative regulation of endothelial cell migration","GO:0010596","0.546187221768501","0.26265846454111225","53","514","2","21026",
"GO:BP","regulation of skeletal muscle contraction","GO:0014819","0.546187221768501","0.26265846454111225","19","514","1","21026",
"GO:BP","negative regulation of release of cytochrome c from mitochondria","GO:0090201","0.546187221768501","0.26265846454111225","19","514","1","21026",
"GO:BP","chromosome localization","GO:0050000","0.546187221768501","0.26265846454111225","126","514","4","21026",
"GO:BP","hepatocyte apoptotic process","GO:0097284","0.546187221768501","0.26265846454111225","19","514","1","21026",
"GO:BP","regulation of postsynaptic density assembly","GO:0099151","0.546187221768501","0.26265846454111225","19","514","1","21026",
"GO:BP","pulmonary valve morphogenesis","GO:0003184","0.546187221768501","0.26265846454111225","19","514","1","21026",
"GO:BP","regulation of plasma membrane bounded cell projection assembly","GO:0120032","0.546187221768501","0.26265846454111225","202","514","6","21026",
"GO:BP","mesenchymal to epithelial transition","GO:0060231","0.546187221768501","0.26265846454111225","19","514","1","21026",
"GO:BP","positive regulation of leukocyte proliferation","GO:0070665","0.546187221768501","0.26265846454111225","164","514","5","21026",
"GO:BP","retinal rod cell differentiation","GO:0060221","0.546187221768501","0.26265846454111225","19","514","1","21026",
"GO:BP","regulation of neurotransmitter uptake","GO:0051580","0.546187221768501","0.26265846454111225","19","514","1","21026",
"GO:BP","nucleoside catabolic process","GO:0009164","0.546187221768501","0.26265846454111225","19","514","1","21026",
"GO:BP","regulation of glial cell migration","GO:1903975","0.546187221768501","0.26265846454111225","19","514","1","21026",
"GO:BP","peptidyl-tyrosine modification","GO:0018212","0.5469733131822795","0.26203386236932497","241","514","7","21026",
"GO:BP","release of sequestered calcium ion into cytosol","GO:0051209","0.5477179663193138","0.26144301305083045","127","514","4","21026",
"GO:BP","response to BMP","GO:0071772","0.5485030885374527","0.2608209226362228","165","514","5","21026",
"GO:BP","regulation of fibroblast proliferation","GO:0048145","0.5485030885374527","0.2608209226362228","90","514","3","21026",
"GO:BP","cellular response to UV","GO:0034644","0.5485030885374527","0.2608209226362228","90","514","3","21026",
"GO:BP","production of molecular mediator involved in inflammatory response","GO:0002532","0.5485030885374527","0.2608209226362228","90","514","3","21026",
"GO:BP","regulation of reproductive process","GO:2000241","0.5485030885374527","0.2608209226362228","203","514","6","21026",
"GO:BP","vacuolar localization","GO:1990849","0.5485030885374527","0.2608209226362228","90","514","3","21026",
"GO:BP","lamellipodium organization","GO:0097581","0.5485030885374527","0.2608209226362228","90","514","3","21026",
"GO:BP","regulation of intracellular pH","GO:0051453","0.5485030885374527","0.2608209226362228","90","514","3","21026",
"GO:BP","cellular response to BMP stimulus","GO:0071773","0.5485030885374527","0.2608209226362228","165","514","5","21026",
"GO:BP","regulation of miRNA metabolic process","GO:2000628","0.5485030885374527","0.2608209226362228","90","514","3","21026",
"GO:BP","double-strand break repair","GO:0006302","0.5492722971027745","0.26021230434436776","319","514","9","21026",
"GO:BP","nucleobase-containing small molecule metabolic process","GO:0055086","0.5528825941482345","0.25736708230645045","673","514","18","21026",
"GO:BP","heterophilic cell-cell adhesion via plasma membrane cell adhesion molecules","GO:0007157","0.5528825941482345","0.25736708230645045","54","514","2","21026",
"GO:BP","negative regulation of axonogenesis","GO:0050771","0.5528825941482345","0.25736708230645045","54","514","2","21026",
"GO:BP","regulation of endothelial cell apoptotic process","GO:2000351","0.5528825941482345","0.25736708230645045","54","514","2","21026",
"GO:BP","negative regulation of leukocyte apoptotic process","GO:2000107","0.5528825941482345","0.25736708230645045","54","514","2","21026",
"GO:BP","regulation of cell projection assembly","GO:0060491","0.5528825941482345","0.25736708230645045","204","514","6","21026",
"GO:BP","negative regulation of sequestering of calcium ion","GO:0051283","0.5531267841728915","0.25717531108995584","128","514","4","21026",
"GO:BP","epidermis development","GO:0008544","0.5533975731405897","0.256962749737823","398","514","11","21026",
"GO:BP","regulation of stem cell proliferation","GO:0072091","0.5565062567505422","0.2545299485674399","91","514","3","21026",
"GO:BP","lens development in camera-type eye","GO:0002088","0.5565062567505422","0.2545299485674399","91","514","3","21026",
"GO:BP","p38MAPK cascade","GO:0038066","0.557830397122419","0.2534978239838357","55","514","2","21026",
"GO:BP","positive regulation of protein localization to cell surface","GO:2000010","0.557830397122419","0.2534978239838357","20","514","1","21026",
"GO:BP","neuron projection fasciculation","GO:0106030","0.557830397122419","0.2534978239838357","20","514","1","21026",
"GO:BP","ERBB signaling pathway","GO:0038127","0.557830397122419","0.2534978239838357","129","514","4","21026",
"GO:BP","negative regulation of ubiquitin-dependent protein catabolic process","GO:2000059","0.557830397122419","0.2534978239838357","55","514","2","21026",
"GO:BP","regulation of integrin-mediated signaling pathway","GO:2001044","0.557830397122419","0.2534978239838357","20","514","1","21026",
"GO:BP","sphingomyelin metabolic process","GO:0006684","0.557830397122419","0.2534978239838357","20","514","1","21026",
"GO:BP","positive regulation of transcription regulatory region DNA binding","GO:2000679","0.557830397122419","0.2534978239838357","20","514","1","21026",
"GO:BP","retina vasculature development in camera-type eye","GO:0061298","0.557830397122419","0.2534978239838357","20","514","1","21026",
"GO:BP","formation of primary germ layer","GO:0001704","0.557830397122419","0.2534978239838357","129","514","4","21026",
"GO:BP","purine ribonucleoside monophosphate biosynthetic process","GO:0009168","0.557830397122419","0.2534978239838357","20","514","1","21026",
"GO:BP","calcium ion-regulated exocytosis of neurotransmitter","GO:0048791","0.557830397122419","0.2534978239838357","20","514","1","21026",
"GO:BP","embryonic skeletal system development","GO:0048706","0.557830397122419","0.2534978239838357","129","514","4","21026",
"GO:BP","positive regulation of protein tyrosine kinase activity","GO:0061098","0.557830397122419","0.2534978239838357","20","514","1","21026",
"GO:BP","dorsal spinal cord development","GO:0021516","0.557830397122419","0.2534978239838357","20","514","1","21026",
"GO:BP","detection of temperature stimulus involved in sensory perception of pain","GO:0050965","0.557830397122419","0.2534978239838357","20","514","1","21026",
"GO:BP","monocyte chemotactic protein-1 production","GO:0071605","0.557830397122419","0.2534978239838357","20","514","1","21026",
"GO:BP","granulocyte chemotaxis","GO:0071621","0.557830397122419","0.2534978239838357","129","514","4","21026",
"GO:BP","neutrophil activation involved in immune response","GO:0002283","0.557830397122419","0.2534978239838357","20","514","1","21026",
"GO:BP","regulation of monocyte chemotactic protein-1 production","GO:0071637","0.557830397122419","0.2534978239838357","20","514","1","21026",
"GO:BP","regulation of nitric-oxide synthase activity","GO:0050999","0.557830397122419","0.2534978239838357","20","514","1","21026",
"GO:BP","magnesium ion transport","GO:0015693","0.557830397122419","0.2534978239838357","20","514","1","21026",
"GO:BP","response to hydroperoxide","GO:0033194","0.557830397122419","0.2534978239838357","20","514","1","21026",
"GO:BP","linoleic acid metabolic process","GO:0043651","0.557830397122419","0.2534978239838357","20","514","1","21026",
"GO:BP","circadian sleep/wake cycle process","GO:0022410","0.557830397122419","0.2534978239838357","20","514","1","21026",
"GO:BP","regulation of fatty acid beta-oxidation","GO:0031998","0.557830397122419","0.2534978239838357","20","514","1","21026",
"GO:BP","response to misfolded protein","GO:0051788","0.557830397122419","0.2534978239838357","20","514","1","21026",
"GO:BP","T-helper 17 type immune response","GO:0072538","0.557830397122419","0.2534978239838357","55","514","2","21026",
"GO:BP","pentose-phosphate shunt","GO:0006098","0.557830397122419","0.2534978239838357","20","514","1","21026",
"GO:BP","positive regulation of protein export from nucleus","GO:0046827","0.557830397122419","0.2534978239838357","20","514","1","21026",
"GO:BP","regulation of mitochondrial depolarization","GO:0051900","0.557830397122419","0.2534978239838357","20","514","1","21026",
"GO:BP","axonal fasciculation","GO:0007413","0.557830397122419","0.2534978239838357","20","514","1","21026",
"GO:BP","ectoderm development","GO:0007398","0.557830397122419","0.2534978239838357","20","514","1","21026",
"GO:BP","renal tubular secretion","GO:0097254","0.557830397122419","0.2534978239838357","20","514","1","21026",
"GO:BP","tripartite regional subdivision","GO:0007351","0.557830397122419","0.2534978239838357","20","514","1","21026",
"GO:BP","positive regulation of icosanoid secretion","GO:0032305","0.557830397122419","0.2534978239838357","20","514","1","21026",
"GO:BP","positive regulation of myeloid leukocyte mediated immunity","GO:0002888","0.557830397122419","0.2534978239838357","20","514","1","21026",
"GO:BP","tRNA wobble base modification","GO:0002097","0.557830397122419","0.2534978239838357","20","514","1","21026",
"GO:BP","glycoside metabolic process","GO:0016137","0.557830397122419","0.2534978239838357","20","514","1","21026",
"GO:BP","positive regulation of bone resorption","GO:0045780","0.557830397122419","0.2534978239838357","20","514","1","21026",
"GO:BP","negative regulation of toll-like receptor signaling pathway","GO:0034122","0.557830397122419","0.2534978239838357","20","514","1","21026",
"GO:BP","exosomal secretion","GO:1990182","0.557830397122419","0.2534978239838357","20","514","1","21026",
"GO:BP","negative regulation of endoplasmic reticulum stress-induced intrinsic apoptotic signaling pathway","GO:1902236","0.557830397122419","0.2534978239838357","20","514","1","21026",
"GO:BP","keratinocyte migration","GO:0051546","0.557830397122419","0.2534978239838357","20","514","1","21026",
"GO:BP","negative regulation of transferase activity","GO:0051348","0.557830397122419","0.2534978239838357","167","514","5","21026",
"GO:BP","anterior/posterior axis specification, embryo","GO:0008595","0.557830397122419","0.2534978239838357","20","514","1","21026",
"GO:BP","behavioral response to pain","GO:0048266","0.557830397122419","0.2534978239838357","20","514","1","21026",
"GO:BP","fatty acid transmembrane transport","GO:1902001","0.557830397122419","0.2534978239838357","20","514","1","21026",
"GO:BP","positive regulation of lipid biosynthetic process","GO:0046889","0.5586581416435209","0.2528538676308204","92","514","3","21026",
"GO:BP","cholesterol homeostasis","GO:0042632","0.5586581416435209","0.2528538676308204","92","514","3","21026",
"GO:BP","sphingolipid metabolic process","GO:0006665","0.5597272400057014","0.2520235569555335","168","514","5","21026",
"GO:BP","protein polymerization","GO:0051258","0.5597272400057014","0.2520235569555335","284","514","8","21026",
"GO:BP","mitochondrial gene expression","GO:0140053","0.5597272400057014","0.2520235569555335","168","514","5","21026",
"GO:BP","cell chemotaxis","GO:0060326","0.5597272400057014","0.2520235569555335","323","514","9","21026",
"GO:BP","response to light stimulus","GO:0009416","0.5597272400057014","0.2520235569555335","323","514","9","21026",
"GO:BP","regulation of sequestering of calcium ion","GO:0051282","0.5603654794594171","0.2515286266733101","130","514","4","21026",
"GO:BP","cellular response to insulin stimulus","GO:0032869","0.5625126401412248","0.24986771413765488","207","514","6","21026",
"GO:BP","camera-type eye development","GO:0043010","0.5635236276450134","0.24908786996263854","363","514","10","21026",
"GO:BP","organic acid catabolic process","GO:0016054","0.5636816365011433","0.24896611330137858","246","514","7","21026",
"GO:BP","carboxylic acid catabolic process","GO:0046395","0.5636816365011433","0.24896611330137858","246","514","7","21026",
"GO:BP","positive regulation of cytosolic calcium ion concentration","GO:0007204","0.5652331745107241","0.2477723565826115","169","514","5","21026",
"GO:BP","inorganic anion transport","GO:0015698","0.5652331745107241","0.2477723565826115","169","514","5","21026",
"GO:BP","midbrain development","GO:0030901","0.5657143175378281","0.24740282965805788","93","514","3","21026",
"GO:BP","sterol homeostasis","GO:0055092","0.5657143175378281","0.24740282965805788","93","514","3","21026",
"GO:BP","embryonic skeletal system morphogenesis","GO:0048704","0.5657143175378281","0.24740282965805788","93","514","3","21026",
"GO:BP","positive regulation of mitotic cell cycle phase transition","GO:1901992","0.5657143175378281","0.24740282965805788","93","514","3","21026",
"GO:BP","regulation of oxidoreductase activity","GO:0051341","0.565939181207254","0.24723023786700923","56","514","2","21026",
"GO:BP","positive regulation of cation transmembrane transport","GO:1904064","0.565939181207254","0.24723023786700923","131","514","4","21026",
"GO:BP","transforming growth factor beta receptor signaling pathway","GO:0007179","0.565939181207254","0.24723023786700923","208","514","6","21026",
"GO:BP","positive regulation of blood vessel endothelial cell migration","GO:0043536","0.565939181207254","0.24723023786700923","56","514","2","21026",
"GO:BP","T cell mediated cytotoxicity","GO:0001913","0.565939181207254","0.24723023786700923","56","514","2","21026",
"GO:BP","regulation of viral life cycle","GO:1903900","0.565939181207254","0.24723023786700923","131","514","4","21026",
"GO:BP","proteinogenic amino acid biosynthetic process","GO:0170038","0.565939181207254","0.24723023786700923","56","514","2","21026",
"GO:BP","lung morphogenesis","GO:0060425","0.565939181207254","0.24723023786700923","56","514","2","21026",
"GO:BP","negative regulation of proteasomal protein catabolic process","GO:1901799","0.565939181207254","0.24723023786700923","56","514","2","21026",
"GO:BP","positive regulation of gene expression, epigenetic","GO:0141137","0.565939181207254","0.24723023786700923","56","514","2","21026",
"GO:BP","regulation of non-canonical NF-kappaB signal transduction","GO:1901222","0.5667694627839978","0.2465935573336711","94","514","3","21026",
"GO:BP","transcytosis","GO:0045056","0.5667694627839978","0.2465935573336711","21","514","1","21026",
"GO:BP","regulation of superoxide anion generation","GO:0032928","0.5667694627839978","0.2465935573336711","21","514","1","21026",
"GO:BP","ceramide catabolic process","GO:0046514","0.5667694627839978","0.2465935573336711","21","514","1","21026",
"GO:BP","negative regulation of heart growth","GO:0061117","0.5667694627839978","0.2465935573336711","21","514","1","21026",
"GO:BP","regulation of tubulin deacetylation","GO:0090043","0.5667694627839978","0.2465935573336711","21","514","1","21026",
"GO:BP","response to interferon-alpha","GO:0035455","0.5667694627839978","0.2465935573336711","21","514","1","21026",
"GO:BP","positive regulation of protein catabolic process","GO:0045732","0.5667694627839978","0.2465935573336711","209","514","6","21026",
"GO:BP","central nervous system neuron development","GO:0021954","0.5667694627839978","0.2465935573336711","94","514","3","21026",
"GO:BP","regulation of fatty acid metabolic process","GO:0019217","0.5667694627839978","0.2465935573336711","94","514","3","21026",
"GO:BP","renal system process","GO:0003014","0.5667694627839978","0.2465935573336711","132","514","4","21026",
"GO:BP","regulation of adenylate cyclase-activating G protein-coupled receptor signaling pathway","GO:0106070","0.5667694627839978","0.2465935573336711","21","514","1","21026",
"GO:BP","IRE1-mediated unfolded protein response","GO:0036498","0.5667694627839978","0.2465935573336711","21","514","1","21026",
"GO:BP","purine-containing compound metabolic process","GO:0072521","0.5667694627839978","0.2465935573336711","563","514","15","21026",
"GO:BP","negative regulation of myeloid cell differentiation","GO:0045638","0.5667694627839978","0.2465935573336711","94","514","3","21026",
"GO:BP","glycerol metabolic process","GO:0006071","0.5667694627839978","0.2465935573336711","21","514","1","21026",
"GO:BP","negative regulation of T-helper cell differentiation","GO:0045623","0.5667694627839978","0.2465935573336711","21","514","1","21026",
"GO:BP","establishment of protein localization to peroxisome","GO:0072663","0.5667694627839978","0.2465935573336711","21","514","1","21026",
"GO:BP","protein localization to peroxisome","GO:0072662","0.5667694627839978","0.2465935573336711","21","514","1","21026",
"GO:BP","regulation of hair follicle development","GO:0051797","0.5667694627839978","0.2465935573336711","21","514","1","21026",
"GO:BP","positive regulation of ubiquitin-protein transferase activity","GO:0051443","0.5667694627839978","0.2465935573336711","21","514","1","21026",
"GO:BP","protein mannosylation","GO:0035268","0.5667694627839978","0.2465935573336711","21","514","1","21026",
"GO:BP","negative regulation of heart contraction","GO:0045822","0.5667694627839978","0.2465935573336711","21","514","1","21026",
"GO:BP","catechol-containing compound biosynthetic process","GO:0009713","0.5667694627839978","0.2465935573336711","21","514","1","21026",
"GO:BP","positive regulation of glial cell proliferation","GO:0060252","0.5667694627839978","0.2465935573336711","21","514","1","21026",
"GO:BP","vitamin D metabolic process","GO:0042359","0.5667694627839978","0.2465935573336711","21","514","1","21026",
"GO:BP","grooming behavior","GO:0007625","0.5667694627839978","0.2465935573336711","21","514","1","21026",
"GO:BP","regulation of canonical NF-kappaB signal transduction","GO:0043122","0.5667694627839978","0.2465935573336711","287","514","8","21026",
"GO:BP","roof of mouth development","GO:0060021","0.5667694627839978","0.2465935573336711","94","514","3","21026",
"GO:BP","extracellular exosome biogenesis","GO:0097734","0.5667694627839978","0.2465935573336711","21","514","1","21026",
"GO:BP","regulation of cardiac muscle contraction by regulation of the release of sequestered calcium ion","GO:0010881","0.5667694627839978","0.2465935573336711","21","514","1","21026",
"GO:BP","lymph node development","GO:0048535","0.5667694627839978","0.2465935573336711","21","514","1","21026",
"GO:BP","cellular response to unfolded protein","GO:0034620","0.5667694627839978","0.2465935573336711","94","514","3","21026",
"GO:BP","regulation of ketone biosynthetic process","GO:0010566","0.5667694627839978","0.2465935573336711","21","514","1","21026",
"GO:BP","aspartate family amino acid biosynthetic process","GO:0009067","0.5667694627839978","0.2465935573336711","21","514","1","21026",
"GO:BP","C21-steroid hormone biosynthetic process","GO:0006700","0.5667694627839978","0.2465935573336711","21","514","1","21026",
"GO:BP","catecholamine biosynthetic process","GO:0042423","0.5667694627839978","0.2465935573336711","21","514","1","21026",
"GO:BP","regulation of cell-cell adhesion mediated by cadherin","GO:2000047","0.5667694627839978","0.2465935573336711","21","514","1","21026",
"GO:BP","genomic imprinting","GO:0071514","0.5667694627839978","0.2465935573336711","21","514","1","21026",
"GO:BP","regulation of protein kinase A signaling","GO:0010738","0.5667694627839978","0.2465935573336711","21","514","1","21026",
"GO:BP","negative regulation of neuron projection development","GO:0010977","0.5667694627839978","0.2465935573336711","132","514","4","21026",
"GO:BP","positive regulation of NLRP3 inflammasome complex assembly","GO:1900227","0.5667694627839978","0.2465935573336711","21","514","1","21026",
"GO:BP","cellular response to nutrient levels","GO:0031669","0.5667694627839978","0.2465935573336711","248","514","7","21026",
"GO:BP","serotonin transport","GO:0006837","0.5667694627839978","0.2465935573336711","21","514","1","21026",
"GO:BP","regulation of complement activation","GO:0030449","0.5667694627839978","0.2465935573336711","21","514","1","21026",
"GO:BP","negative regulation of cardiac muscle tissue growth","GO:0055022","0.5667694627839978","0.2465935573336711","21","514","1","21026",
"GO:BP","thymocyte apoptotic process","GO:0070242","0.5667694627839978","0.2465935573336711","21","514","1","21026",
"GO:BP","regulation of purine nucleotide biosynthetic process","GO:1900371","0.5667694627839978","0.2465935573336711","21","514","1","21026",
"GO:BP","positive regulation of endothelial cell apoptotic process","GO:2000353","0.5667694627839978","0.2465935573336711","21","514","1","21026",
"GO:BP","regulation of nucleotide biosynthetic process","GO:0030808","0.5667694627839978","0.2465935573336711","21","514","1","21026",
"GO:BP","adaptive thermogenesis","GO:1990845","0.5667694627839978","0.2465935573336711","170","514","5","21026",
"GO:BP","regulation of cellular pH","GO:0030641","0.5667694627839978","0.2465935573336711","94","514","3","21026",
"GO:BP","sphingosine metabolic process","GO:0006670","0.5667694627839978","0.2465935573336711","21","514","1","21026",
"GO:BP","response to potassium ion","GO:0035864","0.5667694627839978","0.2465935573336711","21","514","1","21026",
"GO:BP","lipid digestion","GO:0044241","0.5667694627839978","0.2465935573336711","21","514","1","21026",
"GO:BP","response to nutrient","GO:0007584","0.5684452187624928","0.2453113820501364","171","514","5","21026",
"GO:BP","epithelial to mesenchymal transition","GO:0001837","0.5684452187624928","0.2453113820501364","171","514","5","21026",
"GO:BP","positive regulation of miRNA transcription","GO:1902895","0.5687754934809772","0.24505912408431071","57","514","2","21026",
"GO:BP","glial cell activation","GO:0061900","0.5687754934809772","0.24505912408431071","57","514","2","21026",
"GO:BP","retina homeostasis","GO:0001895","0.5687754934809772","0.24505912408431071","57","514","2","21026",
"GO:BP","regulation of proteolysis","GO:0030162","0.5687754934809772","0.24505912408431071","406","514","11","21026",
"GO:BP","regulation of smooth muscle contraction","GO:0006940","0.5687754934809772","0.24505912408431071","57","514","2","21026",
"GO:BP","morphogenesis of a polarized epithelium","GO:0001738","0.5687754934809772","0.24505912408431071","57","514","2","21026",
"GO:BP","DNA-templated transcription initiation","GO:0006352","0.5687782217999598","0.24505704085278832","210","514","6","21026",
"GO:BP","regulation of autophagy","GO:0010506","0.5698643958031065","0.2442284761886114","367","514","10","21026",
"GO:BP","synaptic vesicle recycling","GO:0036465","0.5727335068632831","0.24204740843520386","95","514","3","21026",
"GO:BP","response to vitamin","GO:0033273","0.5727335068632831","0.24204740843520386","95","514","3","21026",
"GO:BP","epithelial cell migration","GO:0010631","0.5727335068632831","0.24204740843520386","95","514","3","21026",
"GO:BP","eye morphogenesis","GO:0048592","0.5734296732941243","0.2415198373496641","172","514","5","21026",
"GO:BP","atrial cardiac muscle tissue development","GO:0003228","0.5770155635562174","0.238812472675417","22","514","1","21026",
"GO:BP","positive regulation of cell migration involved in sprouting angiogenesis","GO:0090050","0.5770155635562174","0.238812472675417","22","514","1","21026",
"GO:BP","positive regulation of inflammasome-mediated signaling pathway","GO:0141087","0.5770155635562174","0.238812472675417","22","514","1","21026",
"GO:BP","tertiary alcohol metabolic process","GO:1902644","0.5770155635562174","0.238812472675417","22","514","1","21026",
"GO:BP","reticulophagy","GO:0061709","0.5770155635562174","0.238812472675417","22","514","1","21026",
"GO:BP","negative regulation of intrinsic apoptotic signaling pathway by p53 class mediator","GO:1902254","0.5770155635562174","0.238812472675417","22","514","1","21026",
"GO:BP","response to lectin","GO:1990840","0.5770155635562174","0.238812472675417","22","514","1","21026",
"GO:BP","purine nucleoside monophosphate biosynthetic process","GO:0009127","0.5770155635562174","0.238812472675417","22","514","1","21026",
"GO:BP","negative regulation of lymphocyte mediated immunity","GO:0002707","0.5770155635562174","0.238812472675417","58","514","2","21026",
"GO:BP","protein localization to cell-cell junction","GO:0150105","0.5770155635562174","0.238812472675417","22","514","1","21026",
"GO:BP","regulation of systemic arterial blood pressure","GO:0003073","0.5770155635562174","0.238812472675417","96","514","3","21026",
"GO:BP","store-operated calcium entry","GO:0002115","0.5770155635562174","0.238812472675417","22","514","1","21026",
"GO:BP","regulation of renal system process","GO:0098801","0.5770155635562174","0.238812472675417","22","514","1","21026",
"GO:BP","stimulatory C-type lectin receptor signaling pathway","GO:0002223","0.5770155635562174","0.238812472675417","22","514","1","21026",
"GO:BP","retrograde axonal transport","GO:0008090","0.5770155635562174","0.238812472675417","22","514","1","21026",
"GO:BP","monoatomic anion transport","GO:0006820","0.5770155635562174","0.238812472675417","173","514","5","21026",
"GO:BP","immune response-regulating cell surface receptor signaling pathway involved in phagocytosis","GO:0002433","0.5770155635562174","0.238812472675417","22","514","1","21026",
"GO:BP","response to wounding","GO:0009611","0.5770155635562174","0.238812472675417","568","514","15","21026",
"GO:BP","DNA double-strand break processing","GO:0000729","0.5770155635562174","0.238812472675417","22","514","1","21026",
"GO:BP","pyridine-containing compound biosynthetic process","GO:0072525","0.5770155635562174","0.238812472675417","22","514","1","21026",
"GO:BP","intracellular sodium ion homeostasis","GO:0006883","0.5770155635562174","0.238812472675417","22","514","1","21026",
"GO:BP","negative regulation of potassium ion transmembrane transport","GO:1901380","0.5770155635562174","0.238812472675417","22","514","1","21026",
"GO:BP","negative regulation of blood circulation","GO:1903523","0.5770155635562174","0.238812472675417","22","514","1","21026",
"GO:BP","lens morphogenesis in camera-type eye","GO:0002089","0.5770155635562174","0.238812472675417","22","514","1","21026",
"GO:BP","cellular response to lectin","GO:1990858","0.5770155635562174","0.238812472675417","22","514","1","21026",
"GO:BP","positive regulation of long-term synaptic potentiation","GO:1900273","0.5770155635562174","0.238812472675417","22","514","1","21026",
"GO:BP","cAMP-mediated signaling","GO:0019933","0.5770155635562174","0.238812472675417","58","514","2","21026",
"GO:BP","vesicle docking","GO:0048278","0.5770155635562174","0.238812472675417","58","514","2","21026",
"GO:BP","negative regulation of mRNA splicing, via spliceosome","GO:0048025","0.5770155635562174","0.238812472675417","22","514","1","21026",
"GO:BP","negative regulation of Rho protein signal transduction","GO:0035024","0.5770155635562174","0.238812472675417","22","514","1","21026",
"GO:BP","SNARE complex assembly","GO:0035493","0.5770155635562174","0.238812472675417","22","514","1","21026",
"GO:BP","regulation of B cell receptor signaling pathway","GO:0050855","0.5770155635562174","0.238812472675417","22","514","1","21026",
"GO:BP","positive regulation of cell adhesion mediated by integrin","GO:0033630","0.5770155635562174","0.238812472675417","22","514","1","21026",
"GO:BP","negative regulation of protein processing","GO:0010955","0.5770155635562174","0.238812472675417","22","514","1","21026",
"GO:BP","negative regulation of lipid storage","GO:0010888","0.5770155635562174","0.238812472675417","22","514","1","21026",
"GO:BP","mitochondrial DNA metabolic process","GO:0032042","0.5770155635562174","0.238812472675417","22","514","1","21026",
"GO:BP","regulation of icosanoid secretion","GO:0032303","0.5770155635562174","0.238812472675417","22","514","1","21026",
"GO:BP","diol biosynthetic process","GO:0034312","0.5770155635562174","0.238812472675417","22","514","1","21026",
"GO:BP","erythrocyte maturation","GO:0043249","0.5770155635562174","0.238812472675417","22","514","1","21026",
"GO:BP","Fc-gamma receptor signaling pathway involved in phagocytosis","GO:0038096","0.5770155635562174","0.238812472675417","22","514","1","21026",
"GO:BP","sequestering of calcium ion","GO:0051208","0.5770155635562174","0.238812472675417","134","514","4","21026",
"GO:BP","regulation of appetite","GO:0032098","0.5770155635562174","0.238812472675417","22","514","1","21026",
"GO:BP","pigment biosynthetic process","GO:0046148","0.5770155635562174","0.238812472675417","58","514","2","21026",
"GO:BP","negative regulation of translational initiation","GO:0045947","0.5770155635562174","0.238812472675417","22","514","1","21026",
"GO:BP","negative regulation of telomere maintenance via telomerase","GO:0032211","0.5770155635562174","0.238812472675417","22","514","1","21026",
"GO:BP","detection of light stimulus involved in sensory perception","GO:0050962","0.5770155635562174","0.238812472675417","22","514","1","21026",
"GO:BP","synaptic vesicle priming","GO:0016082","0.5770155635562174","0.238812472675417","22","514","1","21026",
"GO:BP","sulfation","GO:0051923","0.5770155635562174","0.238812472675417","22","514","1","21026",
"GO:BP","positive regulation of cell adhesion","GO:0045785","0.5770155635562174","0.238812472675417","488","514","13","21026",
"GO:BP","positive regulation of fatty acid biosynthetic process","GO:0045723","0.5770155635562174","0.238812472675417","22","514","1","21026",
"GO:BP","Rab protein signal transduction","GO:0032482","0.5770155635562174","0.238812472675417","22","514","1","21026",
"GO:BP","negative regulation of muscle contraction","GO:0045932","0.5770155635562174","0.238812472675417","22","514","1","21026",
"GO:BP","positive regulation by host of viral process","GO:0044794","0.5770155635562174","0.238812472675417","22","514","1","21026",
"GO:BP","detection of light stimulus involved in visual perception","GO:0050908","0.5770155635562174","0.238812472675417","22","514","1","21026",
"GO:BP","positive regulation of GTPase activity","GO:0043547","0.5778250589411559","0.23820362773259982","135","514","4","21026",
"GO:BP","regulation of myeloid cell differentiation","GO:0045637","0.5779438142748412","0.23811438015465788","213","514","6","21026",
"GO:BP","regulation of myeloid leukocyte mediated immunity","GO:0002886","0.5824774051491394","0.23472091666996062","59","514","2","21026",
"GO:BP","mesenchyme morphogenesis","GO:0072132","0.5824774051491394","0.23472091666996062","59","514","2","21026",
"GO:BP","endothelial cell apoptotic process","GO:0072577","0.5824774051491394","0.23472091666996062","59","514","2","21026",
"GO:BP","regulation of vesicle-mediated transport","GO:0060627","0.5824774051491394","0.23472091666996062","531","514","14","21026",
"GO:BP","secondary metabolic process","GO:0019748","0.5824774051491394","0.23472091666996062","59","514","2","21026",
"GO:BP","alpha-amino acid metabolic process","GO:1901605","0.5828791314663054","0.2344214932330815","214","514","6","21026",
"GO:BP","positive regulation of canonical NF-kappaB signal transduction","GO:0043123","0.5828791314663054","0.2344214932330815","214","514","6","21026",
"GO:BP","negative regulation of catalytic activity","GO:0043086","0.5836749683746509","0.23382893154827603","293","514","8","21026",
"GO:BP","L-amino acid metabolic process","GO:0170033","0.5837265587269367","0.23379054646000674","175","514","5","21026",
"GO:BP","mitotic cell cycle checkpoint signaling","GO:0007093","0.5837265587269367","0.23379054646000674","136","514","4","21026",
"GO:BP","positive regulation of organelle organization","GO:0010638","0.5849518128697386","0.23287990873273567","492","514","13","21026",
"GO:BP","immune effector process","GO:0002252","0.5852375256738339","0.23266783451088738","732","514","19","21026",
"GO:BP","positive regulation of T cell activation","GO:0050870","0.5855602551710851","0.23242840863282954","254","514","7","21026",
"GO:BP","in utero embryonic development","GO:0001701","0.5872738706398045","0.23115932163174469","413","514","11","21026",
"GO:BP","regulation of cell-cell adhesion","GO:0022407","0.5874572385425968","0.2310237405300523","494","514","13","21026",
"GO:BP","iron ion transmembrane transport","GO:0034755","0.5874572385425968","0.2310237405300523","23","514","1","21026",
"GO:BP","regulation of canonical Wnt signaling pathway","GO:0060828","0.5874572385425968","0.2310237405300523","255","514","7","21026",
"GO:BP","nucleobase-containing small molecule catabolic process","GO:0034656","0.5874572385425968","0.2310237405300523","23","514","1","21026",
"GO:BP","extracellular vesicle biogenesis","GO:0140112","0.5874572385425968","0.2310237405300523","23","514","1","21026",
"GO:BP","regulation of establishment of cell polarity","GO:2000114","0.5874572385425968","0.2310237405300523","23","514","1","21026",
"GO:BP","circadian sleep/wake cycle","GO:0042745","0.5874572385425968","0.2310237405300523","23","514","1","21026",
"GO:BP","response to hydrogen peroxide","GO:0042542","0.5874572385425968","0.2310237405300523","98","514","3","21026",
"GO:BP","negative regulation of canonical NF-kappaB signal transduction","GO:0043124","0.5874572385425968","0.2310237405300523","60","514","2","21026",
"GO:BP","negative regulation of nucleocytoplasmic transport","GO:0046823","0.5874572385425968","0.2310237405300523","23","514","1","21026",
"GO:BP","podocyte differentiation","GO:0072112","0.5874572385425968","0.2310237405300523","23","514","1","21026",
"GO:BP","regulation of attachment of spindle microtubules to kinetochore","GO:0051988","0.5874572385425968","0.2310237405300523","23","514","1","21026",
"GO:BP","negative regulation of protein maturation","GO:1903318","0.5874572385425968","0.2310237405300523","23","514","1","21026",
"GO:BP","positive regulation of interleukin-1 beta production","GO:0032731","0.5874572385425968","0.2310237405300523","60","514","2","21026",
"GO:BP","pulmonary valve development","GO:0003177","0.5874572385425968","0.2310237405300523","23","514","1","21026",
"GO:BP","regulation of actin cytoskeleton organization","GO:0032956","0.5874572385425968","0.2310237405300523","334","514","9","21026",
"GO:BP","positive regulation of dendrite extension","GO:1903861","0.5874572385425968","0.2310237405300523","23","514","1","21026",
"GO:BP","regulation of ventricular cardiac muscle cell membrane repolarization","GO:0060307","0.5874572385425968","0.2310237405300523","23","514","1","21026",
"GO:BP","tubulin deacetylation","GO:0090042","0.5874572385425968","0.2310237405300523","23","514","1","21026",
"GO:BP","regulation of voltage-gated calcium channel activity","GO:1901385","0.5874572385425968","0.2310237405300523","23","514","1","21026",
"GO:BP","energy reserve metabolic process","GO:0006112","0.5874572385425968","0.2310237405300523","98","514","3","21026",
"GO:BP","epithelium migration","GO:0090132","0.5874572385425968","0.2310237405300523","98","514","3","21026",
"GO:BP","endoderm formation","GO:0001706","0.5874572385425968","0.2310237405300523","60","514","2","21026",
"GO:BP","sphingoid metabolic process","GO:0046519","0.5874572385425968","0.2310237405300523","23","514","1","21026",
"GO:BP","negative regulation of calcium ion transmembrane transporter activity","GO:1901020","0.5874572385425968","0.2310237405300523","23","514","1","21026",
"GO:BP","cholesterol storage","GO:0010878","0.5874572385425968","0.2310237405300523","23","514","1","21026",
"GO:BP","cellular response to vitamin D","GO:0071305","0.5874572385425968","0.2310237405300523","23","514","1","21026",
"GO:BP","nucleotide metabolic process","GO:0009117","0.5874572385425968","0.2310237405300523","493","514","13","21026",
"GO:BP","regulation of postsynaptic density organization","GO:1905874","0.5874572385425968","0.2310237405300523","23","514","1","21026",
"GO:BP","protein localization to chromatin","GO:0071168","0.5874572385425968","0.2310237405300523","60","514","2","21026",
"GO:BP","macromolecule catabolic process","GO:0009057","0.5874572385425968","0.2310237405300523","1417","514","36","21026",
"GO:BP","microautophagy","GO:0016237","0.5874572385425968","0.2310237405300523","23","514","1","21026",
"GO:BP","renal filtration cell differentiation","GO:0061318","0.5874572385425968","0.2310237405300523","23","514","1","21026",
"GO:BP","regulation of lymphocyte apoptotic process","GO:0070228","0.5874572385425968","0.2310237405300523","60","514","2","21026",
"GO:BP","thyroid hormone generation","GO:0006590","0.5874572385425968","0.2310237405300523","23","514","1","21026",
"GO:BP","negative regulation of stem cell proliferation","GO:2000647","0.5874572385425968","0.2310237405300523","23","514","1","21026",
"GO:BP","NADPH regeneration","GO:0006740","0.5874572385425968","0.2310237405300523","23","514","1","21026",
"GO:BP","ionotropic glutamate receptor signaling pathway","GO:0035235","0.5874572385425968","0.2310237405300523","23","514","1","21026",
"GO:BP","mitochondrial calcium ion transmembrane transport","GO:0006851","0.5874572385425968","0.2310237405300523","23","514","1","21026",
"GO:BP","negative regulation of mRNA processing","GO:0050686","0.5874572385425968","0.2310237405300523","23","514","1","21026",
"GO:BP","positive regulation of intrinsic apoptotic signaling pathway","GO:2001244","0.5874572385425968","0.2310237405300523","60","514","2","21026",
"GO:BP","ERBB2 signaling pathway","GO:0038128","0.5874572385425968","0.2310237405300523","23","514","1","21026",
"GO:BP","regulation of postsynaptic specialization assembly","GO:0099150","0.5874572385425968","0.2310237405300523","23","514","1","21026",
"GO:BP","megakaryocyte development","GO:0035855","0.5874572385425968","0.2310237405300523","23","514","1","21026",
"GO:BP","regulation of insulin secretion involved in cellular response to glucose stimulus","GO:0061178","0.5874572385425968","0.2310237405300523","60","514","2","21026",
"GO:BP","regulation of intrinsic apoptotic signaling pathway","GO:2001242","0.5892881389339517","0.2296723002036375","177","514","5","21026",
"GO:BP","cellular response to starvation","GO:0009267","0.5892881389339517","0.2296723002036375","177","514","5","21026",
"GO:BP","negative regulation of binding","GO:0051100","0.5902398942128195","0.22897143995474947","99","514","3","21026",
"GO:BP","regulation of phagocytosis","GO:0050764","0.5902398942128195","0.22897143995474947","99","514","3","21026",
"GO:BP","steroid hormone receptor signaling pathway","GO:0043401","0.5902398942128195","0.22897143995474947","138","514","4","21026",
"GO:BP","negative regulation of protein kinase activity","GO:0006469","0.5902398942128195","0.22897143995474947","138","514","4","21026",
"GO:BP","nerve development","GO:0021675","0.5902398942128195","0.22897143995474947","99","514","3","21026",
"GO:BP","mesoderm development","GO:0007498","0.5902398942128195","0.22897143995474947","138","514","4","21026",
"GO:BP","regulation of leukocyte activation","GO:0002694","0.5916715441664542","0.22791931716655728","576","514","15","21026",
"GO:BP","transport along microtubule","GO:0010970","0.5944341398469147","0.22589625590738815","178","514","5","21026",
"GO:BP","proteinogenic amino acid metabolic process","GO:0170039","0.5944341398469147","0.22589625590738815","178","514","5","21026",
"GO:BP","cholesterol biosynthetic process","GO:0006695","0.5949340690414824","0.225531160385737","61","514","2","21026",
"GO:BP","regulation of protein import into nucleus","GO:0042306","0.5949340690414824","0.225531160385737","61","514","2","21026",
"GO:BP","regulation of vascular associated smooth muscle cell proliferation","GO:1904705","0.5949340690414824","0.225531160385737","61","514","2","21026",
"GO:BP","polyol biosynthetic process","GO:0046173","0.5949340690414824","0.225531160385737","61","514","2","21026",
"GO:BP","secondary alcohol biosynthetic process","GO:1902653","0.5949340690414824","0.225531160385737","61","514","2","21026",
"GO:BP","cell surface receptor signaling pathway via JAK-STAT","GO:0007259","0.5959125615358182","0.22481745977039522","139","514","4","21026",
"GO:BP","regulation of smooth muscle cell proliferation","GO:0048660","0.5959125615358182","0.22481745977039522","139","514","4","21026",
"GO:BP","G2/M transition of mitotic cell cycle","GO:0000086","0.5959125615358182","0.22481745977039522","139","514","4","21026",
"GO:BP","transition metal ion transport","GO:0000041","0.5971569548044477","0.22391150530846576","100","514","3","21026",
"GO:BP","regulation of cell maturation","GO:1903429","0.5987057071072832","0.2227866019622367","24","514","1","21026",
"GO:BP","positive regulation of amino acid transport","GO:0051957","0.5987057071072832","0.2227866019622367","24","514","1","21026",
"GO:BP","regulation of hormone biosynthetic process","GO:0046885","0.5987057071072832","0.2227866019622367","24","514","1","21026",
"GO:BP","regulation of mitotic cell cycle spindle assembly checkpoint","GO:0090266","0.5987057071072832","0.2227866019622367","24","514","1","21026",
"GO:BP","cellular response to environmental stimulus","GO:0104004","0.5987057071072832","0.2227866019622367","339","514","9","21026",
"GO:BP","regulation of mitotic spindle checkpoint","GO:1903504","0.5987057071072832","0.2227866019622367","24","514","1","21026",
"GO:BP","alditol metabolic process","GO:0019400","0.5987057071072832","0.2227866019622367","24","514","1","21026",
"GO:BP","phasic smooth muscle contraction","GO:0014821","0.5987057071072832","0.2227866019622367","24","514","1","21026",
"GO:BP","aromatic amino acid family catabolic process","GO:0009074","0.5987057071072832","0.2227866019622367","24","514","1","21026",
"GO:BP","microvillus organization","GO:0032528","0.5987057071072832","0.2227866019622367","24","514","1","21026",
"GO:BP","positive regulation of fatty acid transport","GO:2000193","0.5987057071072832","0.2227866019622367","24","514","1","21026",
"GO:BP","detection of temperature stimulus involved in sensory perception","GO:0050961","0.5987057071072832","0.2227866019622367","24","514","1","21026",
"GO:BP","cell differentiation in hindbrain","GO:0021533","0.5987057071072832","0.2227866019622367","24","514","1","21026",
"GO:BP","hepatocyte proliferation","GO:0072574","0.5987057071072832","0.2227866019622367","24","514","1","21026",
"GO:BP","dendritic cell chemotaxis","GO:0002407","0.5987057071072832","0.2227866019622367","24","514","1","21026",
"GO:BP","sodium ion import across plasma membrane","GO:0098719","0.5987057071072832","0.2227866019622367","24","514","1","21026",
"GO:BP","regulation of protein sumoylation","GO:0033233","0.5987057071072832","0.2227866019622367","24","514","1","21026",
"GO:BP","steroid catabolic process","GO:0006706","0.5987057071072832","0.2227866019622367","24","514","1","21026",
"GO:BP","epithelial cell proliferation involved in liver morphogenesis","GO:0072575","0.5987057071072832","0.2227866019622367","24","514","1","21026",
"GO:BP","regulation of mitotic spindle assembly","GO:1901673","0.5987057071072832","0.2227866019622367","24","514","1","21026",
"GO:BP","negative regulation of ATP metabolic process","GO:1903579","0.5987057071072832","0.2227866019622367","24","514","1","21026",
"GO:BP","intestinal lipid absorption","GO:0098856","0.5987057071072832","0.2227866019622367","24","514","1","21026",
"GO:BP","regulation of brown fat cell differentiation","GO:0090335","0.5987057071072832","0.2227866019622367","24","514","1","21026",
"GO:BP","cellular response to abiotic stimulus","GO:0071214","0.5987057071072832","0.2227866019622367","339","514","9","21026",
"GO:BP","negative regulation of regulated secretory pathway","GO:1903306","0.5987057071072832","0.2227866019622367","24","514","1","21026",
"GO:BP","melanin biosynthetic process","GO:0042438","0.5987057071072832","0.2227866019622367","24","514","1","21026",
"GO:BP","negative regulation of smooth muscle cell migration","GO:0014912","0.5987057071072832","0.2227866019622367","24","514","1","21026",
"GO:BP","AMP metabolic process","GO:0046033","0.5987057071072832","0.2227866019622367","24","514","1","21026",
"GO:BP","response to thyroid hormone","GO:0097066","0.5987057071072832","0.2227866019622367","24","514","1","21026",
"GO:BP","metanephric nephron morphogenesis","GO:0072273","0.5987057071072832","0.2227866019622367","24","514","1","21026",
"GO:BP","glomerular epithelial cell differentiation","GO:0072311","0.5987057071072832","0.2227866019622367","24","514","1","21026",
"GO:BP","chaperone-mediated protein complex assembly","GO:0051131","0.5987057071072832","0.2227866019622367","24","514","1","21026",
"GO:BP","protein export from nucleus","GO:0006611","0.599540385236234","0.2221815573616058","62","514","2","21026",
"GO:BP","branching involved in ureteric bud morphogenesis","GO:0001658","0.599540385236234","0.2221815573616058","62","514","2","21026",
"GO:BP","ribonucleoside monophosphate metabolic process","GO:0009161","0.599540385236234","0.2221815573616058","62","514","2","21026",
"GO:BP","negative regulation of muscle cell differentiation","GO:0051148","0.599540385236234","0.2221815573616058","62","514","2","21026",
"GO:BP","regulation of substrate adhesion-dependent cell spreading","GO:1900024","0.599540385236234","0.2221815573616058","62","514","2","21026",
"GO:BP","cytokine production involved in inflammatory response","GO:0002534","0.599540385236234","0.2221815573616058","62","514","2","21026",
"GO:BP","activation of protein kinase activity","GO:0032147","0.599540385236234","0.2221815573616058","62","514","2","21026",
"GO:BP","regulation of cytokine production involved in inflammatory response","GO:1900015","0.599540385236234","0.2221815573616058","62","514","2","21026",
"GO:BP","regulation of actomyosin structure organization","GO:0110020","0.5996998908584221","0.2220660302010556","101","514","3","21026",
"GO:BP","skeletal muscle tissue development","GO:0007519","0.5997280154687381","0.2220456632194242","180","514","5","21026",
"GO:BP","regulation of apoptotic signaling pathway","GO:2001233","0.601350837384915","0.22087207993551228","380","514","10","21026",
"GO:BP","digestion","GO:0007586","0.6036094988693991","0.21924393444630755","141","514","4","21026",
"GO:BP","cytosolic transport","GO:0016482","0.6036094988693991","0.21924393444630755","141","514","4","21026",
"GO:BP","T cell activation","GO:0042110","0.6046409698266698","0.21850242883068385","582","514","15","21026",
"GO:BP","calcium ion transmembrane import into cytosol","GO:0097553","0.6051791893080631","0.21811601476000134","181","514","5","21026",
"GO:BP","regulation of mRNA stability","GO:0043488","0.6051791893080631","0.21811601476000134","181","514","5","21026",
"GO:BP","hematopoietic or lymphoid organ development","GO:0048534","0.6068658729728255","0.2169072843192403","102","514","3","21026",
"GO:BP","ATP biosynthetic process","GO:0006754","0.6068658729728255","0.2169072843192403","102","514","3","21026",
"GO:BP","regulation of extracellular matrix organization","GO:1903053","0.6076417700463812","0.21635237984358685","63","514","2","21026",
"GO:BP","ribosome assembly","GO:0042255","0.6076417700463812","0.21635237984358685","63","514","2","21026",
"GO:BP","NADH dehydrogenase complex assembly","GO:0010257","0.6076417700463812","0.21635237984358685","63","514","2","21026",
"GO:BP","T cell selection","GO:0045058","0.6076417700463812","0.21635237984358685","63","514","2","21026",
"GO:BP","vascular associated smooth muscle cell proliferation","GO:1990874","0.6076417700463812","0.21635237984358685","63","514","2","21026",
"GO:BP","mitochondrial respiratory chain complex I assembly","GO:0032981","0.6076417700463812","0.21635237984358685","63","514","2","21026",
"GO:BP","regulation of tumor necrosis factor-mediated signaling pathway","GO:0010803","0.6076417700463812","0.21635237984358685","63","514","2","21026",
"GO:BP","nuclear-transcribed mRNA catabolic process, deadenylation-dependent decay","GO:0000288","0.6076417700463812","0.21635237984358685","63","514","2","21026",
"GO:BP","negative regulation of protein binding","GO:0032091","0.6076417700463812","0.21635237984358685","63","514","2","21026",
"GO:BP","cellular response to transforming growth factor beta stimulus","GO:0071560","0.6078248421007579","0.21622155406390164","262","514","7","21026",
"GO:BP","regulation of cardiac conduction","GO:1903779","0.6078248421007579","0.21622155406390164","25","514","1","21026",
"GO:BP","positive regulation of glycolytic process","GO:0045821","0.6078248421007579","0.21622155406390164","25","514","1","21026",
"GO:BP","long-chain fatty-acyl-CoA metabolic process","GO:0035336","0.6078248421007579","0.21622155406390164","25","514","1","21026",
"GO:BP","negative regulation of CD4-positive, alpha-beta T cell differentiation","GO:0043371","0.6078248421007579","0.21622155406390164","25","514","1","21026",
"GO:BP","positive regulation of nucleotide catabolic process","GO:0030813","0.6078248421007579","0.21622155406390164","25","514","1","21026",
"GO:BP","positive regulation of heart rate","GO:0010460","0.6078248421007579","0.21622155406390164","25","514","1","21026",
"GO:BP","negative regulation of protein-containing complex assembly","GO:0031333","0.6078248421007579","0.21622155406390164","142","514","4","21026",
"GO:BP","negative regulation of T cell apoptotic process","GO:0070233","0.6078248421007579","0.21622155406390164","25","514","1","21026",
"GO:BP","melanin metabolic process","GO:0006582","0.6078248421007579","0.21622155406390164","25","514","1","21026",
"GO:BP","positive regulation of purine nucleotide catabolic process","GO:0033123","0.6078248421007579","0.21622155406390164","25","514","1","21026",
"GO:BP","cell communication by electrical coupling involved in cardiac conduction","GO:0086064","0.6078248421007579","0.21622155406390164","25","514","1","21026",
"GO:BP","melanocyte differentiation","GO:0030318","0.6078248421007579","0.21622155406390164","25","514","1","21026",
"GO:BP","regulation of Rac protein signal transduction","GO:0035020","0.6078248421007579","0.21622155406390164","25","514","1","21026",
"GO:BP","glutamine family amino acid catabolic process","GO:0009065","0.6078248421007579","0.21622155406390164","25","514","1","21026",
"GO:BP","platelet formation","GO:0030220","0.6078248421007579","0.21622155406390164","25","514","1","21026",
"GO:BP","toll-like receptor 3 signaling pathway","GO:0034138","0.6078248421007579","0.21622155406390164","25","514","1","21026",
"GO:BP","regulation of anoikis","GO:2000209","0.6078248421007579","0.21622155406390164","25","514","1","21026",
"GO:BP","indole-containing compound metabolic process","GO:0042430","0.6078248421007579","0.21622155406390164","25","514","1","21026",
"GO:BP","B cell apoptotic process","GO:0001783","0.6078248421007579","0.21622155406390164","25","514","1","21026",
"GO:BP","positive regulation of calcium ion import","GO:0090280","0.6078248421007579","0.21622155406390164","25","514","1","21026",
"GO:BP","negative regulation of chondrocyte differentiation","GO:0032331","0.6078248421007579","0.21622155406390164","25","514","1","21026",
"GO:BP","anaphase-promoting complex-dependent catabolic process","GO:0031145","0.6078248421007579","0.21622155406390164","25","514","1","21026",
"GO:BP","regulation of protein exit from endoplasmic reticulum","GO:0070861","0.6078248421007579","0.21622155406390164","25","514","1","21026",
"GO:BP","renal water homeostasis","GO:0003091","0.6078248421007579","0.21622155406390164","25","514","1","21026",
"GO:BP","regulation of spindle checkpoint","GO:0090231","0.6078248421007579","0.21622155406390164","25","514","1","21026",
"GO:BP","regulation of long-term neuronal synaptic plasticity","GO:0048169","0.6078248421007579","0.21622155406390164","25","514","1","21026",
"GO:BP","glycosyl compound biosynthetic process","GO:1901659","0.6078248421007579","0.21622155406390164","25","514","1","21026",
"GO:BP","fibroblast apoptotic process","GO:0044346","0.6078248421007579","0.21622155406390164","25","514","1","21026",
"GO:BP","negative regulation of stem cell population maintenance","GO:1902455","0.6078248421007579","0.21622155406390164","25","514","1","21026",
"GO:BP","glucocorticoid metabolic process","GO:0008211","0.6078248421007579","0.21622155406390164","25","514","1","21026",
"GO:BP","positive regulation of myeloid cell differentiation","GO:0045639","0.608758272137127","0.21555512430856352","103","514","3","21026",
"GO:BP","regulation of actin filament bundle assembly","GO:0032231","0.608758272137127","0.21555512430856352","103","514","3","21026",
"GO:BP","endoplasmic reticulum organization","GO:0007029","0.608758272137127","0.21555512430856352","103","514","3","21026",
"GO:BP","response to alkaloid","GO:0043279","0.608758272137127","0.21555512430856352","103","514","3","21026",
"GO:BP","positive regulation of monoatomic ion transmembrane transport","GO:0034767","0.6101569436162403","0.2145584420715614","143","514","4","21026",
"GO:BP","smooth muscle cell proliferation","GO:0048659","0.6101569436162403","0.2145584420715614","143","514","4","21026",
"GO:BP","leukocyte mediated cytotoxicity","GO:0001909","0.6101569436162403","0.2145584420715614","143","514","4","21026",
"GO:BP","small GTPase-mediated signal transduction","GO:0007264","0.6103402710710734","0.2144279737646189","505","514","13","21026",
"GO:BP","oocyte development","GO:0048599","0.611710188118954","0.213454286206471","64","514","2","21026",
"GO:BP","positive regulation of protein localization to plasma membrane","GO:1903078","0.611710188118954","0.213454286206471","64","514","2","21026",
"GO:BP","vesicle cytoskeletal trafficking","GO:0099518","0.611710188118954","0.213454286206471","64","514","2","21026",
"GO:BP","cellular pigmentation","GO:0033059","0.611710188118954","0.213454286206471","64","514","2","21026",
"GO:BP","positive regulation of non-canonical NF-kappaB signal transduction","GO:1901224","0.611710188118954","0.213454286206471","64","514","2","21026",
"GO:BP","positive regulation of interleukin-8 production","GO:0032757","0.611710188118954","0.213454286206471","64","514","2","21026",
"GO:BP","positive regulation of immune effector process","GO:0002699","0.613396179388739","0.2122589334000863","264","514","7","21026",
"GO:BP","protein targeting to mitochondrion","GO:0006626","0.6150500225565306","0.2110895612378989","104","514","3","21026",
"GO:BP","negative regulation of cell projection organization","GO:0031345","0.6150500225565306","0.2110895612378989","184","514","5","21026",
"GO:BP","tissue migration","GO:0090130","0.6150500225565306","0.2110895612378989","104","514","3","21026",
"GO:BP","ossification involved in bone maturation","GO:0043931","0.6170332242882889","0.20969145065623584","26","514","1","21026",
"GO:BP","regulation of feeding behavior","GO:0060259","0.6170332242882889","0.20969145065623584","26","514","1","21026",
"GO:BP","secondary metabolite biosynthetic process","GO:0044550","0.6170332242882889","0.20969145065623584","26","514","1","21026",
"GO:BP","biological process involved in interaction with host","GO:0051701","0.6170332242882889","0.20969145065623584","185","514","5","21026",
"GO:BP","negative regulation of DNA replication","GO:0008156","0.6170332242882889","0.20969145065623584","26","514","1","21026",
"GO:BP","viral translation","GO:0019081","0.6170332242882889","0.20969145065623584","26","514","1","21026",
"GO:BP","biological process involved in symbiotic interaction","GO:0044403","0.6170332242882889","0.20969145065623584","225","514","6","21026",
"GO:BP","establishment of protein localization to plasma membrane","GO:0061951","0.6170332242882889","0.20969145065623584","65","514","2","21026",
"GO:BP","liver morphogenesis","GO:0072576","0.6170332242882889","0.20969145065623584","26","514","1","21026",
"GO:BP","hormone-mediated signaling pathway","GO:0009755","0.6170332242882889","0.20969145065623584","225","514","6","21026",
"GO:BP","positive regulation of cholesterol efflux","GO:0010875","0.6170332242882889","0.20969145065623584","26","514","1","21026",
"GO:BP","smooth muscle tissue development","GO:0048745","0.6170332242882889","0.20969145065623584","26","514","1","21026",
"GO:BP","protein quality control for misfolded or incompletely synthesized proteins","GO:0006515","0.6170332242882889","0.20969145065623584","26","514","1","21026",
"GO:BP","positive regulation of cardiac muscle hypertrophy","GO:0010613","0.6170332242882889","0.20969145065623584","26","514","1","21026",
"GO:BP","COPII vesicle coating","GO:0048208","0.6170332242882889","0.20969145065623584","26","514","1","21026",
"GO:BP","vesicle targeting, rough ER to cis-Golgi","GO:0048207","0.6170332242882889","0.20969145065623584","26","514","1","21026",
"GO:BP","negative regulation of neural precursor cell proliferation","GO:2000178","0.6170332242882889","0.20969145065623584","26","514","1","21026",
"GO:BP","negative regulation of cardiac muscle cell apoptotic process","GO:0010667","0.6170332242882889","0.20969145065623584","26","514","1","21026",
"GO:BP","benzene-containing compound metabolic process","GO:0042537","0.6170332242882889","0.20969145065623584","26","514","1","21026",
"GO:BP","regulation of non-canonical Wnt signaling pathway","GO:2000050","0.6170332242882889","0.20969145065623584","26","514","1","21026",
"GO:BP","negative regulation of cytokine production involved in inflammatory response","GO:1900016","0.6170332242882889","0.20969145065623584","26","514","1","21026",
"GO:BP","positive regulation of small molecule metabolic process","GO:0062013","0.6170332242882889","0.20969145065623584","145","514","4","21026",
"GO:BP","protein localization to chromosome, telomeric region","GO:0070198","0.6170332242882889","0.20969145065623584","26","514","1","21026",
"GO:BP","regulation of the force of heart contraction","GO:0002026","0.6170332242882889","0.20969145065623584","26","514","1","21026",
"GO:BP","regulation of mitochondrial translation","GO:0070129","0.6170332242882889","0.20969145065623584","26","514","1","21026",
"GO:BP","T cell chemotaxis","GO:0010818","0.6170332242882889","0.20969145065623584","26","514","1","21026",
"GO:BP","vascular endothelial cell proliferation","GO:0101023","0.6170332242882889","0.20969145065623584","26","514","1","21026",
"GO:BP","corpus callosum development","GO:0022038","0.6170332242882889","0.20969145065623584","26","514","1","21026",
"GO:BP","regulation of dendrite extension","GO:1903859","0.6170332242882889","0.20969145065623584","26","514","1","21026",
"GO:BP","wound healing, spreading of epidermal cells","GO:0035313","0.6170332242882889","0.20969145065623584","26","514","1","21026",
"GO:BP","neurotransmitter receptor transport","GO:0099637","0.6170332242882889","0.20969145065623584","26","514","1","21026",
"GO:BP","mitochondrial cytochrome c oxidase assembly","GO:0033617","0.6170332242882889","0.20969145065623584","26","514","1","21026",
"GO:BP","positive regulation of antigen receptor-mediated signaling pathway","GO:0050857","0.6170332242882889","0.20969145065623584","26","514","1","21026",
"GO:BP","regulation of morphogenesis of an epithelium","GO:1905330","0.6170332242882889","0.20969145065623584","65","514","2","21026",
"GO:BP","negative regulation of kinase activity","GO:0033673","0.6170332242882889","0.20969145065623584","145","514","4","21026",
"GO:BP","regulation of vascular endothelial cell proliferation","GO:1905562","0.6170332242882889","0.20969145065623584","26","514","1","21026",
"GO:BP","detection of external biotic stimulus","GO:0098581","0.6170332242882889","0.20969145065623584","26","514","1","21026",
"GO:BP","negative regulation of intrinsic apoptotic signaling pathway","GO:2001243","0.6171501108014378","0.20960918869988304","105","514","3","21026",
"GO:BP","intrinsic apoptotic signaling pathway in response to DNA damage","GO:0008630","0.6171501108014378","0.20960918869988304","105","514","3","21026",
"GO:BP","regulation of pH","GO:0006885","0.6171501108014378","0.20960918869988304","105","514","3","21026",
"GO:BP","adenylate cyclase-modulating G protein-coupled receptor signaling pathway","GO:0007188","0.6171501108014378","0.20960918869988304","266","514","7","21026",
"GO:BP","regulation of lymphocyte activation","GO:0051249","0.6175457894741443","0.20933083502590144","509","514","13","21026",
"GO:BP","mitotic cell cycle phase transition","GO:0044772","0.6176174995594177","0.20928040720855529","428","514","11","21026",
"GO:BP","regulation of blood pressure","GO:0008217","0.6207972523207229","0.2070502139544248","186","514","5","21026",
"GO:BP","negative regulation of cell development","GO:0010721","0.6216418305068435","0.20645976938883498","267","514","7","21026",
"GO:BP","RNA destabilization","GO:0050779","0.6241950404591853","0.20467968634317169","106","514","3","21026",
"GO:BP","miRNA metabolic process","GO:0010586","0.6241950404591853","0.20467968634317169","106","514","3","21026",
"GO:BP","positive regulation of protein localization to membrane","GO:1905477","0.6241950404591853","0.20467968634317169","106","514","3","21026",
"GO:BP","cellular response to hydrogen peroxide","GO:0070301","0.6246190946287735","0.20438474350454727","66","514","2","21026",
"GO:BP","icosanoid transport","GO:0071715","0.6246190946287735","0.20438474350454727","66","514","2","21026",
"GO:BP","negative regulation of growth","GO:0045926","0.6280572340697202","0.20200077774679465","228","514","6","21026",
"GO:BP","glomerular epithelium development","GO:0072010","0.6280572340697202","0.20200077774679465","27","514","1","21026",
"GO:BP","negative regulation of angiogenesis","GO:0016525","0.6280572340697202","0.20200077774679465","107","514","3","21026",
"GO:BP","regulation of establishment or maintenance of cell polarity","GO:0032878","0.6280572340697202","0.20200077774679465","27","514","1","21026",
"GO:BP","detection of temperature stimulus","GO:0016048","0.6280572340697202","0.20200077774679465","27","514","1","21026",
"GO:BP","gastrulation with mouth forming second","GO:0001702","0.6280572340697202","0.20200077774679465","27","514","1","21026",
"GO:BP","regulation of cardiac muscle cell membrane repolarization","GO:0099623","0.6280572340697202","0.20200077774679465","27","514","1","21026",
"GO:BP","negative regulation of RNA splicing","GO:0033119","0.6280572340697202","0.20200077774679465","27","514","1","21026",
"GO:BP","eosinophil chemotaxis","GO:0048245","0.6280572340697202","0.20200077774679465","27","514","1","21026",
"GO:BP","intestinal epithelial cell differentiation","GO:0060575","0.6280572340697202","0.20200077774679465","27","514","1","21026",
"GO:BP","epithelial cell maturation","GO:0002070","0.6280572340697202","0.20200077774679465","27","514","1","21026",
"GO:BP","negative regulation of purine nucleotide metabolic process","GO:1900543","0.6280572340697202","0.20200077774679465","27","514","1","21026",
"GO:BP","fatty acid catabolic process","GO:0009062","0.6280572340697202","0.20200077774679465","107","514","3","21026",
"GO:BP","monoatomic anion transmembrane transport","GO:0098656","0.6280572340697202","0.20200077774679465","147","514","4","21026",
"GO:BP","positive regulation of macrophage migration","GO:1905523","0.6280572340697202","0.20200077774679465","27","514","1","21026",
"GO:BP","platelet morphogenesis","GO:0036344","0.6280572340697202","0.20200077774679465","27","514","1","21026",
"GO:BP","regulation of cardiac muscle contraction by calcium ion signaling","GO:0010882","0.6280572340697202","0.20200077774679465","27","514","1","21026",
"GO:BP","positive regulation of muscle hypertrophy","GO:0014742","0.6280572340697202","0.20200077774679465","27","514","1","21026",
"GO:BP","regulation of protein polyubiquitination","GO:1902914","0.6280572340697202","0.20200077774679465","27","514","1","21026",
"GO:BP","positive regulation of JUN kinase activity","GO:0043507","0.6280572340697202","0.20200077774679465","27","514","1","21026",
"GO:BP","glycosaminoglycan catabolic process","GO:0006027","0.6280572340697202","0.20200077774679465","27","514","1","21026",
"GO:BP","triglyceride catabolic process","GO:0019433","0.6280572340697202","0.20200077774679465","27","514","1","21026",
"GO:BP","regulation of BMP signaling pathway","GO:0030510","0.6280572340697202","0.20200077774679465","107","514","3","21026",
"GO:BP","negative regulation of lipid transport","GO:0032369","0.6280572340697202","0.20200077774679465","27","514","1","21026",
"GO:BP","response to transforming growth factor beta","GO:0071559","0.6280572340697202","0.20200077774679465","269","514","7","21026",
"GO:BP","negative regulation of peptidyl-serine phosphorylation","GO:0033137","0.6280572340697202","0.20200077774679465","27","514","1","21026",
"GO:BP","somitogenesis","GO:0001756","0.6302084038108873","0.20051580981901584","67","514","2","21026",
"GO:BP","negative regulation of protein metabolic process","GO:0051248","0.6302084038108873","0.20051580981901584","677","514","17","21026",
"GO:BP","negative regulation of endocytosis","GO:0045806","0.6302084038108873","0.20051580981901584","67","514","2","21026",
"GO:BP","neuron cellular homeostasis","GO:0070050","0.6302084038108873","0.20051580981901584","67","514","2","21026",
"GO:BP","proton motive force-driven mitochondrial ATP synthesis","GO:0042776","0.6302084038108873","0.20051580981901584","67","514","2","21026",
"GO:BP","cellular component assembly","GO:0022607","0.6303896466108032","0.20039092822269064","4719","514","116","21026",
"GO:BP","response to endoplasmic reticulum stress","GO:0034976","0.631099330746472","0.19990228037548316","270","514","7","21026",
"GO:BP","membrane fusion","GO:0061025","0.6329260141016867","0.19864705387730347","189","514","5","21026",
"GO:BP","developmental maturation","GO:0021700","0.633382920805557","0.1983336515733684","352","514","9","21026",
"GO:BP","negative regulation of blood vessel morphogenesis","GO:2000181","0.6340599319768546","0.1978696902307334","108","514","3","21026",
"GO:BP","epidermal growth factor receptor signaling pathway","GO:0007173","0.6340599319768546","0.1978696902307334","108","514","3","21026",
"GO:BP","segmentation","GO:0035282","0.6340599319768546","0.1978696902307334","108","514","3","21026",
"GO:BP","extrinsic apoptotic signaling pathway","GO:0097191","0.6340599319768546","0.1978696902307334","230","514","6","21026",
"GO:BP","regulation of mRNA metabolic process","GO:1903311","0.635957595990936","0.1965718410199718","312","514","8","21026",
"GO:BP","Golgi vesicle transport","GO:0048193","0.635957595990936","0.1965718410199718","312","514","8","21026",
"GO:BP","neuromuscular synaptic transmission","GO:0007274","0.6365725844698554","0.19615206924917486","28","514","1","21026",
"GO:BP","negative regulation of vasculature development","GO:1901343","0.6365725844698554","0.19615206924917486","109","514","3","21026",
"GO:BP","chloride transmembrane transport","GO:1902476","0.6365725844698554","0.19615206924917486","109","514","3","21026",
"GO:BP","positive regulation of lipid catabolic process","GO:0050996","0.6365725844698554","0.19615206924917486","28","514","1","21026",
"GO:BP","fibroblast proliferation","GO:0048144","0.6365725844698554","0.19615206924917486","109","514","3","21026",
"GO:BP","cell junction disassembly","GO:0150146","0.6365725844698554","0.19615206924917486","28","514","1","21026",
"GO:BP","positive regulation of muscle cell differentiation","GO:0051149","0.6365725844698554","0.19615206924917486","68","514","2","21026",
"GO:BP","fatty-acyl-CoA biosynthetic process","GO:0046949","0.6365725844698554","0.19615206924917486","28","514","1","21026",
"GO:BP","oligodendrocyte differentiation","GO:0048709","0.6365725844698554","0.19615206924917486","109","514","3","21026",
"GO:BP","positive regulation of p38MAPK cascade","GO:1900745","0.6365725844698554","0.19615206924917486","28","514","1","21026",
"GO:BP","alpha-amino acid biosynthetic process","GO:1901607","0.6365725844698554","0.19615206924917486","68","514","2","21026",
"GO:BP","deoxyribose phosphate catabolic process","GO:0046386","0.6365725844698554","0.19615206924917486","28","514","1","21026",
"GO:BP","antigen processing and presentation of exogenous peptide antigen via MHC class II","GO:0019886","0.6365725844698554","0.19615206924917486","28","514","1","21026",
"GO:BP","positive regulation of signal transduction by p53 class mediator","GO:1901798","0.6365725844698554","0.19615206924917486","28","514","1","21026",
"GO:BP","positive regulation of cell junction assembly","GO:1901890","0.6365725844698554","0.19615206924917486","109","514","3","21026",
"GO:BP","GMP metabolic process","GO:0046037","0.6365725844698554","0.19615206924917486","28","514","1","21026",
"GO:BP","negative regulation of nucleotide metabolic process","GO:0045980","0.6365725844698554","0.19615206924917486","28","514","1","21026",
"GO:BP","erythrose 4-phosphate/phosphoenolpyruvate family amino acid metabolic process","GO:1902221","0.6365725844698554","0.19615206924917486","28","514","1","21026",
"GO:BP","endochondral bone growth","GO:0003416","0.6365725844698554","0.19615206924917486","28","514","1","21026",
"GO:BP","endoplasmic reticulum calcium ion homeostasis","GO:0032469","0.6365725844698554","0.19615206924917486","28","514","1","21026",
"GO:BP","cardiac atrium morphogenesis","GO:0003209","0.6365725844698554","0.19615206924917486","28","514","1","21026",
"GO:BP","positive regulation of interleukin-17 production","GO:0032740","0.6365725844698554","0.19615206924917486","28","514","1","21026",
"GO:BP","regulation of cardiac muscle cell action potential","GO:0098901","0.6365725844698554","0.19615206924917486","28","514","1","21026",
"GO:BP","deoxyribonucleotide catabolic process","GO:0009264","0.6365725844698554","0.19615206924917486","28","514","1","21026",
"GO:BP","retina morphogenesis in camera-type eye","GO:0060042","0.6365725844698554","0.19615206924917486","68","514","2","21026",
"GO:BP","negative regulation of potassium ion transport","GO:0043267","0.6365725844698554","0.19615206924917486","28","514","1","21026",
"GO:BP","oocyte differentiation","GO:0009994","0.6365725844698554","0.19615206924917486","68","514","2","21026",
"GO:BP","regulation of T cell differentiation in thymus","GO:0033081","0.6365725844698554","0.19615206924917486","28","514","1","21026",
"GO:BP","regulation of vascular associated smooth muscle cell migration","GO:1904752","0.6365725844698554","0.19615206924917486","28","514","1","21026",
"GO:BP","ERAD pathway","GO:0036503","0.6365725844698554","0.19615206924917486","109","514","3","21026",
"GO:BP","long-chain fatty acid transport","GO:0015909","0.6365725844698554","0.19615206924917486","68","514","2","21026",
"GO:BP","protein peptidyl-prolyl isomerization","GO:0000413","0.6365725844698554","0.19615206924917486","28","514","1","21026",
"GO:BP","ganglioside metabolic process","GO:0001573","0.6365725844698554","0.19615206924917486","28","514","1","21026",
"GO:BP","positive regulation of peptidase activity","GO:0010952","0.6365725844698554","0.19615206924917486","28","514","1","21026",
"GO:BP","membrane lipid biosynthetic process","GO:0046467","0.6375333254664745","0.19549710863844896","150","514","4","21026",
"GO:BP","cell surface receptor signaling pathway via STAT","GO:0097696","0.6375333254664745","0.19549710863844896","150","514","4","21026",
"GO:BP","response to radiation","GO:0009314","0.6405768229002728","0.19342877886078927","437","514","11","21026",
"GO:BP","negative regulation of leukocyte mediated immunity","GO:0002704","0.642200864540078","0.1923291141156195","69","514","2","21026",
"GO:BP","regulation of membrane permeability","GO:0090559","0.642200864540078","0.1923291141156195","69","514","2","21026",
"GO:BP","sterol biosynthetic process","GO:0016126","0.642200864540078","0.1923291141156195","69","514","2","21026",
"GO:BP","protein K63-linked ubiquitination","GO:0070534","0.642200864540078","0.1923291141156195","69","514","2","21026",
"GO:BP","ureteric bud morphogenesis","GO:0060675","0.642200864540078","0.1923291141156195","69","514","2","21026",
"GO:BP","regulation of sodium ion transport","GO:0002028","0.642200864540078","0.1923291141156195","69","514","2","21026",
"GO:BP","digestive system process","GO:0022600","0.6426447564906624","0.19202903163222293","110","514","3","21026",
"GO:BP","acute inflammatory response","GO:0002526","0.6426447564906624","0.19202903163222293","110","514","3","21026",
"GO:BP","cellular response to peptide hormone stimulus","GO:0071375","0.6428551038571363","0.19188690372668885","315","514","8","21026",
"GO:BP","innervation","GO:0060384","0.6454958309820612","0.19010655833533424","29","514","1","21026",
"GO:BP","regulation of mitochondrial fission","GO:0090140","0.6454958309820612","0.19010655833533424","29","514","1","21026",
"GO:BP","lung epithelial cell differentiation","GO:0060487","0.6454958309820612","0.19010655833533424","29","514","1","21026",
"GO:BP","purine nucleotide biosynthetic process","GO:0006164","0.6454958309820612","0.19010655833533424","193","514","5","21026",
"GO:BP","negative regulation of DNA binding","GO:0043392","0.6454958309820612","0.19010655833533424","29","514","1","21026",
"GO:BP","columnar/cuboidal epithelial cell development","GO:0002066","0.6454958309820612","0.19010655833533424","29","514","1","21026",
"GO:BP","cerebral cortex radial glia-guided migration","GO:0021801","0.6454958309820612","0.19010655833533424","29","514","1","21026",
"GO:BP","lung cell differentiation","GO:0060479","0.6454958309820612","0.19010655833533424","29","514","1","21026",
"GO:BP","negative regulation of microtubule depolymerization","GO:0007026","0.6454958309820612","0.19010655833533424","29","514","1","21026",
"GO:BP","3'-UTR-mediated mRNA stabilization","GO:0070935","0.6454958309820612","0.19010655833533424","29","514","1","21026",
"GO:BP","negative regulation of tumor necrosis factor-mediated signaling pathway","GO:0010804","0.6454958309820612","0.19010655833533424","29","514","1","21026",
"GO:BP","nucleotide-binding domain, leucine rich repeat containing receptor signaling pathway","GO:0035872","0.6454958309820612","0.19010655833533424","29","514","1","21026",
"GO:BP","vascular associated smooth muscle cell differentiation","GO:0035886","0.6454958309820612","0.19010655833533424","29","514","1","21026",
"GO:BP","response to immobilization stress","GO:0035902","0.6454958309820612","0.19010655833533424","29","514","1","21026",
"GO:BP","detection of stimulus involved in sensory perception of pain","GO:0062149","0.6454958309820612","0.19010655833533424","29","514","1","21026",
"GO:BP","ventricular cardiac muscle cell membrane repolarization","GO:0099625","0.6454958309820612","0.19010655833533424","29","514","1","21026",
"GO:BP","regulation of miRNA-mediated gene silencing","GO:0060964","0.6454958309820612","0.19010655833533424","29","514","1","21026",
"GO:BP","oligosaccharide biosynthetic process","GO:0009312","0.6454958309820612","0.19010655833533424","29","514","1","21026",
"GO:BP","regulation of T-helper 17 cell differentiation","GO:2000319","0.6454958309820612","0.19010655833533424","29","514","1","21026",
"GO:BP","translation","GO:0006412","0.6454958309820612","0.19010655833533424","727","514","18","21026",
"GO:BP","negative regulation of striated muscle cell apoptotic process","GO:0010664","0.6454958309820612","0.19010655833533424","29","514","1","21026",
"GO:BP","placenta development","GO:0001890","0.6454958309820612","0.19010655833533424","152","514","4","21026",
"GO:BP","regulation of Arp2/3 complex-mediated actin nucleation","GO:0034315","0.6454958309820612","0.19010655833533424","29","514","1","21026",
"GO:BP","bone maturation","GO:0070977","0.6454958309820612","0.19010655833533424","29","514","1","21026",
"GO:BP","regulation of superoxide metabolic process","GO:0090322","0.6454958309820612","0.19010655833533424","29","514","1","21026",
"GO:BP","telencephalon glial cell migration","GO:0022030","0.6454958309820612","0.19010655833533424","29","514","1","21026",
"GO:BP","glucose 6-phosphate metabolic process","GO:0051156","0.6454958309820612","0.19010655833533424","29","514","1","21026",
"GO:BP","bile acid and bile salt transport","GO:0015721","0.6454958309820612","0.19010655833533424","29","514","1","21026",
"GO:BP","blastoderm segmentation","GO:0007350","0.6454958309820612","0.19010655833533424","29","514","1","21026",
"GO:BP","neuropeptide signaling pathway","GO:0007218","0.6454958309820612","0.19010655833533424","111","514","3","21026",
"GO:BP","glomerulus vasculature development","GO:0072012","0.6454958309820612","0.19010655833533424","29","514","1","21026",
"GO:BP","metanephric epithelium development","GO:0072207","0.6454958309820612","0.19010655833533424","29","514","1","21026",
"GO:BP","mesonephric tubule morphogenesis","GO:0072171","0.6456152022283242","0.19002625188242017","70","514","2","21026",
"GO:BP","L-alpha-amino acid transmembrane transport","GO:1902475","0.6456152022283242","0.19002625188242017","70","514","2","21026",
"GO:BP","superoxide metabolic process","GO:0006801","0.6456152022283242","0.19002625188242017","70","514","2","21026",
"GO:BP","neural nucleus development","GO:0048857","0.6456152022283242","0.19002625188242017","70","514","2","21026",
"GO:BP","circadian regulation of gene expression","GO:0032922","0.6456152022283242","0.19002625188242017","70","514","2","21026",
"GO:BP","glycosaminoglycan metabolic process","GO:0030203","0.6456152022283242","0.19002625188242017","70","514","2","21026",
"GO:BP","extrinsic apoptotic signaling pathway in absence of ligand","GO:0097192","0.6456152022283242","0.19002625188242017","70","514","2","21026",
"GO:BP","fatty acid metabolic process","GO:0006631","0.649126370838347","0.187670747243949","400","514","10","21026",
"GO:BP","protein localization to nucleus","GO:0034504","0.6502652447848791","0.1869094574352927","318","514","8","21026",
"GO:BP","sphingolipid biosynthetic process","GO:0030148","0.6509984747822609","0.18642002893476312","112","514","3","21026",
"GO:BP","cellular response to ketone","GO:1901655","0.6509984747822609","0.18642002893476312","112","514","3","21026",
"GO:BP","regulation of protein localization to plasma membrane","GO:1903076","0.6509984747822609","0.18642002893476312","112","514","3","21026",
"GO:BP","regulation of mRNA splicing, via spliceosome","GO:0048024","0.6509984747822609","0.18642002893476312","112","514","3","21026",
"GO:BP","alternative mRNA splicing, via spliceosome","GO:0000380","0.6536584877998819","0.1846490951043033","71","514","2","21026",
"GO:BP","positive regulation of interleukin-1 production","GO:0032732","0.6536584877998819","0.1846490951043033","71","514","2","21026",
"GO:BP","T cell differentiation","GO:0030217","0.6536584877998819","0.1846490951043033","319","514","8","21026",
"GO:BP","regulation of hemostasis","GO:1900046","0.6536584877998819","0.1846490951043033","71","514","2","21026",
"GO:BP","prostanoid biosynthetic process","GO:0046457","0.6538661306088547","0.1845111579280051","30","514","1","21026",
"GO:BP","respiratory chain complex IV assembly","GO:0008535","0.6538661306088547","0.1845111579280051","30","514","1","21026",
"GO:BP","purine ribonucleoside triphosphate biosynthetic process","GO:0009206","0.6538661306088547","0.1845111579280051","113","514","3","21026",
"GO:BP","regulation of release of sequestered calcium ion into cytosol by sarcoplasmic reticulum","GO:0010880","0.6538661306088547","0.1845111579280051","30","514","1","21026",
"GO:BP","regulation of smooth muscle cell apoptotic process","GO:0034391","0.6538661306088547","0.1845111579280051","30","514","1","21026",
"GO:BP","regulation of sodium ion transmembrane transporter activity","GO:2000649","0.6538661306088547","0.1845111579280051","30","514","1","21026",
"GO:BP","negative regulation of alpha-beta T cell differentiation","GO:0046639","0.6538661306088547","0.1845111579280051","30","514","1","21026",
"GO:BP","regulation of post-transcriptional gene silencing by regulatory ncRNA","GO:1900368","0.6538661306088547","0.1845111579280051","30","514","1","21026",
"GO:BP","prostaglandin biosynthetic process","GO:0001516","0.6538661306088547","0.1845111579280051","30","514","1","21026",
"GO:BP","excretion","GO:0007588","0.6538661306088547","0.1845111579280051","30","514","1","21026",
"GO:BP","negative regulation of protein localization to plasma membrane","GO:1903077","0.6538661306088547","0.1845111579280051","30","514","1","21026",
"GO:BP","phosphatidylinositol dephosphorylation","GO:0046856","0.6538661306088547","0.1845111579280051","30","514","1","21026",
"GO:BP","regulation of response to nutrient levels","GO:0032107","0.6538661306088547","0.1845111579280051","30","514","1","21026",
"GO:BP","regulation of hair cycle","GO:0042634","0.6538661306088547","0.1845111579280051","30","514","1","21026",
"GO:BP","negative regulation of monoatomic ion transport","GO:0043271","0.6538661306088547","0.1845111579280051","113","514","3","21026",
"GO:BP","regulation of presynaptic membrane potential","GO:0099505","0.6538661306088547","0.1845111579280051","30","514","1","21026",
"GO:BP","olefinic compound biosynthetic process","GO:0120255","0.6538661306088547","0.1845111579280051","30","514","1","21026",
"GO:BP","negative regulation of epithelial cell apoptotic process","GO:1904036","0.6538661306088547","0.1845111579280051","30","514","1","21026",
"GO:BP","sensory perception of temperature stimulus","GO:0050951","0.6538661306088547","0.1845111579280051","30","514","1","21026",
"GO:BP","negative regulation of telomere maintenance via telomere lengthening","GO:1904357","0.6538661306088547","0.1845111579280051","30","514","1","21026",
"GO:BP","vascular associated smooth muscle cell migration","GO:1904738","0.6538661306088547","0.1845111579280051","30","514","1","21026",
"GO:BP","regulation of lymphocyte proliferation","GO:0050670","0.6538661306088547","0.1845111579280051","237","514","6","21026",
"GO:BP","zinc ion transmembrane transport","GO:0071577","0.6538661306088547","0.1845111579280051","30","514","1","21026",
"GO:BP","kidney epithelium development","GO:0072073","0.6538661306088547","0.1845111579280051","154","514","4","21026",
"GO:BP","fusion of sperm to egg plasma membrane involved in single fertilization","GO:0007342","0.6538661306088547","0.1845111579280051","30","514","1","21026",
"GO:BP","intracellular cholesterol transport","GO:0032367","0.6538661306088547","0.1845111579280051","30","514","1","21026",
"GO:BP","negative regulation of intrinsic apoptotic signaling pathway in response to DNA damage","GO:1902230","0.6538661306088547","0.1845111579280051","30","514","1","21026",
"GO:BP","positive regulation of endocytosis","GO:0045807","0.6567547275418542","0.18259679233260304","155","514","4","21026",
"GO:BP","positive regulation of leukocyte migration","GO:0002687","0.6567547275418542","0.18259679233260304","155","514","4","21026",
"GO:BP","leukocyte chemotaxis","GO:0030595","0.6568981353664859","0.18250197089399428","238","514","6","21026",
"GO:BP","positive regulation of chemokine production","GO:0032722","0.6573260243589665","0.18221917311784244","72","514","2","21026",
"GO:BP","regulation of DNA binding","GO:0051101","0.6573260243589665","0.18221917311784244","72","514","2","21026",
"GO:BP","negative regulation of protein serine/threonine kinase activity","GO:0071901","0.6573260243589665","0.18221917311784244","72","514","2","21026",
"GO:BP","signal transduction in absence of ligand","GO:0038034","0.6573260243589665","0.18221917311784244","72","514","2","21026",
"GO:BP","negative regulation of neuron differentiation","GO:0045665","0.6573260243589665","0.18221917311784244","72","514","2","21026",
"GO:BP","negative regulation of macromolecule metabolic process","GO:0010605","0.6573260243589665","0.18221917311784244","3157","514","77","21026",
"GO:BP","regulation of stem cell population maintenance","GO:2000036","0.6573260243589665","0.18221917311784244","72","514","2","21026",
"GO:BP","cellular response to ionizing radiation","GO:0071479","0.6573260243589665","0.18221917311784244","72","514","2","21026",
"GO:BP","regulation of protein ubiquitination","GO:0031396","0.6580675787816175","0.1817295051931435","197","514","5","21026",
"GO:BP","protein polyubiquitination","GO:0000209","0.6581957918651926","0.18164489866815414","280","514","7","21026",
"GO:BP","regulation of circadian rhythm","GO:0042752","0.6588253656937969","0.18122968823820648","114","514","3","21026",
"GO:BP","positive regulation of cell cycle phase transition","GO:1901989","0.6588253656937969","0.18122968823820648","114","514","3","21026",
"GO:BP","purine nucleoside triphosphate biosynthetic process","GO:0009145","0.6588253656937969","0.18122968823820648","114","514","3","21026",
"GO:BP","vacuole organization","GO:0007033","0.6598884552897397","0.18052946952819268","239","514","6","21026",
"GO:BP","cell-cell junction assembly","GO:0007043","0.6605011098789868","0.18012644827819801","156","514","4","21026",
"GO:BP","cell cycle G2/M phase transition","GO:0044839","0.6605011098789868","0.18012644827819801","156","514","4","21026",
"GO:BP","regulation of transcription by RNA polymerase III","GO:0006359","0.6608085720093971","0.17992433198271965","31","514","1","21026",
"GO:BP","zinc ion transport","GO:0006829","0.6608085720093971","0.17992433198271965","31","514","1","21026",
"GO:BP","protein localization to Golgi apparatus","GO:0034067","0.6608085720093971","0.17992433198271965","31","514","1","21026",
"GO:BP","negative regulation of cation channel activity","GO:2001258","0.6608085720093971","0.17992433198271965","31","514","1","21026",
"GO:BP","positive regulation of vascular endothelial growth factor production","GO:0010575","0.6608085720093971","0.17992433198271965","31","514","1","21026",
"GO:BP","eosinophil migration","GO:0072677","0.6608085720093971","0.17992433198271965","31","514","1","21026",
"GO:BP","DNA modification","GO:0006304","0.6608085720093971","0.17992433198271965","31","514","1","21026",
"GO:BP","negative regulation of immune response","GO:0050777","0.6608085720093971","0.17992433198271965","198","514","5","21026",
"GO:BP","regulation of macrophage derived foam cell differentiation","GO:0010743","0.6608085720093971","0.17992433198271965","31","514","1","21026",
"GO:BP","glutamate secretion","GO:0014047","0.6608085720093971","0.17992433198271965","31","514","1","21026",
"GO:BP","smooth muscle cell apoptotic process","GO:0034390","0.6608085720093971","0.17992433198271965","31","514","1","21026",
"GO:BP","hydrogen peroxide catabolic process","GO:0042744","0.6608085720093971","0.17992433198271965","31","514","1","21026",
"GO:BP","artery morphogenesis","GO:0048844","0.6608085720093971","0.17992433198271965","73","514","2","21026",
"GO:BP","regulation of peptidyl-tyrosine phosphorylation","GO:0050730","0.6608085720093971","0.17992433198271965","198","514","5","21026",
"GO:BP","regulation of cell growth","GO:0001558","0.6608085720093971","0.17992433198271965","406","514","10","21026",
"GO:BP","regulation of post-transcriptional gene silencing","GO:0060147","0.6608085720093971","0.17992433198271965","31","514","1","21026",
"GO:BP","dopamine secretion","GO:0014046","0.6608085720093971","0.17992433198271965","31","514","1","21026",
"GO:BP","positive regulation of cilium assembly","GO:0045724","0.6608085720093971","0.17992433198271965","31","514","1","21026",
"GO:BP","regulation of mast cell degranulation","GO:0043304","0.6608085720093971","0.17992433198271965","31","514","1","21026",
"GO:BP","GPI anchor biosynthetic process","GO:0006506","0.6608085720093971","0.17992433198271965","31","514","1","21026",
"GO:BP","negative regulation of T cell mediated immunity","GO:0002710","0.6608085720093971","0.17992433198271965","31","514","1","21026",
"GO:BP","regulation of viral entry into host cell","GO:0046596","0.6608085720093971","0.17992433198271965","31","514","1","21026",
"GO:BP","renal system vasculature development","GO:0061437","0.6608085720093971","0.17992433198271965","31","514","1","21026",
"GO:BP","response to arsenic-containing substance","GO:0046685","0.6608085720093971","0.17992433198271965","31","514","1","21026",
"GO:BP","protein K63-linked deubiquitination","GO:0070536","0.6608085720093971","0.17992433198271965","31","514","1","21026",
"GO:BP","somatic diversification of immune receptors via germline recombination within a single locus","GO:0002562","0.6608085720093971","0.17992433198271965","73","514","2","21026",
"GO:BP","kidney vasculature development","GO:0061440","0.6608085720093971","0.17992433198271965","31","514","1","21026",
"GO:BP","regulation of calcium ion-dependent exocytosis","GO:0017158","0.6608085720093971","0.17992433198271965","31","514","1","21026",
"GO:BP","negative regulation of proteolysis involved in protein catabolic process","GO:1903051","0.6608085720093971","0.17992433198271965","73","514","2","21026",
"GO:BP","dendritic cell migration","GO:0036336","0.6608085720093971","0.17992433198271965","31","514","1","21026",
"GO:BP","somatic cell DNA recombination","GO:0016444","0.6608085720093971","0.17992433198271965","73","514","2","21026",
"GO:BP","regulation of mitochondrion organization","GO:0010821","0.6608713360462017","0.17988308436338224","115","514","3","21026",
"GO:BP","regulation of protein polymerization","GO:0032271","0.6631620087197277","0.17838036164352358","199","514","5","21026",
"GO:BP","positive regulation of neuron projection development","GO:0010976","0.6678071594851658","0.17534892923457804","158","514","4","21026",
"GO:BP","mesoderm formation","GO:0001707","0.668611641590242","0.17482606592115446","74","514","2","21026",
"GO:BP","protein N-linked glycosylation","GO:0006487","0.668611641590242","0.17482606592115446","74","514","2","21026",
"GO:BP","regulation of ATP metabolic process","GO:1903578","0.668611641590242","0.17482606592115446","74","514","2","21026",
"GO:BP","protein transmembrane transport","GO:0071806","0.668611641590242","0.17482606592115446","74","514","2","21026",
"GO:BP","monocarboxylic acid metabolic process","GO:0032787","0.668611641590242","0.17482606592115446","616","514","15","21026",
"GO:BP","regulation of mononuclear cell proliferation","GO:0032944","0.6686354376735815","0.1748106095289191","242","514","6","21026",
"GO:BP","negative regulation of protein localization to cell periphery","GO:1904376","0.6705568550793385","0.1735643933524108","32","514","1","21026",
"GO:BP","leukotriene metabolic process","GO:0006691","0.6705568550793385","0.1735643933524108","32","514","1","21026",
"GO:BP","negative regulation of endothelial cell apoptotic process","GO:2000352","0.6705568550793385","0.1735643933524108","32","514","1","21026",
"GO:BP","GPI anchor metabolic process","GO:0006505","0.6705568550793385","0.1735643933524108","32","514","1","21026",
"GO:BP","vesicle tethering","GO:0099022","0.6705568550793385","0.1735643933524108","32","514","1","21026",
"GO:BP","positive regulation of epidermis development","GO:0045684","0.6705568550793385","0.1735643933524108","32","514","1","21026",
"GO:BP","Fc receptor mediated stimulatory signaling pathway","GO:0002431","0.6705568550793385","0.1735643933524108","32","514","1","21026",
"GO:BP","heme biosynthetic process","GO:0006783","0.6705568550793385","0.1735643933524108","32","514","1","21026",
"GO:BP","placenta blood vessel development","GO:0060674","0.6705568550793385","0.1735643933524108","32","514","1","21026",
"GO:BP","pteridine-containing compound metabolic process","GO:0042558","0.6705568550793385","0.1735643933524108","32","514","1","21026",
"GO:BP","regulation of intrinsic apoptotic signaling pathway by p53 class mediator","GO:1902253","0.6705568550793385","0.1735643933524108","32","514","1","21026",
"GO:BP","positive regulation of protein-containing complex assembly","GO:0031334","0.6705568550793385","0.1735643933524108","201","514","5","21026",
"GO:BP","positive regulation of chromosome separation","GO:1905820","0.6705568550793385","0.1735643933524108","32","514","1","21026",
"GO:BP","protein K48-linked deubiquitination","GO:0071108","0.6705568550793385","0.1735643933524108","32","514","1","21026",
"GO:BP","regulation of gene silencing by regulatory ncRNA","GO:0060966","0.6705568550793385","0.1735643933524108","32","514","1","21026",
"GO:BP","DNA catabolic process","GO:0006308","0.6705568550793385","0.1735643933524108","32","514","1","21026",
"GO:BP","acrosome assembly","GO:0001675","0.6705568550793385","0.1735643933524108","32","514","1","21026",
"GO:BP","fatty acid biosynthetic process","GO:0006633","0.6705568550793385","0.1735643933524108","159","514","4","21026",
"GO:BP","GPI anchored protein biosynthesis","GO:0180046","0.6705568550793385","0.1735643933524108","32","514","1","21026",
"GO:BP","negative regulation of protein catabolic process","GO:0042177","0.6710032693291301","0.1732753638129129","117","514","3","21026",
"GO:BP","regulation of mitotic cell cycle phase transition","GO:1901990","0.6722713037461777","0.17245542643777875","327","514","8","21026",
"GO:BP","positive regulation of type II interferon production","GO:0032729","0.6738300127252331","0.17144964923101486","75","514","2","21026",
"GO:BP","tight junction assembly","GO:0120192","0.6738300127252331","0.17144964923101486","75","514","2","21026",
"GO:BP","regulation of calcium ion transport","GO:0051924","0.6747351874119547","0.17086664081496256","244","514","6","21026",
"GO:BP","G1/S transition of mitotic cell cycle","GO:0000082","0.6747351874119547","0.17086664081496256","202","514","5","21026",
"GO:BP","positive regulation of cell-cell adhesion","GO:0022409","0.6757642503864439","0.17020478721422794","328","514","8","21026",
"GO:BP","vitamin metabolic process","GO:0006766","0.6770066505277199","0.1694070650322796","118","514","3","21026",
"GO:BP","microtubule organizing center localization","GO:0061842","0.6783256986690448","0.16856172918480827","33","514","1","21026",
"GO:BP","heart trabecula morphogenesis","GO:0061384","0.6783256986690448","0.16856172918480827","33","514","1","21026",
"GO:BP","purinergic nucleotide receptor signaling pathway","GO:0035590","0.6783256986690448","0.16856172918480827","33","514","1","21026",
"GO:BP","embryonic forelimb morphogenesis","GO:0035115","0.6783256986690448","0.16856172918480827","33","514","1","21026",
"GO:BP","animal organ maturation","GO:0048799","0.6783256986690448","0.16856172918480827","33","514","1","21026",
"GO:BP","fatty acid beta-oxidation","GO:0006635","0.6783256986690448","0.16856172918480827","76","514","2","21026",
"GO:BP","synaptic transmission, cholinergic","GO:0007271","0.6783256986690448","0.16856172918480827","33","514","1","21026",
"GO:BP","protein-lipid complex remodeling","GO:0034368","0.6783256986690448","0.16856172918480827","33","514","1","21026",
"GO:BP","cell communication by electrical coupling","GO:0010644","0.6783256986690448","0.16856172918480827","33","514","1","21026",
"GO:BP","adrenergic receptor signaling pathway","GO:0071875","0.6783256986690448","0.16856172918480827","33","514","1","21026",
"GO:BP","face morphogenesis","GO:0060325","0.6783256986690448","0.16856172918480827","33","514","1","21026",
"GO:BP","purine ribonucleotide biosynthetic process","GO:0009152","0.6783256986690448","0.16856172918480827","161","514","4","21026",
"GO:BP","regulation of intracellular estrogen receptor signaling pathway","GO:0033146","0.6783256986690448","0.16856172918480827","33","514","1","21026",
"GO:BP","long-term synaptic depression","GO:0060292","0.6783256986690448","0.16856172918480827","33","514","1","21026",
"GO:BP","response to ATP","GO:0033198","0.6783256986690448","0.16856172918480827","33","514","1","21026",
"GO:BP","L-amino acid catabolic process","GO:0170035","0.6783256986690448","0.16856172918480827","76","514","2","21026",
"GO:BP","plasma lipoprotein particle remodeling","GO:0034369","0.6783256986690448","0.16856172918480827","33","514","1","21026",
"GO:BP","neural tube patterning","GO:0021532","0.6783256986690448","0.16856172918480827","33","514","1","21026",
"GO:BP","intracellular sterol transport","GO:0032366","0.6783256986690448","0.16856172918480827","33","514","1","21026",
"GO:BP","aminoglycan catabolic process","GO:0006026","0.6783256986690448","0.16856172918480827","33","514","1","21026",
"GO:BP","aldehyde metabolic process","GO:0006081","0.6783256986690448","0.16856172918480827","76","514","2","21026",
"GO:BP","regulation of muscle cell apoptotic process","GO:0010660","0.6783256986690448","0.16856172918480827","76","514","2","21026",
"GO:BP","vesicle targeting, to, from or within Golgi","GO:0048199","0.6783256986690448","0.16856172918480827","33","514","1","21026",
"GO:BP","metabolic compound salvage","GO:0043094","0.6783256986690448","0.16856172918480827","33","514","1","21026",
"GO:BP","negative regulation of cation transmembrane transport","GO:1904063","0.6783256986690448","0.16856172918480827","76","514","2","21026",
"GO:BP","centrosome localization","GO:0051642","0.6783256986690448","0.16856172918480827","33","514","1","21026",
"GO:BP","regulation of miRNA transcription","GO:1902893","0.6783256986690448","0.16856172918480827","76","514","2","21026",
"GO:BP","peptidyl-proline modification","GO:0018208","0.6783256986690448","0.16856172918480827","33","514","1","21026",
"GO:BP","mesoderm morphogenesis","GO:0048332","0.6783256986690448","0.16856172918480827","76","514","2","21026",
"GO:BP","protein insertion into ER membrane","GO:0045048","0.6783256986690448","0.16856172918480827","33","514","1","21026",
"GO:BP","ribonucleoside triphosphate biosynthetic process","GO:0009201","0.6791238484973282","0.1680510183347075","119","514","3","21026",
"GO:BP","blastocyst development","GO:0001824","0.6791238484973282","0.1680510183347075","119","514","3","21026",
"GO:BP","proteasome-mediated ubiquitin-dependent protein catabolic process","GO:0043161","0.6799828410092362","0.16750204633645072","414","514","10","21026",
"GO:BP","regulation of Wnt signaling pathway","GO:0030111","0.6830508051989634","0.1655469923697592","331","514","8","21026",
"GO:BP","regulation of type II interferon production","GO:0032649","0.6848023504767097","0.16443475768062135","120","514","3","21026",
"GO:BP","regulation of glial cell differentiation","GO:0045685","0.6848023504767097","0.16443475768062135","77","514","2","21026",
"GO:BP","fatty acid derivative metabolic process","GO:1901568","0.6848023504767097","0.16443475768062135","77","514","2","21026",
"GO:BP","amino acid biosynthetic process","GO:0008652","0.6848023504767097","0.16443475768062135","77","514","2","21026",
"GO:BP","organic cation transport","GO:0015695","0.6848023504767097","0.16443475768062135","120","514","3","21026",
"GO:BP","miRNA transcription","GO:0061614","0.6848023504767097","0.16443475768062135","77","514","2","21026",
"GO:BP","aorta morphogenesis","GO:0035909","0.6853337773364112","0.16409786303257576","34","514","1","21026",
"GO:BP","regulation of mitochondrial gene expression","GO:0062125","0.6853337773364112","0.16409786303257576","34","514","1","21026",
"GO:BP","positive regulation of sterol transport","GO:0032373","0.6853337773364112","0.16409786303257576","34","514","1","21026",
"GO:BP","positive regulation of cholesterol transport","GO:0032376","0.6853337773364112","0.16409786303257576","34","514","1","21026",
"GO:BP","negative regulation of axon extension","GO:0030517","0.6853337773364112","0.16409786303257576","34","514","1","21026",
"GO:BP","ventricular cardiac muscle cell action potential","GO:0086005","0.6853337773364112","0.16409786303257576","34","514","1","21026",
"GO:BP","camera-type eye photoreceptor cell differentiation","GO:0060219","0.6853337773364112","0.16409786303257576","34","514","1","21026",
"GO:BP","hematopoietic stem cell proliferation","GO:0071425","0.6853337773364112","0.16409786303257576","34","514","1","21026",
"GO:BP","adult walking behavior","GO:0007628","0.6853337773364112","0.16409786303257576","34","514","1","21026",
"GO:BP","plasma membrane fusion","GO:0045026","0.6853337773364112","0.16409786303257576","34","514","1","21026",
"GO:BP","potassium ion homeostasis","GO:0055075","0.6853337773364112","0.16409786303257576","34","514","1","21026",
"GO:BP","NAD metabolic process","GO:0019674","0.6853337773364112","0.16409786303257576","34","514","1","21026",
"GO:BP","phosphatidic acid biosynthetic process","GO:0006654","0.6853337773364112","0.16409786303257576","34","514","1","21026",
"GO:BP","positive regulation of myeloid leukocyte cytokine production involved in immune response","GO:0061081","0.6853337773364112","0.16409786303257576","34","514","1","21026",
"GO:BP","regulation of type 2 immune response","GO:0002828","0.6853337773364112","0.16409786303257576","34","514","1","21026",
"GO:BP","tooth mineralization","GO:0034505","0.6853337773364112","0.16409786303257576","34","514","1","21026",
"GO:BP","sperm capacitation","GO:0048240","0.6853337773364112","0.16409786303257576","34","514","1","21026",
"GO:BP","regulation of fatty acid transport","GO:2000191","0.6853337773364112","0.16409786303257576","34","514","1","21026",
"GO:BP","regulation of response to oxidative stress","GO:1902882","0.6853337773364112","0.16409786303257576","34","514","1","21026",
"GO:BP","intracellular zinc ion homeostasis","GO:0006882","0.6853337773364112","0.16409786303257576","34","514","1","21026",
"GO:BP","glutamate metabolic process","GO:0006536","0.6853337773364112","0.16409786303257576","34","514","1","21026",
"GO:BP","regulation of endoplasmic reticulum stress-induced intrinsic apoptotic signaling pathway","GO:1902235","0.6853337773364112","0.16409786303257576","34","514","1","21026",
"GO:BP","positive regulation of interleukin-2 production","GO:0032743","0.6853337773364112","0.16409786303257576","34","514","1","21026",
"GO:BP","multicellular organismal-level water homeostasis","GO:0050891","0.6853337773364112","0.16409786303257576","34","514","1","21026",
"GO:BP","hyaluronan metabolic process","GO:0030212","0.6853337773364112","0.16409786303257576","34","514","1","21026",
"GO:BP","regulation of vascular endothelial growth factor production","GO:0010574","0.6853337773364112","0.16409786303257576","34","514","1","21026",
"GO:BP","regulation of toll-like receptor signaling pathway","GO:0034121","0.6853337773364112","0.16409786303257576","34","514","1","21026",
"GO:BP","regulation of transcription regulatory region DNA binding","GO:2000677","0.6853337773364112","0.16409786303257576","34","514","1","21026",
"GO:BP","regulation of fibroblast growth factor receptor signaling pathway","GO:0040036","0.6853337773364112","0.16409786303257576","34","514","1","21026",
"GO:BP","Fc-gamma receptor signaling pathway","GO:0038094","0.6853337773364112","0.16409786303257576","34","514","1","21026",
"GO:BP","negative regulation of response to biotic stimulus","GO:0002832","0.6865859345371301","0.16330509781600647","121","514","3","21026",
"GO:BP","type II interferon production","GO:0032609","0.6865859345371301","0.16330509781600647","121","514","3","21026",
"GO:BP","vesicle fusion","GO:0006906","0.6865859345371301","0.16330509781600647","121","514","3","21026",
"GO:BP","amino acid transport","GO:0006865","0.6874808865818751","0.16273937163211644","164","514","4","21026",
"GO:BP","positive regulation of DNA recombination","GO:0045911","0.6875558440960372","0.16269202215543158","78","514","2","21026",
"GO:BP","proton motive force-driven ATP synthesis","GO:0015986","0.6875558440960372","0.16269202215543158","78","514","2","21026",
"GO:BP","negative regulation of cytokine production","GO:0001818","0.6898779600886109","0.1612277294769367","292","514","7","21026",
"GO:BP","regulation of cytokine-mediated signaling pathway","GO:0001959","0.6923508651138827","0.15967376079532544","165","514","4","21026",
"GO:BP","cytoplasmic translation","GO:0002181","0.6923508651138827","0.15967376079532544","165","514","4","21026",
"GO:BP","mitochondrial respiratory chain complex assembly","GO:0033108","0.6923508651138827","0.15967376079532544","122","514","3","21026",
"GO:BP","endoplasmic reticulum unfolded protein response","GO:0030968","0.6926637765900566","0.15947752354895017","79","514","2","21026",
"GO:BP","positive regulation of transcription by RNA polymerase I","GO:0045943","0.6926637765900566","0.15947752354895017","35","514","1","21026",
"GO:BP","retinoic acid receptor signaling pathway","GO:0048384","0.6926637765900566","0.15947752354895017","35","514","1","21026",
"GO:BP","glycosaminoglycan biosynthetic process","GO:0006024","0.6926637765900566","0.15947752354895017","35","514","1","21026",
"GO:BP","anoikis","GO:0043276","0.6926637765900566","0.15947752354895017","35","514","1","21026",
"GO:BP","regulation of fatty acid oxidation","GO:0046320","0.6926637765900566","0.15947752354895017","35","514","1","21026",
"GO:BP","cellular response to angiotensin","GO:1904385","0.6926637765900566","0.15947752354895017","35","514","1","21026",
"GO:BP","positive regulation of T cell migration","GO:2000406","0.6926637765900566","0.15947752354895017","35","514","1","21026",
"GO:BP","negative regulation of smoothened signaling pathway","GO:0045879","0.6926637765900566","0.15947752354895017","35","514","1","21026",
"GO:BP","proteinogenic amino acid catabolic process","GO:0170040","0.6926637765900566","0.15947752354895017","79","514","2","21026",
"GO:BP","mitotic cytokinetic process","GO:1902410","0.6926637765900566","0.15947752354895017","35","514","1","21026",
"GO:BP","negative regulation of JNK cascade","GO:0046329","0.6926637765900566","0.15947752354895017","35","514","1","21026",
"GO:BP","regulation of muscle adaptation","GO:0043502","0.6926637765900566","0.15947752354895017","79","514","2","21026",
"GO:BP","epigenetic programming of gene expression","GO:0043045","0.6926637765900566","0.15947752354895017","35","514","1","21026",
"GO:BP","regulation of microtubule depolymerization","GO:0031114","0.6926637765900566","0.15947752354895017","35","514","1","21026",
"GO:BP","somatic diversification of immune receptors","GO:0002200","0.6926637765900566","0.15947752354895017","79","514","2","21026",
"GO:BP","proximal/distal pattern formation","GO:0009954","0.6926637765900566","0.15947752354895017","35","514","1","21026",
"GO:BP","nucleoside monophosphate metabolic process","GO:0009123","0.6926637765900566","0.15947752354895017","79","514","2","21026",
"GO:BP","positive regulation of axonogenesis","GO:0050772","0.6926637765900566","0.15947752354895017","79","514","2","21026",
"GO:BP","nephron tubule morphogenesis","GO:0072078","0.6926637765900566","0.15947752354895017","79","514","2","21026",
"GO:BP","regulation of kidney development","GO:0090183","0.6926637765900566","0.15947752354895017","35","514","1","21026",
"GO:BP","release of sequestered calcium ion into cytosol by sarcoplasmic reticulum","GO:0014808","0.6926637765900566","0.15947752354895017","35","514","1","21026",
"GO:BP","establishment of skin barrier","GO:0061436","0.6926637765900566","0.15947752354895017","35","514","1","21026",
"GO:BP","maintenance of location in cell","GO:0051651","0.6926637765900566","0.15947752354895017","208","514","5","21026",
"GO:BP","negative regulation of macromolecule biosynthetic process","GO:0010558","0.6926637765900566","0.15947752354895017","2745","514","66","21026",
"GO:BP","positive regulation of cellular component biogenesis","GO:0044089","0.6938740782136922","0.15871933660401794","505","514","12","21026",
"GO:BP","positive regulation of angiogenesis","GO:0045766","0.6939547993173372","0.1586688163554581","166","514","4","21026",
"GO:BP","regulation of cytokine production involved in immune response","GO:0002718","0.6941541463341787","0.15854407786102717","123","514","3","21026",
"GO:BP","establishment of protein localization to mitochondrion","GO:0072655","0.6941541463341787","0.15854407786102717","123","514","3","21026",
"GO:BP","cytokine production involved in immune response","GO:0002367","0.6941541463341787","0.15854407786102717","123","514","3","21026",
"GO:BP","organelle membrane fusion","GO:0090174","0.6941541463341787","0.15854407786102717","123","514","3","21026",
"GO:BP","regulation of cell activation","GO:0050865","0.6961780686326767","0.15727966220920403","632","514","15","21026",
"GO:BP","regulation of cyclin-dependent protein serine/threonine kinase activity","GO:0000079","0.6982893262394475","0.15596459635328036","80","514","2","21026",
"GO:BP","lymphocyte homeostasis","GO:0002260","0.6982893262394475","0.15596459635328036","80","514","2","21026",
"GO:BP","lipid homeostasis","GO:0055088","0.6984008827650463","0.1558952203624149","167","514","4","21026",
"GO:BP","tetrapyrrole biosynthetic process","GO:0033014","0.6992712169055915","0.15535434763039854","36","514","1","21026",
"GO:BP","pigment cell differentiation","GO:0050931","0.6992712169055915","0.15535434763039854","36","514","1","21026",
"GO:BP","cell volume homeostasis","GO:0006884","0.6992712169055915","0.15535434763039854","36","514","1","21026",
"GO:BP","negative regulation of macroautophagy","GO:0016242","0.6992712169055915","0.15535434763039854","36","514","1","21026",
"GO:BP","regulation of homotypic cell-cell adhesion","GO:0034110","0.6992712169055915","0.15535434763039854","36","514","1","21026",
"GO:BP","response to dietary excess","GO:0002021","0.6992712169055915","0.15535434763039854","36","514","1","21026",
"GO:BP","lymphocyte mediated immunity","GO:0002449","0.6992712169055915","0.15535434763039854","381","514","9","21026",
"GO:BP","cellular component biogenesis","GO:0044085","0.6992712169055915","0.15535434763039854","4980","514","120","21026",
"GO:BP","porphyrin-containing compound biosynthetic process","GO:0006779","0.6992712169055915","0.15535434763039854","36","514","1","21026",
"GO:BP","regulation of presynapse assembly","GO:1905606","0.6992712169055915","0.15535434763039854","36","514","1","21026",
"GO:BP","hematopoietic stem cell differentiation","GO:0060218","0.6992712169055915","0.15535434763039854","36","514","1","21026",
"GO:BP","positive regulation of G protein-coupled receptor signaling pathway","GO:0045745","0.6992712169055915","0.15535434763039854","36","514","1","21026",
"GO:BP","antigen processing and presentation of peptide antigen via MHC class I","GO:0002474","0.6992712169055915","0.15535434763039854","36","514","1","21026",
"GO:BP","positive regulation of DNA binding","GO:0043388","0.6992712169055915","0.15535434763039854","36","514","1","21026",
"GO:BP","insulin receptor signaling pathway","GO:0008286","0.6992712169055915","0.15535434763039854","124","514","3","21026",
"GO:BP","biological process involved in interaction with symbiont","GO:0051702","0.6992712169055915","0.15535434763039854","36","514","1","21026",
"GO:BP","positive regulation of mRNA splicing, via spliceosome","GO:0048026","0.6992712169055915","0.15535434763039854","36","514","1","21026",
"GO:BP","negative regulation of exocytosis","GO:0045920","0.6992712169055915","0.15535434763039854","36","514","1","21026",
"GO:BP","macrophage derived foam cell differentiation","GO:0010742","0.6992712169055915","0.15535434763039854","36","514","1","21026",
"GO:BP","ribonucleoside monophosphate biosynthetic process","GO:0009156","0.6992712169055915","0.15535434763039854","36","514","1","21026",
"GO:BP","regulation of glycoprotein biosynthetic process","GO:0010559","0.6992712169055915","0.15535434763039854","36","514","1","21026",
"GO:BP","protein-containing complex remodeling","GO:0034367","0.6992712169055915","0.15535434763039854","36","514","1","21026",
"GO:BP","tricarboxylic acid cycle","GO:0006099","0.6992712169055915","0.15535434763039854","36","514","1","21026",
"GO:BP","stem cell division","GO:0017145","0.6992712169055915","0.15535434763039854","36","514","1","21026",
"GO:BP","foam cell differentiation","GO:0090077","0.6992712169055915","0.15535434763039854","36","514","1","21026",
"GO:BP","neuron apoptotic process","GO:0051402","0.6992712169055915","0.15535434763039854","296","514","7","21026",
"GO:BP","cytoskeleton-dependent cytokinesis","GO:0061640","0.6992712169055915","0.15535434763039854","124","514","3","21026",
"GO:BP","regulation of endocytosis","GO:0030100","0.7010750154718148","0.15423550976168948","297","514","7","21026",
"GO:BP","amino acid metabolic process","GO:0006520","0.7010750154718148","0.15423550976168948","297","514","7","21026",
"GO:BP","T-helper cell differentiation","GO:0042093","0.7012968310327624","0.15409812355393968","81","514","2","21026",
"GO:BP","tight junction organization","GO:0120193","0.7012968310327624","0.15409812355393968","81","514","2","21026",
"GO:BP","nephron epithelium morphogenesis","GO:0072088","0.7012968310327624","0.15409812355393968","81","514","2","21026",
"GO:BP","autophagosome organization","GO:1905037","0.7015313632822345","0.1539529082479801","125","514","3","21026",
"GO:BP","regulation of hemopoiesis","GO:1903706","0.7022890491950202","0.15348410349209157","425","514","10","21026",
"GO:BP","response to nutrient levels","GO:0031667","0.7034717888141226","0.1527533143031803","510","514","12","21026",
"GO:BP","positive regulation of vasculature development","GO:1904018","0.7040570516312082","0.15239214738529067","169","514","4","21026",
"GO:BP","response to pain","GO:0048265","0.7063938612229217","0.15095308356496553","37","514","1","21026",
"GO:BP","negative regulation of striated muscle cell differentiation","GO:0051154","0.7063938612229217","0.15095308356496553","37","514","1","21026",
"GO:BP","cardiac atrium development","GO:0003230","0.7063938612229217","0.15095308356496553","37","514","1","21026",
"GO:BP","negative regulation of signal transduction in absence of ligand","GO:1901099","0.7063938612229217","0.15095308356496553","37","514","1","21026",
"GO:BP","DNA strand elongation","GO:0022616","0.7063938612229217","0.15095308356496553","37","514","1","21026",
"GO:BP","negative regulation of fatty acid metabolic process","GO:0045922","0.7063938612229217","0.15095308356496553","37","514","1","21026",
"GO:BP","neutral lipid catabolic process","GO:0046461","0.7063938612229217","0.15095308356496553","37","514","1","21026",
"GO:BP","release of sequestered calcium ion into cytosol by endoplasmic reticulum","GO:1903514","0.7063938612229217","0.15095308356496553","37","514","1","21026",
"GO:BP","epithelial cell morphogenesis","GO:0003382","0.7063938612229217","0.15095308356496553","37","514","1","21026",
"GO:BP","monocarboxylic acid catabolic process","GO:0072329","0.7063938612229217","0.15095308356496553","126","514","3","21026",
"GO:BP","acylglycerol catabolic process","GO:0046464","0.7063938612229217","0.15095308356496553","37","514","1","21026",
"GO:BP","positive regulation of heart contraction","GO:0045823","0.7063938612229217","0.15095308356496553","37","514","1","21026",
"GO:BP","negative regulation of immune effector process","GO:0002698","0.7063938612229217","0.15095308356496553","126","514","3","21026",
"GO:BP","regulation of cholesterol efflux","GO:0010874","0.7063938612229217","0.15095308356496553","37","514","1","21026",
"GO:BP","pigment metabolic process","GO:0042440","0.7063938612229217","0.15095308356496553","82","514","2","21026",
"GO:BP","detection of biotic stimulus","GO:0009595","0.7063938612229217","0.15095308356496553","37","514","1","21026",
"GO:BP","ligand-gated ion channel signaling pathway","GO:1990806","0.7063938612229217","0.15095308356496553","37","514","1","21026",
"GO:BP","calcium ion import","GO:0070509","0.7063938612229217","0.15095308356496553","82","514","2","21026",
"GO:BP","cellular response to cadmium ion","GO:0071276","0.7063938612229217","0.15095308356496553","37","514","1","21026",
"GO:BP","negative regulation of extrinsic apoptotic signaling pathway in absence of ligand","GO:2001240","0.7063938612229217","0.15095308356496553","37","514","1","21026",
"GO:BP","muscle cell apoptotic process","GO:0010657","0.7063938612229217","0.15095308356496553","82","514","2","21026",
"GO:BP","vascular endothelial growth factor production","GO:0010573","0.7063938612229217","0.15095308356496553","37","514","1","21026",
"GO:BP","carbohydrate derivative catabolic process","GO:1901136","0.7085605826161442","0.14962301123012187","257","514","6","21026",
"GO:BP","purine-containing compound biosynthetic process","GO:0072522","0.7085605826161442","0.14962301123012187","257","514","6","21026",
"GO:BP","nucleoside triphosphate biosynthetic process","GO:0009142","0.709950749447607","0.14877177802039346","127","514","3","21026",
"GO:BP","nucleotide-excision repair","GO:0006289","0.7116292697080382","0.14774619744693038","83","514","2","21026",
"GO:BP","negative regulation of cytokine-mediated signaling pathway","GO:0001960","0.7116292697080382","0.14774619744693038","83","514","2","21026",
"GO:BP","renal tubule morphogenesis","GO:0061333","0.7116292697080382","0.14774619744693038","83","514","2","21026",
"GO:BP","CD4-positive, alpha-beta T cell differentiation involved in immune response","GO:0002294","0.7116292697080382","0.14774619744693038","83","514","2","21026",
"GO:BP","lymphocyte apoptotic process","GO:0070227","0.7116292697080382","0.14774619744693038","83","514","2","21026",
"GO:BP","axo-dendritic transport","GO:0008088","0.7116292697080382","0.14774619744693038","83","514","2","21026",
"GO:BP","modulation by symbiont of entry into host","GO:0052372","0.7126747355812533","0.1471086367300996","38","514","1","21026",
"GO:BP","homeostasis of number of cells within a tissue","GO:0048873","0.7126747355812533","0.1471086367300996","38","514","1","21026",
"GO:BP","plasma membrane organization","GO:0007009","0.7126747355812533","0.1471086367300996","172","514","4","21026",
"GO:BP","amyloid-beta clearance","GO:0097242","0.7126747355812533","0.1471086367300996","38","514","1","21026",
"GO:BP","regulation of fibroblast migration","GO:0010762","0.7126747355812533","0.1471086367300996","38","514","1","21026",
"GO:BP","regulation of peptidyl-threonine phosphorylation","GO:0010799","0.7126747355812533","0.1471086367300996","38","514","1","21026",
"GO:BP","negative regulation of protein localization to nucleus","GO:1900181","0.7126747355812533","0.1471086367300996","38","514","1","21026",
"GO:BP","cerebral cortex radially oriented cell migration","GO:0021799","0.7126747355812533","0.1471086367300996","38","514","1","21026",
"GO:BP","biogenic amine biosynthetic process","GO:0042401","0.7126747355812533","0.1471086367300996","38","514","1","21026",
"GO:BP","negative regulation of CD4-positive, alpha-beta T cell activation","GO:2000515","0.7126747355812533","0.1471086367300996","38","514","1","21026",
"GO:BP","negative regulation of immune system process","GO:0002683","0.7126747355812533","0.1471086367300996","515","514","12","21026",
"GO:BP","one-carbon metabolic process","GO:0006730","0.7126747355812533","0.1471086367300996","38","514","1","21026",
"GO:BP","regulation of T cell activation","GO:0050863","0.7126747355812533","0.1471086367300996","387","514","9","21026",
"GO:BP","cell-cell junction organization","GO:0045216","0.7126747355812533","0.1471086367300996","215","514","5","21026",
"GO:BP","phosphatidic acid metabolic process","GO:0046473","0.7126747355812533","0.1471086367300996","38","514","1","21026",
"GO:BP","cellular response to estradiol stimulus","GO:0071392","0.7126747355812533","0.1471086367300996","38","514","1","21026",
"GO:BP","negative regulation of mitotic cell cycle phase transition","GO:1901991","0.7126747355812533","0.1471086367300996","172","514","4","21026",
"GO:BP","inorganic anion transmembrane transport","GO:0098661","0.7126747355812533","0.1471086367300996","128","514","3","21026",
"GO:BP","regulation of intrinsic apoptotic signaling pathway in response to DNA damage","GO:1902229","0.7126747355812533","0.1471086367300996","38","514","1","21026",
"GO:BP","spleen development","GO:0048536","0.7126747355812533","0.1471086367300996","38","514","1","21026",
"GO:BP","RNA 5'-end processing","GO:0000966","0.7126747355812533","0.1471086367300996","38","514","1","21026",
"GO:BP","positive regulation of protein-containing complex disassembly","GO:0043243","0.7126747355812533","0.1471086367300996","38","514","1","21026",
"GO:BP","regulation of natural killer cell activation","GO:0032814","0.7126747355812533","0.1471086367300996","38","514","1","21026",
"GO:BP","regulation of glial cell proliferation","GO:0060251","0.7126747355812533","0.1471086367300996","38","514","1","21026",
"GO:BP","positive regulation of blood circulation","GO:1903524","0.7126747355812533","0.1471086367300996","38","514","1","21026",
"GO:BP","regulation of axon extension","GO:0030516","0.7140545994387709","0.14626857908042998","84","514","2","21026",
"GO:BP","regulation of purine nucleotide metabolic process","GO:1900542","0.7140545994387709","0.14626857908042998","84","514","2","21026",
"GO:BP","gluconeogenesis","GO:0006094","0.7140545994387709","0.14626857908042998","84","514","2","21026",
"GO:BP","negative regulation of monoatomic ion transmembrane transport","GO:0034766","0.7140545994387709","0.14626857908042998","84","514","2","21026",
"GO:BP","response to osmotic stress","GO:0006970","0.7140545994387709","0.14626857908042998","84","514","2","21026",
"GO:BP","regulation of interleukin-8 production","GO:0032677","0.7140545994387709","0.14626857908042998","84","514","2","21026",
"GO:BP","interleukin-8 production","GO:0032637","0.7140545994387709","0.14626857908042998","84","514","2","21026",
"GO:BP","alpha-beta T cell differentiation involved in immune response","GO:0002293","0.7140545994387709","0.14626857908042998","84","514","2","21026",
"GO:BP","alpha-beta T cell activation involved in immune response","GO:0002287","0.7140545994387709","0.14626857908042998","84","514","2","21026",
"GO:BP","positive regulation of lipid metabolic process","GO:0045834","0.7160447334366027","0.14505984518123075","129","514","3","21026",
"GO:BP","regulation of T-helper 17 type immune response","GO:2000316","0.7169039100013898","0.1445390509608783","39","514","1","21026",
"GO:BP","epithelial cell apoptotic process","GO:1904019","0.7169039100013898","0.1445390509608783","85","514","2","21026",
"GO:BP","protein K11-linked ubiquitination","GO:0070979","0.7169039100013898","0.1445390509608783","39","514","1","21026",
"GO:BP","regulation of hormone metabolic process","GO:0032350","0.7169039100013898","0.1445390509608783","39","514","1","21026",
"GO:BP","C21-steroid hormone metabolic process","GO:0008207","0.7169039100013898","0.1445390509608783","39","514","1","21026",
"GO:BP","triglyceride homeostasis","GO:0070328","0.7169039100013898","0.1445390509608783","39","514","1","21026",
"GO:BP","regulation of nucleotide metabolic process","GO:0006140","0.7169039100013898","0.1445390509608783","85","514","2","21026",
"GO:BP","regulation of cholesterol metabolic process","GO:0090181","0.7169039100013898","0.1445390509608783","39","514","1","21026",
"GO:BP","amine biosynthetic process","GO:0009309","0.7169039100013898","0.1445390509608783","39","514","1","21026",
"GO:BP","maintenance of location","GO:0051235","0.7169039100013898","0.1445390509608783","218","514","5","21026",
"GO:BP","negative regulation of insulin receptor signaling pathway","GO:0046627","0.7169039100013898","0.1445390509608783","39","514","1","21026",
"GO:BP","response to vitamin D","GO:0033280","0.7169039100013898","0.1445390509608783","39","514","1","21026",
"GO:BP","negative regulation of telomere maintenance","GO:0032205","0.7169039100013898","0.1445390509608783","39","514","1","21026",
"GO:BP","regulation of JUN kinase activity","GO:0043506","0.7169039100013898","0.1445390509608783","39","514","1","21026",
"GO:BP","neutrophil mediated immunity","GO:0002446","0.7169039100013898","0.1445390509608783","39","514","1","21026",
"GO:BP","positive regulation of Rho protein signal transduction","GO:0035025","0.7169039100013898","0.1445390509608783","39","514","1","21026",
"GO:BP","regulation of actin nucleation","GO:0051125","0.7169039100013898","0.1445390509608783","39","514","1","21026",
"GO:BP","response to food","GO:0032094","0.7169039100013898","0.1445390509608783","39","514","1","21026",
"GO:BP","negative regulation of ossification","GO:0030279","0.7169039100013898","0.1445390509608783","39","514","1","21026",
"GO:BP","positive regulation of mRNA processing","GO:0050685","0.7169039100013898","0.1445390509608783","39","514","1","21026",
"GO:BP","negative regulation of plasma membrane bounded cell projection assembly","GO:0120033","0.7169039100013898","0.1445390509608783","39","514","1","21026",
"GO:BP","vesicle coating","GO:0006901","0.7169039100013898","0.1445390509608783","39","514","1","21026",
"GO:BP","somite development","GO:0061053","0.7169039100013898","0.1445390509608783","85","514","2","21026",
"GO:BP","regulation of cardiac muscle cell apoptotic process","GO:0010665","0.7169039100013898","0.1445390509608783","39","514","1","21026",
"GO:BP","respiratory burst","GO:0045730","0.7169039100013898","0.1445390509608783","39","514","1","21026",
"GO:BP","retina development in camera-type eye","GO:0060041","0.7169039100013898","0.1445390509608783","174","514","4","21026",
"GO:BP","head morphogenesis","GO:0060323","0.7169039100013898","0.1445390509608783","39","514","1","21026",
"GO:BP","peptidyl-serine phosphorylation","GO:0018105","0.7169039100013898","0.1445390509608783","174","514","4","21026",
"GO:BP","regulation of collagen metabolic process","GO:0010712","0.7169039100013898","0.1445390509608783","39","514","1","21026",
"GO:BP","eating behavior","GO:0042755","0.7169039100013898","0.1445390509608783","39","514","1","21026",
"GO:BP","positive regulation of fatty acid metabolic process","GO:0045923","0.7169039100013898","0.1445390509608783","39","514","1","21026",
"GO:BP","positive regulation of response to endoplasmic reticulum stress","GO:1905898","0.7169039100013898","0.1445390509608783","39","514","1","21026",
"GO:BP","negative regulation of protein localization to membrane","GO:1905476","0.7169039100013898","0.1445390509608783","39","514","1","21026",
"GO:BP","aortic valve morphogenesis","GO:0003180","0.7169039100013898","0.1445390509608783","39","514","1","21026",
"GO:BP","aminoglycan metabolic process","GO:0006022","0.7169039100013898","0.1445390509608783","85","514","2","21026",
"GO:BP","response to starvation","GO:0042594","0.7209646353640129","0.14208603769796752","219","514","5","21026",
"GO:BP","astrocyte differentiation","GO:0048708","0.7226407873513703","0.14107752959096573","86","514","2","21026",
"GO:BP","endocytic recycling","GO:0032456","0.7226407873513703","0.14107752959096573","86","514","2","21026",
"GO:BP","vesicle budding from membrane","GO:0006900","0.7226407873513703","0.14107752959096573","86","514","2","21026",
"GO:BP","negative regulation of hydrolase activity","GO:0051346","0.7226407873513703","0.14107752959096573","86","514","2","21026",
"GO:BP","regulation of small GTPase mediated signal transduction","GO:0051056","0.7242235793971333","0.1401273394536172","307","514","7","21026",
"GO:BP","modified amino acid transport","GO:0072337","0.7244516706026672","0.13999058174652915","40","514","1","21026",
"GO:BP","transposition","GO:0032196","0.7244516706026672","0.13999058174652915","40","514","1","21026",
"GO:BP","negative regulation of cellular response to insulin stimulus","GO:1900077","0.7244516706026672","0.13999058174652915","40","514","1","21026",
"GO:BP","negative regulation of MAP kinase activity","GO:0043407","0.7244516706026672","0.13999058174652915","40","514","1","21026",
"GO:BP","regulation of potassium ion transmembrane transporter activity","GO:1901016","0.7244516706026672","0.13999058174652915","40","514","1","21026",
"GO:BP","regulation of release of cytochrome c from mitochondria","GO:0090199","0.7244516706026672","0.13999058174652915","40","514","1","21026",
"GO:BP","positive regulation of SMAD protein signal transduction","GO:0060391","0.7244516706026672","0.13999058174652915","40","514","1","21026",
"GO:BP","O-glycan processing","GO:0016266","0.7244516706026672","0.13999058174652915","40","514","1","21026",
"GO:BP","ribonucleotide biosynthetic process","GO:0009260","0.7244516706026672","0.13999058174652915","176","514","4","21026",
"GO:BP","acylglycerol homeostasis","GO:0055090","0.7244516706026672","0.13999058174652915","40","514","1","21026",
"GO:BP","regulation of DNA-templated DNA replication","GO:0090329","0.7244516706026672","0.13999058174652915","40","514","1","21026",
"GO:BP","adaptive immune response based on somatic recombination of immune receptors built from immunoglobulin superfamily domains","GO:0002460","0.7244516706026672","0.13999058174652915","394","514","9","21026",
"GO:BP","cellular response to amyloid-beta","GO:1904646","0.7244516706026672","0.13999058174652915","40","514","1","21026",
"GO:BP","binding of sperm to zona pellucida","GO:0007339","0.7244516706026672","0.13999058174652915","40","514","1","21026",
"GO:BP","neurotransmitter receptor internalization","GO:0099590","0.7244516706026672","0.13999058174652915","40","514","1","21026",
"GO:BP","protein localization to mitochondrion","GO:0070585","0.7251109099572295","0.13959556046560181","132","514","3","21026",
"GO:BP","cellular response to toxic substance","GO:0097237","0.7251109099572295","0.13959556046560181","132","514","3","21026",
"GO:BP","negative regulation of response to cytokine stimulus","GO:0060761","0.7268122408377077","0.1385777669948461","87","514","2","21026",
"GO:BP","hexose biosynthetic process","GO:0019319","0.7268122408377077","0.1385777669948461","87","514","2","21026",
"GO:BP","regulation of hematopoietic progenitor cell differentiation","GO:1901532","0.7302842863421972","0.13650804405017553","41","514","1","21026",
"GO:BP","regulation of sprouting angiogenesis","GO:1903670","0.7302842863421972","0.13650804405017553","41","514","1","21026",
"GO:BP","embryonic placenta development","GO:0001892","0.7302842863421972","0.13650804405017553","88","514","2","21026",
"GO:BP","regulation of sodium ion transmembrane transport","GO:1902305","0.7302842863421972","0.13650804405017553","41","514","1","21026",
"GO:BP","negative regulation of Notch signaling pathway","GO:0045746","0.7302842863421972","0.13650804405017553","41","514","1","21026",
"GO:BP","interleukin-17 production","GO:0032620","0.7302842863421972","0.13650804405017553","41","514","1","21026",
"GO:BP","regulation of B cell activation","GO:0050864","0.7302842863421972","0.13650804405017553","133","514","3","21026",
"GO:BP","positive regulation of B cell activation","GO:0050871","0.7302842863421972","0.13650804405017553","88","514","2","21026",
"GO:BP","regulation of protein localization to cell surface","GO:2000008","0.7302842863421972","0.13650804405017553","41","514","1","21026",
"GO:BP","endoderm development","GO:0007492","0.7302842863421972","0.13650804405017553","88","514","2","21026",
"GO:BP","regulation of glycoprotein metabolic process","GO:1903018","0.7302842863421972","0.13650804405017553","41","514","1","21026",
"GO:BP","metanephric nephron development","GO:0072210","0.7302842863421972","0.13650804405017553","41","514","1","21026",
"GO:BP","forelimb morphogenesis","GO:0035136","0.7302842863421972","0.13650804405017553","41","514","1","21026",
"GO:BP","negative regulation of innate immune response","GO:0045824","0.7302842863421972","0.13650804405017553","88","514","2","21026",
"GO:BP","response to peptide hormone","GO:0043434","0.7302842863421972","0.13650804405017553","440","514","10","21026",
"GO:BP","nuclear DNA replication","GO:0033260","0.7302842863421972","0.13650804405017553","41","514","1","21026",
"GO:BP","acylglycerol metabolic process","GO:0006639","0.7302842863421972","0.13650804405017553","133","514","3","21026",
"GO:BP","modified amino acid metabolic process","GO:0006575","0.7302842863421972","0.13650804405017553","178","514","4","21026",
"GO:BP","fatty-acyl-CoA metabolic process","GO:0035337","0.7302842863421972","0.13650804405017553","41","514","1","21026",
"GO:BP","positive regulation of amine transport","GO:0051954","0.7302842863421972","0.13650804405017553","41","514","1","21026",
"GO:BP","regulation of protein tyrosine kinase activity","GO:0061097","0.7302842863421972","0.13650804405017553","41","514","1","21026",
"GO:BP","walking behavior","GO:0090659","0.7302842863421972","0.13650804405017553","41","514","1","21026",
"GO:BP","cell redox homeostasis","GO:0045454","0.7302842863421972","0.13650804405017553","41","514","1","21026",
"GO:BP","NADP metabolic process","GO:0006739","0.7302842863421972","0.13650804405017553","41","514","1","21026",
"GO:BP","response to pH","GO:0009268","0.7302842863421972","0.13650804405017553","41","514","1","21026",
"GO:BP","regulation of interleukin-17 production","GO:0032660","0.7302842863421972","0.13650804405017553","41","514","1","21026",
"GO:BP","regulation of leukocyte proliferation","GO:0070663","0.7314594936257174","0.1358097190013028","267","514","6","21026",
"GO:BP","neutral lipid metabolic process","GO:0006638","0.7319353566779617","0.13552727341941115","134","514","3","21026",
"GO:BP","glial cell development","GO:0021782","0.7319353566779617","0.13552727341941115","134","514","3","21026",
"GO:BP","canonical Wnt signaling pathway","GO:0060070","0.7321100090606086","0.1354236556379275","311","514","7","21026",
"GO:BP","regulation of Rho protein signal transduction","GO:0035023","0.7358499897993149","0.13321071180723576","89","514","2","21026",
"GO:BP","postsynapse assembly","GO:0099068","0.7358499897993149","0.13321071180723576","89","514","2","21026",
"GO:BP","regulation of leukocyte apoptotic process","GO:2000106","0.7358499897993149","0.13321071180723576","89","514","2","21026",
"GO:BP","astrocyte development","GO:0014002","0.7367159077511002","0.13269995241478702","42","514","1","21026",
"GO:BP","embryonic axis specification","GO:0000578","0.7367159077511002","0.13269995241478702","42","514","1","21026",
"GO:BP","regulation of T cell apoptotic process","GO:0070232","0.7367159077511002","0.13269995241478702","42","514","1","21026",
"GO:BP","cytochrome complex assembly","GO:0017004","0.7367159077511002","0.13269995241478702","42","514","1","21026",
"GO:BP","response to angiotensin","GO:1990776","0.7367159077511002","0.13269995241478702","42","514","1","21026",
"GO:BP","deoxyribose phosphate metabolic process","GO:0019692","0.7367159077511002","0.13269995241478702","42","514","1","21026",
"GO:BP","anterior/posterior pattern specification","GO:0009952","0.7367159077511002","0.13269995241478702","225","514","5","21026",
"GO:BP","complement activation, classical pathway","GO:0006958","0.7367159077511002","0.13269995241478702","42","514","1","21026",
"GO:BP","regulation of triglyceride metabolic process","GO:0090207","0.7367159077511002","0.13269995241478702","42","514","1","21026",
"GO:BP","axonemal dynein complex assembly","GO:0070286","0.7367159077511002","0.13269995241478702","42","514","1","21026",
"GO:BP","regulation of cellular extravasation","GO:0002691","0.7367159077511002","0.13269995241478702","42","514","1","21026",
"GO:BP","T cell activation involved in immune response","GO:0002286","0.7367159077511002","0.13269995241478702","135","514","3","21026",
"GO:BP","proteolysis involved in protein catabolic process","GO:0051603","0.7367159077511002","0.13269995241478702","786","514","18","21026",
"GO:BP","regulation of striated muscle cell apoptotic process","GO:0010662","0.7367159077511002","0.13269995241478702","42","514","1","21026",
"GO:BP","sarcoplasmic reticulum calcium ion transport","GO:0070296","0.7367159077511002","0.13269995241478702","42","514","1","21026",
"GO:BP","cardiac muscle cell apoptotic process","GO:0010659","0.7367159077511002","0.13269995241478702","42","514","1","21026",
"GO:BP","deoxyribonucleotide metabolic process","GO:0009262","0.7367159077511002","0.13269995241478702","42","514","1","21026",
"GO:BP","peripheral nervous system development","GO:0007422","0.7397944381239221","0.13088893809384672","90","514","2","21026",
"GO:BP","erythrocyte differentiation","GO:0030218","0.7397944381239221","0.13088893809384672","136","514","3","21026",
"GO:BP","establishment of protein localization to organelle","GO:0072594","0.743030174603937","0.12899354909556418","661","514","15","21026",
"GO:BP","L-amino acid transport","GO:0015807","0.7434601208115736","0.12874232206599717","91","514","2","21026",
"GO:BP","camera-type eye morphogenesis","GO:0048593","0.7434601208115736","0.12874232206599717","137","514","3","21026",
"GO:BP","lactation","GO:0007595","0.7434601208115736","0.12874232206599717","43","514","1","21026",
"GO:BP","synaptic vesicle transport","GO:0048489","0.7434601208115736","0.12874232206599717","43","514","1","21026",
"GO:BP","regulation of protein targeting to mitochondrion","GO:1903214","0.7434601208115736","0.12874232206599717","43","514","1","21026",
"GO:BP","pituitary gland development","GO:0021983","0.7434601208115736","0.12874232206599717","43","514","1","21026",
"GO:BP","regulation of stress fiber assembly","GO:0051492","0.7434601208115736","0.12874232206599717","91","514","2","21026",
"GO:BP","regulation of myotube differentiation","GO:0010830","0.7434601208115736","0.12874232206599717","43","514","1","21026",
"GO:BP","nucleoside monophosphate biosynthetic process","GO:0009124","0.7434601208115736","0.12874232206599717","43","514","1","21026",
"GO:BP","chemokine-mediated signaling pathway","GO:0070098","0.7434601208115736","0.12874232206599717","91","514","2","21026",
"GO:BP","positive regulation of cation channel activity","GO:2001259","0.7434601208115736","0.12874232206599717","43","514","1","21026",
"GO:BP","phospholipid dephosphorylation","GO:0046839","0.7434601208115736","0.12874232206599717","43","514","1","21026",
"GO:BP","positive regulation of lymphocyte migration","GO:2000403","0.7434601208115736","0.12874232206599717","43","514","1","21026",
"GO:BP","monosaccharide biosynthetic process","GO:0046364","0.7434601208115736","0.12874232206599717","91","514","2","21026",
"GO:BP","positive regulation of substrate adhesion-dependent cell spreading","GO:1900026","0.7434601208115736","0.12874232206599717","43","514","1","21026",
"GO:BP","type 2 immune response","GO:0042092","0.7434601208115736","0.12874232206599717","43","514","1","21026",
"GO:BP","neutrophil activation","GO:0042119","0.7434601208115736","0.12874232206599717","43","514","1","21026",
"GO:BP","aminoglycan biosynthetic process","GO:0006023","0.7434601208115736","0.12874232206599717","43","514","1","21026",
"GO:BP","positive regulation of striated muscle cell differentiation","GO:0051155","0.7434601208115736","0.12874232206599717","43","514","1","21026",
"GO:BP","ribose phosphate biosynthetic process","GO:0046390","0.7453115843693479","0.1276621284831731","183","514","4","21026",
"GO:BP","positive regulation of apoptotic signaling pathway","GO:2001235","0.74730021096667","0.12650489514026125","138","514","3","21026",
"GO:BP","cell killing","GO:0001906","0.7494297206988191","0.12526908775736614","229","514","5","21026",
"GO:BP","ATP metabolic process","GO:0046034","0.7494297206988191","0.12526908775736614","229","514","5","21026",
"GO:BP","T cell differentiation involved in immune response","GO:0002292","0.7494297206988191","0.12526908775736614","92","514","2","21026",
"GO:BP","positive regulation of protein polymerization","GO:0032273","0.7494297206988191","0.12526908775736614","92","514","2","21026",
"GO:BP","nucleotide biosynthetic process","GO:0009165","0.7494297206988191","0.12526908775736614","229","514","5","21026",
"GO:BP","sulfur compound catabolic process","GO:0044273","0.7494366963413965","0.1252650453916894","44","514","1","21026",
"GO:BP","erythrocyte development","GO:0048821","0.7494366963413965","0.1252650453916894","44","514","1","21026",
"GO:BP","negative regulation of chemotaxis","GO:0050922","0.7494366963413965","0.1252650453916894","44","514","1","21026",
"GO:BP","aortic valve development","GO:0003176","0.7494366963413965","0.1252650453916894","44","514","1","21026",
"GO:BP","regulation of bone resorption","GO:0045124","0.7494366963413965","0.1252650453916894","44","514","1","21026",
"GO:BP","modified amino acid biosynthetic process","GO:0042398","0.7494366963413965","0.1252650453916894","44","514","1","21026",
"GO:BP","regulation of striated muscle tissue development","GO:0016202","0.7494366963413965","0.1252650453916894","44","514","1","21026",
"GO:BP","regulation of erythrocyte differentiation","GO:0045646","0.7494366963413965","0.1252650453916894","44","514","1","21026",
"GO:BP","photoreceptor cell maintenance","GO:0045494","0.7494366963413965","0.1252650453916894","44","514","1","21026",
"GO:BP","amyloid-beta formation","GO:0034205","0.7494366963413965","0.1252650453916894","44","514","1","21026",
"GO:BP","negative regulation of calcium ion transmembrane transport","GO:1903170","0.7494366963413965","0.1252650453916894","44","514","1","21026",
"GO:BP","COPII-coated vesicle budding","GO:0090114","0.7494366963413965","0.1252650453916894","44","514","1","21026",
"GO:BP","embryonic cranial skeleton morphogenesis","GO:0048701","0.7494366963413965","0.1252650453916894","44","514","1","21026",
"GO:BP","regulation of type I interferon-mediated signaling pathway","GO:0060338","0.7494366963413965","0.1252650453916894","44","514","1","21026",
"GO:BP","positive regulation of production of molecular mediator of immune response","GO:0002702","0.7495940382653786","0.1251738761740998","139","514","3","21026",
"GO:BP","cell cycle G1/S phase transition","GO:0044843","0.7511548861682237","0.12427050337845734","230","514","5","21026",
"GO:BP","interleukin-1 beta production","GO:0032611","0.7524509403418531","0.12352181072865295","93","514","2","21026",
"GO:BP","regulation of interleukin-1 beta production","GO:0032651","0.7524509403418531","0.12352181072865295","93","514","2","21026",
"GO:BP","body fluid secretion","GO:0007589","0.7524509403418531","0.12352181072865295","93","514","2","21026",
"GO:BP","positive regulation of double-strand break repair","GO:2000781","0.7524509403418531","0.12352181072865295","93","514","2","21026",
"GO:BP","peptidyl-serine modification","GO:0018209","0.7551749241981318","0.12195243934450298","186","514","4","21026",
"GO:BP","potassium ion import across plasma membrane","GO:1990573","0.7554394914608571","0.12180031567577908","45","514","1","21026",
"GO:BP","collagen catabolic process","GO:0030574","0.7554394914608571","0.12180031567577908","45","514","1","21026",
"GO:BP","secretion by tissue","GO:0032941","0.7554394914608571","0.12180031567577908","45","514","1","21026",
"GO:BP","regulation of cell fate commitment","GO:0010453","0.7554394914608571","0.12180031567577908","45","514","1","21026",
"GO:BP","striated muscle cell apoptotic process","GO:0010658","0.7554394914608571","0.12180031567577908","45","514","1","21026",
"GO:BP","miRNA processing","GO:0035196","0.7554394914608571","0.12180031567577908","45","514","1","21026",
"GO:BP","cell fate determination","GO:0001709","0.7554394914608571","0.12180031567577908","45","514","1","21026",
"GO:BP","positive regulation of G1/S transition of mitotic cell cycle","GO:1900087","0.7554394914608571","0.12180031567577908","45","514","1","21026",
"GO:BP","lymphocyte chemotaxis","GO:0048247","0.7554394914608571","0.12180031567577908","45","514","1","21026",
"GO:BP","skeletal muscle tissue regeneration","GO:0043403","0.7554394914608571","0.12180031567577908","45","514","1","21026",
"GO:BP","negative regulation of response to endoplasmic reticulum stress","GO:1903573","0.7554394914608571","0.12180031567577908","45","514","1","21026",
"GO:BP","steroid hormone biosynthetic process","GO:0120178","0.7554394914608571","0.12180031567577908","45","514","1","21026",
"GO:BP","SCF-dependent proteasomal ubiquitin-dependent protein catabolic process","GO:0031146","0.7554394914608571","0.12180031567577908","45","514","1","21026",
"GO:BP","Wnt signaling pathway, planar cell polarity pathway","GO:0060071","0.7554394914608571","0.12180031567577908","45","514","1","21026",
"GO:BP","regulation of cytokinesis","GO:0032465","0.7563819426247532","0.12125884776993368","94","514","2","21026",
"GO:BP","positive regulation of regulated secretory pathway","GO:1903307","0.7611650128706332","0.11852118237454771","46","514","1","21026",
"GO:BP","hexose catabolic process","GO:0019320","0.7611650128706332","0.11852118237454771","46","514","1","21026",
"GO:BP","mitotic cytokinesis","GO:0000281","0.7611650128706332","0.11852118237454771","95","514","2","21026",
"GO:BP","cellular response to glucose starvation","GO:0042149","0.7611650128706332","0.11852118237454771","46","514","1","21026",
"GO:BP","positive regulation of protein localization to nucleus","GO:1900182","0.7611650128706332","0.11852118237454771","95","514","2","21026",
"GO:BP","regulation of telomere maintenance via telomerase","GO:0032210","0.7611650128706332","0.11852118237454771","46","514","1","21026",
"GO:BP","regulation of humoral immune response","GO:0002920","0.7611650128706332","0.11852118237454771","46","514","1","21026",
"GO:BP","regulation of calcium ion import","GO:0090279","0.7611650128706332","0.11852118237454771","46","514","1","21026",
"GO:BP","regulation of transforming growth factor beta receptor signaling pathway","GO:0017015","0.7611650128706332","0.11852118237454771","142","514","3","21026",
"GO:BP","dopamine transport","GO:0015872","0.7611650128706332","0.11852118237454771","46","514","1","21026",
"GO:BP","response to electrical stimulus","GO:0051602","0.7611650128706332","0.11852118237454771","46","514","1","21026",
"GO:BP","ventral spinal cord development","GO:0021517","0.7611650128706332","0.11852118237454771","46","514","1","21026",
"GO:BP","blastocyst formation","GO:0001825","0.7611650128706332","0.11852118237454771","46","514","1","21026",
"GO:BP","positive regulation of membrane permeability","GO:1905710","0.7611650128706332","0.11852118237454771","46","514","1","21026",
"GO:BP","odontogenesis of dentin-containing tooth","GO:0042475","0.7611650128706332","0.11852118237454771","95","514","2","21026",
"GO:BP","regulation of muscle tissue development","GO:1901861","0.7611650128706332","0.11852118237454771","46","514","1","21026",
"GO:BP","regulation of membrane depolarization","GO:0003254","0.7611650128706332","0.11852118237454771","46","514","1","21026",
"GO:BP","regulation of long-term synaptic potentiation","GO:1900271","0.7611650128706332","0.11852118237454771","46","514","1","21026",
"GO:BP","collagen biosynthetic process","GO:0032964","0.7611650128706332","0.11852118237454771","46","514","1","21026",
"GO:BP","positive regulation of mononuclear cell migration","GO:0071677","0.7611650128706332","0.11852118237454771","95","514","2","21026",
"GO:BP","regulation of organelle assembly","GO:1902115","0.7612286054897826","0.11848490013680142","234","514","5","21026",
"GO:BP","regulation of double-strand break repair","GO:2000779","0.7638115955448382","0.11701375281932253","143","514","3","21026",
"GO:BP","regulation of glucose metabolic process","GO:0010906","0.7643706359535055","0.11669600514437745","96","514","2","21026",
"GO:BP","negative regulation of transforming growth factor beta receptor signaling pathway","GO:0030512","0.7643706359535055","0.11669600514437745","96","514","2","21026",
"GO:BP","chemokine production","GO:0032602","0.7643706359535055","0.11669600514437745","96","514","2","21026",
"GO:BP","regulation of carbohydrate biosynthetic process","GO:0043255","0.7643706359535055","0.11669600514437745","96","514","2","21026",
"GO:BP","regulation of chemokine production","GO:0032642","0.7643706359535055","0.11669600514437745","96","514","2","21026",
"GO:BP","positive regulation of leukocyte chemotaxis","GO:0002690","0.7643706359535055","0.11669600514437745","96","514","2","21026",
"GO:BP","skeletal system morphogenesis","GO:0048705","0.7643706359535055","0.11669600514437745","235","514","5","21026",
"GO:BP","protein exit from endoplasmic reticulum","GO:0032527","0.7666223177867338","0.11541854178589012","47","514","1","21026",
"GO:BP","positive regulation of mitotic nuclear division","GO:0045840","0.7666223177867338","0.11541854178589012","47","514","1","21026",
"GO:BP","regulation of centrosome duplication","GO:0010824","0.7666223177867338","0.11541854178589012","47","514","1","21026",
"GO:BP","skeletal muscle contraction","GO:0003009","0.7666223177867338","0.11541854178589012","47","514","1","21026",
"GO:BP","regulation of myelination","GO:0031641","0.7666223177867338","0.11541854178589012","47","514","1","21026",
"GO:BP","positive regulation of tyrosine phosphorylation of STAT protein","GO:0042531","0.7666223177867338","0.11541854178589012","47","514","1","21026",
"GO:BP","regulation of extrinsic apoptotic signaling pathway in absence of ligand","GO:2001239","0.7666223177867338","0.11541854178589012","47","514","1","21026",
"GO:BP","positive regulation of mRNA metabolic process","GO:1903313","0.7666223177867338","0.11541854178589012","144","514","3","21026",
"GO:BP","substantia nigra development","GO:0021762","0.7666223177867338","0.11541854178589012","47","514","1","21026",
"GO:BP","regulation of transcription by RNA polymerase I","GO:0006356","0.7666223177867338","0.11541854178589012","47","514","1","21026",
"GO:BP","negative regulation of organelle assembly","GO:1902116","0.7666223177867338","0.11541854178589012","47","514","1","21026",
"GO:BP","positive regulation of epithelial cell migration","GO:0010634","0.7666223177867338","0.11541854178589012","47","514","1","21026",
"GO:BP","regulation of peptidyl-serine phosphorylation","GO:0033135","0.7681187147747744","0.11457165342258803","97","514","2","21026",
"GO:BP","thioester metabolic process","GO:0035383","0.7681187147747744","0.11457165342258803","97","514","2","21026",
"GO:BP","acyl-CoA metabolic process","GO:0006637","0.7681187147747744","0.11457165342258803","97","514","2","21026",
"GO:BP","skin development","GO:0043588","0.769188669809763","0.11396712156738423","327","514","7","21026",
"GO:BP","regulation of cellular response to transforming growth factor beta stimulus","GO:1903844","0.7701058853897227","0.11344955758212684","145","514","3","21026",
"GO:BP","semi-lunar valve development","GO:1905314","0.7708760527727367","0.11301544545640833","48","514","1","21026",
"GO:BP","protein alkylation","GO:0008213","0.7708760527727367","0.11301544545640833","48","514","1","21026",
"GO:BP","phototransduction","GO:0007602","0.7708760527727367","0.11301544545640833","48","514","1","21026",
"GO:BP","cytokinesis","GO:0000910","0.7708760527727367","0.11301544545640833","192","514","4","21026",
"GO:BP","regulation of biological process involved in symbiotic interaction","GO:0043903","0.7708760527727367","0.11301544545640833","48","514","1","21026",
"GO:BP","heme metabolic process","GO:0042168","0.7708760527727367","0.11301544545640833","48","514","1","21026",
"GO:BP","nuclear membrane organization","GO:0071763","0.7708760527727367","0.11301544545640833","48","514","1","21026",
"GO:BP","regulation of T-helper cell differentiation","GO:0045622","0.7708760527727367","0.11301544545640833","48","514","1","21026",
"GO:BP","negative regulation of cold-induced thermogenesis","GO:0120163","0.7708760527727367","0.11301544545640833","48","514","1","21026",
"GO:BP","regulation of muscle organ development","GO:0048634","0.7708760527727367","0.11301544545640833","48","514","1","21026",
"GO:BP","mitochondrial transmembrane transport","GO:1990542","0.7708760527727367","0.11301544545640833","98","514","2","21026",
"GO:BP","actin filament organization","GO:0007015","0.7708760527727367","0.11301544545640833","461","514","10","21026",
"GO:BP","xenobiotic transport","GO:0042908","0.7708760527727367","0.11301544545640833","48","514","1","21026",
"GO:BP","protein methylation","GO:0006479","0.7708760527727367","0.11301544545640833","48","514","1","21026",
"GO:BP","Arp2/3 complex-mediated actin nucleation","GO:0034314","0.7708760527727367","0.11301544545640833","48","514","1","21026",
"GO:BP","centriole assembly","GO:0098534","0.7708760527727367","0.11301544545640833","48","514","1","21026",
"GO:BP","T cell costimulation","GO:0031295","0.7708760527727367","0.11301544545640833","48","514","1","21026",
"GO:BP","carbohydrate biosynthetic process","GO:0016051","0.7708760527727367","0.11301544545640833","192","514","4","21026",
"GO:BP","trabecula morphogenesis","GO:0061383","0.7708760527727367","0.11301544545640833","48","514","1","21026",
"GO:BP","Rac protein signal transduction","GO:0016601","0.7708760527727367","0.11301544545640833","48","514","1","21026",
"GO:BP","negative regulation of ion transmembrane transporter activity","GO:0032413","0.7708760527727367","0.11301544545640833","48","514","1","21026",
"GO:BP","positive regulation of protein binding","GO:0032092","0.7708760527727367","0.11301544545640833","48","514","1","21026",
"GO:BP","regulation of protein localization to nucleus","GO:1900180","0.7714153533904371","0.11271172167118285","146","514","3","21026",
"GO:BP","positive regulation of hemopoiesis","GO:1903708","0.7727653383891319","0.11195236599723465","193","514","4","21026",
"GO:BP","positive regulation of leukocyte differentiation","GO:1902107","0.7727653383891319","0.11195236599723465","193","514","4","21026",
"GO:BP","embryonic organ development","GO:0048568","0.7735896260783688","0.11148936282258386","463","514","10","21026",
"GO:BP","erythrocyte homeostasis","GO:0034101","0.7747023464637626","0.11086512861476469","147","514","3","21026",
"GO:BP","negative regulation of proteolysis","GO:0045861","0.7747023464637626","0.11086512861476469","147","514","3","21026",
"GO:BP","liver development","GO:0001889","0.7747023464637626","0.11086512861476469","147","514","3","21026",
"GO:BP","spinal cord development","GO:0021510","0.7747023464637626","0.11086512861476469","99","514","2","21026",
"GO:BP","protein K48-linked ubiquitination","GO:0070936","0.7747023464637626","0.11086512861476469","99","514","2","21026",
"GO:BP","regulation of leukocyte differentiation","GO:1902105","0.7747023464637626","0.11086512861476469","330","514","7","21026",
"GO:BP","dicarboxylic acid metabolic process","GO:0043648","0.7747023464637626","0.11086512861476469","99","514","2","21026",
"GO:BP","ketone biosynthetic process","GO:0042181","0.7753189723856189","0.11051958852943661","49","514","1","21026",
"GO:BP","thioester biosynthetic process","GO:0035384","0.7753189723856189","0.11051958852943661","49","514","1","21026",
"GO:BP","plasma lipoprotein particle organization","GO:0071827","0.7753189723856189","0.11051958852943661","49","514","1","21026",
"GO:BP","regulation of vascular permeability","GO:0043114","0.7753189723856189","0.11051958852943661","49","514","1","21026",
"GO:BP","regulation of autophagosome assembly","GO:2000785","0.7753189723856189","0.11051958852943661","49","514","1","21026",
"GO:BP","myeloid leukocyte cytokine production","GO:0061082","0.7753189723856189","0.11051958852943661","49","514","1","21026",
"GO:BP","regulation of establishment of protein localization to mitochondrion","GO:1903747","0.7753189723856189","0.11051958852943661","49","514","1","21026",
"GO:BP","T-helper 1 type immune response","GO:0042088","0.7753189723856189","0.11051958852943661","49","514","1","21026",
"GO:BP","protein insertion into membrane","GO:0051205","0.7753189723856189","0.11051958852943661","49","514","1","21026",
"GO:BP","negative regulation of smooth muscle cell proliferation","GO:0048662","0.7753189723856189","0.11051958852943661","49","514","1","21026",
"GO:BP","regulation of leukocyte degranulation","GO:0043300","0.7753189723856189","0.11051958852943661","49","514","1","21026",
"GO:BP","myoblast fusion","GO:0007520","0.7753189723856189","0.11051958852943661","49","514","1","21026",
"GO:BP","acyl-CoA biosynthetic process","GO:0071616","0.7753189723856189","0.11051958852943661","49","514","1","21026",
"GO:BP","protein catabolic process","GO:0030163","0.7753189723856189","0.11051958852943661","1030","514","23","21026",
"GO:BP","response to chemokine","GO:1990868","0.7768616778623902","0.10965630151929634","100","514","2","21026",
"GO:BP","cellular response to type II interferon","GO:0071346","0.7768616778623902","0.10965630151929634","100","514","2","21026",
"GO:BP","homeostasis of number of cells","GO:0048872","0.7768616778623902","0.10965630151929634","332","514","7","21026",
"GO:BP","biogenic amine metabolic process","GO:0006576","0.7768616778623902","0.10965630151929634","100","514","2","21026",
"GO:BP","fat cell differentiation","GO:0045444","0.7768616778623902","0.10965630151929634","241","514","5","21026",
"GO:BP","cellular response to chemokine","GO:1990869","0.7768616778623902","0.10965630151929634","100","514","2","21026",
"GO:BP","regulation of dendrite development","GO:0050773","0.7768616778623902","0.10965630151929634","100","514","2","21026",
"GO:BP","alpha-amino acid catabolic process","GO:1901606","0.7768616778623902","0.10965630151929634","100","514","2","21026",
"GO:BP","prostaglandin metabolic process","GO:0006693","0.7794205483062594","0.10822814884049883","50","514","1","21026",
"GO:BP","monocyte chemotaxis","GO:0002548","0.7794205483062594","0.10822814884049883","50","514","1","21026",
"GO:BP","regulation of neuron apoptotic process","GO:0043523","0.7794205483062594","0.10822814884049883","242","514","5","21026",
"GO:BP","response to amyloid-beta","GO:1904645","0.7794205483062594","0.10822814884049883","50","514","1","21026",
"GO:BP","negative regulation of blood pressure","GO:0045776","0.7794205483062594","0.10822814884049883","50","514","1","21026",
"GO:BP","Schwann cell differentiation","GO:0014037","0.7794205483062594","0.10822814884049883","50","514","1","21026",
"GO:BP","lipid modification","GO:0030258","0.7794205483062594","0.10822814884049883","196","514","4","21026",
"GO:BP","catecholamine secretion","GO:0050432","0.7794205483062594","0.10822814884049883","50","514","1","21026",
"GO:BP","microtubule depolymerization","GO:0007019","0.7794205483062594","0.10822814884049883","50","514","1","21026",
"GO:BP","negative regulation of blood coagulation","GO:0030195","0.7794205483062594","0.10822814884049883","50","514","1","21026",
"GO:BP","epithelial cell differentiation involved in kidney development","GO:0035850","0.7794205483062594","0.10822814884049883","50","514","1","21026",
"GO:BP","negative regulation of alpha-beta T cell activation","GO:0046636","0.7794205483062594","0.10822814884049883","50","514","1","21026",
"GO:BP","cytokinetic process","GO:0032506","0.7794205483062594","0.10822814884049883","50","514","1","21026",
"GO:BP","monosaccharide catabolic process","GO:0046365","0.7794205483062594","0.10822814884049883","50","514","1","21026",
"GO:BP","import into the mitochondrion","GO:0170036","0.7794205483062594","0.10822814884049883","50","514","1","21026",
"GO:BP","lymphocyte costimulation","GO:0031294","0.7794205483062594","0.10822814884049883","50","514","1","21026",
"GO:BP","positive regulation of protein secretion","GO:0050714","0.7822671043001888","0.10664493221247777","150","514","3","21026",
"GO:BP","hepaticobiliary system development","GO:0061008","0.7822671043001888","0.10664493221247777","150","514","3","21026",
"GO:BP","regulation of actin filament length","GO:0030832","0.7822671043001888","0.10664493221247777","150","514","3","21026",
"GO:BP","negative regulation of transmembrane receptor protein serine/threonine kinase signaling pathway","GO:0090101","0.7822671043001888","0.10664493221247777","150","514","3","21026",
"GO:BP","negative regulation of hemostasis","GO:1900047","0.7842021702402647","0.10557196014590237","51","514","1","21026",
"GO:BP","nucleoside metabolic process","GO:0009116","0.7842021702402647","0.10557196014590237","51","514","1","21026",
"GO:BP","positive regulation of T cell proliferation","GO:0042102","0.7842021702402647","0.10557196014590237","102","514","2","21026",
"GO:BP","nephron tubule development","GO:0072080","0.7842021702402647","0.10557196014590237","102","514","2","21026",
"GO:BP","replication fork processing","GO:0031297","0.7842021702402647","0.10557196014590237","51","514","1","21026",
"GO:BP","regulation of Ras protein signal transduction","GO:0046578","0.7842021702402647","0.10557196014590237","51","514","1","21026",
"GO:BP","fatty acid derivative biosynthetic process","GO:1901570","0.7842021702402647","0.10557196014590237","51","514","1","21026",
"GO:BP","prostanoid metabolic process","GO:0006692","0.7842021702402647","0.10557196014590237","51","514","1","21026",
"GO:BP","cellular response to nerve growth factor stimulus","GO:1990090","0.7842021702402647","0.10557196014590237","51","514","1","21026",
"GO:BP","positive regulation of extrinsic apoptotic signaling pathway","GO:2001238","0.7842021702402647","0.10557196014590237","51","514","1","21026",
"GO:BP","mRNA destabilization","GO:0061157","0.7842021702402647","0.10557196014590237","102","514","2","21026",
"GO:BP","granulocyte activation","GO:0036230","0.7842021702402647","0.10557196014590237","51","514","1","21026",
"GO:BP","mitochondrial electron transport, NADH to ubiquinone","GO:0006120","0.7842021702402647","0.10557196014590237","51","514","1","21026",
"GO:BP","regulation of alcohol biosynthetic process","GO:1902930","0.7842021702402647","0.10557196014590237","51","514","1","21026",
"GO:BP","regulation of lipid storage","GO:0010883","0.7842021702402647","0.10557196014590237","51","514","1","21026",
"GO:BP","CD4-positive, alpha-beta T cell differentiation","GO:0043367","0.7877219962186471","0.10362702719412906","103","514","2","21026",
"GO:BP","bone morphogenesis","GO:0060349","0.7877219962186471","0.10362702719412906","103","514","2","21026",
"GO:BP","estrogen receptor signaling pathway","GO:0030520","0.7906589589833717","0.10201080369603674","52","514","1","21026",
"GO:BP","negative regulation of T cell differentiation","GO:0045581","0.7906589589833717","0.10201080369603674","52","514","1","21026",
"GO:BP","protein-lipid complex organization","GO:0071825","0.7906589589833717","0.10201080369603674","52","514","1","21026",
"GO:BP","glutathione metabolic process","GO:0006749","0.7906589589833717","0.10201080369603674","52","514","1","21026",
"GO:BP","negative regulation of myeloid leukocyte differentiation","GO:0002762","0.7906589589833717","0.10201080369603674","52","514","1","21026",
"GO:BP","collagen metabolic process","GO:0032963","0.791686124875521","0.10144696645703112","104","514","2","21026",
"GO:BP","positive regulation of binding","GO:0051099","0.791686124875521","0.10144696645703112","104","514","2","21026",
"GO:BP","ribosomal small subunit biogenesis","GO:0042274","0.791686124875521","0.10144696645703112","104","514","2","21026",
"GO:BP","cholesterol transport","GO:0030301","0.791686124875521","0.10144696645703112","104","514","2","21026",
"GO:BP","muscle adaptation","GO:0043500","0.7961148045510453","0.09902429986552105","105","514","2","21026",
"GO:BP","response to nerve growth factor","GO:1990089","0.7961148045510453","0.09902429986552105","53","514","1","21026",
"GO:BP","negative regulation of carbohydrate metabolic process","GO:0045912","0.7961148045510453","0.09902429986552105","53","514","1","21026",
"GO:BP","response to nicotine","GO:0035094","0.7961148045510453","0.09902429986552105","53","514","1","21026",
"GO:BP","sperm-egg recognition","GO:0035036","0.7961148045510453","0.09902429986552105","53","514","1","21026",
"GO:BP","maturation of SSU-rRNA","GO:0030490","0.7961148045510453","0.09902429986552105","53","514","1","21026",
"GO:BP","negative regulation of cellular response to growth factor stimulus","GO:0090288","0.7961148045510453","0.09902429986552105","105","514","2","21026",
"GO:BP","autophagy of mitochondrion","GO:0000422","0.7961148045510453","0.09902429986552105","105","514","2","21026",
"GO:BP","response to UV","GO:0009411","0.7991223423104192","0.09738672691514329","155","514","3","21026",
"GO:BP","immune system development","GO:0002520","0.7994298921582103","0.09721961670057064","203","514","4","21026",
"GO:BP","monosaccharide metabolic process","GO:0005996","0.7994298921582103","0.09721961670057064","250","514","5","21026",
"GO:BP","generation of precursor metabolites and energy","GO:0006091","0.7996505039538571","0.09709978471922312","478","514","10","21026",
"GO:BP","triglyceride metabolic process","GO:0006641","0.7996505039538571","0.09709978471922312","106","514","2","21026",
"GO:BP","amino acid transmembrane transport","GO:0003333","0.7996505039538571","0.09709978471922312","106","514","2","21026",
"GO:BP","regulation of epithelial to mesenchymal transition","GO:0010717","0.7996505039538571","0.09709978471922312","106","514","2","21026",
"GO:BP","renal tubule development","GO:0061326","0.7996505039538571","0.09709978471922312","106","514","2","21026",
"GO:BP","regulation of centrosome cycle","GO:0046605","0.8005650500367988","0.09660337364570115","54","514","1","21026",
"GO:BP","regulation of cardiac muscle hypertrophy","GO:0010611","0.8005650500367988","0.09660337364570115","54","514","1","21026",
"GO:BP","negative regulation of coagulation","GO:0050819","0.8005650500367988","0.09660337364570115","54","514","1","21026",
"GO:BP","attachment of spindle microtubules to kinetochore","GO:0008608","0.8005650500367988","0.09660337364570115","54","514","1","21026",
"GO:BP","face development","GO:0060324","0.8005650500367988","0.09660337364570115","54","514","1","21026",
"GO:BP","regulation of purine nucleotide catabolic process","GO:0033121","0.8005650500367988","0.09660337364570115","54","514","1","21026",
"GO:BP","regulation of glycolytic process","GO:0006110","0.8005650500367988","0.09660337364570115","54","514","1","21026",
"GO:BP","fibroblast migration","GO:0010761","0.8005650500367988","0.09660337364570115","54","514","1","21026",
"GO:BP","regulation of nucleotide catabolic process","GO:0030811","0.8005650500367988","0.09660337364570115","54","514","1","21026",
"GO:BP","immunoglobulin production","GO:0002377","0.8026933863969464","0.09545031527555592","107","514","2","21026",
"GO:BP","feeding behavior","GO:0007631","0.8026933863969464","0.09545031527555592","107","514","2","21026",
"GO:BP","positive regulation of mRNA catabolic process","GO:0061014","0.8026933863969464","0.09545031527555592","107","514","2","21026",
"GO:BP","ceramide metabolic process","GO:0006672","0.8026933863969464","0.09545031527555592","107","514","2","21026",
"GO:BP","cellular response to biotic stimulus","GO:0071216","0.8032198559997037","0.0951655640878553","252","514","5","21026",
"GO:BP","sensory perception","GO:0007600","0.803416499098138","0.09505925376727799","966","514","21","21026",
"GO:BP","energy derivation by oxidation of organic compounds","GO:0015980","0.804298726907128","0.09458261872459567","345","514","7","21026",
"GO:BP","negative regulation of transporter activity","GO:0032410","0.8051312180117072","0.09413333377579951","55","514","1","21026",
"GO:BP","cellular response to glucocorticoid stimulus","GO:0071385","0.8051312180117072","0.09413333377579951","55","514","1","21026",
"GO:BP","brown fat cell differentiation","GO:0050873","0.8051312180117072","0.09413333377579951","55","514","1","21026",
"GO:BP","negative regulation of synaptic transmission","GO:0050805","0.8051312180117072","0.09413333377579951","55","514","1","21026",
"GO:BP","porphyrin-containing compound metabolic process","GO:0006778","0.8051312180117072","0.09413333377579951","55","514","1","21026",
"GO:BP","hydrogen peroxide metabolic process","GO:0042743","0.8051312180117072","0.09413333377579951","55","514","1","21026",
"GO:BP","regulation of telomere maintenance via telomere lengthening","GO:1904356","0.8051312180117072","0.09413333377579951","55","514","1","21026",
"GO:BP","regulation of alternative mRNA splicing, via spliceosome","GO:0000381","0.8051312180117072","0.09413333377579951","55","514","1","21026",
"GO:BP","contractile actin filament bundle assembly","GO:0030038","0.8056425878732637","0.0938575841755325","108","514","2","21026",
"GO:BP","stress fiber assembly","GO:0043149","0.8056425878732637","0.0938575841755325","108","514","2","21026",
"GO:BP","negative regulation of cytoplasmic pattern recognition receptor signaling pathway","GO:0039532","0.8095005379116967","0.09178285832258519","56","514","1","21026",
"GO:BP","isotype switching","GO:0045190","0.8095005379116967","0.09178285832258519","56","514","1","21026",
"GO:BP","sterol transport","GO:0015918","0.8095005379116967","0.09178285832258519","109","514","2","21026",
"GO:BP","somatic recombination of immunoglobulin genes involved in immune response","GO:0002204","0.8095005379116967","0.09178285832258519","56","514","1","21026",
"GO:BP","amyloid precursor protein catabolic process","GO:0042987","0.8095005379116967","0.09178285832258519","56","514","1","21026",
"GO:BP","cell recognition","GO:0008037","0.8095005379116967","0.09178285832258519","159","514","3","21026",
"GO:BP","cell communication involved in cardiac conduction","GO:0086065","0.8095005379116967","0.09178285832258519","56","514","1","21026",
"GO:BP","regulation of tyrosine phosphorylation of STAT protein","GO:0042509","0.8095005379116967","0.09178285832258519","56","514","1","21026",
"GO:BP","humoral immune response mediated by circulating immunoglobulin","GO:0002455","0.8095005379116967","0.09178285832258519","56","514","1","21026",
"GO:BP","cellular response to osmotic stress","GO:0071470","0.8095005379116967","0.09178285832258519","56","514","1","21026",
"GO:BP","G protein-coupled receptor signaling pathway, coupled to cyclic nucleotide second messenger","GO:0007187","0.8095005379116967","0.09178285832258519","56","514","1","21026",
"GO:BP","neuromuscular process controlling balance","GO:0050885","0.8095005379116967","0.09178285832258519","56","514","1","21026",
"GO:BP","somatic diversification of immunoglobulins involved in immune response","GO:0002208","0.8095005379116967","0.09178285832258519","56","514","1","21026",
"GO:BP","actin filament bundle assembly","GO:0051017","0.8123718741375878","0.09024512110954204","160","514","3","21026",
"GO:BP","nephron development","GO:0072006","0.8123718741375878","0.09024512110954204","160","514","3","21026",
"GO:BP","regulation of interleukin-1 production","GO:0032652","0.8123914850162729","0.09023463724879935","110","514","2","21026",
"GO:BP","amine metabolic process","GO:0009308","0.8123914850162729","0.09023463724879935","110","514","2","21026",
"GO:BP","fatty acid oxidation","GO:0019395","0.8123914850162729","0.09023463724879935","110","514","2","21026",
"GO:BP","interleukin-1 production","GO:0032612","0.8123914850162729","0.09023463724879935","110","514","2","21026",
"GO:BP","catechol-containing compound metabolic process","GO:0009712","0.8128747031546179","0.08997639157956704","57","514","1","21026",
"GO:BP","regulation of muscle hypertrophy","GO:0014743","0.8128747031546179","0.08997639157956704","57","514","1","21026",
"GO:BP","icosanoid biosynthetic process","GO:0046456","0.8128747031546179","0.08997639157956704","57","514","1","21026",
"GO:BP","platelet-derived growth factor receptor signaling pathway","GO:0048008","0.8128747031546179","0.08997639157956704","57","514","1","21026",
"GO:BP","negative regulation of small GTPase mediated signal transduction","GO:0051058","0.8128747031546179","0.08997639157956704","57","514","1","21026",
"GO:BP","cholesterol efflux","GO:0033344","0.8128747031546179","0.08997639157956704","57","514","1","21026",
"GO:BP","regulation of protein processing","GO:0070613","0.8128747031546179","0.08997639157956704","57","514","1","21026",
"GO:BP","regulation of sterol transport","GO:0032371","0.8128747031546179","0.08997639157956704","57","514","1","21026",
"GO:BP","catecholamine metabolic process","GO:0006584","0.8128747031546179","0.08997639157956704","57","514","1","21026",
"GO:BP","positive regulation of cell-matrix adhesion","GO:0001954","0.8128747031546179","0.08997639157956704","57","514","1","21026",
"GO:BP","amyloid-beta metabolic process","GO:0050435","0.8128747031546179","0.08997639157956704","57","514","1","21026",
"GO:BP","iron ion transport","GO:0006826","0.8128747031546179","0.08997639157956704","57","514","1","21026",
"GO:BP","adherens junction organization","GO:0034332","0.8128747031546179","0.08997639157956704","57","514","1","21026",
"GO:BP","regulation of cholesterol transport","GO:0032374","0.8128747031546179","0.08997639157956704","57","514","1","21026",
"GO:BP","actin filament polymerization","GO:0030041","0.8133287221938026","0.08973389059174895","161","514","3","21026",
"GO:BP","negative regulation of leukocyte differentiation","GO:1902106","0.8145861373361014","0.0890629850303596","111","514","2","21026",
"GO:BP","nicotinamide nucleotide metabolic process","GO:0046496","0.8168027385305255","0.08788281484046301","162","514","3","21026",
"GO:BP","pyridine nucleotide metabolic process","GO:0019362","0.8168027385305255","0.08788281484046301","162","514","3","21026",
"GO:BP","regulation of cytosolic calcium ion concentration","GO:0051480","0.8179947390292904","0.08724948950458902","58","514","1","21026",
"GO:BP","regulation of neuronal synaptic plasticity","GO:0048168","0.8179947390292904","0.08724948950458902","58","514","1","21026",
"GO:BP","regulation of epithelial cell apoptotic process","GO:1904035","0.8179947390292904","0.08724948950458902","58","514","1","21026",
"GO:BP","response to cocaine","GO:0042220","0.8179947390292904","0.08724948950458902","58","514","1","21026",
"GO:BP","actin filament bundle organization","GO:0061572","0.8199003311603541","0.08623893817471753","163","514","3","21026",
"GO:BP","leukocyte homeostasis","GO:0001776","0.8224272610652881","0.08490250251465112","113","514","2","21026",
"GO:BP","amino acid catabolic process","GO:0009063","0.8224272610652881","0.08490250251465112","113","514","2","21026",
"GO:BP","ubiquitin-dependent protein catabolic process","GO:0006511","0.8224560334064872","0.08488730913399306","628","514","13","21026",
"GO:BP","cell differentiation involved in kidney development","GO:0061005","0.8224560334064872","0.08488730913399306","59","514","1","21026",
"GO:BP","negative regulation of BMP signaling pathway","GO:0030514","0.8224560334064872","0.08488730913399306","59","514","1","21026",
"GO:BP","regulation of binding","GO:0051098","0.8224560334064872","0.08488730913399306","213","514","4","21026",
"GO:BP","nuclear envelope organization","GO:0006998","0.8224560334064872","0.08488730913399306","59","514","1","21026",
"GO:BP","DNA-templated DNA replication maintenance of fidelity","GO:0045005","0.8224560334064872","0.08488730913399306","59","514","1","21026",
"GO:BP","adipose tissue development","GO:0060612","0.8224560334064872","0.08488730913399306","59","514","1","21026",
"GO:BP","neutral amino acid transport","GO:0015804","0.8224560334064872","0.08488730913399306","59","514","1","21026",
"GO:BP","regulation of protein binding","GO:0043393","0.825333567211569","0.08337049130371517","114","514","2","21026",
"GO:BP","DNA damage checkpoint signaling","GO:0000077","0.825333567211569","0.08337049130371517","114","514","2","21026",
"GO:BP","tyrosine phosphorylation of STAT protein","GO:0007260","0.8269083515814695","0.08254262177522086","60","514","1","21026",
"GO:BP","response to cadmium ion","GO:0046686","0.8269083515814695","0.08254262177522086","60","514","1","21026",
"GO:BP","immunoglobulin production involved in immunoglobulin-mediated immune response","GO:0002381","0.8269083515814695","0.08254262177522086","60","514","1","21026",
"GO:BP","regulation of actin filament organization","GO:0110053","0.8269083515814695","0.08254262177522086","263","514","5","21026",
"GO:BP","regulation of vacuole organization","GO:0044088","0.8269083515814695","0.08254262177522086","60","514","1","21026",
"GO:BP","musculoskeletal movement","GO:0050881","0.8269083515814695","0.08254262177522086","60","514","1","21026",
"GO:BP","negative regulation of calcium ion transport","GO:0051926","0.8269083515814695","0.08254262177522086","60","514","1","21026",
"GO:BP","telomere maintenance via telomerase","GO:0007004","0.8269083515814695","0.08254262177522086","60","514","1","21026",
"GO:BP","respiratory electron transport chain","GO:0022904","0.8283196009805484","0.08180206157120584","115","514","2","21026",
"GO:BP","positive regulation of cell cycle G1/S phase transition","GO:1902808","0.8308984378750734","0.08045205752275549","61","514","1","21026",
"GO:BP","negative regulation of hemopoiesis","GO:1903707","0.8308984378750734","0.08045205752275549","116","514","2","21026",
"GO:BP","membrane assembly","GO:0071709","0.8308984378750734","0.08045205752275549","61","514","1","21026",
"GO:BP","lipid oxidation","GO:0034440","0.8308984378750734","0.08045205752275549","116","514","2","21026",
"GO:BP","purine ribonucleoside diphosphate metabolic process","GO:0009179","0.8308984378750734","0.08045205752275549","116","514","2","21026",
"GO:BP","regulation of microtubule-based movement","GO:0060632","0.8308984378750734","0.08045205752275549","61","514","1","21026",
"GO:BP","purine nucleoside diphosphate metabolic process","GO:0009135","0.8308984378750734","0.08045205752275549","116","514","2","21026",
"GO:BP","negative regulation of lymphocyte differentiation","GO:0045620","0.8308984378750734","0.08045205752275549","61","514","1","21026",
"GO:BP","T cell apoptotic process","GO:0070231","0.8308984378750734","0.08045205752275549","61","514","1","21026",
"GO:BP","endochondral bone morphogenesis","GO:0060350","0.8308984378750734","0.08045205752275549","61","514","1","21026",
"GO:BP","negative regulation of phosphatidylinositol 3-kinase/protein kinase B signal transduction","GO:0051898","0.8308984378750734","0.08045205752275549","61","514","1","21026",
"GO:BP","actin nucleation","GO:0045010","0.8347319910983619","0.07845294184648736","62","514","1","21026",
"GO:BP","cell-cell fusion","GO:0140253","0.8347319910983619","0.07845294184648736","62","514","1","21026",
"GO:BP","regulation of protein maturation","GO:1903317","0.8347319910983619","0.07845294184648736","62","514","1","21026",
"GO:BP","heart valve morphogenesis","GO:0003179","0.8347319910983619","0.07845294184648736","62","514","1","21026",
"GO:BP","syncytium formation by plasma membrane fusion","GO:0000768","0.8347319910983619","0.07845294184648736","62","514","1","21026",
"GO:BP","positive regulation of programmed cell death","GO:0043068","0.8347319910983619","0.07845294184648736","546","514","11","21026",
"GO:BP","glial cell migration","GO:0008347","0.8347319910983619","0.07845294184648736","62","514","1","21026",
"GO:BP","amide metabolic process","GO:0043603","0.8347319910983619","0.07845294184648736","455","514","9","21026",
"GO:BP","transcription by RNA polymerase III","GO:0006383","0.8347319910983619","0.07845294184648736","62","514","1","21026",
"GO:BP","regulation of CD4-positive, alpha-beta T cell differentiation","GO:0043370","0.8347319910983619","0.07845294184648736","62","514","1","21026",
"GO:BP","embryonic digit morphogenesis","GO:0042733","0.8347319910983619","0.07845294184648736","62","514","1","21026",
"GO:BP","multicellular organismal movement","GO:0050879","0.8347319910983619","0.07845294184648736","62","514","1","21026",
"GO:BP","pyridine-containing compound metabolic process","GO:0072524","0.8349041300749565","0.07836339058801577","169","514","3","21026",
"GO:BP","response to bacterium","GO:0009617","0.8354434085423904","0.07808296311368652","728","514","15","21026",
"GO:BP","modification-dependent protein catabolic process","GO:0019941","0.8354434085423904","0.07808296311368652","638","514","13","21026",
"GO:BP","autophagosome assembly","GO:0000045","0.8366317004946165","0.07746568375603932","118","514","2","21026",
"GO:BP","leukocyte apoptotic process","GO:0071887","0.8366317004946165","0.07746568375603932","118","514","2","21026",
"GO:BP","peptide metabolic process","GO:0006518","0.8389616695778691","0.0762578807339828","63","514","1","21026",
"GO:BP","positive regulation of wound healing","GO:0090303","0.8389616695778691","0.0762578807339828","63","514","1","21026",
"GO:BP","RNA-templated DNA biosynthetic process","GO:0006278","0.8389616695778691","0.0762578807339828","63","514","1","21026",
"GO:BP","regulation of cytoplasmic pattern recognition receptor signaling pathway","GO:0039531","0.8401193844365307","0.07565899451201333","119","514","2","21026",
"GO:BP","transcription initiation at RNA polymerase II promoter","GO:0006367","0.8404601010168968","0.07548289890445166","171","514","3","21026",
"GO:BP","amide biosynthetic process","GO:0043604","0.8417929346786064","0.07479472368537235","172","514","3","21026",
"GO:BP","somatic recombination of immunoglobulin gene segments","GO:0016447","0.8417929346786064","0.07479472368537235","64","514","1","21026",
"GO:BP","positive regulation of nuclear division","GO:0051785","0.8417929346786064","0.07479472368537235","64","514","1","21026",
"GO:BP","regulation of immunoglobulin mediated immune response","GO:0002889","0.8417929346786064","0.07479472368537235","64","514","1","21026",
"GO:BP","glycerolipid catabolic process","GO:0046503","0.8417929346786064","0.07479472368537235","64","514","1","21026",
"GO:BP","regulation of SMAD protein signal transduction","GO:0060390","0.8417929346786064","0.07479472368537235","64","514","1","21026",
"GO:BP","interleukin-2 production","GO:0032623","0.8417929346786064","0.07479472368537235","64","514","1","21026",
"GO:BP","complement activation","GO:0006956","0.8417929346786064","0.07479472368537235","64","514","1","21026",
"GO:BP","regulation of pattern recognition receptor signaling pathway","GO:0062207","0.8417929346786064","0.07479472368537235","172","514","3","21026",
"GO:BP","regulation of carbohydrate catabolic process","GO:0043470","0.8417929346786064","0.07479472368537235","64","514","1","21026",
"GO:BP","regulation of interleukin-2 production","GO:0032663","0.8417929346786064","0.07479472368537235","64","514","1","21026",
"GO:BP","positive regulation of viral process","GO:0048524","0.8417929346786064","0.07479472368537235","64","514","1","21026",
"GO:BP","modification-dependent macromolecule catabolic process","GO:0043632","0.8417929346786064","0.07479472368537235","643","514","13","21026",
"GO:BP","regulation of B cell mediated immunity","GO:0002712","0.8417929346786064","0.07479472368537235","64","514","1","21026",
"GO:BP","carbohydrate catabolic process","GO:0016052","0.8448281624415449","0.07323161731369551","173","514","3","21026",
"GO:BP","protein depolymerization","GO:0051261","0.8453945710598159","0.07294054544281145","121","514","2","21026",
"GO:BP","cellular response to corticosteroid stimulus","GO:0071384","0.8457871110304932","0.07273893736242776","65","514","1","21026",
"GO:BP","regulation of epidermis development","GO:0045682","0.8457871110304932","0.07273893736242776","65","514","1","21026",
"GO:BP","non-proteinogenic amino acid metabolic process","GO:0170041","0.8457871110304932","0.07273893736242776","65","514","1","21026",
"GO:BP","positive regulation of epithelial cell differentiation","GO:0030858","0.8457871110304932","0.07273893736242776","65","514","1","21026",
"GO:BP","sulfur compound transport","GO:0072348","0.8457871110304932","0.07273893736242776","65","514","1","21026",
"GO:BP","tetrapyrrole metabolic process","GO:0033013","0.8457871110304932","0.07273893736242776","65","514","1","21026",
"GO:BP","protein stabilization","GO:0050821","0.8458423823113379","0.07271055761097321","224","514","4","21026",
"GO:BP","negative regulation of cell growth","GO:0030308","0.8466891245123642","0.07227601858502669","174","514","3","21026",
"GO:BP","regulation of alpha-beta T cell activation","GO:0046634","0.8478384509922233","0.07168689128858735","122","514","2","21026",
"GO:BP","cellular response to molecule of bacterial origin","GO:0071219","0.8482904790600677","0.07145540735278551","225","514","4","21026",
"GO:BP","catecholamine transport","GO:0051937","0.8488155177346228","0.07118668942137697","66","514","1","21026",
"GO:BP","ribosome biogenesis","GO:0042254","0.8488155177346228","0.07118668942137697","323","514","6","21026",
"GO:BP","regulation of epithelial cell migration","GO:0010632","0.8488155177346228","0.07118668942137697","66","514","1","21026",
"GO:BP","water-soluble vitamin metabolic process","GO:0006767","0.8488155177346228","0.07118668942137697","66","514","1","21026",
"GO:BP","syncytium formation","GO:0006949","0.8488155177346228","0.07118668942137697","66","514","1","21026",
"GO:BP","regulation of carbohydrate metabolic process","GO:0006109","0.8488155177346228","0.07118668942137697","175","514","3","21026",
"GO:BP","oligosaccharide metabolic process","GO:0009311","0.8488155177346228","0.07118668942137697","66","514","1","21026",
"GO:BP","positive regulation of peptidyl-serine phosphorylation","GO:0033138","0.8488155177346228","0.07118668942137697","66","514","1","21026",
"GO:BP","intrinsic apoptotic signaling pathway in response to endoplasmic reticulum stress","GO:0070059","0.8488155177346228","0.07118668942137697","66","514","1","21026",
"GO:BP","DNA integrity checkpoint signaling","GO:0031570","0.8493857808503553","0.07089501359482908","123","514","2","21026",
"GO:BP","response to type II interferon","GO:0034341","0.8493857808503553","0.07089501359482908","123","514","2","21026",
"GO:BP","hexose metabolic process","GO:0019318","0.8493857808503553","0.07089501359482908","226","514","4","21026",
"GO:BP","Ras protein signal transduction","GO:0007265","0.8493857808503553","0.07089501359482908","123","514","2","21026",
"GO:BP","lymphocyte activation involved in immune response","GO:0002285","0.8515913618703429","0.06976875248391541","227","514","4","21026",
"GO:BP","production of molecular mediator of immune response","GO:0002440","0.8515913618703429","0.06976875248391541","227","514","4","21026",
"GO:BP","nephron epithelium development","GO:0072009","0.8517027077816087","0.06971197201860914","124","514","2","21026",
"GO:BP","regulation of leukocyte chemotaxis","GO:0002688","0.8517027077816087","0.06971197201860914","124","514","2","21026",
"GO:BP","heart looping","GO:0001947","0.8517027077816087","0.06971197201860914","67","514","1","21026",
"GO:BP","membrane biogenesis","GO:0044091","0.8517027077816087","0.06971197201860914","67","514","1","21026",
"GO:BP","regulation of antigen receptor-mediated signaling pathway","GO:0050854","0.8517027077816087","0.06971197201860914","67","514","1","21026",
"GO:BP","positive regulation of fat cell differentiation","GO:0045600","0.8517027077816087","0.06971197201860914","67","514","1","21026",
"GO:BP","somatic stem cell population maintenance","GO:0035019","0.8517027077816087","0.06971197201860914","67","514","1","21026",
"GO:BP","positive regulation of supramolecular fiber organization","GO:1902905","0.8523018134314538","0.06940658751371302","177","514","3","21026",
"GO:BP","carbohydrate metabolic process","GO:0005975","0.8528931620808566","0.06910536745465805","561","514","11","21026",
"GO:BP","adenylate cyclase-activating G protein-coupled receptor signaling pathway","GO:0007189","0.8551206683621726","0.0679725964927507","178","514","3","21026",
"GO:BP","non-canonical Wnt signaling pathway","GO:0035567","0.8559391058364496","0.067557131280689","68","514","1","21026",
"GO:BP","ribonucleoside diphosphate metabolic process","GO:0009185","0.8578901887150296","0.06656829896622256","126","514","2","21026",
"GO:BP","positive regulation of cell-substrate adhesion","GO:0010811","0.8578901887150296","0.06656829896622256","126","514","2","21026",
"GO:BP","electron transport chain","GO:0022900","0.8578901887150296","0.06656829896622256","126","514","2","21026",
"GO:BP","regulation of peptidase activity","GO:0052547","0.8587225128684014","0.06614715118494677","69","514","1","21026",
"GO:BP","regulation of blood coagulation","GO:0030193","0.8587225128684014","0.06614715118494677","69","514","1","21026",
"GO:BP","axonal transport","GO:0098930","0.8587225128684014","0.06614715118494677","69","514","1","21026",
"GO:BP","somatic diversification of immunoglobulins","GO:0016445","0.8587225128684014","0.06614715118494677","69","514","1","21026",
"GO:BP","secretory granule organization","GO:0033363","0.8587225128684014","0.06614715118494677","69","514","1","21026",
"GO:BP","regulatory ncRNA processing","GO:0070918","0.8587225128684014","0.06614715118494677","69","514","1","21026",
"GO:BP","hormone biosynthetic process","GO:0042446","0.8587225128684014","0.06614715118494677","69","514","1","21026",
"GO:BP","bicellular tight junction assembly","GO:0070830","0.8587225128684014","0.06614715118494677","69","514","1","21026",
"GO:BP","positive regulation of DNA-templated transcription initiation","GO:2000144","0.8587225128684014","0.06614715118494677","69","514","1","21026",
"GO:BP","myeloid cell homeostasis","GO:0002262","0.8619808268233989","0.06450239414907483","181","514","3","21026",
"GO:BP","membrane invagination","GO:0010324","0.862172895762754","0.06440563423752024","70","514","1","21026",
"GO:BP","ceramide biosynthetic process","GO:0046513","0.862172895762754","0.06440563423752024","70","514","1","21026",
"GO:BP","mitotic DNA damage checkpoint signaling","GO:0044773","0.862172895762754","0.06440563423752024","70","514","1","21026",
"GO:BP","double-strand break repair via nonhomologous end joining","GO:0006303","0.862172895762754","0.06440563423752024","70","514","1","21026",
"GO:BP","regulation of protein-containing complex disassembly","GO:0043244","0.862172895762754","0.06440563423752024","128","514","2","21026",
"GO:BP","regulation of actin filament polymerization","GO:0030833","0.862172895762754","0.06440563423752024","128","514","2","21026",
"GO:BP","positive regulation of ion transmembrane transporter activity","GO:0032414","0.862172895762754","0.06440563423752024","70","514","1","21026",
"GO:BP","protein targeting to membrane","GO:0006612","0.8629504212510904","0.06401415491698921","332","514","6","21026",
"GO:BP","positive regulation of phagocytosis","GO:0050766","0.8650677398915863","0.0629498833915467","71","514","1","21026",
"GO:BP","glomerulus development","GO:0032835","0.8650677398915863","0.0629498833915467","71","514","1","21026",
"GO:BP","organelle disassembly","GO:1903008","0.8650677398915863","0.0629498833915467","71","514","1","21026",
"GO:BP","regulation of intracellular steroid hormone receptor signaling pathway","GO:0033143","0.8650677398915863","0.0629498833915467","71","514","1","21026",
"GO:BP","mitophagy","GO:0000423","0.8650677398915863","0.0629498833915467","71","514","1","21026",
"GO:BP","CD4-positive, alpha-beta T cell activation","GO:0035710","0.8650677398915863","0.0629498833915467","129","514","2","21026",
"GO:BP","positive regulation of pattern recognition receptor signaling pathway","GO:0062208","0.8650677398915863","0.0629498833915467","71","514","1","21026",
"GO:BP","transcription by RNA polymerase I","GO:0006360","0.8650677398915863","0.0629498833915467","71","514","1","21026",
"GO:BP","regulation of protein stability","GO:0031647","0.8679012440222894","0.061529689127885874","335","514","6","21026",
"GO:BP","glucose metabolic process","GO:0006006","0.8679012440222894","0.061529689127885874","184","514","3","21026",
"GO:BP","negative regulation of protein polymerization","GO:0032272","0.868807974424401","0.06107620152983712","72","514","1","21026",
"GO:BP","nitric oxide biosynthetic process","GO:0006809","0.868807974424401","0.06107620152983712","72","514","1","21026",
"GO:BP","nucleoside phosphate catabolic process","GO:1901292","0.8701095287084282","0.06042607528981668","185","514","3","21026",
"GO:BP","positive regulation of apoptotic process","GO:0043065","0.8709863033193146","0.05998867442932014","528","514","10","21026",
"GO:BP","cranial skeletal system development","GO:1904888","0.8710973901718948","0.059933287415098915","73","514","1","21026",
"GO:BP","telomere maintenance via telomere lengthening","GO:0010833","0.8710973901718948","0.059933287415098915","73","514","1","21026",
"GO:BP","intermediate filament organization","GO:0045109","0.8710973901718948","0.059933287415098915","73","514","1","21026",
"GO:BP","embryonic heart tube morphogenesis","GO:0003143","0.8710973901718948","0.059933287415098915","73","514","1","21026",
"GO:BP","neuron fate commitment","GO:0048663","0.8710973901718948","0.059933287415098915","73","514","1","21026",
"GO:BP","response to estrogen","GO:0043627","0.8710973901718948","0.059933287415098915","73","514","1","21026",
"GO:BP","negative regulation of protein depolymerization","GO:1901880","0.8710973901718948","0.059933287415098915","73","514","1","21026",
"GO:BP","determination of heart left/right asymmetry","GO:0061371","0.8710973901718948","0.059933287415098915","73","514","1","21026",
"GO:BP","negative regulation of wound healing","GO:0061045","0.8710973901718948","0.059933287415098915","73","514","1","21026",
"GO:BP","positive regulation of cytoskeleton organization","GO:0051495","0.8710973901718948","0.059933287415098915","186","514","3","21026",
"GO:BP","regulation of wound healing","GO:0061041","0.8712893484117337","0.059837595221386604","132","514","2","21026",
"GO:BP","nucleoside diphosphate metabolic process","GO:0009132","0.8736055920998228","0.0586845946366797","133","514","2","21026",
"GO:BP","regulation of cilium assembly","GO:1902017","0.8736055920998228","0.0586845946366797","74","514","1","21026",
"GO:BP","positive regulation of alpha-beta T cell activation","GO:0046635","0.8736055920998228","0.0586845946366797","74","514","1","21026",
"GO:BP","centrosome duplication","GO:0051298","0.8736055920998228","0.0586845946366797","74","514","1","21026",
"GO:BP","regulation of fat cell differentiation","GO:0045598","0.8736055920998228","0.0586845946366797","133","514","2","21026",
"GO:BP","cellular response to mechanical stimulus","GO:0071260","0.8736055920998228","0.0586845946366797","74","514","1","21026",
"GO:BP","amyloid precursor protein metabolic process","GO:0042982","0.8736055920998228","0.0586845946366797","74","514","1","21026",
"GO:BP","positive regulation of TOR signaling","GO:0032008","0.8736055920998228","0.0586845946366797","74","514","1","21026",
"GO:BP","mitotic DNA integrity checkpoint signaling","GO:0044774","0.8736055920998228","0.0586845946366797","74","514","1","21026",
"GO:BP","alpha-beta T cell differentiation","GO:0046632","0.8759791463519495","0.057506232567166395","134","514","2","21026",
"GO:BP","cellular response to external stimulus","GO:0071496","0.876336756641246","0.05732897208895685","75","514","1","21026",
"GO:BP","establishment of protein localization to membrane","GO:0090150","0.876336756641246","0.05732897208895685","486","514","9","21026",
"GO:BP","regulation of plasma lipoprotein particle levels","GO:0097006","0.876336756641246","0.05732897208895685","75","514","1","21026",
"GO:BP","regulation of T cell differentiation","GO:0045580","0.876336756641246","0.05732897208895685","189","514","3","21026",
"GO:BP","heart valve development","GO:0003170","0.876336756641246","0.05732897208895685","75","514","1","21026",
"GO:BP","positive regulation of response to wounding","GO:1903036","0.876336756641246","0.05732897208895685","75","514","1","21026",
"GO:BP","cell-cell recognition","GO:0009988","0.876336756641246","0.05732897208895685","75","514","1","21026",
"GO:BP","proteolysis","GO:0006508","0.8773677429098967","0.05681833680337605","1486","514","31","21026",
"GO:BP","cellular respiration","GO:0045333","0.8778433415393813","0.056582980649041194","242","514","4","21026",
"GO:BP","regulation of coagulation","GO:0050818","0.8797988930315211","0.05561658879084993","76","514","1","21026",
"GO:BP","endoplasmic reticulum to Golgi vesicle-mediated transport","GO:0006888","0.88009913406541","0.05546840631264243","136","514","2","21026",
"GO:BP","receptor internalization","GO:0031623","0.88009913406541","0.05546840631264243","136","514","2","21026",
"GO:BP","actin polymerization or depolymerization","GO:0008154","0.8804258386059347","0.055307220322106825","191","514","3","21026",
"GO:BP","positive regulation of transporter activity","GO:0032411","0.8818145490885377","0.05462274001100823","77","514","1","21026",
"GO:BP","regulation of immunoglobulin production","GO:0002637","0.8818145490885377","0.05462274001100823","77","514","1","21026",
"GO:BP","glycolipid biosynthetic process","GO:0009247","0.8818145490885377","0.05462274001100823","77","514","1","21026",
"GO:BP","response to glucocorticoid","GO:0051384","0.8818145490885377","0.05462274001100823","137","514","2","21026",
"GO:BP","negative regulation of protein ubiquitination","GO:0031397","0.8818145490885377","0.05462274001100823","77","514","1","21026",
"GO:BP","apical junction assembly","GO:0043297","0.8818145490885377","0.05462274001100823","77","514","1","21026",
"GO:BP","monoamine transport","GO:0015844","0.8818145490885377","0.05462274001100823","77","514","1","21026",
"GO:BP","regulation of protein targeting","GO:1903533","0.8818145490885377","0.05462274001100823","77","514","1","21026",
"GO:BP","alpha-beta T cell activation","GO:0046631","0.8839846258165289","0.05355528813297572","193","514","3","21026",
"GO:BP","regulation of cell morphogenesis","GO:0022604","0.8846389693328948","0.05323393338889978","246","514","4","21026",
"GO:BP","cellular response to virus","GO:0098586","0.8850730906703784","0.053020863128049545","78","514","1","21026",
"GO:BP","regulation of production of molecular mediator of immune response","GO:0002700","0.8859581116951694","0.05258681117129588","194","514","3","21026",
"GO:BP","negative regulation of cell-cell adhesion","GO:0022408","0.8906384656199504","0.050298552135697616","196","514","3","21026",
"GO:BP","positive regulation of calcium ion transmembrane transport","GO:1904427","0.890768563938527","0.050235118028808354","80","514","1","21026",
"GO:BP","T cell receptor signaling pathway","GO:0050852","0.890768563938527","0.050235118028808354","141","514","2","21026",
"GO:BP","skeletal muscle cell differentiation","GO:0035914","0.890768563938527","0.050235118028808354","80","514","1","21026",
"GO:BP","multicellular organismal-level chemical homeostasis","GO:0140962","0.890768563938527","0.050235118028808354","80","514","1","21026",
"GO:BP","regulation of alpha-beta T cell differentiation","GO:0046637","0.890768563938527","0.050235118028808354","80","514","1","21026",
"GO:BP","response to ionizing radiation","GO:0010212","0.890768563938527","0.050235118028808354","141","514","2","21026",
"GO:BP","regulation of stem cell differentiation","GO:2000736","0.890768563938527","0.050235118028808354","80","514","1","21026",
"GO:BP","positive regulation of carbohydrate metabolic process","GO:0045913","0.890768563938527","0.050235118028808354","80","514","1","21026",
"GO:BP","negative regulation of leukocyte cell-cell adhesion","GO:1903038","0.8933197022939214","0.04899308747859485","142","514","2","21026",
"GO:BP","SMAD protein signal transduction","GO:0060395","0.893774064308266","0.04877225192586022","81","514","1","21026",
"GO:BP","aerobic respiration","GO:0009060","0.8957767586122188","0.04780020973840163","199","514","3","21026",
"GO:BP","glutamine family amino acid metabolic process","GO:0009064","0.8964921607998139","0.04745350368826618","82","514","1","21026",
"GO:BP","regulation of DNA-templated transcription initiation","GO:2000142","0.8964921607998139","0.04745350368826618","82","514","1","21026",
"GO:BP","diencephalon development","GO:0021536","0.8964921607998139","0.04745350368826618","82","514","1","21026",
"GO:BP","G protein-coupled receptor signaling pathway","GO:0007186","0.8974178275173117","0.0470053073062972","1289","514","26","21026",
"GO:BP","response to molecule of bacterial origin","GO:0002237","0.8991307771937066","0.04617713620564412","357","514","6","21026",
"GO:BP","negative regulation of protein-containing complex disassembly","GO:0043242","0.899293518810756","0.046098536526346504","83","514","1","21026",
"GO:BP","regeneration","GO:0031099","0.9012745917452478","0.04514287216038729","202","514","3","21026",
"GO:BP","Wnt signaling pathway","GO:0016055","0.9014980209968153","0.04503522232051008","458","514","8","21026",
"GO:BP","regulation of TOR signaling","GO:0032006","0.9014980209968153","0.04503522232051008","146","514","2","21026",
"GO:BP","oxidative phosphorylation","GO:0006119","0.9014980209968153","0.04503522232051008","146","514","2","21026",
"GO:BP","glycogen metabolic process","GO:0005977","0.9014980209968153","0.04503522232051008","84","514","1","21026",
"GO:BP","regulation of CD4-positive, alpha-beta T cell activation","GO:2000514","0.9014980209968153","0.04503522232051008","84","514","1","21026",
"GO:BP","protein-containing complex disassembly","GO:0032984","0.902855126529841","0.04438193163149065","257","514","4","21026",
"GO:BP","regulation of actin polymerization or depolymerization","GO:0008064","0.9034717400664403","0.04408542730354657","147","514","2","21026",
"GO:BP","glucan metabolic process","GO:0044042","0.9072005213867231","0.042296708853161884","86","514","1","21026",
"GO:BP","embryonic heart tube development","GO:0035050","0.9100217833280306","0.0409482117822767","87","514","1","21026",
"GO:BP","regulation of G1/S transition of mitotic cell cycle","GO:2000045","0.9101332595003144","0.04089501468048272","150","514","2","21026",
"GO:BP","dorsal/ventral pattern formation","GO:0009953","0.91225073209993","0.039885779432941706","88","514","1","21026",
"GO:BP","neural retina development","GO:0003407","0.91225073209993","0.039885779432941706","88","514","1","21026",
"GO:BP","adult locomotory behavior","GO:0008344","0.91225073209993","0.039885779432941706","88","514","1","21026",
"GO:BP","positive regulation of organelle assembly","GO:1902117","0.9149236468784417","0.03861514759800002","89","514","1","21026",
"GO:BP","organelle transport along microtubule","GO:0072384","0.9171790200760341","0.03754588805616112","90","514","1","21026",
"GO:BP","positive regulation of reproductive process","GO:2000243","0.9171790200760341","0.03754588805616112","90","514","1","21026",
"GO:BP","negative regulation of protein modification by small protein conjugation or removal","GO:1903321","0.9171790200760341","0.03754588805616112","90","514","1","21026",
"GO:BP","adult behavior","GO:0030534","0.9177216618371705","0.03728901711845303","154","514","2","21026",
"GO:BP","purine-containing compound catabolic process","GO:0072523","0.9191674251972701","0.03660537521158345","155","514","2","21026",
"GO:BP","B cell activation involved in immune response","GO:0002312","0.9191674251972701","0.03660537521158345","91","514","1","21026",
"GO:BP","aerobic electron transport chain","GO:0019646","0.9191674251972701","0.03660537521158345","91","514","1","21026",
"GO:BP","regulation of protein depolymerization","GO:1901879","0.9191674251972701","0.03660537521158345","91","514","1","21026",
"GO:BP","negative regulation of gene expression","GO:0010629","0.9198346568693045","0.036290231418265546","1680","514","34","21026",
"GO:BP","cellular response to amino acid stimulus","GO:0071230","0.9213061381487616","0.03559603536580877","92","514","1","21026",
"GO:BP","T cell proliferation","GO:0042098","0.9224541798961501","0.03505519688974276","215","514","3","21026",
"GO:BP","cellular response to lipopolysaccharide","GO:0071222","0.9224541798961501","0.03505519688974276","215","514","3","21026",
"GO:BP","disruption of cell in another organism","GO:0141061","0.9253386716755808","0.03369928745497225","94","514","1","21026",
"GO:BP","negative regulation of post-translational protein modification","GO:1901874","0.9253386716755808","0.03369928745497225","94","514","1","21026",
"GO:BP","intermediate filament cytoskeleton organization","GO:0045104","0.9253386716755808","0.03369928745497225","94","514","1","21026",
"GO:BP","killing of cells of another organism","GO:0031640","0.9253386716755808","0.03369928745497225","94","514","1","21026",
"GO:BP","response to corticosteroid","GO:0031960","0.9257667463288168","0.03349842319165274","159","514","2","21026",
"GO:BP","intermediate filament-based process","GO:0045103","0.9272586803985954","0.03279909239507595","95","514","1","21026",
"GO:BP","glycolytic process","GO:0006096","0.9272586803985954","0.03279909239507595","95","514","1","21026",
"GO:BP","cellular oxidant detoxification","GO:0098869","0.9292916832498607","0.031847949576442255","96","514","1","21026",
"GO:BP","negative regulation of response to wounding","GO:1903035","0.9292916832498607","0.031847949576442255","96","514","1","21026",
"GO:BP","positive regulation of cell growth","GO:0030307","0.9304488327359183","0.03130750460891608","162","514","2","21026",
"GO:BP","nucleotide catabolic process","GO:0009166","0.9304488327359183","0.03130750460891608","162","514","2","21026",
"GO:BP","regulation of lymphocyte differentiation","GO:0045619","0.9305415243291691","0.03126424221655802","221","514","3","21026",
"GO:BP","ADP catabolic process","GO:0046032","0.9309142248404362","0.031090333406014543","97","514","1","21026",
"GO:BP","regulation of synaptic plasticity","GO:0048167","0.9333728494959608","0.029944836283067558","223","514","3","21026",
"GO:BP","natural killer cell activation","GO:0030101","0.9339828770536116","0.02966108572846843","99","514","1","21026",
"GO:BP","pyridine nucleotide catabolic process","GO:0019364","0.9339828770536116","0.02966108572846843","99","514","1","21026",
"GO:BP","regulation of DNA-templated transcription elongation","GO:0032784","0.9339828770536116","0.02966108572846843","99","514","1","21026",
"GO:BP","regulation of calcium-mediated signaling","GO:0050848","0.9339828770536116","0.02966108572846843","99","514","1","21026",
"GO:BP","ATP synthesis coupled electron transport","GO:0042773","0.9339828770536116","0.02966108572846843","99","514","1","21026",
"GO:BP","disruption of anatomical structure in another organism","GO:0141060","0.9339828770536116","0.02966108572846843","99","514","1","21026",
"GO:BP","mitochondrial ATP synthesis coupled electron transport","GO:0042775","0.9339828770536116","0.02966108572846843","99","514","1","21026",
"GO:BP","purine nucleoside diphosphate catabolic process","GO:0009137","0.9356076985831492","0.02890621328611624","100","514","1","21026",
"GO:BP","cellular response to acid chemical","GO:0071229","0.9356076985831492","0.02890621328611624","100","514","1","21026",
"GO:BP","purine ribonucleoside diphosphate catabolic process","GO:0009181","0.9356076985831492","0.02890621328611624","100","514","1","21026",
"GO:BP","TOR signaling","GO:0031929","0.9368406559865435","0.028334270489617064","167","514","2","21026",
"GO:BP","response to lipopolysaccharide","GO:0032496","0.9389597483526583","0.02735302481910194","339","514","5","21026",
"GO:BP","polysaccharide metabolic process","GO:0005976","0.9390474814748548","0.027312447753931293","102","514","1","21026",
"GO:BP","pyridine-containing compound catabolic process","GO:0072526","0.9390474814748548","0.027312447753931293","102","514","1","21026",
"GO:BP","cellular component disassembly","GO:0022411","0.9406090333742035","0.026590854714188674","446","514","7","21026",
"GO:BP","ribonucleoside diphosphate catabolic process","GO:0009191","0.9406896150949289","0.02655365041735557","103","514","1","21026",
"GO:BP","regulation of response to wounding","GO:1903034","0.940697863570273","0.026549842305133395","170","514","2","21026",
"GO:BP","ADP metabolic process","GO:0046031","0.9422816331383355","0.02581927402500386","104","514","1","21026",
"GO:BP","negative regulation of Wnt signaling pathway","GO:0030178","0.9434666284818803","0.02527345673115098","172","514","2","21026",
"GO:BP","nucleoside diphosphate catabolic process","GO:0009134","0.9474793494583993","0.023430246810021125","107","514","1","21026",
"GO:BP","regulation of cell cycle G1/S phase transition","GO:1902806","0.9490081099966089","0.022730076179950924","176","514","2","21026",
"GO:BP","mitochondrial transport","GO:0006839","0.9516123176780149","0.02153994508688402","178","514","2","21026",
"GO:BP","long-term synaptic potentiation","GO:0060291","0.9520964370397444","0.02131906006821409","110","514","1","21026",
"GO:BP","adaptive immune response","GO:0002250","0.9522048324905976","0.02126961878812567","762","514","13","21026",
"GO:BP","antimicrobial humoral immune response mediated by antimicrobial peptide","GO:0061844","0.9533722241760388","0.020737505086548428","111","514","1","21026",
"GO:BP","regulation of T cell proliferation","GO:0042129","0.9548739190773405","0.02005396858778736","181","514","2","21026",
"GO:BP","cell fate specification","GO:0001708","0.9561597927047026","0.01946952269170015","113","514","1","21026",
"GO:BP","female pregnancy","GO:0007565","0.9568608534731892","0.019151212654147026","183","514","2","21026",
"GO:BP","primary metabolic process","GO:0044238","0.9568608534731892","0.019151212654147026","12342","514","285","21026",
"GO:BP","membrane organization","GO:0061024","0.9576833836596722","0.018778047765879543","821","514","14","21026",
"GO:BP","organophosphate catabolic process","GO:0046434","0.9576833836596722","0.018778047765879543","246","514","3","21026",
"GO:BP","regulation of macroautophagy","GO:0016241","0.9576833836596722","0.018778047765879543","184","514","2","21026",
"GO:BP","positive regulation of peptide hormone secretion","GO:0090277","0.9578965464896356","0.01868139250266127","115","514","1","21026",
"GO:BP","myoblast differentiation","GO:0045445","0.9578965464896356","0.01868139250266127","115","514","1","21026",
"GO:BP","macroautophagy","GO:0016236","0.9587592791547204","0.018290419792698732","362","514","5","21026",
"GO:BP","positive regulation of calcium ion transport","GO:0051928","0.958977298203201","0.018191673727956832","116","514","1","21026",
"GO:BP","positive regulation of peptide secretion","GO:0002793","0.9602013650059983","0.01763768098073407","117","514","1","21026",
"GO:BP","regulation of receptor-mediated endocytosis","GO:0048259","0.9627255677793468","0.016497494167968547","119","514","1","21026",
"GO:BP","negative regulation of leukocyte activation","GO:0002695","0.9631549598600208","0.016303834580446486","190","514","2","21026",
"GO:BP","positive regulation of T cell differentiation","GO:0045582","0.964937540316018","0.015500797302834728","121","514","1","21026",
"GO:BP","cellular detoxification","GO:1990748","0.9658154253153677","0.01510586263845904","122","514","1","21026",
"GO:BP","defense response to Gram-positive bacterium","GO:0050830","0.9658154253153677","0.01510586263845904","122","514","1","21026",
"GO:BP","pyruvate metabolic process","GO:0006090","0.9680206848028291","0.014115362526576287","124","514","1","21026",
"GO:BP","detection of stimulus","GO:0051606","0.9697431636966548","0.01334327332036215","645","514","10","21026",
"GO:BP","purine ribonucleotide catabolic process","GO:0009154","0.9731274034238241","0.011830297468751957","129","514","1","21026",
"GO:BP","mitochondrial translation","GO:0032543","0.9739600572451543","0.011458853464013829","130","514","1","21026",
"GO:BP","negative regulation of T cell activation","GO:0050868","0.974585714352573","0.011179958872350607","131","514","1","21026",
"GO:BP","response to amino acid","GO:0043200","0.974585714352573","0.011179958872350607","131","514","1","21026",
"GO:BP","multi-organism reproductive process","GO:0044703","0.9753208702099102","0.010852482520574747","205","514","2","21026",
"GO:BP","spliceosomal complex assembly","GO:0000245","0.9764628861948332","0.010344258906693507","332","514","4","21026",
"GO:BP","DNA-templated transcription elongation","GO:0006354","0.9768626719018946","0.010166485439055007","134","514","1","21026",
"GO:BP","mRNA splice site recognition","GO:0006376","0.9771004797935577","0.010060773460277235","208","514","2","21026",
"GO:BP","immunoglobulin mediated immune response","GO:0016064","0.9776626620282014","0.009810970664391027","209","514","2","21026",
"GO:BP","ribonucleotide catabolic process","GO:0009261","0.9779012648046014","0.009704992160441683","136","514","1","21026",
"GO:BP","regulation of generation of precursor metabolites and energy","GO:0043467","0.9779012648046014","0.009704992160441683","136","514","1","21026",
"GO:BP","purine nucleotide catabolic process","GO:0006195","0.9784884617440505","0.009444291140813152","138","514","1","21026",
"GO:BP","B cell mediated immunity","GO:0019724","0.9784884617440505","0.009444291140813152","212","514","2","21026",
"GO:BP","positive regulation of lymphocyte differentiation","GO:0045621","0.9784884617440505","0.009444291140813152","137","514","1","21026",
"GO:BP","negative regulation of canonical Wnt signaling pathway","GO:0090090","0.9784884617440505","0.009444291140813152","138","514","1","21026",
"GO:BP","negative regulation of cell activation","GO:0050866","0.9784884617440505","0.009444291140813152","212","514","2","21026",
"GO:BP","nucleobase-containing compound metabolic process","GO:0006139","0.9784884617440505","0.009444291140813152","7992","514","176","21026",
"GO:BP","multi-multicellular organism process","GO:0044706","0.9795245426286637","0.008984678000364553","214","514","2","21026",
"GO:BP","regulation of cell shape","GO:0008360","0.9797212730402619","0.00889746185649583","140","514","1","21026",
"GO:BP","humoral immune response","GO:0006959","0.9799869818969801","0.008779693417564242","281","514","3","21026",
"GO:BP","post-transcriptional regulation of gene expression","GO:0010608","0.9826639058361366","0.007594995697318527","1088","514","18","21026",
"GO:BP","response to acid chemical","GO:0001101","0.9828340313499759","0.007519814166289639","145","514","1","21026",
"GO:BP","rRNA processing","GO:0006364","0.9849014934822117","0.006607203996228879","225","514","2","21026",
"GO:BP","detoxification","GO:0098754","0.9849014934822117","0.006607203996228879","149","514","1","21026",
"GO:BP","protein processing","GO:0016485","0.9849014934822117","0.006607203996228879","225","514","2","21026",
"GO:BP","antimicrobial humoral response","GO:0019730","0.9902223752669777","0.004267264486871746","159","514","1","21026",
"GO:BP","multicellular organism growth","GO:0035264","0.990517149218398","0.004138000946791673","160","514","1","21026",
"GO:BP","nucleic acid metabolic process","GO:0090304","0.9909181721520789","0.003962207119242642","7434","514","160","21026",
"GO:BP","negative regulation of lymphocyte activation","GO:0051250","0.9919485465381503","0.003510854593906749","164","514","1","21026",
"GO:BP","keratinocyte differentiation","GO:0030216","0.996819655752839","0.001383406980217708","178","514","1","21026",
"GO:BP","mRNA 5'-splice site recognition","GO:0000395","0.9977833822380519","0.0009637333717957941","182","514","1","21026",
"GO:BP","rRNA metabolic process","GO:0016072","0.9981683849023113","0.0007961897092360267","266","514","2","21026",
"GO:BP","cotranslational protein targeting to membrane","GO:0006613","1","0","237","514","1","21026",
"GO:BP","mRNA trans splicing, SL addition","GO:0045291","1","0","1126","514","1","21026",
"GO:BP","detection of stimulus involved in sensory perception","GO:0050906","1","0","518","514","5","21026",
"GO:BP","nucleic acid biosynthetic process","GO:0141187","1","0","6782","514","134","21026",
"GO:BP","mRNA processing","GO:0006397","1","0","1885","514","19","21026",
"GO:BP","mRNA splicing, via spliceosome","GO:0000398","1","0","1691","514","15","21026",
"GO:BP","spliceosomal tri-snRNP complex assembly","GO:0000244","1","0","1196","514","1","21026",
"GO:BP","spliceosomal snRNP assembly","GO:0000387","1","0","1222","514","1","21026",
"GO:BP","RNA splicing, via transesterification reactions with bulged adenosine as nucleophile","GO:0000377","1","0","1691","514","15","21026",
"GO:BP","formation of quadruple SL/U4/U5/U6 snRNP","GO:0000353","1","0","1126","514","1","21026",
"GO:BP","detection of chemical stimulus","GO:0009593","1","0","481","514","2","21026",
"GO:BP","protein-containing complex assembly","GO:0065003","1","0","3238","514","59","21026",
"GO:BP","detection of chemical stimulus involved in sensory perception","GO:0050907","1","0","444","514","1","21026",
"GO:BP","RNA splicing, via transesterification reactions","GO:0000375","1","0","1695","514","15","21026",
"GO:BP","regulatory ncRNA-mediated gene silencing","GO:0031047","1","0","680","514","2","21026",
"GO:BP","mRNA cis splicing, via spliceosome","GO:0045292","1","0","205","514","1","21026",
"GO:BP","epidermal cell differentiation","GO:0009913","1","0","253","514","1","21026",
"GO:BP","mRNA trans splicing, via spliceosome","GO:0000365","1","0","1126","514","1","21026",
"GO:BP","SRP-dependent cotranslational protein targeting to membrane, signal sequence recognition","GO:0006617","1","0","219","514","1","21026",
"GO:BP","SRP-dependent cotranslational protein targeting to membrane","GO:0006614","1","0","232","514","1","21026",
"GO:BP","gene expression","GO:0010467","1","0","9224","514","183","21026",
"GO:BP","protein targeting to ER","GO:0045047","1","0","251","514","1","21026",
"GO:BP","detection of chemical stimulus involved in sensory perception of smell","GO:0050911","1","0","398","514","1","21026",
"GO:BP","protein-RNA complex assembly","GO:0022618","1","0","1582","514","7","21026",
"GO:BP","biosynthetic process","GO:0009058","1","0","10664","514","229","21026",
"GO:BP","RNA splicing","GO:0008380","1","0","1837","514","22","21026",
"GO:BP","metabolic process","GO:0008152","1","0","14136","514","315","21026",
"GO:BP","biological_process","GO:0008150","1","0","21026","514","514","21026",
"GO:BP","protein-containing complex organization","GO:0043933","1","0","3434","514","62","21026",
"GO:BP","sensory perception of smell","GO:0007608","1","0","426","514","1","21026",
"GO:BP","sensory perception of chemical stimulus","GO:0007606","1","0","501","514","1","21026",
"GO:BP","protein-RNA complex organization","GO:0071826","1","0","1592","514","7","21026",
"GO:BP","macromolecule biosynthetic process","GO:0009059","1","0","9643","514","199","21026",
"GO:BP","RNA metabolic process","GO:0016070","1","0","6873","514","136","21026",
"GO:BP","post-transcriptional gene silencing","GO:0016441","1","0","623","514","2","21026",
"GO:BP","protein localization to endoplasmic reticulum","GO:0070972","1","0","287","514","2","21026",
"GO:BP","RNA processing","GO:0006396","1","0","3322","514","35","21026",
"GO:BP","macromolecule metabolic process","GO:0043170","1","0","12048","514","260","21026",
"GO:BP","defense response to bacterium","GO:0042742","1","0","332","514","2","21026",
"GO:BP","nucleobase-containing compound biosynthetic process","GO:0034654","1","0","7076","514","141","21026",
"GO:BP","regulatory ncRNA-mediated post-transcriptional gene silencing","GO:0035194","1","0","617","514","2","21026",
"GO:BP","RNA biosynthetic process","GO:0032774","1","0","6671","514","130","21026",
"GO:BP","miRNA-mediated post-transcriptional gene silencing","GO:0035195","1","0","603","514","2","21026",
"GO:BP","ribonucleoprotein complex biogenesis","GO:0022613","1","0","1849","514","12","21026",
"GO:BP","mRNA metabolic process","GO:0016071","1","0","2140","514","25","21026",
"GO:BP","establishment of protein localization to endoplasmic reticulum","GO:0072599","1","0","255","514","1","21026",
"REAC","ABC transporters in lipid homeostasis","REAC:R-HSA-1369062","0.16780489480588753","0.7751953751152898","18","325","5","11004",
"REAC","MET activates PTK2 signaling","REAC:R-HSA-8874081","0.7139515578782039","0.14633125441415923","30","325","5","11004",
"REAC","Collagen chain trimerization","REAC:R-HSA-8948216","0.7139515578782039","0.14633125441415923","44","325","6","11004",
"REAC","PI-3K cascade:FGFR2","REAC:R-HSA-5654695","0.7400101376542353","0.13076233067829887","18","325","3","11004",
"REAC","Endogenous sterols","REAC:R-HSA-211976","0.7400101376542353","0.13076233067829887","26","325","3","11004",
"REAC","Neurotransmitter release cycle","REAC:R-HSA-112310","0.7400101376542353","0.13076233067829887","50","325","5","11004",
"REAC","Activated point mutants of FGFR2","REAC:R-HSA-2033519","0.7400101376542353","0.13076233067829887","14","325","3","11004",
"REAC","Voltage gated Potassium channels","REAC:R-HSA-1296072","0.7400101376542353","0.13076233067829887","43","325","4","11004",
"REAC","tRNA modification in the nucleus and cytosol","REAC:R-HSA-6782315","0.7400101376542353","0.13076233067829887","41","325","4","11004",
"REAC","Downstream signaling of activated FGFR2","REAC:R-HSA-5654696","0.7400101376542353","0.13076233067829887","23","325","3","11004",
"REAC","PI3K Cascade","REAC:R-HSA-109704","0.7400101376542353","0.13076233067829887","36","325","4","11004",
"REAC","Synthesis of epoxy (EET) and dihydroxyeicosatrienoic acids (DHET)","REAC:R-HSA-2142670","0.7400101376542353","0.13076233067829887","8","325","2","11004",
"REAC","Transport of RCbl within the body","REAC:R-HSA-9758890","0.7400101376542353","0.13076233067829887","8","325","2","11004",
"REAC","AURKA Activation by TPX2","REAC:R-HSA-8854518","0.7400101376542353","0.13076233067829887","71","325","6","11004",
"REAC","Negative regulation of FGFR1 signaling","REAC:R-HSA-5654726","0.7400101376542353","0.13076233067829887","26","325","3","11004",
"REAC","Defective C1GALT1C1 causes TNPS","REAC:R-HSA-5083632","0.7400101376542353","0.13076233067829887","17","325","3","11004",
"REAC","Transcriptional regulation of testis differentiation","REAC:R-HSA-9690406","0.7400101376542353","0.13076233067829887","11","325","2","11004",
"REAC","Mitochondrial transcription termination","REAC:R-HSA-163316","0.7400101376542353","0.13076233067829887","1","325","1","11004",
"REAC","ABC-family proteins mediated transport","REAC:R-HSA-382556","0.7400101376542353","0.13076233067829887","103","325","7","11004",
"REAC","tRNA processing","REAC:R-HSA-72306","0.7400101376542353","0.13076233067829887","103","325","7","11004",
"REAC","Muscle contraction","REAC:R-HSA-397014","0.7400101376542353","0.13076233067829887","203","325","12","11004",
"REAC","Other semaphorin interactions","REAC:R-HSA-416700","0.7400101376542353","0.13076233067829887","19","325","3","11004",
"REAC","Transcription from mitochondrial promoters","REAC:R-HSA-75944","0.7400101376542353","0.13076233067829887","4","325","2","11004",
"REAC","PI-3K cascade:FGFR1","REAC:R-HSA-5654689","0.7400101376542353","0.13076233067829887","15","325","3","11004",
"REAC","Mitotic Prometaphase","REAC:R-HSA-68877","0.7400101376542353","0.13076233067829887","200","325","12","11004",
"REAC","Defective CYP1B1 causes Glaucoma","REAC:R-HSA-5579000","0.7400101376542353","0.13076233067829887","1","325","1","11004",
"REAC","Cardiac conduction","REAC:R-HSA-5576891","0.7400101376542353","0.13076233067829887","130","325","9","11004",
"REAC","Neuronal System","REAC:R-HSA-112316","0.7400101376542353","0.13076233067829887","399","325","21","11004",
"REAC","Signaling by Receptor Tyrosine Kinases","REAC:R-HSA-9006934","0.7400101376542353","0.13076233067829887","516","325","23","11004",
"REAC","Phospholipase C-mediated cascade: FGFR1","REAC:R-HSA-5654219","0.7400101376542353","0.13076233067829887","11","325","2","11004",
"REAC","M Phase","REAC:R-HSA-68886","0.7400101376542353","0.13076233067829887","407","325","20","11004",
"REAC","Class I peroxisomal membrane protein import","REAC:R-HSA-9603798","0.7400101376542353","0.13076233067829887","19","325","3","11004",
"REAC","Collagen biosynthesis and modifying enzymes","REAC:R-HSA-1650814","0.7400101376542353","0.13076233067829887","67","325","7","11004",
"REAC","FRS-mediated FGFR2 signaling","REAC:R-HSA-5654700","0.7400101376542353","0.13076233067829887","19","325","3","11004",
"REAC","Serotonin Neurotransmitter Release Cycle","REAC:R-HSA-181429","0.7400101376542353","0.13076233067829887","17","325","3","11004",
"REAC","FGFRL1 modulation of FGFR1 signaling","REAC:R-HSA-5658623","0.7400101376542353","0.13076233067829887","10","325","2","11004",
"REAC","Presynaptic depolarization and calcium channel opening","REAC:R-HSA-112308","0.7400101376542353","0.13076233067829887","11","325","2","11004",
"REAC","RAS processing","REAC:R-HSA-9648002","0.7400101376542353","0.13076233067829887","24","325","3","11004",
"REAC","Downstream signaling of activated FGFR1","REAC:R-HSA-5654687","0.7400101376542353","0.13076233067829887","23","325","4","11004",
"REAC","Dopamine Neurotransmitter Release Cycle","REAC:R-HSA-212676","0.7400101376542353","0.13076233067829887","22","325","3","11004",
"REAC","SUMOylation","REAC:R-HSA-2990846","0.7400101376542353","0.13076233067829887","178","325","10","11004",
"REAC","SUMO E3 ligases SUMOylate target proteins","REAC:R-HSA-3108232","0.7400101376542353","0.13076233067829887","172","325","10","11004",
"REAC","STAT5 activation downstream of FLT3 ITD mutants","REAC:R-HSA-9702518","0.7400101376542353","0.13076233067829887","10","325","2","11004",
"REAC","FRS-mediated FGFR1 signaling","REAC:R-HSA-5654693","0.7400101376542353","0.13076233067829887","16","325","3","11004",
"REAC","Respiratory syncytial virus genome transcription","REAC:R-HSA-9828642","0.7400101376542353","0.13076233067829887","1","325","1","11004",
"REAC","Regulation of the apoptosome activity","REAC:R-HSA-9627069","0.7400101376542353","0.13076233067829887","11","325","2","11004",
"REAC","Collagen formation","REAC:R-HSA-1474290","0.7400101376542353","0.13076233067829887","89","325","7","11004",
"REAC","Signaling by Type 1 Insulin-like Growth Factor 1 Receptor (IGF1R)","REAC:R-HSA-2404192","0.7400101376542353","0.13076233067829887","44","325","4","11004",
"REAC","L1CAM interactions","REAC:R-HSA-373760","0.7400101376542353","0.13076233067829887","119","325","8","11004",
"REAC","Signaling by FGFR1","REAC:R-HSA-5654736","0.7400101376542353","0.13076233067829887","43","325","5","11004",
"REAC","Defective FMO3 causes TMAU","REAC:R-HSA-5579019","0.7400101376542353","0.13076233067829887","1","325","1","11004",
"REAC","Signaling by MET","REAC:R-HSA-6806834","0.7400101376542353","0.13076233067829887","76","325","6","11004",
"REAC","IGF1R signaling cascade","REAC:R-HSA-2428924","0.7400101376542353","0.13076233067829887","43","325","4","11004",
"REAC","IRS-mediated signalling","REAC:R-HSA-112399","0.7400101376542353","0.13076233067829887","39","325","4","11004",
"REAC","Signaling by Leptin","REAC:R-HSA-2586552","0.7400101376542353","0.13076233067829887","9","325","2","11004",
"REAC","IRS-related events triggered by IGF1R","REAC:R-HSA-2428928","0.7400101376542353","0.13076233067829887","43","325","4","11004",
"REAC","MET promotes cell motility","REAC:R-HSA-8875878","0.7400101376542353","0.13076233067829887","40","325","5","11004",
"REAC","Defective SLC4A4 causes renal tubular acidosis, proximal, with ocular abnormalities and mental retardation (pRTA-OA)","REAC:R-HSA-5619054","0.7400101376542353","0.13076233067829887","1","325","1","11004",
"REAC","Formation of apoptosome","REAC:R-HSA-111458","0.7400101376542353","0.13076233067829887","11","325","2","11004",
"REAC","MET interacts with TNS proteins","REAC:R-HSA-8875513","0.7400101376542353","0.13076233067829887","5","325","2","11004",
"REAC","MET activates PTPN11","REAC:R-HSA-8865999","0.7400101376542353","0.13076233067829887","4","325","2","11004",
"REAC","Cell Cycle, Mitotic","REAC:R-HSA-69278","0.7400101376542353","0.13076233067829887","549","325","25","11004",
"REAC","Signaling by FGFR2 fusions","REAC:R-HSA-8853333","0.7400101376542353","0.13076233067829887","1","325","1","11004",
"REAC","Signaling by FGFR2 amplification mutants","REAC:R-HSA-2023837","0.7400101376542353","0.13076233067829887","1","325","1","11004",
"REAC","CHL1 interactions","REAC:R-HSA-447041","0.7400101376542353","0.13076233067829887","9","325","2","11004",
"REAC","Defective PMM2 causes PMM2-CDG","REAC:R-HSA-4043911","0.7400101376542353","0.13076233067829887","1","325","1","11004",
"REAC","Anchoring of the basal body to the plasma membrane","REAC:R-HSA-5620912","0.7400101376542353","0.13076233067829887","96","325","7","11004",
"REAC","Axon guidance","REAC:R-HSA-422475","0.7559839248167245","0.1214874392046363","543","325","23","11004",
"REAC","Loss of MECP2 binding ability to 5mC-DNA","REAC:R-HSA-9022538","0.7559839248167245","0.1214874392046363","2","325","1","11004",
"REAC","Abasic sugar-phosphate removal via the single-nucleotide replacement pathway","REAC:R-HSA-73930","0.7559839248167245","0.1214874392046363","2","325","1","11004",
"REAC","Platelet calcium homeostasis","REAC:R-HSA-418360","0.7559839248167245","0.1214874392046363","28","325","3","11004",
"REAC","Apoptosis induced DNA fragmentation","REAC:R-HSA-140342","0.7559839248167245","0.1214874392046363","13","325","2","11004",
"REAC","Sensory perception of sour taste","REAC:R-HSA-9729555","0.7559839248167245","0.1214874392046363","2","325","1","11004",
"REAC","Negative regulation of FGFR2 signaling","REAC:R-HSA-5654727","0.7559839248167245","0.1214874392046363","28","325","3","11004",
"REAC","Nervous system development","REAC:R-HSA-9675108","0.7559839248167245","0.1214874392046363","568","325","24","11004",
"REAC","TRAF6 mediated IRF7 activation","REAC:R-HSA-933541","0.7559839248167245","0.1214874392046363","30","325","3","11004",
"REAC","FLT3 signaling in disease","REAC:R-HSA-9682385","0.7559839248167245","0.1214874392046363","27","325","3","11004",
"REAC","Drug-mediated inhibition of MET activation","REAC:R-HSA-9734091","0.7559839248167245","0.1214874392046363","2","325","1","11004",
"REAC","Loss of proteins required for interphase microtubule organization from the centrosome","REAC:R-HSA-380284","0.7559839248167245","0.1214874392046363","68","325","5","11004",
"REAC","PDE3B signalling","REAC:R-HSA-165160","0.7559839248167245","0.1214874392046363","2","325","1","11004",
"REAC","Loss of Nlp from mitotic centrosomes","REAC:R-HSA-380259","0.7559839248167245","0.1214874392046363","68","325","5","11004",
"REAC","SHC-mediated cascade:FGFR1","REAC:R-HSA-5654688","0.7559839248167245","0.1214874392046363","13","325","2","11004",
"REAC","Insulin receptor signalling cascade","REAC:R-HSA-74751","0.7559839248167245","0.1214874392046363","45","325","4","11004",
"REAC","Organelle biogenesis and maintenance","REAC:R-HSA-1852241","0.7559839248167245","0.1214874392046363","291","325","14","11004",
"REAC","Transmission across Chemical Synapses","REAC:R-HSA-112315","0.7559839248167245","0.1214874392046363","258","325","13","11004",
"REAC","Mitotic Metaphase/Anaphase Transition","REAC:R-HSA-68881","0.7559839248167245","0.1214874392046363","2","325","1","11004",
"REAC","PKB-mediated events","REAC:R-HSA-109703","0.7559839248167245","0.1214874392046363","2","325","1","11004",
"REAC","PI-3K cascade:FGFR3","REAC:R-HSA-5654710","0.7559839248167245","0.1214874392046363","13","325","2","11004",
"REAC","mRNA Splicing","REAC:R-HSA-72172","0.7559839248167245","0.1214874392046363","209","325","11","11004",
"REAC","FGFR1 ligand binding and activation","REAC:R-HSA-190242","0.7559839248167245","0.1214874392046363","13","325","2","11004",
"REAC","Cytochrome c-mediated apoptotic response","REAC:R-HSA-111461","0.7559839248167245","0.1214874392046363","13","325","2","11004",
"REAC","Hormone ligand-binding receptors","REAC:R-HSA-375281","0.7559839248167245","0.1214874392046363","12","325","2","11004",
"REAC","FGFR2 mutant receptor activation","REAC:R-HSA-1839126","0.7559839248167245","0.1214874392046363","29","325","3","11004",
"REAC","PI5P, PP2A and IER3 Regulate PI3K/AKT Signaling","REAC:R-HSA-6811558","0.7559839248167245","0.1214874392046363","92","325","6","11004",
"REAC","Constitutive Signaling by Aberrant PI3K in Cancer","REAC:R-HSA-2219530","0.7559839248167245","0.1214874392046363","65","325","5","11004",
"REAC","Elevation of cytosolic Ca2+ levels","REAC:R-HSA-139853","0.7627270818736961","0.11763083300095756","16","325","2","11004",
"REAC","Evasion of Oxidative Stress Induced Senescence Due to p16INK4A Defects","REAC:R-HSA-9632693","0.7627270818736961","0.11763083300095756","3","325","1","11004",
"REAC","mRNA Splicing - Major Pathway","REAC:R-HSA-72163","0.7627270818736961","0.11763083300095756","202","325","10","11004",
"REAC","Synthesis of PIPs at the plasma membrane","REAC:R-HSA-1660499","0.7627270818736961","0.11763083300095756","53","325","4","11004",
"REAC","Evasion of Oxidative Stress Induced Senescence Due to Defective p16INK4A binding to CDK4 and CDK6","REAC:R-HSA-9632700","0.7627270818736961","0.11763083300095756","3","325","1","11004",
"REAC","SHC-mediated cascade:FGFR2","REAC:R-HSA-5654699","0.7627270818736961","0.11763083300095756","16","325","2","11004",
"REAC","Defective GALNT12 causes CRCS1","REAC:R-HSA-5083636","0.7627270818736961","0.11763083300095756","16","325","2","11004",
"REAC","Evasion of Oncogene Induced Senescence Due to p16INK4A Defects","REAC:R-HSA-9630750","0.7627270818736961","0.11763083300095756","3","325","1","11004",
"REAC","FGFR2 ligand binding and activation","REAC:R-HSA-190241","0.7627270818736961","0.11763083300095756","16","325","2","11004",
"REAC","Signaling by FGFR in disease","REAC:R-HSA-1226099","0.7627270818736961","0.11763083300095756","56","325","4","11004",
"REAC","FMO oxidises nucleophiles","REAC:R-HSA-217271","0.7627270818736961","0.11763083300095756","3","325","1","11004",
"REAC","Evasion of Oncogene Induced Senescence Due to Defective p16INK4A binding to CDK4 and CDK6","REAC:R-HSA-9630794","0.7627270818736961","0.11763083300095756","3","325","1","11004",
"REAC","Defective GALNT3 causes HFTC","REAC:R-HSA-5083625","0.7627270818736961","0.11763083300095756","16","325","2","11004",
"REAC","The AIM2 inflammasome","REAC:R-HSA-844615","0.7627270818736961","0.11763083300095756","3","325","1","11004",
"REAC","SUMOylation of DNA damage response and repair proteins","REAC:R-HSA-3108214","0.7627270818736961","0.11763083300095756","72","325","5","11004",
"REAC","Selective autophagy","REAC:R-HSA-9663891","0.7627270818736961","0.11763083300095756","80","325","5","11004",
"REAC","TWIK related potassium channel (TREK)","REAC:R-HSA-1299503","0.7627270818736961","0.11763083300095756","3","325","1","11004",
"REAC","Signaling by FGFR","REAC:R-HSA-190236","0.7627270818736961","0.11763083300095756","77","325","5","11004",
"REAC","Transcriptional activation of mitochondrial biogenesis","REAC:R-HSA-2151201","0.7627270818736961","0.11763083300095756","52","325","4","11004",
"REAC","Apoptotic execution phase","REAC:R-HSA-75153","0.7627270818736961","0.11763083300095756","51","325","4","11004",
"REAC","Signaling by FLT3 ITD and TKD mutants","REAC:R-HSA-9703648","0.7627270818736961","0.11763083300095756","15","325","2","11004",
"REAC","VEGFR2 mediated cell proliferation","REAC:R-HSA-5218921","0.7627270818736961","0.11763083300095756","16","325","2","11004",
"REAC","Signaling by FLT3 fusion proteins","REAC:R-HSA-9703465","0.7627270818736961","0.11763083300095756","17","325","2","11004",
"REAC","Diseases of Cellular Senescence","REAC:R-HSA-9630747","0.7627270818736961","0.11763083300095756","3","325","1","11004",
"REAC","HSP90 chaperone cycle for steroid hormone receptors (SHR) in the presence of ligand","REAC:R-HSA-3371497","0.7627270818736961","0.11763083300095756","57","325","4","11004",
"REAC","Mitochondrial transcription initiation","REAC:R-HSA-163282","0.7627270818736961","0.11763083300095756","3","325","1","11004",
"REAC","Potassium Channels","REAC:R-HSA-1296071","0.7627270818736961","0.11763083300095756","103","325","6","11004",
"REAC","FRS-mediated FGFR3 signaling","REAC:R-HSA-5654706","0.7627270818736961","0.11763083300095756","14","325","2","11004",
"REAC","PI-3K cascade:FGFR4","REAC:R-HSA-5654720","0.7627270818736961","0.11763083300095756","17","325","2","11004",
"REAC","Mitotic G2-G2/M phases","REAC:R-HSA-453274","0.7627270818736961","0.11763083300095756","198","325","10","11004",
"REAC","G2/M Transition","REAC:R-HSA-69275","0.7627270818736961","0.11763083300095756","196","325","10","11004",
"REAC","MET activates STAT3","REAC:R-HSA-8875791","0.7627270818736961","0.11763083300095756","3","325","1","11004",
"REAC","Diseases of cellular response to stress","REAC:R-HSA-9675132","0.7627270818736961","0.11763083300095756","3","325","1","11004",
"REAC","Interaction between L1 and Ankyrins","REAC:R-HSA-445095","0.7627270818736961","0.11763083300095756","31","325","3","11004",
"REAC","Negative regulation of the PI3K/AKT network","REAC:R-HSA-199418","0.7627270818736961","0.11763083300095756","99","325","6","11004",
"REAC","HS-GAG biosynthesis","REAC:R-HSA-2022928","0.7627270818736961","0.11763083300095756","31","325","3","11004",
"REAC","Recruitment of NuMA to mitotic centrosomes","REAC:R-HSA-380320","0.7627270818736961","0.11763083300095756","94","325","6","11004",
"REAC","Formation of Senescence-Associated Heterochromatin Foci (SAHF)","REAC:R-HSA-2559584","0.7627270818736961","0.11763083300095756","16","325","2","11004",
"REAC","Cell Cycle","REAC:R-HSA-1640170","0.7627270818736961","0.11763083300095756","679","325","27","11004",
"REAC","Centrosome maturation","REAC:R-HSA-380287","0.7627270818736961","0.11763083300095756","80","325","5","11004",
"REAC","Phase 0 - rapid depolarisation","REAC:R-HSA-5576892","0.7627270818736961","0.11763083300095756","32","325","3","11004",
"REAC","Norepinephrine Neurotransmitter Release Cycle","REAC:R-HSA-181430","0.7627270818736961","0.11763083300095756","17","325","2","11004",
"REAC","Regulation of RUNX1 Expression and Activity","REAC:R-HSA-8934593","0.7627270818736961","0.11763083300095756","17","325","2","11004",
"REAC","GPVI-mediated activation cascade","REAC:R-HSA-114604","0.7627270818736961","0.11763083300095756","35","325","3","11004",
"REAC","Clathrin-mediated endocytosis","REAC:R-HSA-8856828","0.7627270818736961","0.11763083300095756","145","325","8","11004",
"REAC","Phospholipase C-mediated cascade; FGFR2","REAC:R-HSA-5654221","0.7627270818736961","0.11763083300095756","14","325","2","11004",
"REAC","Recruitment of mitotic centrosome proteins and complexes","REAC:R-HSA-380270","0.7627270818736961","0.11763083300095756","80","325","5","11004",
"REAC","Heparan sulfate/heparin (HS-GAG) metabolism","REAC:R-HSA-1638091","0.7627270818736961","0.11763083300095756","57","325","4","11004",
"REAC","Glycosphingolipid catabolism","REAC:R-HSA-9840310","0.7644942566310543","0.11662577293682794","36","325","3","11004",
"REAC","Signaling by FGFR2 in disease","REAC:R-HSA-5655253","0.8046713056169156","0.09438148523253964","37","325","3","11004",
"REAC","FRS-mediated FGFR4 signaling","REAC:R-HSA-5654712","0.8046713056169156","0.09438148523253964","18","325","2","11004",
"REAC","G alpha (q) signalling events","REAC:R-HSA-416476","0.8046713056169156","0.09438148523253964","212","325","10","11004",
"REAC","Downstream signaling of activated FGFR3","REAC:R-HSA-5654708","0.8046713056169156","0.09438148523253964","18","325","2","11004",
"REAC","Non-integrin membrane-ECM interactions","REAC:R-HSA-3000171","0.8046713056169156","0.09438148523253964","59","325","4","11004",
"REAC","GABA synthesis, release, reuptake and degradation","REAC:R-HSA-888590","0.8046713056169156","0.09438148523253964","18","325","2","11004",
"REAC","Classical Kir channels","REAC:R-HSA-1296053","0.8190905285237121","0.08666809596173614","4","325","1","11004",
"REAC","MAPK1/MAPK3 signaling","REAC:R-HSA-5684996","0.8190905285237121","0.08666809596173614","271","325","12","11004",
"REAC","MDK and PTN in ALK signaling","REAC:R-HSA-9851151","0.8190905285237121","0.08666809596173614","4","325","1","11004",
"REAC","Regulation of cortical dendrite branching","REAC:R-HSA-8985801","0.8190905285237121","0.08666809596173614","4","325","1","11004",
"REAC","Localization of the PINCH-ILK-PARVIN complex to focal adhesions","REAC:R-HSA-446343","0.8190905285237121","0.08666809596173614","4","325","1","11004",
"REAC","Extracellular matrix organization","REAC:R-HSA-1474244","0.8190905285237121","0.08666809596173614","298","325","13","11004",
"REAC","Phase 4 - resting membrane potential","REAC:R-HSA-5576886","0.8190905285237121","0.08666809596173614","19","325","2","11004",
"REAC","TET1,2,3 and TDG demethylate DNA","REAC:R-HSA-5221030","0.8190905285237121","0.08666809596173614","4","325","1","11004",
"REAC","Resolution of AP sites via the single-nucleotide replacement pathway","REAC:R-HSA-110381","0.8190905285237121","0.08666809596173614","4","325","1","11004",
"REAC","Activation of AMPA receptors","REAC:R-HSA-399710","0.8190905285237121","0.08666809596173614","4","325","1","11004",
"REAC","Utilization of Ketone Bodies","REAC:R-HSA-77108","0.8190905285237121","0.08666809596173614","4","325","1","11004",
"REAC","Platelet homeostasis","REAC:R-HSA-418346","0.8190905285237121","0.08666809596173614","85","325","5","11004",
"REAC","O-linked glycosylation of mucins","REAC:R-HSA-913709","0.8190905285237121","0.08666809596173614","62","325","4","11004",
"REAC","FGFR3b ligand binding and activation","REAC:R-HSA-190371","0.8190905285237121","0.08666809596173614","4","325","1","11004",
"REAC","Apoptotic factor-mediated response","REAC:R-HSA-111471","0.8190905285237121","0.08666809596173614","19","325","2","11004",
"REAC","SLIT2:ROBO1 increases RHOA activity","REAC:R-HSA-8985586","0.8190905285237121","0.08666809596173614","4","325","1","11004",
"REAC","Carnitine synthesis","REAC:R-HSA-71262","0.8190905285237121","0.08666809596173614","4","325","1","11004",
"REAC","Regulation of PLK1 Activity at G2/M Transition","REAC:R-HSA-2565942","0.8190905285237121","0.08666809596173614","85","325","5","11004",
"REAC","Metabolism of amine-derived hormones","REAC:R-HSA-209776","0.8190905285237121","0.08666809596173614","19","325","2","11004",
"REAC","SARS-CoV-1 activates/modulates innate immune responses","REAC:R-HSA-9692916","0.8190905285237121","0.08666809596173614","40","325","3","11004",
"REAC","GPCR downstream signalling","REAC:R-HSA-388396","0.8190905285237121","0.08666809596173614","622","325","24","11004",
"REAC","Signal Transduction","REAC:R-HSA-162582","0.8363326293151828","0.0776209589905361","2558","325","85","11004",
"REAC","Processing of Capped Intron-Containing Pre-mRNA","REAC:R-HSA-72203","0.8363326293151828","0.0776209589905361","276","325","12","11004",
"REAC","Cytochrome P450 - arranged by substrate type","REAC:R-HSA-211897","0.8380536881624449","0.07672815830788964","64","325","4","11004",
"REAC","SUMOylation of transcription cofactors","REAC:R-HSA-3899300","0.8380536881624449","0.07672815830788964","41","325","3","11004",
"REAC","Collagen degradation","REAC:R-HSA-1442490","0.8380536881624449","0.07672815830788964","64","325","4","11004",
"REAC","Semaphorin interactions","REAC:R-HSA-373755","0.8380536881624449","0.07672815830788964","64","325","4","11004",
"REAC","Regulation of HSF1-mediated heat shock response","REAC:R-HSA-3371453","0.8463431050285899","0.07245353954641712","67","325","4","11004",
"REAC","Melanin biosynthesis","REAC:R-HSA-5662702","0.8463431050285899","0.07245353954641712","5","325","1","11004",
"REAC","Chaperone Mediated Autophagy","REAC:R-HSA-9613829","0.8463431050285899","0.07245353954641712","22","325","2","11004",
"REAC","Mitochondrial biogenesis","REAC:R-HSA-1592230","0.8463431050285899","0.07245353954641712","91","325","5","11004",
"REAC","Disinhibition of SNARE formation","REAC:R-HSA-114516","0.8463431050285899","0.07245353954641712","5","325","1","11004",
"REAC","Synthesis of GDP-mannose","REAC:R-HSA-446205","0.8463431050285899","0.07245353954641712","5","325","1","11004",
"REAC","Drug-mediated inhibition of CDK4/CDK6 activity","REAC:R-HSA-9754119","0.8463431050285899","0.07245353954641712","5","325","1","11004",
"REAC","RUNX3 Regulates Immune Response and Cell Migration","REAC:R-HSA-8949275","0.8463431050285899","0.07245353954641712","5","325","1","11004",
"REAC","Interleukin-37 signaling","REAC:R-HSA-9008059","0.8463431050285899","0.07245353954641712","21","325","2","11004",
"REAC","Synaptic adhesion-like molecules","REAC:R-HSA-8849932","0.8463431050285899","0.07245353954641712","21","325","2","11004",
"REAC","TFAP2A acts as a transcriptional repressor during retinoic acid induced cell differentiation","REAC:R-HSA-8869496","0.8463431050285899","0.07245353954641712","5","325","1","11004",
"REAC","The fatty acid cycling model","REAC:R-HSA-167826","0.8463431050285899","0.07245353954641712","5","325","1","11004",
"REAC","PI3K/AKT Signaling in Cancer","REAC:R-HSA-2219528","0.8463431050285899","0.07245353954641712","91","325","5","11004",
"REAC","PINK1-PRKN Mediated Mitophagy","REAC:R-HSA-5205685","0.8463431050285899","0.07245353954641712","22","325","2","11004",
"REAC","MAPK family signaling cascades","REAC:R-HSA-5683057","0.8463431050285899","0.07245353954641712","310","325","13","11004",
"REAC","SUMOylation of RNA binding proteins","REAC:R-HSA-4570464","0.8463431050285899","0.07245353954641712","43","325","3","11004",
"REAC","Ciprofloxacin ADME","REAC:R-HSA-9793528","0.8463431050285899","0.07245353954641712","5","325","1","11004",
"REAC","Netrin-1 signaling","REAC:R-HSA-373752","0.8463431050285899","0.07245353954641712","43","325","3","11004",
"REAC","NR1H2 & NR1H3 regulate gene expression linked to gluconeogenesis ","REAC:R-HSA-9632974","0.8463431050285899","0.07245353954641712","5","325","1","11004",
"REAC","Leukotriene receptors","REAC:R-HSA-391906","0.8463431050285899","0.07245353954641712","5","325","1","11004",
"REAC","Downstream signaling of activated FGFR4","REAC:R-HSA-5654716","0.8463431050285899","0.07245353954641712","22","325","2","11004",
"REAC","RUNX1 regulates transcription of genes involved in interleukin signaling","REAC:R-HSA-8939247","0.8463431050285899","0.07245353954641712","5","325","1","11004",
"REAC","Cobalamin (Cbl, vitamin B12) transport and metabolism","REAC:R-HSA-196741","0.8463431050285899","0.07245353954641712","22","325","2","11004",
"REAC","SUMOylation of chromatin organization proteins","REAC:R-HSA-4551638","0.8463431050285899","0.07245353954641712","67","325","4","11004",
"REAC","Cilium Assembly","REAC:R-HSA-5617833","0.8463431050285899","0.07245353954641712","200","325","9","11004",
"REAC","MET activates PI3K/AKT signaling","REAC:R-HSA-8851907","0.8463431050285899","0.07245353954641712","5","325","1","11004",
"REAC","Retinoid metabolism and transport","REAC:R-HSA-975634","0.8467564475972079","0.07224148775067421","44","325","3","11004",
"REAC","BBSome-mediated cargo-targeting to cilium","REAC:R-HSA-5620922","0.8626743616368133","0.06415310884181524","23","325","2","11004",
"REAC","Xenobiotics","REAC:R-HSA-211981","0.8626743616368133","0.06415310884181524","23","325","2","11004",
"REAC","Glutamate Neurotransmitter Release Cycle","REAC:R-HSA-210500","0.8626743616368133","0.06415310884181524","23","325","2","11004",
"REAC","Platelet activation, signaling and aggregation","REAC:R-HSA-76002","0.8626743616368133","0.06415310884181524","259","325","11","11004",
"REAC","Termination of O-glycan biosynthesis","REAC:R-HSA-977068","0.8626743616368133","0.06415310884181524","23","325","2","11004",
"REAC","Negative regulation of FGFR3 signaling","REAC:R-HSA-5654732","0.8626743616368133","0.06415310884181524","23","325","2","11004",
"REAC","Serotonin receptors","REAC:R-HSA-390666","0.8681288156069262","0.06141582809942769","12","325","1","11004",
"REAC","CREB1 phosphorylation through the activation of Adenylate Cyclase","REAC:R-HSA-442720","0.8681288156069262","0.06141582809942769","11","325","1","11004",
"REAC","Ca2+ pathway","REAC:R-HSA-4086398","0.8681288156069262","0.06141582809942769","59","325","3","11004",
"REAC","PI Metabolism","REAC:R-HSA-1483255","0.8681288156069262","0.06141582809942769","84","325","4","11004",
"REAC","PECAM1 interactions","REAC:R-HSA-210990","0.8681288156069262","0.06141582809942769","11","325","1","11004",
"REAC","P2Y receptors","REAC:R-HSA-417957","0.8681288156069262","0.06141582809942769","12","325","1","11004",
"REAC","Ovarian tumor domain proteases","REAC:R-HSA-5689896","0.8681288156069262","0.06141582809942769","39","325","2","11004",
"REAC","Opsins","REAC:R-HSA-419771","0.8681288156069262","0.06141582809942769","9","325","1","11004",
"REAC","Nucleosome assembly","REAC:R-HSA-774815","0.8681288156069262","0.06141582809942769","72","325","4","11004",
"REAC","Nuclear Pore Complex (NPC) Disassembly","REAC:R-HSA-3301854","0.8681288156069262","0.06141582809942769","33","325","2","11004",
"REAC","Noncanonical activation of NOTCH3","REAC:R-HSA-9017802","0.8681288156069262","0.06141582809942769","8","325","1","11004",
"REAC","Neurofascin interactions","REAC:R-HSA-447043","0.8681288156069262","0.06141582809942769","7","325","1","11004",
"REAC","PI3K events in ERBB2 signaling","REAC:R-HSA-1963642","0.8681288156069262","0.06141582809942769","13","325","1","11004",
"REAC","Cell junction organization","REAC:R-HSA-446728","0.8681288156069262","0.06141582809942769","114","325","5","11004",
"REAC","Netrin mediated repulsion signals","REAC:R-HSA-418886","0.8681288156069262","0.06141582809942769","8","325","1","11004",
"REAC","Nephron development","REAC:R-HSA-9831926","0.8681288156069262","0.06141582809942769","12","325","1","11004",
"REAC","Cell-Cell communication","REAC:R-HSA-1500931","0.8681288156069262","0.06141582809942769","150","325","6","11004",
"REAC","Negative regulation of FGFR4 signaling","REAC:R-HSA-5654733","0.8681288156069262","0.06141582809942769","27","325","2","11004",
"REAC","Cell-cell junction organization","REAC:R-HSA-421270","0.8681288156069262","0.06141582809942769","87","325","4","11004",
"REAC","Negative epigenetic regulation of rRNA expression","REAC:R-HSA-5250941","0.8681288156069262","0.06141582809942769","108","325","5","11004",
"REAC","Nectin/Necl  trans heterodimerization","REAC:R-HSA-420597","0.8681288156069262","0.06141582809942769","7","325","1","11004",
"REAC","NR1H2 & NR1H3 regulate gene expression linked to lipogenesis","REAC:R-HSA-9029558","0.8681288156069262","0.06141582809942769","8","325","1","11004",
"REAC","NoRC negatively regulates rRNA expression","REAC:R-HSA-427413","0.8681288156069262","0.06141582809942769","105","325","5","11004",
"REAC","PI3K events in ERBB4 signaling","REAC:R-HSA-1250342","0.8681288156069262","0.06141582809942769","9","325","1","11004",
"REAC","PKR-mediated signaling","REAC:R-HSA-9833482","0.8681288156069262","0.06141582809942769","75","325","4","11004",
"REAC","NF-kB is activated and signals survival","REAC:R-HSA-209560","0.8681288156069262","0.06141582809942769","13","325","1","11004",
"REAC","RAS signaling downstream of NF1 loss-of-function variants","REAC:R-HSA-6802953","0.8681288156069262","0.06141582809942769","6","325","1","11004",
"REAC","RAF/MAP kinase cascade","REAC:R-HSA-5673001","0.8681288156069262","0.06141582809942769","266","325","11","11004",
"REAC","RAC3 GTPase cycle","REAC:R-HSA-9013423","0.8681288156069262","0.06141582809942769","94","325","4","11004",
"REAC","RAB GEFs exchange GTP for GDP on RABs","REAC:R-HSA-8876198","0.8681288156069262","0.06141582809942769","88","325","4","11004",
"REAC","Purine ribonucleoside monophosphate biosynthesis","REAC:R-HSA-73817","0.8681288156069262","0.06141582809942769","11","325","1","11004",
"REAC","Proton-coupled monocarboxylate transport","REAC:R-HSA-433692","0.8681288156069262","0.06141582809942769","6","325","1","11004",
"REAC","Protein-protein interactions at synapses","REAC:R-HSA-6794362","0.8681288156069262","0.06141582809942769","86","325","4","11004",
"REAC","Bicarbonate transporters","REAC:R-HSA-425381","0.8681288156069262","0.06141582809942769","10","325","1","11004",
"REAC","Pregnenolone biosynthesis","REAC:R-HSA-196108","0.8681288156069262","0.06141582809942769","12","325","1","11004",
"REAC","Post-translational modification: synthesis of GPI-anchored proteins","REAC:R-HSA-163125","0.8681288156069262","0.06141582809942769","91","325","4","11004",
"REAC","CLEC7A (Dectin-1) induces NFAT activation","REAC:R-HSA-5607763","0.8681288156069262","0.06141582809942769","11","325","1","11004",
"REAC","Phosphorylation of Emi1","REAC:R-HSA-176417","0.8681288156069262","0.06141582809942769","6","325","1","11004",
"REAC","Phospholipase C-mediated cascade; FGFR4","REAC:R-HSA-5654228","0.8681288156069262","0.06141582809942769","13","325","1","11004",
"REAC","Phospholipase C-mediated cascade; FGFR3","REAC:R-HSA-5654227","0.8681288156069262","0.06141582809942769","9","325","1","11004",
"REAC","CD163 mediating an anti-inflammatory response","REAC:R-HSA-9662834","0.8681288156069262","0.06141582809942769","9","325","1","11004",
"REAC","Phase I - Functionalization of compounds","REAC:R-HSA-211945","0.8681288156069262","0.06141582809942769","103","325","5","11004",
"REAC","Phase 3 - rapid repolarisation","REAC:R-HSA-5576890","0.8681288156069262","0.06141582809942769","9","325","1","11004",
"REAC","Phase 1 - inactivation of fast Na+ channels","REAC:R-HSA-5576894","0.8681288156069262","0.06141582809942769","7","325","1","11004",
"REAC","Pervasive developmental disorders","REAC:R-HSA-9005895","0.8681288156069262","0.06141582809942769","11","325","1","11004",
"REAC","PTK6 promotes HIF1A stabilization","REAC:R-HSA-8857538","0.8681288156069262","0.06141582809942769","6","325","1","11004",
"REAC","PTK6 Regulates RHO GTPases, RAS GTPase and MAP kinases","REAC:R-HSA-8849471","0.8681288156069262","0.06141582809942769","13","325","1","11004",
"REAC","POLB-Dependent Long Patch Base Excision Repair","REAC:R-HSA-110362","0.8681288156069262","0.06141582809942769","8","325","1","11004",
"REAC","Phospholipid metabolism","REAC:R-HSA-1483257","0.8681288156069262","0.06141582809942769","211","325","8","11004",
"REAC","NF-kB activation through FADD/RIP-1 pathway mediated by caspase-8 and -10","REAC:R-HSA-933543","0.8681288156069262","0.06141582809942769","13","325","1","11004",
"REAC","Molecules associated with elastic fibres","REAC:R-HSA-2129379","0.8681288156069262","0.06141582809942769","37","325","2","11004",
"REAC","Modulation by Mtb of host immune system","REAC:R-HSA-9637628","0.8681288156069262","0.06141582809942769","7","325","1","11004",
"REAC","MAPK1 (ERK2) activation","REAC:R-HSA-112411","0.8681288156069262","0.06141582809942769","8","325","1","11004",
"REAC","Lysosome Vesicle Biogenesis","REAC:R-HSA-432720","0.8681288156069262","0.06141582809942769","36","325","2","11004",
"REAC","Loss of function of MECP2 in Rett syndrome","REAC:R-HSA-9005891","0.8681288156069262","0.06141582809942769","11","325","1","11004",
"REAC","Lipophagy","REAC:R-HSA-9613354","0.8681288156069262","0.06141582809942769","9","325","1","11004",
"REAC","Cohesin Loading onto Chromatin","REAC:R-HSA-2470946","0.8681288156069262","0.06141582809942769","10","325","1","11004",
"REAC","Late endosomal microautophagy","REAC:R-HSA-9615710","0.8681288156069262","0.06141582809942769","34","325","2","11004",
"REAC","Laminin interactions","REAC:R-HSA-3000157","0.8681288156069262","0.06141582809942769","30","325","2","11004",
"REAC","LTC4-CYSLTR mediated IL4 production","REAC:R-HSA-9664535","0.8681288156069262","0.06141582809942769","7","325","1","11004",
"REAC","Ketone body metabolism","REAC:R-HSA-74182","0.8681288156069262","0.06141582809942769","10","325","1","11004",
"REAC","Intra-Golgi and retrograde Golgi-to-ER traffic","REAC:R-HSA-6811442","0.8681288156069262","0.06141582809942769","202","325","8","11004",
"REAC","Interleukin-7 signaling","REAC:R-HSA-1266695","0.8681288156069262","0.06141582809942769","37","325","2","11004",
"REAC","Interleukin-6 signaling","REAC:R-HSA-1059683","0.8681288156069262","0.06141582809942769","11","325","1","11004",
"REAC","Interleukin-6 family signaling","REAC:R-HSA-6783589","0.8681288156069262","0.06141582809942769","24","325","2","11004",
"REAC","Interleukin-4 and Interleukin-13 signaling","REAC:R-HSA-6785807","0.8681288156069262","0.06141582809942769","111","325","5","11004",
"REAC","Condensation of Prometaphase Chromosomes","REAC:R-HSA-2514853","0.8681288156069262","0.06141582809942769","11","325","1","11004",
"REAC","Integrin cell surface interactions","REAC:R-HSA-216083","0.8681288156069262","0.06141582809942769","84","325","4","11004",
"REAC","Inactivation of CDC42 and RAC1","REAC:R-HSA-428543","0.8681288156069262","0.06141582809942769","8","325","1","11004",
"REAC","IRF3-mediated induction of type I IFN","REAC:R-HSA-3270619","0.8681288156069262","0.06141582809942769","13","325","1","11004",
"REAC","IRE1alpha activates chaperones","REAC:R-HSA-381070","0.8681288156069262","0.06141582809942769","49","325","3","11004",
"REAC","IRAK2 mediated activation of TAK1 complex","REAC:R-HSA-937042","0.8681288156069262","0.06141582809942769","10","325","1","11004",
"REAC","Hyaluronan uptake and degradation","REAC:R-HSA-2160916","0.8681288156069262","0.06141582809942769","12","325","1","11004",
"REAC","MAPK3 (ERK1) activation","REAC:R-HSA-110056","0.8681288156069262","0.06141582809942769","9","325","1","11004",
"REAC","Class A/1 (Rhodopsin-like receptors)","REAC:R-HSA-373076","0.8681288156069262","0.06141582809942769","328","325","12","11004",
"REAC","MECP2 regulates transcription of neuronal ligands","REAC:R-HSA-9022702","0.8681288156069262","0.06141582809942769","6","325","1","11004",
"REAC","MET Receptor Activation","REAC:R-HSA-6806942","0.8681288156069262","0.06141582809942769","6","325","1","11004",
"REAC","Mitotic Telophase/Cytokinesis","REAC:R-HSA-68884","0.8681288156069262","0.06141582809942769","13","325","1","11004",
"REAC","Mitotic Prophase","REAC:R-HSA-68875","0.8681288156069262","0.06141582809942769","134","325","6","11004",
"REAC","Cellular response to heat stress","REAC:R-HSA-3371556","0.8681288156069262","0.06141582809942769","87","325","4","11004",
"REAC","Mitotic G1 phase and G1/S transition","REAC:R-HSA-453279","0.8681288156069262","0.06141582809942769","148","325","6","11004",
"REAC","Mitophagy","REAC:R-HSA-5205647","0.8681288156069262","0.06141582809942769","27","325","2","11004",
"REAC","Mitochondrial protein degradation","REAC:R-HSA-9837999","0.8681288156069262","0.06141582809942769","98","325","5","11004",
"REAC","Mitochondrial Uncoupling","REAC:R-HSA-166187","0.8681288156069262","0.06141582809942769","6","325","1","11004",
"REAC","Miro GTPase Cycle","REAC:R-HSA-9715370","0.8681288156069262","0.06141582809942769","8","325","1","11004",
"REAC","Mineralocorticoid biosynthesis","REAC:R-HSA-193993","0.8681288156069262","0.06141582809942769","6","325","1","11004",
"REAC","Methionine salvage pathway","REAC:R-HSA-1237112","0.8681288156069262","0.06141582809942769","6","325","1","11004",
"REAC","RHOA GTPase cycle","REAC:R-HSA-8980692","0.8681288156069262","0.06141582809942769","149","325","6","11004",
"REAC","Metalloprotease DUBs","REAC:R-HSA-5689901","0.8681288156069262","0.06141582809942769","36","325","2","11004",
"REAC","Metabolism of steroid hormones","REAC:R-HSA-196071","0.8681288156069262","0.06141582809942769","35","325","2","11004",
"REAC","Metabolism of lipids","REAC:R-HSA-556833","0.8681288156069262","0.06141582809942769","747","325","25","11004",
"REAC","Metabolism of fat-soluble vitamins","REAC:R-HSA-6806667","0.8681288156069262","0.06141582809942769","48","325","3","11004",
"REAC","Metabolism of RNA","REAC:R-HSA-8953854","0.8681288156069262","0.06141582809942769","710","325","24","11004",
"REAC","Metabolic disorders of biological oxidation enzymes","REAC:R-HSA-5579029","0.8681288156069262","0.06141582809942769","34","325","2","11004",
"REAC","Membrane Trafficking","REAC:R-HSA-199991","0.8681288156069262","0.06141582809942769","625","325","21","11004",
"REAC","Meiotic synapsis","REAC:R-HSA-1221632","0.8681288156069262","0.06141582809942769","76","325","4","11004",
"REAC","MET receptor recycling","REAC:R-HSA-8875656","0.8681288156069262","0.06141582809942769","9","325","1","11004",
"REAC","MET activates RAS signaling","REAC:R-HSA-8851805","0.8681288156069262","0.06141582809942769","8","325","1","11004",
"REAC","MET activates RAP1 and RAC1","REAC:R-HSA-8875555","0.8681288156069262","0.06141582809942769","10","325","1","11004",
"REAC","Metabolism of steroids","REAC:R-HSA-8957322","0.8681288156069262","0.06141582809942769","152","325","6","11004",
"REAC","RHOG GTPase cycle","REAC:R-HSA-9013408","0.8681288156069262","0.06141582809942769","74","325","4","11004",
"REAC","RSK activation","REAC:R-HSA-444257","0.8681288156069262","0.06141582809942769","7","325","1","11004",
"REAC","Histidine catabolism","REAC:R-HSA-70921","0.8681288156069262","0.06141582809942769","8","325","1","11004",
"REAC","Activation of NMDA receptors and postsynaptic events","REAC:R-HSA-442755","0.8681288156069262","0.06141582809942769","88","325","4","11004",
"REAC","Tetrahydrobiopterin (BH4) synthesis, recycling, salvage and regulation","REAC:R-HSA-1474151","0.8681288156069262","0.06141582809942769","10","325","1","11004",
"REAC","Activation of RAC1","REAC:R-HSA-428540","0.8681288156069262","0.06141582809942769","13","325","1","11004",
"REAC","Telomere C-strand synthesis initiation","REAC:R-HSA-174430","0.8681288156069262","0.06141582809942769","13","325","1","11004",
"REAC","Tandem pore domain potassium channels","REAC:R-HSA-1296346","0.8681288156069262","0.06141582809942769","12","325","1","11004",
"REAC","TRP channels","REAC:R-HSA-3295583","0.8681288156069262","0.06141582809942769","28","325","2","11004",
"REAC","TRAF6 mediated NF-kB activation","REAC:R-HSA-933542","0.8681288156069262","0.06141582809942769","25","325","2","11004",
"REAC","TRAF6 mediated IRF7 activation in TLR7/8 or 9 signaling","REAC:R-HSA-975110","0.8681288156069262","0.06141582809942769","13","325","1","11004",
"REAC","TNFs bind their physiological receptors","REAC:R-HSA-5669034","0.8681288156069262","0.06141582809942769","29","325","2","11004",
"REAC","TICAM1-dependent activation of IRF3/IRF7","REAC:R-HSA-9013973","0.8681288156069262","0.06141582809942769","13","325","1","11004",
"REAC","TICAM1,TRAF6-dependent induction of TAK1 complex","REAC:R-HSA-9014325","0.8681288156069262","0.06141582809942769","11","325","1","11004",
"REAC","TGF-beta receptor signaling activates SMADs","REAC:R-HSA-2173789","0.8681288156069262","0.06141582809942769","46","325","3","11004",
"REAC","Synthesis of wybutosine at G37 of tRNA(Phe)","REAC:R-HSA-6782861","0.8681288156069262","0.06141582809942769","6","325","1","11004",
"REAC","Synthesis of active ubiquitin: roles of E1 and E2 enzymes","REAC:R-HSA-8866652","0.8681288156069262","0.06141582809942769","30","325","2","11004",
"REAC","Synthesis of UDP-N-acetyl-glucosamine","REAC:R-HSA-446210","0.8681288156069262","0.06141582809942769","8","325","1","11004",
"REAC","Synthesis of PE","REAC:R-HSA-1483213","0.8681288156069262","0.06141582809942769","13","325","1","11004",
"REAC","Synthesis of PC","REAC:R-HSA-1483191","0.8681288156069262","0.06141582809942769","28","325","2","11004",
"REAC","Synthesis of 5-eicosatetraenoic acids","REAC:R-HSA-2142688","0.8681288156069262","0.06141582809942769","9","325","1","11004",
"REAC","Synthesis of (16-20)-hydroxyeicosatetraenoic acids (HETE)","REAC:R-HSA-2142816","0.8681288156069262","0.06141582809942769","9","325","1","11004",
"REAC","Striated Muscle Contraction","REAC:R-HSA-390522","0.8681288156069262","0.06141582809942769","36","325","2","11004",
"REAC","Specification of primordial germ cells","REAC:R-HSA-9827857","0.8681288156069262","0.06141582809942769","12","325","1","11004",
"REAC","The activation of arylsulfatases","REAC:R-HSA-1663150","0.8681288156069262","0.06141582809942769","12","325","1","11004",
"REAC","Activation of NIMA Kinases NEK9, NEK6, NEK7","REAC:R-HSA-2980767","0.8681288156069262","0.06141582809942769","7","325","1","11004",
"REAC","Thyroxine biosynthesis","REAC:R-HSA-209968","0.8681288156069262","0.06141582809942769","10","325","1","11004",
"REAC","Tight junction interactions","REAC:R-HSA-420029","0.8681288156069262","0.06141582809942769","30","325","2","11004",
"REAC","A tetrasaccharide linker sequence is required for GAG synthesis","REAC:R-HSA-1971475","0.8681288156069262","0.06141582809942769","26","325","2","11004",
"REAC","APC-Cdc20 mediated degradation of Nek2A","REAC:R-HSA-179409","0.8681288156069262","0.06141582809942769","26","325","2","11004",
"REAC","APC/C-mediated degradation of cell cycle proteins","REAC:R-HSA-174143","0.8681288156069262","0.06141582809942769","88","325","4","11004",
"REAC","ATF6 (ATF6-alpha) activates chaperone genes","REAC:R-HSA-381183","0.8681288156069262","0.06141582809942769","9","325","1","11004",
"REAC","ATF6 (ATF6-alpha) activates chaperones","REAC:R-HSA-381033","0.8681288156069262","0.06141582809942769","11","325","1","11004",
"REAC","tRNA processing in the nucleus","REAC:R-HSA-6784531","0.8681288156069262","0.06141582809942769","55","325","3","11004",
"REAC","p75NTR recruits signalling complexes","REAC:R-HSA-209543","0.8681288156069262","0.06141582809942769","13","325","1","11004",
"REAC","eNOS activation","REAC:R-HSA-203615","0.8681288156069262","0.06141582809942769","10","325","1","11004",
"REAC","Zinc influx into cells by the SLC39 gene family","REAC:R-HSA-442380","0.8681288156069262","0.06141582809942769","10","325","1","11004",
"REAC","XBP1(S) activates chaperone genes","REAC:R-HSA-381038","0.8681288156069262","0.06141582809942769","47","325","3","11004",
"REAC","Sodium/Calcium exchangers","REAC:R-HSA-425561","0.8681288156069262","0.06141582809942769","11","325","1","11004",
"REAC","Activated NTRK2 signals through FRS2 and FRS3","REAC:R-HSA-9028731","0.8681288156069262","0.06141582809942769","9","325","1","11004",
"REAC","VEGF ligand-receptor interactions","REAC:R-HSA-194313","0.8681288156069262","0.06141582809942769","8","325","1","11004",
"REAC","VEGF binds to VEGFR leading to receptor dimerization","REAC:R-HSA-195399","0.8681288156069262","0.06141582809942769","8","325","1","11004",
"REAC","Uptake of dietary cobalamins into enterocytes","REAC:R-HSA-9758881","0.8681288156069262","0.06141582809942769","10","325","1","11004",
"REAC","Unfolded Protein Response (UPR)","REAC:R-HSA-381119","0.8681288156069262","0.06141582809942769","92","325","4","11004",
"REAC","Transport of organic anions","REAC:R-HSA-879518","0.8681288156069262","0.06141582809942769","10","325","1","11004",
"REAC","Transport of bile salts and organic acids, metal ions and amine compounds","REAC:R-HSA-425366","0.8681288156069262","0.06141582809942769","84","325","4","11004",
"REAC","Transcriptional regulation by the AP-2 (TFAP2) family of transcription factors","REAC:R-HSA-8864260","0.8681288156069262","0.06141582809942769","38","325","2","11004",
"REAC","Transcriptional regulation by RUNX1","REAC:R-HSA-8878171","0.8681288156069262","0.06141582809942769","234","325","9","11004",
"REAC","Trafficking of GluR2-containing AMPA receptors","REAC:R-HSA-416993","0.8681288156069262","0.06141582809942769","13","325","1","11004",
"REAC","Trafficking of AMPA receptors","REAC:R-HSA-399719","0.8681288156069262","0.06141582809942769","27","325","2","11004",
"REAC","Vitamin D (calciferol) metabolism","REAC:R-HSA-196791","0.8681288156069262","0.06141582809942769","12","325","1","11004",
"REAC","Signaling by activated point mutants of FGFR3","REAC:R-HSA-1839130","0.8681288156069262","0.06141582809942769","9","325","1","11004",
"REAC","Signaling by activated point mutants of FGFR1","REAC:R-HSA-1839122","0.8681288156069262","0.06141582809942769","8","325","1","11004",
"REAC","Signaling by TGFB family members","REAC:R-HSA-9006936","0.8681288156069262","0.06141582809942769","122","325","5","11004",
"REAC","SHC-mediated cascade:FGFR3","REAC:R-HSA-5654704","0.8681288156069262","0.06141582809942769","11","325","1","11004",
"REAC","Association of TriC/CCT with target proteins during biosynthesis","REAC:R-HSA-390471","0.8681288156069262","0.06141582809942769","38","325","2","11004",
"REAC","SARS-CoV-2 modulates autophagy","REAC:R-HSA-9754560","0.8681288156069262","0.06141582809942769","10","325","1","11004",
"REAC","SARS-CoV-2 activates/modulates innate and adaptive immune responses","REAC:R-HSA-9705671","0.8681288156069262","0.06141582809942769","120","325","5","11004",
"REAC","SARS-CoV-1-host interactions","REAC:R-HSA-9692914","0.8681288156069262","0.06141582809942769","95","325","4","11004",
"REAC","Atorvastatin ADME","REAC:R-HSA-9754706","0.8681288156069262","0.06141582809942769","8","325","1","11004",
"REAC","Role of second messengers in netrin-1 signaling","REAC:R-HSA-418890","0.8681288156069262","0.06141582809942769","10","325","1","11004",
"REAC","Role of ABL in ROBO-SLIT signaling","REAC:R-HSA-428890","0.8681288156069262","0.06141582809942769","8","325","1","11004",
"REAC","Reversible hydration of carbon dioxide","REAC:R-HSA-1475029","0.8681288156069262","0.06141582809942769","12","325","1","11004",
"REAC","Retrograde transport at the Trans-Golgi-Network","REAC:R-HSA-6811440","0.8681288156069262","0.06141582809942769","49","325","3","11004",
"REAC","SHC1 events in ERBB4 signaling","REAC:R-HSA-1250347","0.8681288156069262","0.06141582809942769","11","325","1","11004",
"REAC","Retinoid cycle disease events","REAC:R-HSA-2453864","0.8681288156069262","0.06141582809942769","13","325","1","11004",
"REAC","Regulation of mitotic cell cycle","REAC:R-HSA-453276","0.8681288156069262","0.06141582809942769","88","325","4","11004",
"REAC","Regulation of gene expression in early pancreatic precursor cells","REAC:R-HSA-210747","0.8681288156069262","0.06141582809942769","7","325","1","11004",
"REAC","Regulation of commissural axon pathfinding by SLIT and ROBO","REAC:R-HSA-428542","0.8681288156069262","0.06141582809942769","9","325","1","11004",
"REAC","Regulation of beta-cell development","REAC:R-HSA-186712","0.8681288156069262","0.06141582809942769","39","325","2","11004",
"REAC","Regulation of RAS by GAPs","REAC:R-HSA-5658442","0.8681288156069262","0.06141582809942769","67","325","3","11004",
"REAC","Regulation of MECP2 expression and activity","REAC:R-HSA-9022692","0.8681288156069262","0.06141582809942769","29","325","2","11004",
"REAC","Regulation of IFNG signaling","REAC:R-HSA-877312","0.8681288156069262","0.06141582809942769","12","325","1","11004",
"REAC","Regulated proteolysis of p75NTR","REAC:R-HSA-193692","0.8681288156069262","0.06141582809942769","11","325","1","11004",
"REAC","Reduction of cytosolic Ca++ levels","REAC:R-HSA-418359","0.8681288156069262","0.06141582809942769","12","325","1","11004",
"REAC","Reactions specific to the complex N-glycan synthesis pathway","REAC:R-HSA-975578","0.8681288156069262","0.06141582809942769","10","325","1","11004",
"REAC","Resolution of Sister Chromatid Cohesion","REAC:R-HSA-2500257","0.8681288156069262","0.06141582809942769","124","325","5","11004",
"REAC","RHOT2 GTPase cycle","REAC:R-HSA-9013419","0.8681288156069262","0.06141582809942769","7","325","1","11004",
"REAC","STAT3 nuclear events downstream of ALK signaling","REAC:R-HSA-9701898","0.8681288156069262","0.06141582809942769","11","325","1","11004",
"REAC","Assembly of collagen fibrils and other multimeric structures","REAC:R-HSA-2022090","0.8681288156069262","0.06141582809942769","60","325","3","11004",
"REAC","Signaling by TGF-beta Receptor Complex","REAC:R-HSA-170834","0.8681288156069262","0.06141582809942769","92","325","4","11004",
"REAC","Alpha-protein kinase 1 signaling pathway","REAC:R-HSA-9645460","0.8681288156069262","0.06141582809942769","11","325","1","11004",
"REAC","Signaling by PTK6","REAC:R-HSA-8848021","0.8681288156069262","0.06141582809942769","51","325","3","11004",
"REAC","Signaling by PDGF","REAC:R-HSA-186797","0.8681288156069262","0.06141582809942769","54","325","3","11004",
"REAC","Signaling by Non-Receptor Tyrosine Kinases","REAC:R-HSA-9006927","0.8681288156069262","0.06141582809942769","51","325","3","11004",
"REAC","Signaling by Insulin receptor","REAC:R-HSA-74752","0.8681288156069262","0.06141582809942769","73","325","4","11004",
"REAC","Signaling by GPCR","REAC:R-HSA-372790","0.8681288156069262","0.06141582809942769","695","325","25","11004",
"REAC","Signaling by FGFR4","REAC:R-HSA-5654743","0.8681288156069262","0.06141582809942769","35","325","2","11004",
"REAC","Signaling by FGFR3","REAC:R-HSA-5654741","0.8681288156069262","0.06141582809942769","32","325","2","11004",
"REAC","Androgen biosynthesis","REAC:R-HSA-193048","0.8681288156069262","0.06141582809942769","11","325","1","11004",
"REAC","STAT5 Activation","REAC:R-HSA-9645135","0.8681288156069262","0.06141582809942769","6","325","1","11004",
"REAC","Signaling by FGFR2","REAC:R-HSA-5654738","0.8681288156069262","0.06141582809942769","64","325","3","11004",
"REAC","Signaling by CSF1 (M-CSF) in myeloid cells","REAC:R-HSA-9680350","0.8681288156069262","0.06141582809942769","30","325","2","11004",
"REAC","Signaling by ALK","REAC:R-HSA-201556","0.8681288156069262","0.06141582809942769","28","325","2","11004",
"REAC","Serotonin and melatonin biosynthesis","REAC:R-HSA-209931","0.8681288156069262","0.06141582809942769","6","325","1","11004",
"REAC","Apoptosis","REAC:R-HSA-109581","0.8681288156069262","0.06141582809942769","176","325","7","11004",
"REAC","Sensory perception of taste","REAC:R-HSA-9717189","0.8681288156069262","0.06141582809942769","47","325","3","11004",
"REAC","Apoptotic cleavage of cell adhesion  proteins","REAC:R-HSA-351906","0.8681288156069262","0.06141582809942769","11","325","1","11004",
"REAC","Apoptotic cleavage of cellular proteins","REAC:R-HSA-111465","0.8681288156069262","0.06141582809942769","37","325","2","11004",
"REAC","Scavenging by Class F Receptors","REAC:R-HSA-3000484","0.8681288156069262","0.06141582809942769","6","325","1","11004",
"REAC","Arachidonate metabolism","REAC:R-HSA-2142753","0.8681288156069262","0.06141582809942769","59","325","3","11004",
"REAC","Aryl hydrocarbon receptor signalling","REAC:R-HSA-8937144","0.8681288156069262","0.06141582809942769","6","325","1","11004",
"REAC","Signaling by FGFR1 in disease","REAC:R-HSA-5655302","0.8681288156069262","0.06141582809942769","32","325","2","11004",
"REAC","Heme biosynthesis","REAC:R-HSA-189451","0.8681288156069262","0.06141582809942769","13","325","1","11004",
"REAC","Cargo recognition for clathrin-mediated endocytosis","REAC:R-HSA-8856825","0.8681288156069262","0.06141582809942769","105","325","5","11004",
"REAC","Disorders of Developmental Biology","REAC:R-HSA-9675151","0.8681288156069262","0.06141582809942769","11","325","1","11004",
"REAC","Glutamate binding, activation of AMPA receptors and synaptic plasticity","REAC:R-HSA-399721","0.8681288156069262","0.06141582809942769","27","325","2","11004",
"REAC","DEx/H-box helicases activate type I IFN and inflammatory cytokines production ","REAC:R-HSA-3134963","0.8681288156069262","0.06141582809942769","7","325","1","11004",
"REAC","FOXO-mediated transcription of oxidative stress, metabolic and neuronal genes","REAC:R-HSA-9615017","0.8681288156069262","0.06141582809942769","30","325","2","11004",
"REAC","Dectin-2 family","REAC:R-HSA-5621480","0.8681288156069262","0.06141582809942769","26","325","2","11004",
"REAC","DNA Damage/Telomere Stress Induced Senescence","REAC:R-HSA-2559586","0.8681288156069262","0.06141582809942769","79","325","4","11004",
"REAC","Glycoprotein hormones","REAC:R-HSA-209822","0.8681288156069262","0.06141582809942769","12","325","1","11004",
"REAC","Glycosaminoglycan metabolism","REAC:R-HSA-1630316","0.8681288156069262","0.06141582809942769","125","325","5","11004",
"REAC","Epigenetic regulation of gene expression","REAC:R-HSA-212165","0.8681288156069262","0.06141582809942769","185","325","7","11004",
"REAC","Glycosphingolipid metabolism","REAC:R-HSA-1660662","0.8681288156069262","0.06141582809942769","55","325","3","11004",
"REAC","Glycosphingolipid transport","REAC:R-HSA-9845576","0.8681288156069262","0.06141582809942769","8","325","1","11004",
"REAC","Erythropoietin activates Phosphoinositide-3-kinase (PI3K)","REAC:R-HSA-9027276","0.8681288156069262","0.06141582809942769","12","325","1","11004",
"REAC","FGFR4 ligand binding and activation","REAC:R-HSA-190322","0.8681288156069262","0.06141582809942769","12","325","1","11004",
"REAC","Establishment of Sister Chromatid Cohesion","REAC:R-HSA-2468052","0.8681288156069262","0.06141582809942769","11","325","1","11004",
"REAC","FGFR3c ligand binding and activation","REAC:R-HSA-190372","0.8681288156069262","0.06141582809942769","9","325","1","11004",
"REAC","Golgi Cisternae Pericentriolar Stack Reorganization","REAC:R-HSA-162658","0.8681288156069262","0.06141582809942769","13","325","1","11004",
"REAC","Glutamate and glutamine metabolism","REAC:R-HSA-8964539","0.8681288156069262","0.06141582809942769","13","325","1","11004",
"REAC","DNA replication initiation","REAC:R-HSA-68952","0.8681288156069262","0.06141582809942769","8","325","1","11004",
"REAC","G alpha (s) signalling events","REAC:R-HSA-418555","0.8681288156069262","0.06141582809942769","156","325","7","11004",
"REAC","ERBB2 Regulates Cell Motility","REAC:R-HSA-6785631","0.8681288156069262","0.06141582809942769","13","325","1","11004",
"REAC","Diseases of the neuronal system","REAC:R-HSA-9675143","0.8681288156069262","0.06141582809942769","13","325","1","11004",
"REAC","Diseases of signal transduction by growth factor receptors and second messengers","REAC:R-HSA-5663202","0.8681288156069262","0.06141582809942769","444","325","16","11004",
"REAC","Displacement of DNA glycosylase by APEX1","REAC:R-HSA-110357","0.8681288156069262","0.06141582809942769","7","325","1","11004",
"REAC","Downstream signal transduction","REAC:R-HSA-186763","0.8681288156069262","0.06141582809942769","26","325","2","11004",
"REAC","Diseases associated with visual transduction","REAC:R-HSA-2474795","0.8681288156069262","0.06141582809942769","13","325","1","11004",
"REAC","Diseases associated with O-glycosylation of proteins","REAC:R-HSA-3906995","0.8681288156069262","0.06141582809942769","65","325","3","11004",
"REAC","Cytosolic sensors of pathogen-associated DNA ","REAC:R-HSA-1834949","0.8681288156069262","0.06141582809942769","64","325","3","11004",
"REAC","Formation of TC-NER Pre-Incision Complex","REAC:R-HSA-6781823","0.8681288156069262","0.06141582809942769","50","325","3","11004",
"REAC","GRB2 events in ERBB2 signaling","REAC:R-HSA-1963640","0.8681288156069262","0.06141582809942769","13","325","1","11004",
"REAC","ECM proteoglycans","REAC:R-HSA-3000178","0.8681288156069262","0.06141582809942769","76","325","4","11004",
"REAC","EML4 and NUDC in mitotic spindle formation","REAC:R-HSA-9648025","0.8681288156069262","0.06141582809942769","115","325","5","11004",
"REAC","Deposition of new CENPA-containing nucleosomes at the centromere","REAC:R-HSA-606279","0.8681288156069262","0.06141582809942769","72","325","4","11004",
"REAC","Folding of actin by CCT/TriC","REAC:R-HSA-390450","0.8681288156069262","0.06141582809942769","10","325","1","11004",
"REAC","ERBB2 Activates PTK6 Signaling","REAC:R-HSA-8847993","0.8681288156069262","0.06141582809942769","11","325","1","11004",
"REAC","Fibronectin matrix formation","REAC:R-HSA-1566977","0.8681288156069262","0.06141582809942769","6","325","1","11004",
"REAC","Effects of PIP2 hydrolysis","REAC:R-HSA-114508","0.8681288156069262","0.06141582809942769","27","325","2","11004",
"REAC","FGFR3 mutant receptor activation","REAC:R-HSA-2033514","0.8681288156069262","0.06141582809942769","9","325","1","11004",
"REAC","Disorders of Nervous System Development","REAC:R-HSA-9697154","0.8681288156069262","0.06141582809942769","11","325","1","11004",
"REAC","FGFR1b ligand binding and activation","REAC:R-HSA-190370","0.8681288156069262","0.06141582809942769","7","325","1","11004",
"REAC","FGFR2c ligand binding and activation","REAC:R-HSA-190375","0.8681288156069262","0.06141582809942769","9","325","1","11004",
"REAC","FGFR3 ligand binding and activation","REAC:R-HSA-190239","0.8681288156069262","0.06141582809942769","9","325","1","11004",
"REAC","FGFR2b ligand binding and activation","REAC:R-HSA-190377","0.8681288156069262","0.06141582809942769","9","325","1","11004",
"REAC","FGFR1c ligand binding and activation","REAC:R-HSA-190373","0.8681288156069262","0.06141582809942769","10","325","1","11004",
"REAC","FGFR1 mutant receptor activation","REAC:R-HSA-1839124","0.8681288156069262","0.06141582809942769","26","325","2","11004",
"REAC","Defective EXT2 causes exostoses 2","REAC:R-HSA-3656237","0.8721410863365625","0.059413253529470404","14","325","1","11004",
"REAC","Nuclear Receptor transcription pathway","REAC:R-HSA-383280","0.8721410863365625","0.059413253529470404","41","325","2","11004",
"REAC","PKMTs methylate histone lysines","REAC:R-HSA-3214841","0.8721410863365625","0.059413253529470404","70","325","3","11004",
"REAC","Formation of Incision Complex in GG-NER","REAC:R-HSA-5696395","0.8721410863365625","0.059413253529470404","43","325","2","11004",
"REAC","Signaling by cytosolic FGFR1 fusion mutants","REAC:R-HSA-1839117","0.8721410863365625","0.059413253529470404","16","325","1","11004",
"REAC","TRAF3-dependent IRF activation pathway","REAC:R-HSA-918233","0.8721410863365625","0.059413253529470404","15","325","1","11004",
"REAC","TRAF6-mediated induction of TAK1 complex within TLR4 complex","REAC:R-HSA-937072","0.8721410863365625","0.059413253529470404","15","325","1","11004",
"REAC","NRIF signals cell death from the nucleus","REAC:R-HSA-205043","0.8721410863365625","0.059413253529470404","16","325","1","11004",
"REAC","Signaling by VEGF","REAC:R-HSA-194138","0.8721410863365625","0.059413253529470404","104","325","4","11004",
"REAC","Transcription-Coupled Nucleotide Excision Repair (TC-NER)","REAC:R-HSA-6781827","0.8721410863365625","0.059413253529470404","75","325","3","11004",
"REAC","Aggrephagy","REAC:R-HSA-9646399","0.8721410863365625","0.059413253529470404","44","325","2","11004",
"REAC","Peptide hormone biosynthesis","REAC:R-HSA-209952","0.8721410863365625","0.059413253529470404","14","325","1","11004",
"REAC","Respiratory syncytial virus (RSV) genome replication, transcription and translation","REAC:R-HSA-9820965","0.8721410863365625","0.059413253529470404","16","325","1","11004",
"REAC","Phase 2 - plateau phase","REAC:R-HSA-5576893","0.8721410863365625","0.059413253529470404","15","325","1","11004",
"REAC","Neurotransmitter receptors and postsynaptic signal transmission","REAC:R-HSA-112314","0.8721410863365625","0.059413253529470404","195","325","7","11004",
"REAC","C-type lectin receptors (CLRs)","REAC:R-HSA-5621481","0.8721410863365625","0.059413253529470404","136","325","5","11004",
"REAC","Fatty acids","REAC:R-HSA-211935","0.8721410863365625","0.059413253529470404","15","325","1","11004",
"REAC","MECP2 regulates neuronal receptors and channels","REAC:R-HSA-9022699","0.8721410863365625","0.059413253529470404","15","325","1","11004",
"REAC","Platelet Adhesion to exposed collagen","REAC:R-HSA-75892","0.8721410863365625","0.059413253529470404","16","325","1","11004",
"REAC","Tie2 Signaling","REAC:R-HSA-210993","0.8721410863365625","0.059413253529470404","16","325","1","11004",
"REAC","Defective pyroptosis","REAC:R-HSA-9710421","0.8721410863365625","0.059413253529470404","72","325","3","11004",
"REAC","Pentose phosphate pathway","REAC:R-HSA-71336","0.8721410863365625","0.059413253529470404","15","325","1","11004",
"REAC","Metabolism of nitric oxide: NOS3 activation and regulation","REAC:R-HSA-202131","0.8721410863365625","0.059413253529470404","14","325","1","11004",
"REAC","Diseases associated with glycosylation precursor biosynthesis","REAC:R-HSA-5609975","0.8721410863365625","0.059413253529470404","15","325","1","11004",
"REAC","GRB2:SOS provides linkage to MAPK signaling for Integrins ","REAC:R-HSA-354194","0.8721410863365625","0.059413253529470404","14","325","1","11004",
"REAC","Defective EXT1 causes exostoses 1, TRPS2 and CHDS","REAC:R-HSA-3656253","0.8721410863365625","0.059413253529470404","14","325","1","11004",
"REAC","Vesicle-mediated transport","REAC:R-HSA-5653656","0.8721410863365625","0.059413253529470404","719","325","23","11004",
"REAC","Differentiation of Keratinocytes in Interfollicular Epidermis in Mammalian Skin","REAC:R-HSA-9725554","0.8721410863365625","0.059413253529470404","40","325","2","11004",
"REAC","TNF receptor superfamily (TNFSF) members mediating non-canonical NF-kB pathway","REAC:R-HSA-5676594","0.8721410863365625","0.059413253529470404","16","325","1","11004",
"REAC","Zinc transporters","REAC:R-HSA-435354","0.8721410863365625","0.059413253529470404","15","325","1","11004",
"REAC","Nucleotide biosynthesis","REAC:R-HSA-8956320","0.8721410863365625","0.059413253529470404","14","325","1","11004",
"REAC","cGMP effects","REAC:R-HSA-418457","0.8721410863365625","0.059413253529470404","15","325","1","11004",
"REAC","Developmental Cell Lineages","REAC:R-HSA-9734767","0.8721410863365625","0.059413253529470404","40","325","2","11004",
"REAC","Acetylcholine Neurotransmitter Release Cycle","REAC:R-HSA-264642","0.8721410863365625","0.059413253529470404","16","325","1","11004",
"REAC","GAB1 signalosome","REAC:R-HSA-180292","0.8721410863365625","0.059413253529470404","16","325","1","11004",
"REAC","Mitotic Metaphase and Anaphase","REAC:R-HSA-2555396","0.8721410863365625","0.059413253529470404","229","325","8","11004",
"REAC","p130Cas linkage to MAPK signaling for integrins","REAC:R-HSA-372708","0.8721410863365625","0.059413253529470404","15","325","1","11004",
"REAC","Nucleotide-like (purinergic) receptors","REAC:R-HSA-418038","0.8721410863365625","0.059413253529470404","16","325","1","11004",
"REAC","p75NTR signals via NF-kB","REAC:R-HSA-193639","0.8721410863365625","0.059413253529470404","16","325","1","11004",
"REAC","Glucagon-like Peptide-1 (GLP1) regulates insulin secretion","REAC:R-HSA-381676","0.8721410863365625","0.059413253529470404","42","325","2","11004",
"REAC","trans-Golgi Network Vesicle Budding","REAC:R-HSA-199992","0.8721410863365625","0.059413253529470404","73","325","3","11004",
"REAC","Vasopressin regulates renal water homeostasis via Aquaporins","REAC:R-HSA-432040","0.8721410863365625","0.059413253529470404","43","325","2","11004",
"REAC","Synthesis of bile acids and bile salts via 24-hydroxycholesterol","REAC:R-HSA-193775","0.8721410863365625","0.059413253529470404","14","325","1","11004",
"REAC","DAG and IP3 signaling","REAC:R-HSA-1489509","0.8721410863365625","0.059413253529470404","40","325","2","11004",
"REAC","GPER1 signaling","REAC:R-HSA-9634597","0.8721410863365625","0.059413253529470404","44","325","2","11004",
"REAC","APC:Cdc20 mediated degradation of cell cycle proteins prior to satisfation of the cell cycle checkpoint","REAC:R-HSA-179419","0.8721410863365625","0.059413253529470404","74","325","3","11004",
"REAC","Spry regulation of FGF signaling","REAC:R-HSA-1295596","0.8721410863365625","0.059413253529470404","14","325","1","11004",
"REAC","TFAP2 (AP-2) family regulates transcription of growth factors and their receptors","REAC:R-HSA-8866910","0.8721410863365625","0.059413253529470404","15","325","1","11004",
"REAC","Macroautophagy","REAC:R-HSA-1632852","0.8721410863365625","0.059413253529470404","134","325","5","11004",
"REAC","Inhibition of replication initiation of damaged DNA by RB1/E2F1","REAC:R-HSA-113501","0.8721410863365625","0.059413253529470404","14","325","1","11004",
"REAC","Condensation of Prophase Chromosomes","REAC:R-HSA-2299718","0.8721410863365625","0.059413253529470404","72","325","3","11004",
"REAC","Intra-Golgi traffic","REAC:R-HSA-6811438","0.8721410863365625","0.059413253529470404","44","325","2","11004",
"REAC","STING mediated induction of host immune responses","REAC:R-HSA-1834941","0.8721410863365625","0.059413253529470404","16","325","1","11004",
"REAC","Replacement of protamines by nucleosomes in the male pronucleus","REAC:R-HSA-9821993","0.8721410863365625","0.059413253529470404","42","325","2","11004",
"REAC","SUMOylation of DNA methylation proteins","REAC:R-HSA-4655427","0.8721410863365625","0.059413253529470404","15","325","1","11004",
"REAC","HCMV Early Events","REAC:R-HSA-9609690","0.8721410863365625","0.059413253529470404","134","325","5","11004",
"REAC","Initiation of Nuclear Envelope (NE) Reformation","REAC:R-HSA-2995383","0.8721410863365625","0.059413253529470404","16","325","1","11004",
"REAC","RHO GTPases Activate Formins","REAC:R-HSA-5663220","0.8721410863365625","0.059413253529470404","136","325","5","11004",
"REAC","Leading Strand Synthesis","REAC:R-HSA-69109","0.8721410863365625","0.059413253529470404","14","325","1","11004",
"REAC","Removal of the Flap Intermediate","REAC:R-HSA-69166","0.8721410863365625","0.059413253529470404","14","325","1","11004",
"REAC","Processive synthesis on the lagging strand","REAC:R-HSA-69183","0.8721410863365625","0.059413253529470404","15","325","1","11004",
"REAC","IRAK1 recruits IKK complex upon TLR7/8 or 9 stimulation","REAC:R-HSA-975144","0.8721410863365625","0.059413253529470404","14","325","1","11004",
"REAC","Prolactin receptor signaling","REAC:R-HSA-1170546","0.8721410863365625","0.059413253529470404","14","325","1","11004",
"REAC","IRAK1 recruits IKK complex","REAC:R-HSA-937039","0.8721410863365625","0.059413253529470404","14","325","1","11004",
"REAC","IRAK2 mediated activation of TAK1 complex upon TLR7/8 or 9 stimulation","REAC:R-HSA-975163","0.8721410863365625","0.059413253529470404","15","325","1","11004",
"REAC","Signal regulatory protein family interactions","REAC:R-HSA-391160","0.8721410863365625","0.059413253529470404","14","325","1","11004",
"REAC","LGI-ADAM interactions","REAC:R-HSA-5682910","0.8721410863365625","0.059413253529470404","14","325","1","11004",
"REAC","Bile acid and bile salt metabolism","REAC:R-HSA-194068","0.8721410863365625","0.059413253529470404","44","325","2","11004",
"REAC","Polymerase switching","REAC:R-HSA-69091","0.8721410863365625","0.059413253529470404","14","325","1","11004",
"REAC","RND3 GTPase cycle","REAC:R-HSA-9696264","0.8721410863365625","0.059413253529470404","42","325","2","11004",
"REAC","Post NMDA receptor activation events","REAC:R-HSA-438064","0.8721410863365625","0.059413253529470404","75","325","3","11004",
"REAC","Attenuation phase","REAC:R-HSA-3371568","0.8721410863365625","0.059413253529470404","14","325","1","11004",
"REAC","Eicosanoid ligand-binding receptors","REAC:R-HSA-391903","0.8721410863365625","0.059413253529470404","15","325","1","11004",
"REAC","Response to elevated platelet cytosolic Ca2+","REAC:R-HSA-76005","0.8721410863365625","0.059413253529470404","131","325","5","11004",
"REAC","SARS-CoV-2-host interactions","REAC:R-HSA-9705683","0.8721410863365625","0.059413253529470404","197","325","7","11004",
"REAC","Processing of SMDT1","REAC:R-HSA-8949664","0.8721410863365625","0.059413253529470404","16","325","1","11004",
"REAC","Sensory perception of sweet, bitter, and umami (glutamate) taste","REAC:R-HSA-9717207","0.8721410863365625","0.059413253529470404","41","325","2","11004",
"REAC","Intracellular signaling by second messengers","REAC:R-HSA-9006925","0.8721410863365625","0.059413253529470404","292","325","10","11004",
"REAC","Polo-like kinase mediated events","REAC:R-HSA-156711","0.8721410863365625","0.059413253529470404","15","325","1","11004",
"REAC","SHC-mediated cascade:FGFR4","REAC:R-HSA-5654719","0.8721410863365625","0.059413253529470404","15","325","1","11004",
"REAC","Elastic fibre formation","REAC:R-HSA-1566948","0.8721410863365625","0.059413253529470404","44","325","2","11004",
"REAC","SEMA3A-Plexin repulsion signaling by inhibiting Integrin adhesion","REAC:R-HSA-399955","0.8721410863365625","0.059413253529470404","14","325","1","11004",
"REAC","IL-6-type cytokine receptor ligand interactions","REAC:R-HSA-6788467","0.8725859556171562","0.059191781318320626","17","325","1","11004",
"REAC","O-linked glycosylation","REAC:R-HSA-5173105","0.8725859556171562","0.059191781318320626","108","325","4","11004",
"REAC","Recruitment and ATM-mediated phosphorylation of repair and signaling proteins at DNA double strand breaks","REAC:R-HSA-5693565","0.8725859556171562","0.059191781318320626","77","325","3","11004",
"REAC","Aberrant regulation of mitotic G1/S transition in cancer due to RB1 defects","REAC:R-HSA-9659787","0.8725859556171562","0.059191781318320626","17","325","1","11004",
"REAC","Platelet sensitization by LDL","REAC:R-HSA-432142","0.8725859556171562","0.059191781318320626","17","325","1","11004",
"REAC","MyD88-independent TLR4 cascade ","REAC:R-HSA-166166","0.8725859556171562","0.059191781318320626","107","325","4","11004",
"REAC","Drug ADME","REAC:R-HSA-9748784","0.8725859556171562","0.059191781318320626","107","325","4","11004",
"REAC","RIP-mediated NFkB activation via ZBP1","REAC:R-HSA-1810476","0.8725859556171562","0.059191781318320626","17","325","1","11004",
"REAC","TRIF (TICAM1)-mediated TLR4 signaling ","REAC:R-HSA-937061","0.8725859556171562","0.059191781318320626","107","325","4","11004",
"REAC","Activation of APC/C and APC/C:Cdc20 mediated degradation of mitotic proteins","REAC:R-HSA-176814","0.8725859556171562","0.059191781318320626","77","325","3","11004",
"REAC","Defective binding of RB1 mutants to E2F1,(E2F2, E2F3)","REAC:R-HSA-9661069","0.8725859556171562","0.059191781318320626","17","325","1","11004",
"REAC","Diseases of glycosylation","REAC:R-HSA-3781865","0.8725859556171562","0.059191781318320626","140","325","5","11004",
"REAC","Cell death signalling via NRAGE, NRIF and NADE","REAC:R-HSA-204998","0.8725859556171562","0.059191781318320626","76","325","3","11004",
"REAC","MyD88 deficiency (TLR2/4)","REAC:R-HSA-5602498","0.8725859556171562","0.059191781318320626","17","325","1","11004",
"REAC","Hyaluronan metabolism","REAC:R-HSA-2142845","0.8725859556171562","0.059191781318320626","17","325","1","11004",
"REAC","Synthesis of glycosylphosphatidylinositol (GPI)","REAC:R-HSA-162710","0.8725859556171562","0.059191781318320626","17","325","1","11004",
"REAC","Degradation of the extracellular matrix","REAC:R-HSA-1474228","0.8725859556171562","0.059191781318320626","140","325","5","11004",
"REAC","Chromosome Maintenance","REAC:R-HSA-73886","0.8725859556171562","0.059191781318320626","138","325","5","11004",
"REAC","Signaling by FGFR3 in disease","REAC:R-HSA-5655332","0.8725859556171562","0.059191781318320626","17","325","1","11004",
"REAC","Kidney development","REAC:R-HSA-9830369","0.8725859556171562","0.059191781318320626","46","325","2","11004",
"REAC","APC/C:Cdc20 mediated degradation of mitotic proteins","REAC:R-HSA-176409","0.8725859556171562","0.059191781318320626","76","325","3","11004",
"REAC","Regulation of MITF-M-dependent genes involved in apoptosis","REAC:R-HSA-9824594","0.8725859556171562","0.059191781318320626","17","325","1","11004",
"REAC","PKA activation in glucagon signalling","REAC:R-HSA-164378","0.8725859556171562","0.059191781318320626","17","325","1","11004",
"REAC","Protein methylation","REAC:R-HSA-8876725","0.8725859556171562","0.059191781318320626","17","325","1","11004",
"REAC","Signaling by FGFR2 IIIa TM","REAC:R-HSA-8851708","0.8772228685033248","0.05689005513479413","18","325","1","11004",
"REAC","Cell-extracellular matrix interactions","REAC:R-HSA-446353","0.8772228685033248","0.05689005513479413","18","325","1","11004",
"REAC","Regulation of NF-kappa B signaling","REAC:R-HSA-9758274","0.8772228685033248","0.05689005513479413","18","325","1","11004",
"REAC","Recycling of bile acids and salts","REAC:R-HSA-159418","0.8772228685033248","0.05689005513479413","18","325","1","11004",
"REAC","G1 Phase","REAC:R-HSA-69236","0.8772228685033248","0.05689005513479413","47","325","2","11004",
"REAC","Signaling by ERBB2 TMD/JMD mutants","REAC:R-HSA-9665686","0.8772228685033248","0.05689005513479413","18","325","1","11004",
"REAC","Protein ubiquitination","REAC:R-HSA-8852135","0.8772228685033248","0.05689005513479413","78","325","3","11004",
"REAC","Nuclear Envelope Breakdown","REAC:R-HSA-2980766","0.8772228685033248","0.05689005513479413","47","325","2","11004",
"REAC","Toll Like Receptor 4 (TLR4) Cascade","REAC:R-HSA-166016","0.8772228685033248","0.05689005513479413","143","325","5","11004",
"REAC","Synthesis of PIPs at the Golgi membrane","REAC:R-HSA-1660514","0.8772228685033248","0.05689005513479413","18","325","1","11004",
"REAC","PLC beta mediated events","REAC:R-HSA-112043","0.8772228685033248","0.05689005513479413","48","325","2","11004",
"REAC","SHC1 events in ERBB2 signaling","REAC:R-HSA-1250196","0.8772228685033248","0.05689005513479413","18","325","1","11004",
"REAC","Formation of ATP by chemiosmotic coupling","REAC:R-HSA-163210","0.8772228685033248","0.05689005513479413","18","325","1","11004",
"REAC","IRAK4 deficiency (TLR2/4)","REAC:R-HSA-5603041","0.8772228685033248","0.05689005513479413","18","325","1","11004",
"REAC","mRNA Splicing - Minor Pathway","REAC:R-HSA-72165","0.8772228685033248","0.05689005513479413","48","325","2","11004",
"REAC","Lewis blood group biosynthesis","REAC:R-HSA-9037629","0.8772228685033248","0.05689005513479413","18","325","1","11004",
"REAC","Recycling pathway of L1","REAC:R-HSA-437239","0.8772228685033248","0.05689005513479413","48","325","2","11004",
"REAC","Cyclin D associated events in G1","REAC:R-HSA-69231","0.8772228685033248","0.05689005513479413","47","325","2","11004",
"REAC","DNA Double Strand Break Response","REAC:R-HSA-5693606","0.8772228685033248","0.05689005513479413","78","325","3","11004",
"REAC","PKA activation","REAC:R-HSA-163615","0.8772228685033248","0.05689005513479413","18","325","1","11004",
"REAC","Programmed Cell Death","REAC:R-HSA-5357801","0.8772228685033248","0.05689005513479413","208","325","7","11004",
"REAC","Synthesis, secretion, and deacylation of Ghrelin","REAC:R-HSA-422085","0.8772228685033248","0.05689005513479413","18","325","1","11004",
"REAC","Recognition and association of DNA glycosylase with site containing an affected purine","REAC:R-HSA-110330","0.8913985077524877","0.04992809728080796","54","325","2","11004",
"REAC","G alpha (i) signalling events","REAC:R-HSA-418594","0.8913985077524877","0.04992809728080796","311","325","10","11004",
"REAC","VxPx cargo-targeting to cilium","REAC:R-HSA-5620916","0.8913985077524877","0.04992809728080796","21","325","1","11004",
"REAC","NPAS4 regulates expression of target genes","REAC:R-HSA-9768919","0.8913985077524877","0.04992809728080796","21","325","1","11004",
"REAC","Cellular hexose transport","REAC:R-HSA-189200","0.8913985077524877","0.04992809728080796","21","325","1","11004",
"REAC","Inflammasomes","REAC:R-HSA-622312","0.8913985077524877","0.04992809728080796","20","325","1","11004",
"REAC","TICAM1, RIP1-mediated IKK complex recruitment","REAC:R-HSA-168927","0.8913985077524877","0.04992809728080796","19","325","1","11004",
"REAC","SARS-CoV-2 Infection","REAC:R-HSA-9694516","0.8913985077524877","0.04992809728080796","292","325","9","11004",
"REAC","ZBP1(DAI) mediated induction of type I IFNs","REAC:R-HSA-1606322","0.8913985077524877","0.04992809728080796","21","325","1","11004",
"REAC","activated TAK1 mediates p38 MAPK activation","REAC:R-HSA-450302","0.8913985077524877","0.04992809728080796","23","325","1","11004",
"REAC","SCF-beta-TrCP mediated degradation of Emi1","REAC:R-HSA-174113","0.8913985077524877","0.04992809728080796","55","325","2","11004",
"REAC","Nucleotide-binding domain, leucine rich repeat containing receptor (NLR) signaling pathways","REAC:R-HSA-168643","0.8913985077524877","0.04992809728080796","55","325","2","11004",
"REAC","Regulation of TP53 Activity through Methylation","REAC:R-HSA-6804760","0.8913985077524877","0.04992809728080796","19","325","1","11004",
"REAC","Neurexins and neuroligins","REAC:R-HSA-6794361","0.8913985077524877","0.04992809728080796","56","325","2","11004",
"REAC","RNA Polymerase I Promoter Escape","REAC:R-HSA-73772","0.8913985077524877","0.04992809728080796","90","325","3","11004",
"REAC","Regulation of APC/C activators between G1/S and early anaphase","REAC:R-HSA-176408","0.8913985077524877","0.04992809728080796","81","325","3","11004",
"REAC","Autophagy","REAC:R-HSA-9612973","0.8913985077524877","0.04992809728080796","149","325","5","11004",
"REAC","Azathioprine ADME","REAC:R-HSA-9748787","0.8913985077524877","0.04992809728080796","23","325","1","11004",
"REAC","Cytosolic sulfonation of small molecules","REAC:R-HSA-156584","0.8913985077524877","0.04992809728080796","23","325","1","11004",
"REAC","Transport of connexons to the plasma membrane","REAC:R-HSA-190872","0.8913985077524877","0.04992809728080796","21","325","1","11004",
"REAC","Na+/Cl- dependent neurotransmitter transporters","REAC:R-HSA-442660","0.8913985077524877","0.04992809728080796","19","325","1","11004",
"REAC","B-WICH complex positively regulates rRNA expression","REAC:R-HSA-5250924","0.8913985077524877","0.04992809728080796","89","325","3","11004",
"REAC","Formation of the ureteric bud","REAC:R-HSA-9830674","0.8913985077524877","0.04992809728080796","21","325","1","11004",
"REAC","Nonsense-Mediated Decay (NMD)","REAC:R-HSA-927802","0.8913985077524877","0.04992809728080796","116","325","4","11004",
"REAC","Rab regulation of trafficking","REAC:R-HSA-9007101","0.8913985077524877","0.04992809728080796","120","325","4","11004",
"REAC","Inhibition of the proteolytic activity of APC/C required for the onset of anaphase by mitotic spindle checkpoint components","REAC:R-HSA-141405","0.8913985077524877","0.04992809728080796","21","325","1","11004",
"REAC","HDMs demethylate histones","REAC:R-HSA-3214842","0.8913985077524877","0.04992809728080796","50","325","2","11004",
"REAC","Reproduction","REAC:R-HSA-1474165","0.8913985077524877","0.04992809728080796","154","325","5","11004",
"REAC","Respiratory Syncytial Virus Infection Pathway","REAC:R-HSA-9820952","0.8913985077524877","0.04992809728080796","119","325","4","11004",
"REAC","Cargo trafficking to the periciliary membrane","REAC:R-HSA-5620920","0.8913985077524877","0.04992809728080796","51","325","2","11004",
"REAC","NOTCH2 Activation and Transmission of Signal to the Nucleus","REAC:R-HSA-2979096","0.8913985077524877","0.04992809728080796","22","325","1","11004",
"REAC","IKK complex recruitment mediated by RIP1","REAC:R-HSA-937041","0.8913985077524877","0.04992809728080796","22","325","1","11004",
"REAC","Attachment and Entry","REAC:R-HSA-9694614","0.8913985077524877","0.04992809728080796","19","325","1","11004",
"REAC","Respiratory syncytial virus (RSV) attachment and entry","REAC:R-HSA-9820960","0.8913985077524877","0.04992809728080796","23","325","1","11004",
"REAC","Inactivation of APC/C via direct inhibition of the APC/C complex","REAC:R-HSA-141430","0.8913985077524877","0.04992809728080796","21","325","1","11004",
"REAC","Nonsense Mediated Decay (NMD) enhanced by the Exon Junction Complex (EJC)","REAC:R-HSA-975957","0.8913985077524877","0.04992809728080796","116","325","4","11004",
"REAC","Transport of small molecules","REAC:R-HSA-382551","0.8913985077524877","0.04992809728080796","729","325","22","11004",
"REAC","Base Excision Repair","REAC:R-HSA-73884","0.8913985077524877","0.04992809728080796","88","325","3","11004",
"REAC","Regulation of gene expression in beta cells","REAC:R-HSA-210745","0.8913985077524877","0.04992809728080796","19","325","1","11004",
"REAC","G-protein mediated events","REAC:R-HSA-112040","0.8913985077524877","0.04992809728080796","53","325","2","11004",
"REAC","RNA Polymerase III Transcription Termination","REAC:R-HSA-73980","0.8913985077524877","0.04992809728080796","23","325","1","11004",
"REAC","Unblocking of NMDA receptors, glutamate binding and activation","REAC:R-HSA-438066","0.8913985077524877","0.04992809728080796","20","325","1","11004",
"REAC","Negative regulation of MET activity","REAC:R-HSA-6807004","0.8913985077524877","0.04992809728080796","20","325","1","11004",
"REAC","Immunoregulatory interactions between a Lymphoid and a non-Lymphoid cell","REAC:R-HSA-198933","0.8913985077524877","0.04992809728080796","182","325","6","11004",
"REAC","Nitric oxide stimulates guanylate cyclase","REAC:R-HSA-392154","0.8913985077524877","0.04992809728080796","21","325","1","11004",
"REAC","EPH-ephrin mediated repulsion of cells","REAC:R-HSA-3928665","0.8913985077524877","0.04992809728080796","49","325","2","11004",
"REAC","SLC-mediated transmembrane transport","REAC:R-HSA-425407","0.8913985077524877","0.04992809728080796","248","325","8","11004",
"REAC","Signaling by ALK in cancer","REAC:R-HSA-9700206","0.8913985077524877","0.04992809728080796","89","325","3","11004",
"REAC","Signaling by EGFR","REAC:R-HSA-177929","0.8913985077524877","0.04992809728080796","51","325","2","11004",
"REAC","Signaling by ERBB2 KD Mutants","REAC:R-HSA-9664565","0.8913985077524877","0.04992809728080796","21","325","1","11004",
"REAC","Cleavage of the damaged purine","REAC:R-HSA-110331","0.8913985077524877","0.04992809728080796","54","325","2","11004",
"REAC","Signaling by ERBB2 in Cancer","REAC:R-HSA-1227990","0.8913985077524877","0.04992809728080796","22","325","1","11004",
"REAC","Regulation of TLR by endogenous ligand","REAC:R-HSA-5686938","0.8913985077524877","0.04992809728080796","22","325","1","11004",
"REAC","Signaling by ERBB4","REAC:R-HSA-1236394","0.8913985077524877","0.04992809728080796","54","325","2","11004",
"REAC","Signaling by Erythropoietin","REAC:R-HSA-9006335","0.8913985077524877","0.04992809728080796","23","325","1","11004",
"REAC","COPI-independent Golgi-to-ER retrograde traffic","REAC:R-HSA-6811436","0.8913985077524877","0.04992809728080796","53","325","2","11004",
"REAC","Biological oxidations","REAC:R-HSA-211859","0.8913985077524877","0.04992809728080796","215","325","7","11004",
"REAC","PIP3 activates AKT signaling","REAC:R-HSA-1257604","0.8913985077524877","0.04992809728080796","252","325","8","11004",
"REAC","Blood group systems biosynthesis","REAC:R-HSA-9033658","0.8913985077524877","0.04992809728080796","21","325","1","11004",
"REAC","Global Genome Nucleotide Excision Repair (GG-NER)","REAC:R-HSA-5696399","0.8913985077524877","0.04992809728080796","84","325","3","11004",
"REAC","ERK/MAPK targets","REAC:R-HSA-198753","0.8913985077524877","0.04992809728080796","22","325","1","11004",
"REAC","PKA-mediated phosphorylation of CREB","REAC:R-HSA-111931","0.8913985077524877","0.04992809728080796","19","325","1","11004",
"REAC","Chondroitin sulfate/dermatan sulfate metabolism","REAC:R-HSA-1793185","0.8913985077524877","0.04992809728080796","49","325","2","11004",
"REAC","Metabolism of cofactors","REAC:R-HSA-8978934","0.8913985077524877","0.04992809728080796","23","325","1","11004",
"REAC","Signaling by Hippo","REAC:R-HSA-2028269","0.8913985077524877","0.04992809728080796","19","325","1","11004",
"REAC","CDC42 GTPase cycle","REAC:R-HSA-9013148","0.8913985077524877","0.04992809728080796","155","325","5","11004",
"REAC","Metabolism of carbohydrates and carbohydrate derivatives","REAC:R-HSA-71387","0.8913985077524877","0.04992809728080796","279","325","9","11004",
"REAC","Depurination","REAC:R-HSA-73927","0.8913985077524877","0.04992809728080796","54","325","2","11004",
"REAC","Meiosis","REAC:R-HSA-1500620","0.8913985077524877","0.04992809728080796","116","325","4","11004",
"REAC","ADP signalling through P2Y purinoceptor 12","REAC:R-HSA-392170","0.8913985077524877","0.04992809728080796","22","325","1","11004",
"REAC","Packaging Of Telomere Ends","REAC:R-HSA-171306","0.8913985077524877","0.04992809728080796","51","325","2","11004",
"REAC","Signaling by NTRK2 (TRKB)","REAC:R-HSA-9006115","0.8913985077524877","0.04992809728080796","21","325","1","11004",
"REAC","Signaling by ALK fusions and activated point mutants","REAC:R-HSA-9725370","0.8913985077524877","0.04992809728080796","89","325","3","11004",
"REAC","AUF1 (hnRNP D0) binds and destabilizes mRNA","REAC:R-HSA-450408","0.8913985077524877","0.04992809728080796","54","325","2","11004",
"REAC","Co-inhibition by CTLA4","REAC:R-HSA-389513","0.8913985077524877","0.04992809728080796","20","325","1","11004",
"REAC","DDX58/IFIH1-mediated induction of interferon-alpha/beta","REAC:R-HSA-168928","0.8913985077524877","0.04992809728080796","82","325","3","11004",
"REAC","Golgi Associated Vesicle Biogenesis","REAC:R-HSA-432722","0.8913985077524877","0.04992809728080796","55","325","2","11004",
"REAC","Synthesis, secretion, and inactivation of Glucagon-like Peptide-1 (GLP-1)","REAC:R-HSA-381771","0.8913985077524877","0.04992809728080796","21","325","1","11004",
"REAC","RHOBTB2 GTPase cycle","REAC:R-HSA-9013418","0.8913985077524877","0.04992809728080796","23","325","1","11004",
"REAC","RHOBTB1 GTPase cycle","REAC:R-HSA-9013422","0.8913985077524877","0.04992809728080796","23","325","1","11004",
"REAC","Aquaporin-mediated transport","REAC:R-HSA-445717","0.8913985077524877","0.04992809728080796","52","325","2","11004",
"REAC","EPH-Ephrin signaling","REAC:R-HSA-2682334","0.8913985077524877","0.04992809728080796","90","325","3","11004",
"REAC","Mitochondrial calcium ion transport","REAC:R-HSA-8949215","0.8913985077524877","0.04992809728080796","23","325","1","11004",
"REAC","Oxidative Stress Induced Senescence","REAC:R-HSA-2559580","0.8913985077524877","0.04992809728080796","122","325","4","11004",
"REAC","RHO GTPase cycle","REAC:R-HSA-9012999","0.8913985077524877","0.04992809728080796","449","325","14","11004",
"REAC","PCNA-Dependent Long Patch Base Excision Repair","REAC:R-HSA-5651801","0.8913985077524877","0.04992809728080796","21","325","1","11004",
"REAC","GPCR ligand binding","REAC:R-HSA-500792","0.8913985077524877","0.04992809728080796","460","325","14","11004",
"REAC","Intrinsic Pathway for Apoptosis","REAC:R-HSA-109606","0.8913985077524877","0.04992809728080796","54","325","2","11004",
"REAC","RAF-independent MAPK1/3 activation","REAC:R-HSA-112409","0.8913985077524877","0.04992809728080796","22","325","1","11004",
"REAC","The canonical retinoid cycle in rods (twilight vision)","REAC:R-HSA-2453902","0.8913985077524877","0.04992809728080796","23","325","1","11004",
"REAC","Defective B4GALT7 causes EDS, progeroid type","REAC:R-HSA-3560783","0.8913985077524877","0.04992809728080796","20","325","1","11004",
"REAC","RAC2 GTPase cycle","REAC:R-HSA-9013404","0.8913985077524877","0.04992809728080796","88","325","3","11004",
"REAC","Separation of Sister Chromatids","REAC:R-HSA-2467813","0.8913985077524877","0.04992809728080796","188","325","6","11004",
"REAC","Ion homeostasis","REAC:R-HSA-5578775","0.8913985077524877","0.04992809728080796","54","325","2","11004",
"REAC","Defective B3GALT6 causes EDSP2 and SEMDJL1","REAC:R-HSA-4420332","0.8913985077524877","0.04992809728080796","20","325","1","11004",
"REAC","JNK (c-Jun kinases) phosphorylation and  activation mediated by activated human TAK1","REAC:R-HSA-450321","0.8913985077524877","0.04992809728080796","22","325","1","11004",
"REAC","Adherens junctions interactions","REAC:R-HSA-418990","0.8913985077524877","0.04992809728080796","55","325","2","11004",
"REAC","Microtubule-dependent trafficking of connexons from Golgi to the plasma membrane","REAC:R-HSA-190840","0.8913985077524877","0.04992809728080796","20","325","1","11004",
"REAC","Antiviral mechanism by IFN-stimulated genes","REAC:R-HSA-1169410","0.8913985077524877","0.04992809728080796","147","325","5","11004",
"REAC","Defective B3GAT3 causes JDSSDHD","REAC:R-HSA-3560801","0.8913985077524877","0.04992809728080796","20","325","1","11004",
"REAC","Lagging Strand Synthesis","REAC:R-HSA-69186","0.8913985077524877","0.04992809728080796","20","325","1","11004",
"REAC","E2F mediated regulation of DNA replication","REAC:R-HSA-113510","0.8913985077524877","0.04992809728080796","23","325","1","11004",
"REAC","Signal transduction by L1","REAC:R-HSA-445144","0.8913985077524877","0.04992809728080796","20","325","1","11004",
"REAC","DARPP-32 events","REAC:R-HSA-180024","0.8913985077524877","0.04992809728080796","23","325","1","11004",
"REAC","Other interleukin signaling","REAC:R-HSA-449836","0.8944601638599463","0.04843899662936896","24","325","1","11004",
"REAC","Interferon gamma signaling","REAC:R-HSA-877300","0.8944601638599463","0.04843899662936896","91","325","3","11004",
"REAC","Co-inhibition by PD-1","REAC:R-HSA-389948","0.8944601638599463","0.04843899662936896","24","325","1","11004",
"REAC","Cellular Senescence","REAC:R-HSA-2559583","0.8944601638599463","0.04843899662936896","194","325","6","11004",
"REAC","Incretin synthesis, secretion, and inactivation","REAC:R-HSA-400508","0.8944601638599463","0.04843899662936896","24","325","1","11004",
"REAC","Triglyceride catabolism","REAC:R-HSA-163560","0.8944601638599463","0.04843899662936896","24","325","1","11004",
"REAC","Amplification  of signal from unattached  kinetochores via a MAD2  inhibitory signal","REAC:R-HSA-141444","0.8944601638599463","0.04843899662936896","92","325","3","11004",
"REAC","Metal ion SLC transporters","REAC:R-HSA-425410","0.8944601638599463","0.04843899662936896","24","325","1","11004",
"REAC","Complex I biogenesis","REAC:R-HSA-6799198","0.8944601638599463","0.04843899662936896","57","325","2","11004",
"REAC","Platelet degranulation ","REAC:R-HSA-114608","0.8944601638599463","0.04843899662936896","126","325","4","11004",
"REAC","Metabolism of vitamins and cofactors","REAC:R-HSA-196854","0.8944601638599463","0.04843899662936896","193","325","6","11004",
"REAC","HS-GAG degradation","REAC:R-HSA-2024096","0.8944601638599463","0.04843899662936896","24","325","1","11004",
"REAC","Mitotic Anaphase","REAC:R-HSA-68882","0.8944601638599463","0.04843899662936896","228","325","7","11004",
"REAC","HSF1-dependent transactivation","REAC:R-HSA-3371571","0.8944601638599463","0.04843899662936896","24","325","1","11004",
"REAC","Synthesis of very long-chain fatty acyl-CoAs","REAC:R-HSA-75876","0.8944601638599463","0.04843899662936896","24","325","1","11004",
"REAC","HCMV Infection","REAC:R-HSA-9609646","0.8944601638599463","0.04843899662936896","158","325","5","11004",
"REAC","Amplification of signal from the kinetochores","REAC:R-HSA-141424","0.8944601638599463","0.04843899662936896","92","325","3","11004",
"REAC","Regulation of IFNA/IFNB signaling","REAC:R-HSA-912694","0.8944601638599463","0.04843899662936896","24","325","1","11004",
"REAC","Transcriptional Regulation by MECP2","REAC:R-HSA-8986944","0.8944838618989246","0.048427490481146765","58","325","2","11004",
"REAC","Metabolism of porphyrins","REAC:R-HSA-189445","0.8945130378185059","0.04841332506712986","25","325","1","11004",
"REAC","Interleukin-20 family signaling","REAC:R-HSA-8854691","0.8945130378185059","0.04841332506712986","25","325","1","11004",
"REAC","CREB1 phosphorylation through NMDA receptor-mediated activation of RAS signaling","REAC:R-HSA-442742","0.8945130378185059","0.04841332506712986","25","325","1","11004",
"REAC","Glycerophospholipid biosynthesis","REAC:R-HSA-1483206","0.8945130378185059","0.04841332506712986","128","325","4","11004",
"REAC","NOTCH3 Activation and Transmission of Signal to the Nucleus","REAC:R-HSA-9013507","0.8945130378185059","0.04841332506712986","25","325","1","11004",
"REAC","Downregulation of TGF-beta receptor signaling","REAC:R-HSA-2173788","0.8945130378185059","0.04841332506712986","25","325","1","11004",
"REAC","Interferon Signaling","REAC:R-HSA-913531","0.8945130378185059","0.04841332506712986","263","325","8","11004",
"REAC","Depyrimidination","REAC:R-HSA-73928","0.8945130378185059","0.04841332506712986","59","325","2","11004",
"REAC","NRAGE signals death through JNK","REAC:R-HSA-193648","0.8945130378185059","0.04841332506712986","59","325","2","11004",
"REAC","VEGFA-VEGFR2 Pathway","REAC:R-HSA-4420097","0.8945130378185059","0.04841332506712986","94","325","3","11004",
"REAC","Cleavage of the damaged pyrimidine ","REAC:R-HSA-110329","0.8945130378185059","0.04841332506712986","59","325","2","11004",
"REAC","Post-translational protein modification","REAC:R-HSA-597592","0.8945130378185059","0.04841332506712986","1451","325","43","11004",
"REAC","Resolution of AP sites via the multiple-nucleotide patch replacement pathway","REAC:R-HSA-110373","0.8945130378185059","0.04841332506712986","25","325","1","11004",
"REAC","Basigin interactions","REAC:R-HSA-210991","0.8945130378185059","0.04841332506712986","25","325","1","11004",
"REAC","Recognition and association of DNA glycosylase with site containing an affected pyrimidine","REAC:R-HSA-110328","0.8945130378185059","0.04841332506712986","59","325","2","11004",
"REAC","DAP12 signaling","REAC:R-HSA-2424491","0.8945130378185059","0.04841332506712986","25","325","1","11004",
"REAC","Glucuronidation","REAC:R-HSA-156588","0.8945130378185059","0.04841332506712986","25","325","1","11004",
"REAC","G beta:gamma signalling through PI3Kgamma","REAC:R-HSA-392451","0.8945130378185059","0.04841332506712986","25","325","1","11004",
"REAC","Hemostasis","REAC:R-HSA-109582","0.8945130378185059","0.04841332506712986","675","325","20","11004",
"REAC","Kinesins","REAC:R-HSA-983189","0.8959342683224009","0.04772385189148757","60","325","2","11004",
"REAC","RUNX1 regulates transcription of genes involved in differentiation of HSCs","REAC:R-HSA-8939236","0.8959342683224009","0.04772385189148757","129","325","4","11004",
"REAC","GABA receptor activation","REAC:R-HSA-977443","0.8959342683224009","0.04772385189148757","60","325","2","11004",
"REAC","Base-Excision Repair, AP Site Formation","REAC:R-HSA-73929","0.8959342683224009","0.04772385189148757","60","325","2","11004",
"REAC","Nuclear Events (kinase and transcription factor activation)","REAC:R-HSA-198725","0.8959342683224009","0.04772385189148757","60","325","2","11004",
"REAC","Toll-like Receptor Cascades","REAC:R-HSA-168898","0.897364901515072","0.047030920958977","165","325","5","11004",
"REAC","N-glycan antennae elongation in the medial/trans-Golgi","REAC:R-HSA-975576","0.897364901515072","0.047030920958977","26","325","1","11004",
"REAC","RNA Pol II CTD phosphorylation and interaction with CE during HIV infection","REAC:R-HSA-167160","0.897364901515072","0.047030920958977","26","325","1","11004",
"REAC","RNA Pol II CTD phosphorylation and interaction with CE","REAC:R-HSA-77075","0.897364901515072","0.047030920958977","26","325","1","11004",
"REAC","Polymerase switching on the C-strand of the telomere","REAC:R-HSA-174411","0.897364901515072","0.047030920958977","26","325","1","11004",
"REAC","RUNX1 regulates genes involved in megakaryocyte differentiation and platelet function","REAC:R-HSA-8936459","0.897364901515072","0.047030920958977","95","325","3","11004",
"REAC","G0 and Early G1","REAC:R-HSA-1538133","0.897364901515072","0.047030920958977","26","325","1","11004",
"REAC","Cyclin A/B1/B2 associated events during G2/M transition","REAC:R-HSA-69273","0.897364901515072","0.047030920958977","26","325","1","11004",
"REAC","Integrin signaling","REAC:R-HSA-354192","0.897364901515072","0.047030920958977","26","325","1","11004",
"REAC","Cholesterol biosynthesis","REAC:R-HSA-191273","0.897364901515072","0.047030920958977","26","325","1","11004",
"REAC","Formation of tubulin folding intermediates by CCT/TriC","REAC:R-HSA-389960","0.897364901515072","0.047030920958977","26","325","1","11004",
"REAC","G1/S Transition","REAC:R-HSA-69206","0.8977754118506934","0.046832293168931914","131","325","4","11004",
"REAC","Anti-inflammatory response favouring Leishmania parasite infection","REAC:R-HSA-9662851","0.8977754118506934","0.046832293168931914","131","325","4","11004",
"REAC","Leishmania parasite growth and survival","REAC:R-HSA-9664433","0.8977754118506934","0.046832293168931914","131","325","4","11004",
"REAC","RNA Polymerase I Promoter Opening","REAC:R-HSA-73728","0.8988931085242168","0.0462919491323263","62","325","2","11004",
"REAC","Visual phototransduction","REAC:R-HSA-2187338","0.8988931085242168","0.0462919491323263","97","325","3","11004",
"REAC","p75 NTR receptor-mediated signalling","REAC:R-HSA-193704","0.8988931085242168","0.0462919491323263","97","325","3","11004",
"REAC","MAP kinase activation","REAC:R-HSA-450294","0.8988931085242168","0.0462919491323263","62","325","2","11004",
"REAC","CLEC7A (Dectin-1) signaling","REAC:R-HSA-5607764","0.8988931085242168","0.0462919491323263","97","325","3","11004",
"REAC","Signaling by Rho GTPases, Miro GTPases and RHOBTB3","REAC:R-HSA-9716542","0.8988931085242168","0.0462919491323263","716","325","21","11004",
"REAC","RSV-host interactions","REAC:R-HSA-9833110","0.8988931085242168","0.0462919491323263","97","325","3","11004",
"REAC","Dual incision in TC-NER","REAC:R-HSA-6782135","0.8988931085242168","0.0462919491323263","62","325","2","11004",
"REAC","Downregulation of ERBB2 signaling","REAC:R-HSA-8863795","0.8993139082269578","0.04608869000751986","27","325","1","11004",
"REAC","VEGFR2 mediated vascular permeability","REAC:R-HSA-5218920","0.8993139082269578","0.04608869000751986","27","325","1","11004",
"REAC","ATF4 activates genes in response to endoplasmic reticulum  stress","REAC:R-HSA-380994","0.8993139082269578","0.04608869000751986","27","325","1","11004",
"REAC","Syndecan interactions","REAC:R-HSA-3000170","0.8993139082269578","0.04608869000751986","27","325","1","11004",
"REAC","Infection with Mycobacterium tuberculosis","REAC:R-HSA-9635486","0.8993139082269578","0.04608869000751986","27","325","1","11004",
"REAC","G1/S-Specific Transcription","REAC:R-HSA-69205","0.8993139082269578","0.04608869000751986","27","325","1","11004",
"REAC","EPHA-mediated growth cone collapse","REAC:R-HSA-3928663","0.9028615599354126","0.044378837023614955","28","325","1","11004",
"REAC","Factors involved in megakaryocyte development and platelet production","REAC:R-HSA-983231","0.9028615599354126","0.044378837023614955","169","325","5","11004",
"REAC","Synthesis of substrates in N-glycan biosythesis","REAC:R-HSA-446219","0.9028615599354126","0.044378837023614955","63","325","2","11004",
"REAC","Paracetamol ADME","REAC:R-HSA-9753281","0.9028615599354126","0.044378837023614955","28","325","1","11004",
"REAC","Regulation of Glucokinase by Glucokinase Regulatory Protein","REAC:R-HSA-170822","0.9028615599354126","0.044378837023614955","28","325","1","11004",
"REAC","DNA methylation","REAC:R-HSA-5334118","0.9028615599354126","0.044378837023614955","64","325","2","11004",
"REAC","Prefoldin mediated transfer of substrate  to CCT/TriC","REAC:R-HSA-389957","0.9028615599354126","0.044378837023614955","28","325","1","11004",
"REAC","Notch-HLH transcription pathway","REAC:R-HSA-350054","0.9028615599354126","0.044378837023614955","28","325","1","11004",
"REAC","EGR2 and SOX10-mediated initiation of Schwann cell myelination","REAC:R-HSA-9619665","0.9028615599354126","0.044378837023614955","28","325","1","11004",
"REAC","Myogenesis","REAC:R-HSA-525793","0.9028615599354126","0.044378837023614955","28","325","1","11004",
"REAC","RAB geranylgeranylation","REAC:R-HSA-8873719","0.9028615599354126","0.044378837023614955","64","325","2","11004",
"REAC","Defective TPR may confer susceptibility towards thyroid papillary carcinoma (TPC)","REAC:R-HSA-5619107","0.9028615599354126","0.044378837023614955","28","325","1","11004",
"REAC","Sulfur amino acid metabolism","REAC:R-HSA-1614635","0.9028615599354126","0.044378837023614955","28","325","1","11004",
"REAC","Activation of AMPK downstream of NMDARs","REAC:R-HSA-9619483","0.9028615599354126","0.044378837023614955","28","325","1","11004",
"REAC","mRNA Capping","REAC:R-HSA-72086","0.9028615599354126","0.044378837023614955","28","325","1","11004",
"REAC","TNFR2 non-canonical NF-kB pathway","REAC:R-HSA-5668541","0.9049338390611108","0.043383171492054014","100","325","3","11004",
"REAC","Regulation of expression of SLITs and ROBOs","REAC:R-HSA-9010553","0.9068250966251814","0.04247646916416995","171","325","5","11004",
"REAC","Interleukin-17 signaling","REAC:R-HSA-448424","0.9091309453867963","0.0413735592827554","70","325","2","11004",
"REAC","DNA strand elongation","REAC:R-HSA-69190","0.9091309453867963","0.0413735592827554","32","325","1","11004",
"REAC","Transport of Ribonucleoproteins into the Host Nucleus","REAC:R-HSA-168271","0.9091309453867963","0.0413735592827554","29","325","1","11004",
"REAC","Acyl chain remodelling of PE","REAC:R-HSA-1482839","0.9091309453867963","0.0413735592827554","29","325","1","11004",
"REAC","Nuclear signaling by ERBB4","REAC:R-HSA-1251985","0.9091309453867963","0.0413735592827554","31","325","1","11004",
"REAC","Activation of G protein gated Potassium channels","REAC:R-HSA-1296041","0.9091309453867963","0.0413735592827554","29","325","1","11004",
"REAC","Nucleotide Excision Repair","REAC:R-HSA-5696398","0.9091309453867963","0.0413735592827554","107","325","3","11004",
"REAC","Transport of the SLBP Dependant Mature mRNA","REAC:R-HSA-159230","0.9091309453867963","0.0413735592827554","32","325","1","11004",
"REAC","Diseases of Immune System","REAC:R-HSA-5260271","0.9091309453867963","0.0413735592827554","32","325","1","11004",
"REAC","Signaling by NOTCH2","REAC:R-HSA-1980145","0.9091309453867963","0.0413735592827554","32","325","1","11004",
"REAC","RNA Polymerase I Transcription Termination","REAC:R-HSA-73863","0.9091309453867963","0.0413735592827554","31","325","1","11004",
"REAC","G-protein beta:gamma signalling","REAC:R-HSA-397795","0.9091309453867963","0.0413735592827554","32","325","1","11004",
"REAC","G protein gated Potassium channels","REAC:R-HSA-1296059","0.9091309453867963","0.0413735592827554","29","325","1","11004",
"REAC","Cristae formation","REAC:R-HSA-8949613","0.9091309453867963","0.0413735592827554","31","325","1","11004",
"REAC","Diseases of programmed cell death","REAC:R-HSA-9645723","0.9091309453867963","0.0413735592827554","103","325","3","11004",
"REAC","Nicotinate metabolism","REAC:R-HSA-196807","0.9091309453867963","0.0413735592827554","31","325","1","11004",
"REAC","Diseases of metabolism","REAC:R-HSA-5668914","0.9091309453867963","0.0413735592827554","246","325","7","11004",
"REAC","HATs acetylate histones","REAC:R-HSA-3214847","0.9091309453867963","0.0413735592827554","141","325","4","11004",
"REAC","Nuclear import of Rev protein","REAC:R-HSA-180746","0.9091309453867963","0.0413735592827554","31","325","1","11004",
"REAC","Transcriptional regulation by small RNAs","REAC:R-HSA-5578749","0.9091309453867963","0.0413735592827554","102","325","3","11004",
"REAC","Inhibition  of voltage gated Ca2+ channels via Gbeta/gamma subunits","REAC:R-HSA-997272","0.9091309453867963","0.0413735592827554","29","325","1","11004",
"REAC","Nonhomologous End-Joining (NHEJ)","REAC:R-HSA-5693571","0.9091309453867963","0.0413735592827554","68","325","2","11004",
"REAC","SARS-CoV-1 Infection","REAC:R-HSA-9678108","0.9091309453867963","0.0413735592827554","140","325","4","11004",
"REAC","Transport of the SLBP independent Mature mRNA","REAC:R-HSA-159227","0.9091309453867963","0.0413735592827554","31","325","1","11004",
"REAC","Inhibition of DNA recombination at telomere","REAC:R-HSA-9670095","0.9091309453867963","0.0413735592827554","66","325","2","11004",
"REAC","Nuclear Envelope (NE) Reassembly","REAC:R-HSA-2995410","0.9091309453867963","0.0413735592827554","70","325","2","11004",
"REAC","Export of Viral Ribonucleoproteins from Nucleus","REAC:R-HSA-168274","0.9091309453867963","0.0413735592827554","30","325","1","11004",
"REAC","Rev-mediated nuclear export of HIV RNA","REAC:R-HSA-165054","0.9091309453867963","0.0413735592827554","32","325","1","11004",
"REAC","Formation of the HIV-1 Early Elongation Complex","REAC:R-HSA-167158","0.9091309453867963","0.0413735592827554","32","325","1","11004",
"REAC","PERK regulates gene expression","REAC:R-HSA-381042","0.9091309453867963","0.0413735592827554","32","325","1","11004",
"REAC","Formation of the Early Elongation Complex","REAC:R-HSA-113418","0.9091309453867963","0.0413735592827554","32","325","1","11004",
"REAC","Chromatin modifications during the maternal to zygotic transition (MZT)","REAC:R-HSA-9821002","0.9091309453867963","0.0413735592827554","70","325","2","11004",
"REAC","Citric acid cycle (TCA cycle)","REAC:R-HSA-71403","0.9091309453867963","0.0413735592827554","32","325","1","11004",
"REAC","Positive epigenetic regulation of rRNA expression","REAC:R-HSA-5250913","0.9091309453867963","0.0413735592827554","104","325","3","11004",
"REAC","Post-translational protein phosphorylation","REAC:R-HSA-8957275","0.9091309453867963","0.0413735592827554","107","325","3","11004",
"REAC","Signaling by Rho GTPases","REAC:R-HSA-194315","0.9091309453867963","0.0413735592827554","701","325","20","11004",
"REAC","Signaling by CSF3 (G-CSF)","REAC:R-HSA-9674555","0.9091309453867963","0.0413735592827554","30","325","1","11004",
"REAC","Signaling by BMP","REAC:R-HSA-201451","0.9091309453867963","0.0413735592827554","31","325","1","11004",
"REAC","Signal amplification","REAC:R-HSA-392518","0.9091309453867963","0.0413735592827554","32","325","1","11004",
"REAC","Activated NOTCH1 Transmits Signal to the Nucleus","REAC:R-HSA-2122948","0.9091309453867963","0.0413735592827554","31","325","1","11004",
"REAC","MAPK targets/ Nuclear events mediated by MAP kinases","REAC:R-HSA-450282","0.9091309453867963","0.0413735592827554","30","325","1","11004",
"REAC","SIRT1 negatively regulates rRNA expression","REAC:R-HSA-427359","0.9091309453867963","0.0413735592827554","67","325","2","11004",
"REAC","FOXO-mediated transcription","REAC:R-HSA-9614085","0.9091309453867963","0.0413735592827554","66","325","2","11004",
"REAC","Sensory processing of sound by inner hair cells of the cochlea","REAC:R-HSA-9662360","0.9091309453867963","0.0413735592827554","66","325","2","11004",
"REAC","EGFR downregulation","REAC:R-HSA-182971","0.9091309453867963","0.0413735592827554","30","325","1","11004",
"REAC","Sphingolipid metabolism","REAC:R-HSA-428157","0.9091309453867963","0.0413735592827554","102","325","3","11004",
"REAC","Vpr-mediated nuclear import of PICs","REAC:R-HSA-180910","0.9091309453867963","0.0413735592827554","31","325","1","11004",
"REAC","COPI-mediated anterograde transport","REAC:R-HSA-6807878","0.9091309453867963","0.0413735592827554","102","325","3","11004",
"REAC","Glycolysis","REAC:R-HSA-70171","0.9091309453867963","0.0413735592827554","68","325","2","11004",
"REAC","Assembly of the ORC complex at the origin of replication","REAC:R-HSA-68616","0.9091309453867963","0.0413735592827554","68","325","2","11004",
"REAC","Diseases associated with the TLR signaling cascade","REAC:R-HSA-5602358","0.9091309453867963","0.0413735592827554","32","325","1","11004",
"REAC","SUMOylation of SUMOylation proteins","REAC:R-HSA-4085377","0.9091309453867963","0.0413735592827554","32","325","1","11004",
"REAC","NEP/NS2 Interacts with the Cellular Export Machinery","REAC:R-HSA-168333","0.9091309453867963","0.0413735592827554","29","325","1","11004",
"REAC","Sealing of the nuclear envelope (NE) by ESCRT-III","REAC:R-HSA-9668328","0.9091309453867963","0.0413735592827554","32","325","1","11004",
"REAC","Toll Like Receptor 3 (TLR3) Cascade","REAC:R-HSA-168164","0.9091309453867963","0.0413735592827554","103","325","3","11004",
"REAC","Beta-catenin independent WNT signaling","REAC:R-HSA-3858494","0.9091309453867963","0.0413735592827554","143","325","4","11004",
"REAC","Activated PKN1 stimulates transcription of AR (androgen receptor) regulated genes KLK2 and KLK3","REAC:R-HSA-5625886","0.9091309453867963","0.0413735592827554","66","325","2","11004",
"REAC","Stimuli-sensing channels","REAC:R-HSA-2672351","0.9091309453867963","0.0413735592827554","105","325","3","11004",
"REAC","RHO GTPases activate IQGAPs","REAC:R-HSA-5626467","0.9091309453867963","0.0413735592827554","32","325","1","11004",
"REAC","Transport of Mature mRNA derived from an Intron-Containing Transcript","REAC:R-HSA-159236","0.9128895591097717","0.03958176000174407","71","325","2","11004",
"REAC","Metabolism","REAC:R-HSA-1430728","0.9128895591097717","0.03958176000174407","2100","325","60","11004",
"REAC","Interactions of Rev with host cellular proteins","REAC:R-HSA-177243","0.9128895591097717","0.03958176000174407","34","325","1","11004",
"REAC","Toll Like Receptor TLR6:TLR2 Cascade","REAC:R-HSA-168188","0.9128895591097717","0.03958176000174407","111","325","3","11004",
"REAC","Cytokine Signaling in Immune system","REAC:R-HSA-1280215","0.9128895591097717","0.03958176000174407","780","325","22","11004",
"REAC","Cooperation of Prefoldin and TriC/CCT  in actin and tubulin folding","REAC:R-HSA-389958","0.9128895591097717","0.03958176000174407","33","325","1","11004",
"REAC","Transcriptional Regulation by E2F6","REAC:R-HSA-8953750","0.9128895591097717","0.03958176000174407","34","325","1","11004",
"REAC","Translocation of SLC2A4 (GLUT4) to the plasma membrane","REAC:R-HSA-1445148","0.9128895591097717","0.03958176000174407","72","325","2","11004",
"REAC","Mitotic Spindle Checkpoint","REAC:R-HSA-69618","0.9128895591097717","0.03958176000174407","109","325","3","11004",
"REAC","MyD88:MAL(TIRAP) cascade initiated on plasma membrane","REAC:R-HSA-166058","0.9128895591097717","0.03958176000174407","111","325","3","11004",
"REAC","Glucagon signaling in metabolic regulation","REAC:R-HSA-163359","0.9128895591097717","0.03958176000174407","33","325","1","11004",
"REAC","Glucagon-type ligand receptors","REAC:R-HSA-420092","0.9128895591097717","0.03958176000174407","33","325","1","11004",
"REAC","Transcriptional Regulation by NPAS4","REAC:R-HSA-9634815","0.9128895591097717","0.03958176000174407","33","325","1","11004",
"REAC","Evasion by RSV of host interferon responses","REAC:R-HSA-9833109","0.9128895591097717","0.03958176000174407","34","325","1","11004",
"REAC","Senescence-Associated Secretory Phenotype (SASP)","REAC:R-HSA-2559582","0.9128895591097717","0.03958176000174407","111","325","3","11004",
"REAC","Cdc20:Phospho-APC/C mediated degradation of Cyclin A","REAC:R-HSA-174184","0.9128895591097717","0.03958176000174407","73","325","2","11004",
"REAC","Telomere C-strand (Lagging Strand) Synthesis","REAC:R-HSA-174417","0.9128895591097717","0.03958176000174407","34","325","1","11004",
"REAC","Activation of the pre-replicative complex","REAC:R-HSA-68962","0.9128895591097717","0.03958176000174407","33","325","1","11004",
"REAC","Telomere Maintenance","REAC:R-HSA-157579","0.9128895591097717","0.03958176000174407","111","325","3","11004",
"REAC","PRC2 methylates histones and DNA","REAC:R-HSA-212300","0.9128895591097717","0.03958176000174407","72","325","2","11004",
"REAC","RNA Polymerase I Promoter Clearance","REAC:R-HSA-73854","0.9128895591097717","0.03958176000174407","109","325","3","11004",
"REAC","Signaling by ROBO receptors","REAC:R-HSA-376176","0.9128895591097717","0.03958176000174407","217","325","6","11004",
"REAC","Oncogene Induced Senescence","REAC:R-HSA-2559585","0.9128895591097717","0.03958176000174407","33","325","1","11004",
"REAC","Calmodulin induced events","REAC:R-HSA-111933","0.9128895591097717","0.03958176000174407","34","325","1","11004",
"REAC","Synthesis of bile acids and bile salts","REAC:R-HSA-192105","0.9128895591097717","0.03958176000174407","33","325","1","11004",
"REAC","CaM pathway","REAC:R-HSA-111997","0.9128895591097717","0.03958176000174407","34","325","1","11004",
"REAC","Estrogen-dependent gene expression","REAC:R-HSA-9018519","0.9128895591097717","0.03958176000174407","147","325","4","11004",
"REAC","Signaling by NOTCH1","REAC:R-HSA-1980143","0.9128895591097717","0.03958176000174407","72","325","2","11004",
"REAC","RNA Polymerase I Transcription","REAC:R-HSA-73864","0.9128895591097717","0.03958176000174407","110","325","3","11004",
"REAC","Signaling by high-kinase activity BRAF mutants","REAC:R-HSA-6802948","0.9151106804805974","0.03852637586250287","35","325","1","11004",
"REAC","Resolution of Abasic Sites (AP sites)","REAC:R-HSA-73933","0.9151106804805974","0.03852637586250287","36","325","1","11004",
"REAC","RUNX1 interacts with co-factors whose precise effect on RUNX1 targets is not known","REAC:R-HSA-8939243","0.9151106804805974","0.03852637586250287","36","325","1","11004",
"REAC","SMAD2/SMAD3:SMAD4 heterotrimer regulates transcription","REAC:R-HSA-2173796","0.9151106804805974","0.03852637586250287","36","325","1","11004",
"REAC","SUMOylation of ubiquitinylation proteins","REAC:R-HSA-3232142","0.9151106804805974","0.03852637586250287","35","325","1","11004",
"REAC","ERCC6 (CSB) and EHMT2 (G9a) positively regulate rRNA expression","REAC:R-HSA-427389","0.9151106804805974","0.03852637586250287","75","325","2","11004",
"REAC","Detoxification of Reactive Oxygen Species","REAC:R-HSA-3299685","0.9151106804805974","0.03852637586250287","35","325","1","11004",
"REAC","NOD1/2 Signaling Pathway","REAC:R-HSA-168638","0.9151106804805974","0.03852637586250287","36","325","1","11004",
"REAC","HCMV Late Events","REAC:R-HSA-9610379","0.9151106804805974","0.03852637586250287","113","325","3","11004",
"REAC","Ca-dependent events","REAC:R-HSA-111996","0.9151106804805974","0.03852637586250287","36","325","1","11004",
"REAC","Interactions of Vpr with host cellular proteins","REAC:R-HSA-176033","0.9151106804805974","0.03852637586250287","35","325","1","11004",
"REAC","Inwardly rectifying K+ channels","REAC:R-HSA-1296065","0.9151106804805974","0.03852637586250287","35","325","1","11004",
"REAC","Negative regulators of DDX58/IFIH1 signaling","REAC:R-HSA-936440","0.9151106804805974","0.03852637586250287","35","325","1","11004",
"REAC","Toll Like Receptor TLR1:TLR2 Cascade","REAC:R-HSA-168179","0.9151106804805974","0.03852637586250287","114","325","3","11004",
"REAC","Sensory processing of sound","REAC:R-HSA-9659379","0.9151106804805974","0.03852637586250287","74","325","2","11004",
"REAC","Interleukin-1 family signaling","REAC:R-HSA-446652","0.9151106804805974","0.03852637586250287","151","325","4","11004",
"REAC","Aberrant regulation of mitotic cell cycle due to RB1 defects","REAC:R-HSA-9687139","0.9151106804805974","0.03852637586250287","36","325","1","11004",
"REAC","Hedgehog 'off' state","REAC:R-HSA-5610787","0.9151106804805974","0.03852637586250287","113","325","3","11004",
"REAC","RHOC GTPase cycle","REAC:R-HSA-9013106","0.9151106804805974","0.03852637586250287","74","325","2","11004",
"REAC","Toll Like Receptor 2 (TLR2) Cascade","REAC:R-HSA-181438","0.9151106804805974","0.03852637586250287","114","325","3","11004",
"REAC","RHOBTB GTPase Cycle","REAC:R-HSA-9706574","0.9151106804805974","0.03852637586250287","35","325","1","11004",
"REAC","DAP12 interactions","REAC:R-HSA-2172127","0.9151106804805974","0.03852637586250287","35","325","1","11004",
"REAC","Signaling by Interleukins","REAC:R-HSA-449147","0.9151106804805974","0.03852637586250287","476","325","13","11004",
"REAC","FLT3 Signaling","REAC:R-HSA-9607240","0.9151106804805974","0.03852637586250287","36","325","1","11004",
"REAC","Early SARS-CoV-2 Infection Events","REAC:R-HSA-9772572","0.9207658570678967","0.03585079315967785","37","325","1","11004",
"REAC","Death Receptor Signaling","REAC:R-HSA-73887","0.9207658570678967","0.03585079315967785","153","325","4","11004",
"REAC","Maturation of spike protein","REAC:R-HSA-9694548","0.9207658570678967","0.03585079315967785","37","325","1","11004",
"REAC","Fatty acyl-CoA biosynthesis","REAC:R-HSA-75105","0.9207658570678967","0.03585079315967785","37","325","1","11004",
"REAC","SARS-CoV-1 modulates host translation machinery","REAC:R-HSA-9735869","0.9207658570678967","0.03585079315967785","37","325","1","11004",
"REAC","Transcriptional and post-translational regulation of MITF-M expression and activity","REAC:R-HSA-9856649","0.9207658570678967","0.03585079315967785","37","325","1","11004",
"REAC","Glucose metabolism","REAC:R-HSA-70326","0.9207658570678967","0.03585079315967785","77","325","2","11004",
"REAC","RHOH GTPase cycle","REAC:R-HSA-9013407","0.9207658570678967","0.03585079315967785","37","325","1","11004",
"REAC","Biosynthesis of the N-glycan precursor (dolichol lipid-linked oligosaccharide, LLO) and transfer to a nascent protein","REAC:R-HSA-446193","0.9208409154470975","0.03581539207361319","78","325","2","11004",
"REAC","Diseases of mitotic cell cycle","REAC:R-HSA-9675126","0.9208409154470975","0.03581539207361319","38","325","1","11004",
"REAC","Gap junction assembly","REAC:R-HSA-190861","0.9208409154470975","0.03581539207361319","38","325","1","11004",
"REAC","RMTs methylate histone arginines","REAC:R-HSA-3214858","0.9208409154470975","0.03581539207361319","78","325","2","11004",
"REAC","RET signaling","REAC:R-HSA-8853659","0.9208409154470975","0.03581539207361319","38","325","1","11004",
"REAC","Regulation of insulin secretion","REAC:R-HSA-422356","0.9208409154470975","0.03581539207361319","78","325","2","11004",
"REAC","Transport of Mature mRNA Derived from an Intronless Transcript","REAC:R-HSA-159231","0.9208409154470975","0.03581539207361319","38","325","1","11004",
"REAC","NS1 Mediated Effects on Host Pathways","REAC:R-HSA-168276","0.9208409154470975","0.03581539207361319","38","325","1","11004",
"REAC","NGF-stimulated transcription","REAC:R-HSA-9031628","0.9208409154470975","0.03581539207361319","38","325","1","11004",
"REAC","DNA Damage Recognition in GG-NER","REAC:R-HSA-5696394","0.9208409154470975","0.03581539207361319","38","325","1","11004",
"REAC","Platelet Aggregation (Plug Formation)","REAC:R-HSA-76009","0.9208409154470975","0.03581539207361319","38","325","1","11004",
"REAC","Triglyceride metabolism","REAC:R-HSA-8979227","0.9208409154470975","0.03581539207361319","38","325","1","11004",
"REAC","Cooperation of PDCL (PhLP1) and TRiC/CCT in G-protein beta folding","REAC:R-HSA-6814122","0.9208409154470975","0.03581539207361319","38","325","1","11004",
"REAC","The role of GTSE1 in G2/M progression after G2 checkpoint","REAC:R-HSA-8852276","0.9212220121307286","0.03563569333840046","79","325","2","11004",
"REAC","Signaling by NOTCH","REAC:R-HSA-157118","0.9212220121307286","0.03563569333840046","231","325","6","11004",
"REAC","Transport of Mature mRNAs Derived from Intronless Transcripts","REAC:R-HSA-159234","0.922523985920095","0.03502233322601054","39","325","1","11004",
"REAC","Signaling by SCF-KIT","REAC:R-HSA-1433557","0.922523985920095","0.03502233322601054","39","325","1","11004",
"REAC","Synthesis of PA","REAC:R-HSA-1483166","0.922523985920095","0.03502233322601054","39","325","1","11004",
"REAC","Class C/3 (Metabotropic glutamate/pheromone receptors)","REAC:R-HSA-420499","0.922523985920095","0.03502233322601054","39","325","1","11004",
"REAC","MAP2K and MAPK activation","REAC:R-HSA-5674135","0.922523985920095","0.03502233322601054","39","325","1","11004",
"REAC","Transport of Mature Transcript to Cytoplasm","REAC:R-HSA-72202","0.922523985920095","0.03502233322601054","80","325","2","11004",
"REAC","Fanconi Anemia Pathway","REAC:R-HSA-6783310","0.922523985920095","0.03502233322601054","39","325","1","11004",
"REAC","Peptide ligand-binding receptors","REAC:R-HSA-375276","0.922523985920095","0.03502233322601054","195","325","5","11004",
"REAC","G alpha (12/13) signalling events","REAC:R-HSA-416482","0.922523985920095","0.03502233322601054","80","325","2","11004",
"REAC","DNA Replication Pre-Initiation","REAC:R-HSA-69002","0.928007884061141","0.03244833413706051","159","325","4","11004",
"REAC","Protein localization","REAC:R-HSA-9609507","0.928007884061141","0.03244833413706051","159","325","4","11004",
"REAC","Antigen activates B Cell Receptor (BCR) leading to generation of second messengers","REAC:R-HSA-983695","0.9281290091266862","0.03239165302926704","84","325","2","11004",
"REAC","NCAM1 interactions","REAC:R-HSA-419037","0.9281290091266862","0.03239165302926704","42","325","1","11004",
"REAC","Formation of WDR5-containing histone-modifying complexes","REAC:R-HSA-9772755","0.9281290091266862","0.03239165302926704","41","325","1","11004",
"REAC","RHOF GTPase cycle","REAC:R-HSA-9035034","0.9281290091266862","0.03239165302926704","42","325","1","11004",
"REAC","Dual Incision in GG-NER","REAC:R-HSA-5696400","0.9281290091266862","0.03239165302926704","41","325","1","11004",
"REAC","Epigenetic regulation by WDR5-containing histone modifying complexes","REAC:R-HSA-9917777","0.9281290091266862","0.03239165302926704","41","325","1","11004",
"REAC","Tat-mediated elongation of the HIV-1 transcript","REAC:R-HSA-167246","0.9281290091266862","0.03239165302926704","42","325","1","11004",
"REAC","Oncogenic MAPK signaling","REAC:R-HSA-6802957","0.9281290091266862","0.03239165302926704","82","325","2","11004",
"REAC","Beta defensins","REAC:R-HSA-1461957","0.9281290091266862","0.03239165302926704","41","325","1","11004",
"REAC","Cyclin A:Cdk2-associated events at S phase entry","REAC:R-HSA-69656","0.9281290091266862","0.03239165302926704","84","325","2","11004",
"REAC","Transcriptional regulation of white adipocyte differentiation","REAC:R-HSA-381340","0.9281290091266862","0.03239165302926704","83","325","2","11004",
"REAC","Regulation of Insulin-like Growth Factor (IGF) transport and uptake by Insulin-like Growth Factor Binding Proteins (IGFBPs)","REAC:R-HSA-381426","0.9281290091266862","0.03239165302926704","124","325","3","11004",
"REAC","HIV Transcription Elongation","REAC:R-HSA-167169","0.9281290091266862","0.03239165302926704","42","325","1","11004",
"REAC","Metabolism of water-soluble vitamins and cofactors","REAC:R-HSA-196849","0.9281290091266862","0.03239165302926704","124","325","3","11004",
"REAC","Formation of HIV-1 elongation complex containing HIV-1 Tat","REAC:R-HSA-167200","0.9281290091266862","0.03239165302926704","42","325","1","11004",
"REAC","Cyclin E associated events during G1/S transition ","REAC:R-HSA-69202","0.9281290091266862","0.03239165302926704","82","325","2","11004",
"REAC","EPHB-mediated forward signaling","REAC:R-HSA-3928662","0.9281290091266862","0.03239165302926704","40","325","1","11004",
"REAC","Amine ligand-binding receptors","REAC:R-HSA-375280","0.9281290091266862","0.03239165302926704","42","325","1","11004",
"REAC","SARS-CoV Infections","REAC:R-HSA-9679506","0.9281290091266862","0.03239165302926704","459","325","12","11004",
"REAC","Signaling by RAF1 mutants","REAC:R-HSA-9656223","0.9281290091266862","0.03239165302926704","40","325","1","11004",
"REAC","Viral Messenger RNA Synthesis","REAC:R-HSA-168325","0.9281290091266862","0.03239165302926704","40","325","1","11004",
"REAC","ADORA2B mediated anti-inflammatory cytokines production","REAC:R-HSA-9660821","0.9281290091266862","0.03239165302926704","42","325","1","11004",
"REAC","FCERI mediated Ca+2 mobilization","REAC:R-HSA-2871809","0.9281290091266862","0.03239165302926704","83","325","2","11004",
"REAC","S Phase","REAC:R-HSA-69242","0.9281290091266862","0.03239165302926704","162","325","4","11004",
"REAC","Diseases associated with glycosaminoglycan metabolism","REAC:R-HSA-3560782","0.9281290091266862","0.03239165302926704","41","325","1","11004",
"REAC","RND1 GTPase cycle","REAC:R-HSA-9696273","0.9281290091266862","0.03239165302926704","42","325","1","11004",
"REAC","RNA Polymerase III Transcription","REAC:R-HSA-74158","0.9281290091266862","0.03239165302926704","41","325","1","11004",
"REAC","RNA Polymerase III Abortive And Retractive Initiation","REAC:R-HSA-749476","0.9281290091266862","0.03239165302926704","41","325","1","11004",
"REAC","RND2 GTPase cycle","REAC:R-HSA-9696270","0.9301361819326075","0.031453461411586246","43","325","1","11004",
"REAC","SUMOylation of DNA replication proteins","REAC:R-HSA-4615885","0.9301361819326075","0.031453461411586246","43","325","1","11004",
"REAC","Signaling by Retinoic Acid","REAC:R-HSA-5362517","0.9301361819326075","0.031453461411586246","43","325","1","11004",
"REAC","Activation of GABAB receptors","REAC:R-HSA-991365","0.9301361819326075","0.031453461411586246","43","325","1","11004",
"REAC","Regulation of mRNA stability by proteins that bind AU-rich elements","REAC:R-HSA-450531","0.9301361819326075","0.031453461411586246","86","325","2","11004",
"REAC","Smooth Muscle Contraction","REAC:R-HSA-445355","0.9301361819326075","0.031453461411586246","43","325","1","11004",
"REAC","Assembly and cell surface presentation of NMDA receptors","REAC:R-HSA-9609736","0.9301361819326075","0.031453461411586246","43","325","1","11004",
"REAC","Transport of vitamins, nucleosides, and related molecules","REAC:R-HSA-425397","0.9301361819326075","0.031453461411586246","43","325","1","11004",
"REAC","Meiotic recombination","REAC:R-HSA-912446","0.9301361819326075","0.031453461411586246","86","325","2","11004",
"REAC","GABA B receptor activation","REAC:R-HSA-977444","0.9301361819326075","0.031453461411586246","43","325","1","11004",
"REAC","Aspirin ADME","REAC:R-HSA-9749641","0.9301361819326075","0.031453461411586246","43","325","1","11004",
"REAC","RNA Polymerase II Promoter Escape","REAC:R-HSA-73776","0.9342403946011903","0.02954135865696486","46","325","1","11004",
"REAC","RNA Polymerase II Transcription Initiation","REAC:R-HSA-75953","0.9342403946011903","0.02954135865696486","46","325","1","11004",
"REAC","RNA Polymerase II Transcription Initiation And Promoter Clearance","REAC:R-HSA-76042","0.9342403946011903","0.02954135865696486","46","325","1","11004",
"REAC","RNA Polymerase II Transcription Pre-Initiation And Promoter Opening","REAC:R-HSA-73779","0.9342403946011903","0.02954135865696486","46","325","1","11004",
"REAC","RNA Polymerase II HIV Promoter Escape","REAC:R-HSA-167162","0.9342403946011903","0.02954135865696486","46","325","1","11004",
"REAC","HIV Transcription Initiation","REAC:R-HSA-167161","0.9342403946011903","0.02954135865696486","46","325","1","11004",
"REAC","Regulation of TNFR1 signaling","REAC:R-HSA-5357905","0.9342403946011903","0.02954135865696486","46","325","1","11004",
"REAC","Paradoxical activation of RAF signaling by kinase inactive BRAF","REAC:R-HSA-6802955","0.9342403946011903","0.02954135865696486","45","325","1","11004",
"REAC","Signaling by RAS mutants","REAC:R-HSA-6802949","0.9342403946011903","0.02954135865696486","45","325","1","11004",
"REAC","Cellular responses to stress","REAC:R-HSA-2262752","0.9342403946011903","0.02954135865696486","796","325","21","11004",
"REAC","Signaling by moderate kinase activity BRAF mutants","REAC:R-HSA-6802946","0.9342403946011903","0.02954135865696486","45","325","1","11004",
"REAC","ER-Phagosome pathway","REAC:R-HSA-1236974","0.9342403946011903","0.02954135865696486","90","325","2","11004",
"REAC","Signaling by NTRKs","REAC:R-HSA-166520","0.9342403946011903","0.02954135865696486","130","325","3","11004",
"REAC","Signaling downstream of RAS mutants","REAC:R-HSA-9649948","0.9342403946011903","0.02954135865696486","45","325","1","11004",
"REAC","Aerobic respiration and respiratory electron transport","REAC:R-HSA-1428517","0.9342403946011903","0.02954135865696486","209","325","5","11004",
"REAC","Peptide hormone metabolism","REAC:R-HSA-2980736","0.9342403946011903","0.02954135865696486","87","325","2","11004",
"REAC","Formation of the beta-catenin:TCF transactivating complex","REAC:R-HSA-201722","0.9342403946011903","0.02954135865696486","90","325","2","11004",
"REAC","NOTCH1 Intracellular Domain Regulates Transcription","REAC:R-HSA-2122947","0.9342403946011903","0.02954135865696486","46","325","1","11004",
"REAC","Opioid Signalling","REAC:R-HSA-111885","0.9342403946011903","0.02954135865696486","88","325","2","11004",
"REAC","TAK1-dependent IKK and NF-kappa-B activation  ","REAC:R-HSA-445989","0.9342403946011903","0.02954135865696486","44","325","1","11004",
"REAC","NR1H2 and NR1H3-mediated signaling","REAC:R-HSA-9024446","0.9342403946011903","0.02954135865696486","45","325","1","11004",
"REAC","Carboxyterminal post-translational modifications of tubulin","REAC:R-HSA-8955332","0.9342403946011903","0.02954135865696486","45","325","1","11004",
"REAC","Formation of HIV elongation complex in the absence of HIV Tat","REAC:R-HSA-167152","0.9342403946011903","0.02954135865696486","44","325","1","11004",
"REAC","MAPK6/MAPK4 signaling","REAC:R-HSA-5687128","0.9342403946011903","0.02954135865696486","89","325","2","11004",
"REAC","Signaling by ERBB2","REAC:R-HSA-1227986","0.9342403946011903","0.02954135865696486","46","325","1","11004",
"REAC","Transcriptional regulation of granulopoiesis","REAC:R-HSA-9616222","0.9342403946011903","0.02954135865696486","87","325","2","11004",
"REAC","Regulation of ornithine decarboxylase (ODC)","REAC:R-HSA-350562","0.9342631590357523","0.02953077642575085","51","325","1","11004",
"REAC","G2/M DNA damage checkpoint","REAC:R-HSA-69473","0.9342631590357523","0.02953077642575085","94","325","2","11004",
"REAC","Toll Like Receptor 5 (TLR5) Cascade","REAC:R-HSA-168176","0.9342631590357523","0.02953077642575085","95","325","2","11004",
"REAC","MyD88 cascade initiated on plasma membrane","REAC:R-HSA-975871","0.9342631590357523","0.02953077642575085","95","325","2","11004",
"REAC","Vpu mediated degradation of CD4","REAC:R-HSA-180534","0.9342631590357523","0.02953077642575085","52","325","1","11004",
"REAC","G alpha (z) signalling events","REAC:R-HSA-418597","0.9342631590357523","0.02953077642575085","48","325","1","11004",
"REAC","Neutrophil degranulation","REAC:R-HSA-6798695","0.9342631590357523","0.02953077642575085","476","325","12","11004",
"REAC","Regulation of activated PAK-2p34 by proteasome mediated degradation","REAC:R-HSA-211733","0.9342631590357523","0.02953077642575085","50","325","1","11004",
"REAC","DNA Repair","REAC:R-HSA-73894","0.9342631590357523","0.02953077642575085","329","325","8","11004",
"REAC","Transcriptional activity of SMAD2/SMAD3:SMAD4 heterotrimer","REAC:R-HSA-2173793","0.9342631590357523","0.02953077642575085","50","325","1","11004",
"REAC","Transcriptional regulation by RUNX3","REAC:R-HSA-8878159","0.9342631590357523","0.02953077642575085","95","325","2","11004",
"REAC","Cross-presentation of soluble exogenous antigens (endosomes)","REAC:R-HSA-1236978","0.9342631590357523","0.02953077642575085","49","325","1","11004",
"REAC","Formation of the ternary complex, and subsequently, the 43S complex","REAC:R-HSA-72695","0.9342631590357523","0.02953077642575085","52","325","1","11004",
"REAC","Ubiquitin Mediated Degradation of Phosphorylated Cdc25A","REAC:R-HSA-69601","0.9342631590357523","0.02953077642575085","52","325","1","11004",
"REAC","FCGR3A-mediated IL10 synthesis","REAC:R-HSA-9664323","0.9342631590357523","0.02953077642575085","92","325","2","11004",
"REAC","Downstream TCR signaling","REAC:R-HSA-202424","0.9342631590357523","0.02953077642575085","98","325","2","11004",
"REAC","Nonsense Mediated Decay (NMD) independent of the Exon Junction Complex (EJC)","REAC:R-HSA-975956","0.9342631590357523","0.02953077642575085","96","325","2","11004",
"REAC","Defensins","REAC:R-HSA-1461973","0.9342631590357523","0.02953077642575085","51","325","1","11004",
"REAC","Golgi-to-ER retrograde transport","REAC:R-HSA-8856688","0.9342631590357523","0.02953077642575085","133","325","3","11004",
"REAC","HDACs deacetylate histones","REAC:R-HSA-3214815","0.9342631590357523","0.02953077642575085","94","325","2","11004",
"REAC","Heme signaling","REAC:R-HSA-9707616","0.9342631590357523","0.02953077642575085","47","325","1","11004",
"REAC","Ubiquitin-dependent degradation of Cyclin D","REAC:R-HSA-75815","0.9342631590357523","0.02953077642575085","52","325","1","11004",
"REAC","Autodegradation of the E3 ubiquitin ligase COP1","REAC:R-HSA-349425","0.9342631590357523","0.02953077642575085","52","325","1","11004",
"REAC","RHOD GTPase cycle","REAC:R-HSA-9013405","0.9342631590357523","0.02953077642575085","52","325","1","11004",
"REAC","p53-Independent DNA Damage Response","REAC:R-HSA-69610","0.9342631590357523","0.02953077642575085","52","325","1","11004",
"REAC","RHO GTPases activate PKNs","REAC:R-HSA-5625740","0.9342631590357523","0.02953077642575085","93","325","2","11004",
"REAC","Eukaryotic Translation Termination","REAC:R-HSA-72764","0.9342631590357523","0.02953077642575085","94","325","2","11004",
"REAC","Protein folding","REAC:R-HSA-391251","0.9342631590357523","0.02953077642575085","97","325","2","11004",
"REAC","Processing of DNA double-strand break ends","REAC:R-HSA-5693607","0.9342631590357523","0.02953077642575085","97","325","2","11004",
"REAC","Pre-NOTCH Transcription and Translation","REAC:R-HSA-1912408","0.9342631590357523","0.02953077642575085","92","325","2","11004",
"REAC","Binding and Uptake of Ligands by Scavenger Receptors","REAC:R-HSA-2173782","0.9342631590357523","0.02953077642575085","97","325","2","11004",
"REAC","ESR-mediated signaling","REAC:R-HSA-8939211","0.9342631590357523","0.02953077642575085","215","325","5","11004",
"REAC","SLC transporter disorders","REAC:R-HSA-5619102","0.9342631590357523","0.02953077642575085","95","325","2","11004",
"REAC","Fatty acid metabolism","REAC:R-HSA-8978868","0.9342631590357523","0.02953077642575085","172","325","4","11004",
"REAC","Interleukin-3, Interleukin-5 and GM-CSF signaling","REAC:R-HSA-512988","0.9342631590357523","0.02953077642575085","49","325","1","11004",
"REAC","Leishmania infection","REAC:R-HSA-9658195","0.9342631590357523","0.02953077642575085","214","325","5","11004",
"REAC","Gap junction trafficking and regulation","REAC:R-HSA-157858","0.9342631590357523","0.02953077642575085","50","325","1","11004",
"REAC","Fc epsilon receptor (FCERI) signaling","REAC:R-HSA-2454202","0.9342631590357523","0.02953077642575085","182","325","4","11004",
"REAC","Gap junction trafficking","REAC:R-HSA-190828","0.9342631590357523","0.02953077642575085","49","325","1","11004",
"REAC","Gene Silencing by RNA","REAC:R-HSA-211000","0.9342631590357523","0.02953077642575085","134","325","3","11004",
"REAC","GSK3B and BTRC:CUL1-mediated-degradation of NFE2L2","REAC:R-HSA-9762114","0.9342631590357523","0.02953077642575085","52","325","1","11004",
"REAC","p53-Independent G1/S DNA damage checkpoint","REAC:R-HSA-69613","0.9342631590357523","0.02953077642575085","52","325","1","11004",
"REAC","Developmental Biology","REAC:R-HSA-1266738","0.9342631590357523","0.02953077642575085","1384","325","37","11004",
"REAC","snRNP Assembly","REAC:R-HSA-191859","0.9342631590357523","0.02953077642575085","51","325","1","11004",
"REAC","Cellular responses to stimuli","REAC:R-HSA-8953897","0.9342631590357523","0.02953077642575085","810","325","21","11004",
"REAC","Metabolism of amino acids and derivatives","REAC:R-HSA-71291","0.9342631590357523","0.02953077642575085","363","325","9","11004",
"REAC","Chaperonin-mediated protein folding","REAC:R-HSA-390466","0.9342631590357523","0.02953077642575085","91","325","2","11004",
"REAC","Extension of Telomeres","REAC:R-HSA-180786","0.9342631590357523","0.02953077642575085","51","325","1","11004",
"REAC","Toll Like Receptor 10 (TLR10) Cascade","REAC:R-HSA-168142","0.9342631590357523","0.02953077642575085","95","325","2","11004",
"REAC","Parasitic Infection Pathways","REAC:R-HSA-9824443","0.9342631590357523","0.02953077642575085","214","325","5","11004",
"REAC","Signaling by NOTCH3","REAC:R-HSA-9012852","0.9342631590357523","0.02953077642575085","48","325","1","11004",
"REAC","SARS-CoV-2 modulates host translation machinery","REAC:R-HSA-9754678","0.9342631590357523","0.02953077642575085","51","325","1","11004",
"REAC","Metabolism of non-coding RNA","REAC:R-HSA-194441","0.9342631590357523","0.02953077642575085","51","325","1","11004",
"REAC","RNA Polymerase I Transcription Initiation","REAC:R-HSA-73762","0.9342631590357523","0.02953077642575085","47","325","1","11004",
"REAC","Vif-mediated degradation of APOBEC3G","REAC:R-HSA-180585","0.9362150892434384","0.0286243635051464","53","325","1","11004",
"REAC","Negative regulation of NOTCH4 signaling","REAC:R-HSA-9604323","0.9362150892434384","0.0286243635051464","53","325","1","11004",
"REAC","Sensory processing of sound by outer hair cells of the cochlea","REAC:R-HSA-9662361","0.9362150892434384","0.0286243635051464","53","325","1","11004",
"REAC","RAC1 GTPase cycle","REAC:R-HSA-9013149","0.9362150892434384","0.0286243635051464","184","325","4","11004",
"REAC","COPI-dependent Golgi-to-ER retrograde traffic","REAC:R-HSA-6811434","0.9362150892434384","0.0286243635051464","99","325","2","11004",
"REAC","Regulation of Apoptosis","REAC:R-HSA-169911","0.9362150892434384","0.0286243635051464","53","325","1","11004",
"REAC","Assembly of the pre-replicative complex","REAC:R-HSA-68867","0.9362150892434384","0.0286243635051464","142","325","3","11004",
"REAC","Degradation of GLI2 by the proteasome","REAC:R-HSA-5610783","0.9370662590943674","0.028229699462622104","60","325","1","11004",
"REAC","Degradation of GLI1 by the proteasome","REAC:R-HSA-5610780","0.9370662590943674","0.028229699462622104","60","325","1","11004",
"REAC","SCF(Skp2)-mediated degradation of p27/p21","REAC:R-HSA-187577","0.9370662590943674","0.028229699462622104","60","325","1","11004",
"REAC","Degradation of AXIN","REAC:R-HSA-4641257","0.9370662590943674","0.028229699462622104","55","325","1","11004",
"REAC","Ribosomal scanning and start codon recognition","REAC:R-HSA-72702","0.9370662590943674","0.028229699462622104","59","325","1","11004",
"REAC","FBXL7 down-regulates AURKA during mitotic entry and in early mitosis","REAC:R-HSA-8854050","0.9370662590943674","0.028229699462622104","55","325","1","11004",
"REAC","Dectin-1 mediated noncanonical NF-kB signaling","REAC:R-HSA-5607761","0.9370662590943674","0.028229699462622104","60","325","1","11004",
"REAC","Degradation of DVL","REAC:R-HSA-4641258","0.9370662590943674","0.028229699462622104","57","325","1","11004",
"REAC","Antigen processing-Cross presentation","REAC:R-HSA-1236975","0.9370662590943674","0.028229699462622104","105","325","2","11004",
"REAC","Signaling by Hedgehog","REAC:R-HSA-5358351","0.9370662590943674","0.028229699462622104","149","325","3","11004",
"REAC","Signaling by NOTCH1 HD+PEST Domain Mutants in Cancer","REAC:R-HSA-2894858","0.9370662590943674","0.028229699462622104","57","325","1","11004",
"REAC","Signaling by NOTCH1 PEST Domain Mutants in Cancer","REAC:R-HSA-2644602","0.9370662590943674","0.028229699462622104","57","325","1","11004",
"REAC","Signaling by NOTCH1 in Cancer","REAC:R-HSA-2644603","0.9370662590943674","0.028229699462622104","57","325","1","11004",
"REAC","Somitogenesis","REAC:R-HSA-9824272","0.9370662590943674","0.028229699462622104","55","325","1","11004",
"REAC","Regulation of PTEN gene transcription","REAC:R-HSA-8943724","0.9370662590943674","0.028229699462622104","59","325","1","11004",
"REAC","Stabilization of p53","REAC:R-HSA-69541","0.9370662590943674","0.028229699462622104","57","325","1","11004",
"REAC","Adipogenesis","REAC:R-HSA-9843745","0.9370662590943674","0.028229699462622104","108","325","2","11004",
"REAC","TNF signaling","REAC:R-HSA-75893","0.9370662590943674","0.028229699462622104","55","325","1","11004",
"REAC","Activation of the mRNA upon binding of the cap-binding complex and eIFs, and subsequent binding to 43S","REAC:R-HSA-72662","0.9370662590943674","0.028229699462622104","60","325","1","11004",
"REAC","TRAF6 mediated induction of NFkB and MAP kinases upon TLR7/8 or 9 activation","REAC:R-HSA-975138","0.9370662590943674","0.028229699462622104","100","325","2","11004",
"REAC","Toll Like Receptor 7/8 (TLR7/8) Cascade","REAC:R-HSA-168181","0.9370662590943674","0.028229699462622104","102","325","2","11004",
"REAC","Toll Like Receptor 9 (TLR9) Cascade","REAC:R-HSA-168138","0.9370662590943674","0.028229699462622104","105","325","2","11004",
"REAC","Translation initiation complex formation","REAC:R-HSA-72649","0.9370662590943674","0.028229699462622104","59","325","1","11004",
"REAC","Translation of Structural Proteins","REAC:R-HSA-9694635","0.9370662590943674","0.028229699462622104","57","325","1","11004",
"REAC","Transport of inorganic cations/anions and amino acids/oligopeptides","REAC:R-HSA-425393","0.9370662590943674","0.028229699462622104","107","325","2","11004",
"REAC","Transport to the Golgi and subsequent modification","REAC:R-HSA-948021","0.9370662590943674","0.028229699462622104","186","325","4","11004",
"REAC","UCH proteinases","REAC:R-HSA-5689603","0.9370662590943674","0.028229699462622104","102","325","2","11004",
"REAC","E3 ubiquitin ligases ubiquitinate target proteins","REAC:R-HSA-8866654","0.9370662590943674","0.028229699462622104","58","325","1","11004",
"REAC","DNA Replication","REAC:R-HSA-69306","0.9370662590943674","0.028229699462622104","187","325","4","11004",
"REAC","Regulation of RUNX3 expression and activity","REAC:R-HSA-8941858","0.9370662590943674","0.028229699462622104","55","325","1","11004",
"REAC","GLI3 is processed to GLI3R by the proteasome","REAC:R-HSA-5610785","0.9370662590943674","0.028229699462622104","60","325","1","11004",
"REAC","Hh mutants abrogate ligand secretion","REAC:R-HSA-5387390","0.9370662590943674","0.028229699462622104","59","325","1","11004",
"REAC","Hh mutants are degraded by ERAD","REAC:R-HSA-5362768","0.9370662590943674","0.028229699462622104","56","325","1","11004",
"REAC","Constitutive Signaling by NOTCH1 PEST Domain Mutants","REAC:R-HSA-2644606","0.9370662590943674","0.028229699462622104","57","325","1","11004",
"REAC","Constitutive Signaling by NOTCH1 HD+PEST Domain Mutants","REAC:R-HSA-2894862","0.9370662590943674","0.028229699462622104","57","325","1","11004",
"REAC","Integration of energy metabolism","REAC:R-HSA-163685","0.9370662590943674","0.028229699462622104","107","325","2","11004",
"REAC","Gamma carboxylation, hypusinylation, hydroxylation, and arylsulfatase activation","REAC:R-HSA-163841","0.9370662590943674","0.028229699462622104","60","325","1","11004",
"REAC","Chemokine receptors bind chemokines","REAC:R-HSA-380108","0.9370662590943674","0.028229699462622104","57","325","1","11004",
"REAC","Metabolism of polyamines","REAC:R-HSA-351202","0.9370662590943674","0.028229699462622104","58","325","1","11004",
"REAC","MyD88 dependent cascade initiated on endosome","REAC:R-HSA-975155","0.9370662590943674","0.028229699462622104","101","325","2","11004",
"REAC","NCAM signaling for neurite out-growth","REAC:R-HSA-375165","0.9370662590943674","0.028229699462622104","58","325","1","11004",
"REAC","mRNA 3'-end processing","REAC:R-HSA-72187","0.9370662590943674","0.028229699462622104","56","325","1","11004",
"REAC","NIK-->noncanonical NF-kB signaling","REAC:R-HSA-5676590","0.9370662590943674","0.028229699462622104","59","325","1","11004",
"REAC","RNA Polymerase II Transcription Elongation","REAC:R-HSA-75955","0.9370662590943674","0.028229699462622104","57","325","1","11004",
"REAC","RHOJ GTPase cycle","REAC:R-HSA-9013409","0.9370662590943674","0.028229699462622104","55","325","1","11004",
"REAC","RHO GTPase Effectors","REAC:R-HSA-195258","0.9370662590943674","0.028229699462622104","318","325","7","11004",
"REAC","Formation of RNA Pol II elongation complex ","REAC:R-HSA-112382","0.9370662590943674","0.028229699462622104","57","325","1","11004",
"REAC","Phase II - Conjugation of compounds","REAC:R-HSA-156580","0.9370662590943674","0.028229699462622104","106","325","2","11004",
"REAC","Pre-NOTCH Expression and Processing","REAC:R-HSA-1912422","0.9370662590943674","0.028229699462622104","108","325","2","11004",
"REAC","Amyloid fiber formation","REAC:R-HSA-977225","0.9392647097434762","0.027211994762956382","110","325","2","11004",
"REAC","TP53 Regulates Transcription of DNA Repair Genes","REAC:R-HSA-6796648","0.9392647097434762","0.027211994762956382","61","325","1","11004",
"REAC","Defective CFTR causes cystic fibrosis","REAC:R-HSA-5678895","0.9392647097434762","0.027211994762956382","61","325","1","11004",
"REAC","ER to Golgi Anterograde Transport","REAC:R-HSA-199977","0.9392647097434762","0.027211994762956382","155","325","3","11004",
"REAC","Gap-filling DNA repair synthesis and ligation in TC-NER","REAC:R-HSA-6782210","0.9392647097434762","0.027211994762956382","61","325","1","11004",
"REAC","Signaling by NTRK1 (TRKA)","REAC:R-HSA-187037","0.9418830352459268","0.02600302534001207","111","325","2","11004",
"REAC","Cytoprotection by HMOX1","REAC:R-HSA-9707564","0.9418830352459268","0.02600302534001207","62","325","1","11004",
"REAC","Respiratory electron transport","REAC:R-HSA-611105","0.9435004073892093","0.025257907977219017","112","325","2","11004",
"REAC","MITF-M-regulated melanocyte development","REAC:R-HSA-9730414","0.9435004073892093","0.025257907977219017","112","325","2","11004",
"REAC","Signaling by BRAF and RAF1 fusions","REAC:R-HSA-6802952","0.946016466177312","0.02410130428773327","64","325","1","11004",
"REAC","Interleukin-1 signaling","REAC:R-HSA-9020702","0.946016466177312","0.02410130428773327","113","325","2","11004",
"REAC","Autodegradation of Cdh1 by Cdh1:APC/C","REAC:R-HSA-174084","0.946016466177312","0.02410130428773327","64","325","1","11004",
"REAC","Asymmetric localization of PCP proteins","REAC:R-HSA-4608870","0.946016466177312","0.02410130428773327","64","325","1","11004",
"REAC","Neddylation","REAC:R-HSA-8951664","0.946016466177312","0.02410130428773327","244","325","5","11004",
"REAC","Regulation of lipid metabolism by PPARalpha","REAC:R-HSA-400206","0.9461017716178007","0.02406214428032397","114","325","2","11004",
"REAC","Mitochondrial protein import","REAC:R-HSA-1268020","0.9461393043400278","0.02404491576291859","66","325","1","11004",
"REAC","Metabolism of proteins","REAC:R-HSA-392499","0.9461393043400278","0.02404491576291859","2064","325","54","11004",
"REAC","RNA Polymerase II Transcription Termination","REAC:R-HSA-73856","0.9461393043400278","0.02404491576291859","65","325","1","11004",
"REAC","Cell Cycle Checkpoints","REAC:R-HSA-69620","0.9461393043400278","0.02404491576291859","289","325","6","11004",
"REAC","Hedgehog ligand biogenesis","REAC:R-HSA-5358346","0.9461393043400278","0.02404491576291859","65","325","1","11004",
"REAC","Signaling by Nuclear Receptors","REAC:R-HSA-9006931","0.9461393043400278","0.02404491576291859","289","325","6","11004",
"REAC","Oxygen-dependent proline hydroxylation of Hypoxia-inducible Factor Alpha","REAC:R-HSA-1234176","0.9461393043400278","0.02404491576291859","66","325","1","11004",
"REAC","Bacterial Infection Pathways","REAC:R-HSA-9824439","0.9461393043400278","0.02404491576291859","66","325","1","11004",
"REAC","p53-Dependent G1/S DNA damage checkpoint","REAC:R-HSA-69580","0.9461393043400278","0.02404491576291859","66","325","1","11004",
"REAC","p53-Dependent G1 DNA Damage Response","REAC:R-HSA-69563","0.9461393043400278","0.02404491576291859","66","325","1","11004",
"REAC","Signaling by the B Cell Receptor (BCR)","REAC:R-HSA-983705","0.947616135723686","0.023367552849973387","163","325","3","11004",
"REAC","Regulation of T cell activation by CD28 family","REAC:R-HSA-388841","0.9480902750691522","0.023150308128416675","67","325","1","11004",
"REAC","Activation of NF-kappaB in B cells","REAC:R-HSA-1169091","0.9480902750691522","0.023150308128416675","67","325","1","11004",
"REAC","Regulation of PTEN stability and activity","REAC:R-HSA-8948751","0.9482255060464193","0.02308836689701007","69","325","1","11004",
"REAC","TCR signaling","REAC:R-HSA-202403","0.9482255060464193","0.02308836689701007","120","325","2","11004",
"REAC","Scavenging of heme from plasma","REAC:R-HSA-2168880","0.9482255060464193","0.02308836689701007","69","325","1","11004",
"REAC","Activation of anterior HOX genes in hindbrain development during early embryogenesis","REAC:R-HSA-5617472","0.9482255060464193","0.02308836689701007","120","325","2","11004",
"REAC","Maternal to zygotic transition (MZT)","REAC:R-HSA-9816359","0.9482255060464193","0.02308836689701007","119","325","2","11004",
"REAC","G1/S DNA Damage Checkpoints","REAC:R-HSA-69615","0.9482255060464193","0.02308836689701007","68","325","1","11004",
"REAC","Transcription of the HIV genome","REAC:R-HSA-167172","0.9482255060464193","0.02308836689701007","69","325","1","11004",
"REAC","Activation of HOX genes during differentiation","REAC:R-HSA-5619507","0.9482255060464193","0.02308836689701007","120","325","2","11004",
"REAC","APC/C:Cdc20 mediated degradation of Securin","REAC:R-HSA-174154","0.9482255060464193","0.02308836689701007","68","325","1","11004",
"REAC","Formation of paraxial mesoderm","REAC:R-HSA-9793380","0.9482255060464193","0.02308836689701007","69","325","1","11004",
"REAC","G2/M Checkpoints","REAC:R-HSA-69481","0.9482922361670595","0.023057805070418453","167","325","3","11004",
"REAC","Orc1 removal from chromatin","REAC:R-HSA-68949","0.9488837829072464","0.022786975700034597","71","325","1","11004",
"REAC","Late SARS-CoV-2 Infection Events","REAC:R-HSA-9772573","0.9488837829072464","0.022786975700034597","70","325","1","11004",
"REAC","Adaptive Immune System","REAC:R-HSA-1280218","0.9488837829072464","0.022786975700034597","810","325","19","11004",
"REAC","RHOB GTPase cycle","REAC:R-HSA-9013026","0.9488837829072464","0.022786975700034597","70","325","1","11004",
"REAC","Regulation of RUNX2 expression and activity","REAC:R-HSA-8939902","0.9488837829072464","0.022786975700034597","71","325","1","11004",
"REAC","ISG15 antiviral mechanism","REAC:R-HSA-1169408","0.9488837829072464","0.022786975700034597","71","325","1","11004",
"REAC","Synthesis of DNA","REAC:R-HSA-69239","0.9488837829072464","0.022786975700034597","121","325","2","11004",
"REAC","DNA Double-Strand Break Repair","REAC:R-HSA-5693532","0.9488837829072464","0.022786975700034597","170","325","3","11004",
"REAC","MHC class II antigen presentation","REAC:R-HSA-2132295","0.9488837829072464","0.022786975700034597","123","325","2","11004",
"REAC","Gene expression (Transcription)","REAC:R-HSA-74160","0.9501520829898075","0.022206875219531495","1518","325","38","11004",
"REAC","Extra-nuclear estrogen signaling","REAC:R-HSA-9009391","0.9501520829898075","0.022206875219531495","72","325","1","11004",
"REAC","Disease","REAC:R-HSA-1643685","0.9501520829898075","0.022206875219531495","1843","325","47","11004",
"REAC","CDK-mediated phosphorylation and removal of Cdc6","REAC:R-HSA-69017","0.9519926083717707","0.02136642362793597","73","325","1","11004",
"REAC","Disorders of transmembrane transporters","REAC:R-HSA-5619115","0.9523323228777459","0.021211475137254004","173","325","3","11004",
"REAC","Asparagine N-linked glycosylation","REAC:R-HSA-446203","0.9530543865877642","0.020882315394198","305","325","6","11004",
"REAC","APC/C:Cdh1 mediated degradation of Cdc20 and other APC/C:Cdh1 targeted proteins in late mitosis/early G1","REAC:R-HSA-174178","0.9530543865877642","0.020882315394198","74","325","1","11004",
"REAC","Host Interactions of HIV factors","REAC:R-HSA-162909","0.9536272425838106","0.020621350792989646","127","325","2","11004",
"REAC","Cellular response to hypoxia","REAC:R-HSA-1234174","0.9540061613689046","0.020448820432303894","75","325","1","11004",
"REAC","Generic Transcription Pathway","REAC:R-HSA-212436","0.9540061613689046","0.020448820432303894","1234","325","30","11004",
"REAC","Antigen processing: Ubiquitination & Proteasome degradation","REAC:R-HSA-983168","0.9549486541714688","0.020019979002099536","308","325","6","11004",
"REAC","Interferon alpha/beta signaling","REAC:R-HSA-909733","0.9556750141280624","0.019689768357841964","76","325","1","11004",
"REAC","Influenza Viral RNA Transcription and Replication","REAC:R-HSA-168273","0.9597026321663289","0.017863314059683194","133","325","2","11004",
"REAC","ABC transporter disorders","REAC:R-HSA-5619084","0.9597026321663289","0.017863314059683194","78","325","1","11004",
"REAC","Chromatin modifying enzymes","REAC:R-HSA-3247509","0.9597026321663289","0.017863314059683194","271","325","5","11004",
"REAC","Ion channel transport","REAC:R-HSA-983712","0.9597026321663289","0.017863314059683194","182","325","3","11004",
"REAC","Downstream signaling events of B Cell Receptor (BCR)","REAC:R-HSA-1168372","0.9597026321663289","0.017863314059683194","80","325","1","11004",
"REAC","Chromatin organization","REAC:R-HSA-4839726","0.9597026321663289","0.017863314059683194","271","325","5","11004",
"REAC","MITF-M-dependent gene expression","REAC:R-HSA-9856651","0.9597026321663289","0.017863314059683194","80","325","1","11004",
"REAC","HDR through Homologous Recombination (HRR) or Single Strand Annealing (SSA)","REAC:R-HSA-5693567","0.9597026321663289","0.017863314059683194","134","325","2","11004",
"REAC","RNA Polymerase II Pre-transcription Events","REAC:R-HSA-674695","0.9597026321663289","0.017863314059683194","80","325","1","11004",
"REAC","Late Phase of HIV Life Cycle","REAC:R-HSA-162599","0.9597026321663289","0.017863314059683194","132","325","2","11004",
"REAC","Signaling by NOTCH4","REAC:R-HSA-9013694","0.9608863841183185","0.017327960580691512","81","325","1","11004",
"REAC","Role of phospholipids in phagocytosis","REAC:R-HSA-2029485","0.9608863841183185","0.017327960580691512","81","325","1","11004",
"REAC","FCERI mediated NF-kB activation","REAC:R-HSA-2871837","0.9617403856839889","0.016942146549882377","136","325","2","11004",
"REAC","FCERI mediated MAPK activation","REAC:R-HSA-2871796","0.9635722415799489","0.016115719572715365","83","325","1","11004",
"REAC","PTEN Regulation","REAC:R-HSA-6807070","0.9635722415799489","0.016115719572715365","138","325","2","11004",
"REAC","Degradation of beta-catenin by the destruction complex","REAC:R-HSA-195253","0.9635722415799489","0.016115719572715365","83","325","1","11004",
"REAC","Homology Directed Repair","REAC:R-HSA-5693538","0.9655925501569985","0.015206093613055697","140","325","2","11004",
"REAC","Hedgehog 'on' state","REAC:R-HSA-5632684","0.9655925501569985","0.015206093613055697","85","325","1","11004",
"REAC","Fcgamma receptor (FCGR) dependent phagocytosis","REAC:R-HSA-2029480","0.9655925501569985","0.015206093613055697","140","325","2","11004",
"REAC","Signaling by WNT","REAC:R-HSA-195721","0.9672821982289164","0.014446804868122418","327","325","6","11004",
"REAC","Cell surface interactions at the vascular wall","REAC:R-HSA-202733","0.967883418062273","0.014176950482285513","192","325","3","11004",
"REAC","Mitochondrial translation elongation","REAC:R-HSA-5389840","0.967883418062273","0.014176950482285513","87","325","1","11004",
"REAC","HIV Life Cycle","REAC:R-HSA-162587","0.9713281761622005","0.012634013123279678","145","325","2","11004",
"REAC","Viral mRNA Translation","REAC:R-HSA-192823","0.9714733139490723","0.012569124826258916","90","325","1","11004",
"REAC","Class B/2 (Secretin family receptors)","REAC:R-HSA-373080","0.9714733139490723","0.012569124826258916","93","325","1","11004",
"REAC","PCP/CE pathway","REAC:R-HSA-4086400","0.9714733139490723","0.012569124826258916","92","325","1","11004",
"REAC","Mitochondrial translation","REAC:R-HSA-5368287","0.9714733139490723","0.012569124826258916","93","325","1","11004",
"REAC","Innate Immune System","REAC:R-HSA-168249","0.9714733139490723","0.012569124826258916","1100","325","25","11004",
"REAC","Metabolism of nucleotides","REAC:R-HSA-15869","0.9714733139490723","0.012569124826258916","91","325","1","11004",
"REAC","Peptide chain elongation","REAC:R-HSA-156902","0.9714733139490723","0.012569124826258916","90","325","1","11004",
"REAC","Potential therapeutics for SARS","REAC:R-HSA-9679191","0.9714733139490723","0.012569124826258916","150","325","2","11004",
"REAC","Class I MHC mediated antigen processing & presentation","REAC:R-HSA-983169","0.9714733139490723","0.012569124826258916","380","325","7","11004",
"REAC","Switching of origins to a post-replicative state","REAC:R-HSA-69052","0.9714733139490723","0.012569124826258916","92","325","1","11004",
"REAC","Eukaryotic Translation Elongation","REAC:R-HSA-156842","0.9717121502287251","0.01246236684482483","94","325","1","11004",
"REAC","Selenocysteine synthesis","REAC:R-HSA-2408557","0.9717121502287251","0.01246236684482483","94","325","1","11004",
"REAC","Deubiquitination","REAC:R-HSA-5688426","0.9721664894300149","0.012259353130285332","298","325","5","11004",
"REAC","Nuclear events mediated by NFE2L2","REAC:R-HSA-9759194","0.9721664894300149","0.012259353130285332","95","325","1","11004",
"REAC","Antimicrobial peptides","REAC:R-HSA-6803157","0.9725450885228992","0.012090255048251423","96","325","1","11004",
"REAC","Influenza Infection","REAC:R-HSA-168255","0.9725450885228992","0.012090255048251423","154","325","2","11004",
"REAC","Immune System","REAC:R-HSA-168256","0.9737840947104959","0.011537323275313276","2085","325","51","11004",
"REAC","Cellular response to chemical stress","REAC:R-HSA-9711123","0.976522373627846","0.010317801908333602","210","325","3","11004",
"REAC","Regulation of Complement cascade","REAC:R-HSA-977606","0.9766353406373254","0.010267564338115497","101","325","1","11004",
"REAC","Response of EIF2AK4 (GCN2) to amino acid deficiency","REAC:R-HSA-9633012","0.9766353406373254","0.010267564338115497","102","325","1","11004",
"REAC","Formation of a pool of free 40S subunits","REAC:R-HSA-72689","0.9766353406373254","0.010267564338115497","102","325","1","11004",
"REAC","RNA Polymerase II Transcription","REAC:R-HSA-73857","0.9766353406373254","0.010267564338115497","1355","325","31","11004",
"REAC","HIV Infection","REAC:R-HSA-162906","0.9803089836136152","0.008637017441674728","226","325","3","11004",
"REAC","Complement cascade","REAC:R-HSA-166658","0.9803089836136152","0.008637017441674728","111","325","1","11004",
"REAC","FCGR3A-mediated phagocytosis","REAC:R-HSA-9664422","0.9803089836136152","0.008637017441674728","113","325","1","11004",
"REAC","GTP hydrolysis and joining of the 60S ribosomal subunit","REAC:R-HSA-72706","0.9803089836136152","0.008637017441674728","113","325","1","11004",
"REAC","L13a-mediated translational silencing of Ceruloplasmin expression","REAC:R-HSA-156827","0.9803089836136152","0.008637017441674728","112","325","1","11004",
"REAC","Viral Infection Pathways","REAC:R-HSA-9824446","0.9803089836136152","0.008637017441674728","873","325","18","11004",
"REAC","Infectious disease","REAC:R-HSA-5663205","0.9803089836136152","0.008637017441674728","1062","325","23","11004",
"REAC","SRP-dependent cotranslational protein targeting to membrane","REAC:R-HSA-1799339","0.9803089836136152","0.008637017441674728","113","325","1","11004",
"REAC","Leishmania phagocytosis","REAC:R-HSA-9664417","0.9803089836136152","0.008637017441674728","113","325","1","11004",
"REAC","Parasite infection","REAC:R-HSA-9664407","0.9803089836136152","0.008637017441674728","113","325","1","11004",
"REAC","PPARA activates gene expression","REAC:R-HSA-1989781","0.9803089836136152","0.008637017441674728","113","325","1","11004",
"REAC","Ub-specific processing proteases","REAC:R-HSA-5689880","0.9803089836136152","0.008637017441674728","221","325","3","11004",
"REAC","Major pathway of rRNA processing in the nucleolus and cytosol","REAC:R-HSA-6791226","0.9810995292760117","0.008286932658003848","182","325","2","11004",
"REAC","TCF dependent signaling in response to WNT","REAC:R-HSA-201681","0.9810995292760117","0.008286932658003848","231","325","3","11004",
"REAC","Regulation of actin dynamics for phagocytic cup formation","REAC:R-HSA-2029482","0.9810995292760117","0.008286932658003848","116","325","1","11004",
"REAC","Selenoamino acid metabolism","REAC:R-HSA-2408522","0.9810995292760117","0.008286932658003848","117","325","1","11004",
"REAC","Transcriptional regulation by RUNX2","REAC:R-HSA-8878166","0.9810995292760117","0.008286932658003848","118","325","1","11004",
"REAC","Eukaryotic Translation Initiation","REAC:R-HSA-72613","0.9810995292760117","0.008286932658003848","120","325","1","11004",
"REAC","Cap-dependent Translation Initiation","REAC:R-HSA-72737","0.9810995292760117","0.008286932658003848","120","325","1","11004",
"REAC","KEAP1-NFE2L2 pathway","REAC:R-HSA-9755511","0.9833008746421558","0.007313574534513041","124","325","1","11004",
"REAC","Gastrulation","REAC:R-HSA-9758941","0.9833008746421558","0.007313574534513041","125","325","1","11004",
"REAC","rRNA processing in the nucleus and cytosol","REAC:R-HSA-8868773","0.9847006701641483","0.006695766509800854","192","325","2","11004",
"REAC","rRNA processing","REAC:R-HSA-72312","0.9887181027327527","0.004927514144689497","202","325","2","11004",
"REAC","Translation","REAC:R-HSA-72766","0.995195731088193","0.002091495564046108","292","325","3","11004",
"REAC","Regulation of TP53 Activity","REAC:R-HSA-5633007","0.995195731088193","0.002091495564046108","160","325","1","11004",
"REAC","Cellular response to starvation","REAC:R-HSA-9711097","0.995195731088193","0.002091495564046108","157","325","1","11004",
"REAC","Sensory Perception","REAC:R-HSA-9709957","0.9974913040894695","0.0010908817088033263","576","325","8","11004",
"REAC","Transcriptional Regulation by TP53","REAC:R-HSA-3700989","1","0","359","325","2","11004",
"REAC","REACTOME root term","REAC:0000000","1","0","11004","325","325","11004",
"WP","Non classical role of vitamin D","WP:WP5133","0.8609170194822725","0.06503870652274558","8","266","1","8752",
"WP","MET in type 1 papillary renal cell carcinoma","WP:WP4205","0.8609170194822725","0.06503870652274558","58","266","3","8752",
"WP","DYRK1A involvement regarding cell proliferation in brain development","WP:WP5180","0.8609170194822725","0.06503870652274558","62","266","3","8752",
"WP","Hormonal control of pubertal growth spurt","WP:WP4194","0.8609170194822725","0.06503870652274558","5","266","1","8752",
"WP","Prader Willi and Angelman syndrome","WP:WP3998","0.8609170194822725","0.06503870652274558","108","266","7","8752",
"WP","PI3K Akt signaling","WP:WP4172","0.8609170194822725","0.06503870652274558","336","266","15","8752",
"WP","mRNA vaccine activation of dendritic cell and induction of IFN 1","WP:WP5187","0.8609170194822725","0.06503870652274558","10","266","1","8752",
"WP","GABA metabolism aka GHB ","WP:WP4157","0.8609170194822725","0.06503870652274558","11","266","1","8752",
"WP","Urotensin II mediated signaling","WP:WP5158","0.8609170194822725","0.06503870652274558","69","266","3","8752",
"WP","mRNA processing","WP:WP411","0.8609170194822725","0.06503870652274558","126","266","6","8752",
"WP","Macrophage markers","WP:WP4146","0.8609170194822725","0.06503870652274558","9","266","1","8752",
"WP","Hemesynthesis defects and porphyrias","WP:WP5169","0.8609170194822725","0.06503870652274558","9","266","1","8752",
"WP","PTF1A related regulatory pathway","WP:WP4147","0.8609170194822725","0.06503870652274558","11","266","2","8752",
"WP","Tryptophan catabolism leading to NAD production","WP:WP4210","0.8609170194822725","0.06503870652274558","16","266","1","8752",
"WP","Splicing factor NOVA regulated synaptic proteins","WP:WP4148","0.8609170194822725","0.06503870652274558","42","266","2","8752",
"WP","Disorders in ketone body synthesis","WP:WP5175","0.8609170194822725","0.06503870652274558","5","266","1","8752",
"WP","Clear cell renal cell carcinoma pathways","WP:WP4018","0.8609170194822725","0.06503870652274558","85","266","4","8752",
"WP","Degradation pathway of sphingolipids including diseases","WP:WP4153","0.8609170194822725","0.06503870652274558","17","266","1","8752",
"WP","Clock controlled autophagy in bone metabolism","WP:WP5205","0.8609170194822725","0.06503870652274558","80","266","4","8752",
"WP","Resolvin E1 and resolvin D1 signaling decrease inflammation","WP:WP5191","0.8609170194822725","0.06503870652274558","12","266","1","8752",
"WP","Toll like receptor signaling related to MyD88","WP:WP3858","0.8609170194822725","0.06503870652274558","31","266","2","8752",
"WP","Novel intracellular components of RIG I like receptor pathway","WP:WP3865","0.8609170194822725","0.06503870652274558","60","266","3","8752",
"WP","TROP2 regulatory signaling","WP:WP5300","0.8609170194822725","0.06503870652274558","44","266","3","8752",
"WP","Cannabinoid receptor signaling","WP:WP3869","0.8609170194822725","0.06503870652274558","29","266","2","8752",
"WP","MYD88 distinct input output pathway","WP:WP3877","0.8609170194822725","0.06503870652274558","18","266","2","8752",
"WP","Mitochondrial gene expression","WP:WP391","0.8609170194822725","0.06503870652274558","19","266","4","8752",
"WP","Axon guidance","WP:WP5289","0.8609170194822725","0.06503870652274558","72","266","4","8752",
"WP","Ether lipid biosynthesis","WP:WP5275","0.8609170194822725","0.06503870652274558","20","266","2","8752",
"WP","Cholestasis","WP:WP5238","0.8609170194822725","0.06503870652274558","19","266","2","8752",
"WP","Bardet Biedl syndrome","WP:WP5234","0.8609170194822725","0.06503870652274558","88","266","5","8752",
"WP","ApoE and miR 146 in inflammation and atherosclerosis","WP:WP3926","0.8609170194822725","0.06503870652274558","9","266","2","8752",
"WP","BMP signaling in eyelid development","WP:WP3927","0.8609170194822725","0.06503870652274558","20","266","2","8752",
"WP","Retinol metabolism","WP:WP5188","0.8609170194822725","0.06503870652274558","17","266","1","8752",
"WP","Embryonic stem cell pluripotency pathways","WP:WP3931","0.8609170194822725","0.06503870652274558","117","266","7","8752",
"WP","Diet dependent trimethylamine trimethylamine N oxide metabolism ","WP:WP5219","0.8609170194822725","0.06503870652274558","4","266","1","8752",
"WP","Extrafollicular and follicular B cell activation by SARS CoV 2","WP:WP5218","0.8609170194822725","0.06503870652274558","74","266","4","8752",
"WP","Kennedy pathway from sphingolipids","WP:WP3933","0.8609170194822725","0.06503870652274558","14","266","1","8752",
"WP","Leptin and adiponectin","WP:WP3934","0.8609170194822725","0.06503870652274558","10","266","2","8752",
"WP","Leptin insulin signaling overlap","WP:WP3935","0.8609170194822725","0.06503870652274558","17","266","3","8752",
"WP","SMC1 SMC3 role in DNA damage Cornelia de Lange Syndrome","WP:WP5118","0.8609170194822725","0.06503870652274558","11","266","1","8752",
"WP","Dravet syndrome","WP:WP5200","0.8609170194822725","0.06503870652274558","29","266","2","8752",
"WP","Microglia pathogen phagocytosis pathway","WP:WP3937","0.8609170194822725","0.06503870652274558","40","266","2","8752",
"WP","Disorders in ketolysis","WP:WP5195","0.8609170194822725","0.06503870652274558","5","266","1","8752",
"WP","Oxidative damage response","WP:WP3941","0.8609170194822725","0.06503870652274558","40","266","2","8752",
"WP","Serotonin and anxiety related events","WP:WP3944","0.8609170194822725","0.06503870652274558","12","266","1","8752",
"WP","GPR40 role in insulin secretion","WP:WP3958","0.8609170194822725","0.06503870652274558","15","266","1","8752",
"WP","Focal adhesion PI3K Akt mTOR signaling","WP:WP3932","0.8609170194822725","0.06503870652274558","302","266","14","8752",
"WP","Neurotransmitter disorders","WP:WP4220","0.8609170194822725","0.06503870652274558","10","266","2","8752",
"WP","Brain derived neurotrophic factor BDNF signaling","WP:WP2380","0.8609170194822725","0.06503870652274558","137","266","5","8752",
"WP","SARS CoV 2 B 1 1 7 variant antagonises innate immune activation","WP:WP5116","0.8609170194822725","0.06503870652274558","9","266","1","8752",
"WP","Head and neck squamous cell carcinoma","WP:WP4674","0.8609170194822725","0.06503870652274558","74","266","4","8752",
"WP","Vitamin D sensitive calcium signaling in depression","WP:WP4698","0.8609170194822725","0.06503870652274558","36","266","4","8752",
"WP","Hedgehog signaling","WP:WP47","0.8609170194822725","0.06503870652274558","16","266","1","8752",
"WP","Pathways of nucleic acid metabolism and innate immune sensing","WP:WP4705","0.8609170194822725","0.06503870652274558","16","266","1","8752",
"WP","Mitochondrial immune response to SARS CoV 2","WP:WP5038","0.8609170194822725","0.06503870652274558","33","266","3","8752",
"WP","Angiotensin II receptor type 1 pathway","WP:WP5036","0.8609170194822725","0.06503870652274558","28","266","3","8752",
"WP","Ketogenesis and ketolysis","WP:WP4742","0.8609170194822725","0.06503870652274558","8","266","1","8752",
"WP","GPCRs class C metabotropic glutamate pheromone","WP:WP501","0.8609170194822725","0.06503870652274558","15","266","1","8752",
"WP","Phosphoinositides metabolism","WP:WP4971","0.8609170194822725","0.06503870652274558","49","266","3","8752",
"WP","Purinergic signaling","WP:WP4900","0.8609170194822725","0.06503870652274558","33","266","2","8752",
"WP","IL2 signaling","WP:WP49","0.8609170194822725","0.06503870652274558","37","266","2","8752",
"WP","SARS CoV 2 and ACE2 receptor molecular mechanisms","WP:WP4883","0.8609170194822725","0.06503870652274558","7","266","1","8752",
"WP","Nucleotide excision repair","WP:WP4753","0.8609170194822725","0.06503870652274558","43","266","2","8752",
"WP","Host pathogen interaction of human coronaviruses interferon induction","WP:WP4880","0.8609170194822725","0.06503870652274558","33","266","2","8752",
"WP","Male infertility","WP:WP4673","0.8609170194822725","0.06503870652274558","145","266","6","8752",
"WP","Disruption of postsynaptic signaling by CNV","WP:WP4875","0.8609170194822725","0.06503870652274558","33","266","2","8752",
"WP","Nephrotic syndrome","WP:WP4758","0.8609170194822725","0.06503870652274558","45","266","2","8752",
"WP","Osteoblast differentiation and related diseases","WP:WP4787","0.8609170194822725","0.06503870652274558","118","266","6","8752",
"WP","MAP3K1 role in promoting and blocking gonadal determination","WP:WP4872","0.8609170194822725","0.06503870652274558","17","266","2","8752",
"WP","Type I interferon induction and signaling during SARS CoV 2 infection","WP:WP4868","0.8609170194822725","0.06503870652274558","31","266","3","8752",
"WP","Autosomal recessive osteopetrosis pathways","WP:WP4788","0.8609170194822725","0.06503870652274558","11","266","2","8752",
"WP","Multiple epiphyseal dysplasia and pseudoachondroplasia genes","WP:WP4789","0.8609170194822725","0.06503870652274558","6","266","1","8752",
"WP","Mammalian disorder of sexual development","WP:WP4842","0.8609170194822725","0.06503870652274558","25","266","3","8752",
"WP","GDNF RET signaling axis","WP:WP4830","0.8609170194822725","0.06503870652274558","31","266","2","8752",
"WP","mBDNF and proBDNF regulation of GABA neurotransmission","WP:WP4829","0.8609170194822725","0.06503870652274558","38","266","2","8752",
"WP","Genes controlling nephrogenesis","WP:WP4823","0.8609170194822725","0.06503870652274558","46","266","3","8752",
"WP","Somatic sex determination","WP:WP4814","0.8609170194822725","0.06503870652274558","16","266","2","8752",
"WP","Purine metabolism","WP:WP4792","0.8609170194822725","0.06503870652274558","13","266","1","8752",
"WP","Cholesterol biosynthesis with skeletal dysplasias","WP:WP4804","0.8609170194822725","0.06503870652274558","7","266","1","8752",
"WP","Ciliopathies","WP:WP4803","0.8609170194822725","0.06503870652274558","184","266","9","8752",
"WP","Renin angiotensin aldosterone system RAAS ","WP:WP4756","0.8609170194822725","0.06503870652274558","44","266","2","8752",
"WP","Krebs cycle disorders","WP:WP4236","0.8609170194822725","0.06503870652274558","13","266","1","8752",
"WP","Small cell lung cancer","WP:WP4658","0.8609170194822725","0.06503870652274558","95","266","4","8752",
"WP","Tryptophan metabolism","WP:WP465","0.8609170194822725","0.06503870652274558","31","266","2","8752",
"WP","Nucleotide excision repair in xeroderma pigmentosum ","WP:WP5114","0.8609170194822725","0.06503870652274558","74","266","4","8752",
"WP","Epithelial to mesenchymal transition in colorectal cancer","WP:WP4239","0.8609170194822725","0.06503870652274558","161","266","6","8752",
"WP","Regulation of sister chromatid separation at the metaphase anaphase transition","WP:WP4240","0.8609170194822725","0.06503870652274558","14","266","2","8752",
"WP","Regulation of actin cytoskeleton","WP:WP51","0.8609170194822725","0.06503870652274558","149","266","6","8752",
"WP","CCL18 signaling","WP:WP5097","0.8609170194822725","0.06503870652274558","6","266","1","8752",
"WP","Type 2 papillary renal cell carcinoma","WP:WP4241","0.8609170194822725","0.06503870652274558","34","266","2","8752",
"WP","Vitamin B12 disorders","WP:WP4271","0.8609170194822725","0.06503870652274558","13","266","1","8752",
"WP","Oxidation by cytochrome P450","WP:WP43","0.8609170194822725","0.06503870652274558","61","266","4","8752",
"WP","Factors and pathways affecting insulin like growth factor IGF1 Akt signaling","WP:WP3850","0.8609170194822725","0.06503870652274558","36","266","2","8752",
"WP","Rett syndrome","WP:WP4312","0.8609170194822725","0.06503870652274558","48","266","3","8752",
"WP","Mitochondrial fission and fusion","WP:WP4318","0.8609170194822725","0.06503870652274558","13","266","1","8752",
"WP","ncRNAs involved in STAT3 signaling in hepatocellular carcinoma","WP:WP4337","0.8609170194822725","0.06503870652274558","17","266","1","8752",
"WP","Platelet mediated interactions with vascular and circulating cells","WP:WP4462","0.8609170194822725","0.06503870652274558","17","266","1","8752",
"WP","Orexin receptor pathway","WP:WP5094","0.8609170194822725","0.06503870652274558","88","266","5","8752",
"WP","Joubert syndrome","WP:WP4656","0.8609170194822725","0.06503870652274558","76","266","6","8752",
"WP","Opioid receptor pathways","WP:WP5093","0.8609170194822725","0.06503870652274558","1","266","1","8752",
"WP","Soluble ACE2 mediated cell entry of SARS CoV 2","WP:WP5076","0.8609170194822725","0.06503870652274558","4","266","1","8752",
"WP","LTF danger signal response pathway","WP:WP4478","0.8609170194822725","0.06503870652274558","19","266","2","8752",
"WP","Kallmann syndrome","WP:WP5074","0.8609170194822725","0.06503870652274558","24","266","2","8752",
"WP","Altered glycosylation of MUC1 in tumor microenvironment","WP:WP4480","0.8609170194822725","0.06503870652274558","9","266","1","8752",
"WP","Burn wound healing","WP:WP5055","0.8609170194822725","0.06503870652274558","75","266","3","8752",
"WP","Cells and molecules involved in local acute inflammatory response ","WP:WP4493","0.8609170194822725","0.06503870652274558","17","266","2","8752",
"WP","G1 to S cell cycle control","WP:WP45","0.8609170194822725","0.06503870652274558","64","266","3","8752",
"WP","Development of ureteric derived collecting system","WP:WP5053","0.8609170194822725","0.06503870652274558","48","266","3","8752",
"WP","Pentose phosphate pathway in senescent cells","WP:WP5043","0.8609170194822725","0.06503870652274558","8","266","1","8752",
"WP","Mechanoregulation and pathology of YAP TAZ via Hippo and non Hippo mechanisms","WP:WP4534","0.8609170194822725","0.06503870652274558","46","266","2","8752",
"WP","Hippo Merlin signaling dysregulation","WP:WP4541","0.8609170194822725","0.06503870652274558","120","266","7","8752",
"WP","GPCRs class A rhodopsin like","WP:WP455","0.8609170194822725","0.06503870652274558","258","266","9","8752",
"WP","Cancer immunotherapy by CTLA4 blockade","WP:WP4582","0.8609170194822725","0.06503870652274558","14","266","1","8752",
"WP","Measles virus infection","WP:WP4630","0.8609170194822725","0.06503870652274558","136","266","5","8752",
"WP","Prostaglandin signaling","WP:WP5088","0.8609170194822725","0.06503870652274558","33","266","2","8752",
"WP","Isoglobo series sphingolipids","WP:WP5311","0.8609170194822725","0.06503870652274558","1","266","1","8752",
"WP","MAPK and NFkB signaling inhibited by Yersinia YopJ","WP:WP3849","0.8609170194822725","0.06503870652274558","12","266","1","8752",
"WP","Histone modifications","WP:WP2369","0.8609170194822725","0.06503870652274558","65","266","3","8752",
"WP","Prolactin signaling","WP:WP2037","0.8609170194822725","0.06503870652274558","74","266","3","8752",
"WP","T cell receptor signaling","WP:WP69","0.8609170194822725","0.06503870652274558","75","266","3","8752",
"WP","Aryl hydrocarbon receptor pathway","WP:WP2586","0.8609170194822725","0.06503870652274558","46","266","3","8752",
"WP","Targeted therapy in breast cancer","WP:WP5496","0.8609170194822725","0.06503870652274558","26","266","3","8752",
"WP","Hallmark of cancer non mutational epigenetic reprogramming","WP:WP5483","0.8609170194822725","0.06503870652274558","17","266","1","8752",
"WP","Tamoxifen metabolism","WP:WP691","0.8609170194822725","0.06503870652274558","20","266","3","8752",
"WP","Nanoparticle mediated activation of receptor signaling","WP:WP2643","0.8609170194822725","0.06503870652274558","28","266","2","8752",
"WP","Leptin signaling","WP:WP2034","0.8609170194822725","0.06503870652274558","71","266","4","8752",
"WP","Thyroid stimulating hormone TSH signaling","WP:WP2032","0.8609170194822725","0.06503870652274558","58","266","3","8752",
"WP","Cardiac hypertrophic response","WP:WP2795","0.8609170194822725","0.06503870652274558","54","266","3","8752",
"WP","Phosphoinositide 3 kinase PI3K family","WP:WP5472","0.8609170194822725","0.06503870652274558","13","266","2","8752",
"WP","Primary ovarian insufficiency","WP:WP5461","0.8609170194822725","0.06503870652274558","136","266","6","8752",
"WP","Hunger and satiety","WP:WP5445","0.8609170194822725","0.06503870652274558","8","266","1","8752",
"WP","Acetaminophen in analgesia and antipyresis","WP:WP5444","0.8609170194822725","0.06503870652274558","9","266","1","8752",
"WP","Neural crest differentiation","WP:WP2064","0.8609170194822725","0.06503870652274558","101","266","4","8752",
"WP","Mammary gland development embryonic development stage 1 of 4","WP:WP2813","0.8609170194822725","0.06503870652274558","18","266","3","8752",
"WP","Mammary gland development puberty stage 2 of 4","WP:WP2814","0.8609170194822725","0.06503870652274558","13","266","1","8752",
"WP","Sulfation biotransformation reaction","WP:WP692","0.8609170194822725","0.06503870652274558","17","266","1","8752",
"WP","Benzo a pyrene metabolism","WP:WP696","0.8609170194822725","0.06503870652274558","9","266","1","8752",
"WP","EPAC1 and PKA reduction of retinal inflammation","WP:WP5440","0.8609170194822725","0.06503870652274558","8","266","1","8752",
"WP","Mammary gland development pregnancy and lactation stage 3 of 4","WP:WP2817","0.8609170194822725","0.06503870652274558","45","266","2","8752",
"WP","ADHD and autism ASD pathways","WP:WP5420","0.8609170194822725","0.06503870652274558","364","266","17","8752",
"WP","Cell lineage map for neuronal differentiation","WP:WP5417","0.8609170194822725","0.06503870652274558","132","266","7","8752",
"WP","Estrogen metabolism","WP:WP697","0.8609170194822725","0.06503870652274558","17","266","1","8752",
"WP","Hair follicle development organogenesis stage 2 of 3","WP:WP2839","0.8609170194822725","0.06503870652274558","32","266","2","8752",
"WP","Lactate shuttle in glial cells","WP:WP5314","0.8609170194822725","0.06503870652274558","13","266","2","8752",
"WP","Phosphatidyl inositol phosphate pathway","WP:WP5411","0.8609170194822725","0.06503870652274558","46","266","3","8752",
"WP","Metapathway biotransformation Phase I and II","WP:WP702","0.8609170194822725","0.06503870652274558","183","266","9","8752",
"WP","15q11q13 copy number variation","WP:WP5407","0.8609170194822725","0.06503870652274558","57","266","4","8752",
"WP","Pluripotent stem cell differentiation pathway","WP:WP2848","0.8609170194822725","0.06503870652274558","48","266","3","8752",
"WP","Genes targeted by miRNAs in adipocytes","WP:WP1992","0.8609170194822725","0.06503870652274558","13","266","1","8752",
"WP","Arrhythmogenic right ventricular cardiomyopathy","WP:WP2118","0.8609170194822725","0.06503870652274558","74","266","7","8752",
"WP","Metastatic brain tumor","WP:WP2249","0.8609170194822725","0.06503870652274558","13","266","1","8752",
"WP","T cell receptor and co stimulatory signaling","WP:WP2583","0.8609170194822725","0.06503870652274558","28","266","2","8752",
"WP","Peptide GPCRs","WP:WP24","0.8609170194822725","0.06503870652274558","75","266","3","8752",
"WP","ACE inhibitor pathway","WP:WP554","0.8609170194822725","0.06503870652274558","17","266","1","8752",
"WP","Spinal cord injury","WP:WP2431","0.8609170194822725","0.06503870652274558","115","266","5","8752",
"WP","Gastric cancer network 2","WP:WP2363","0.8609170194822725","0.06503870652274558","31","266","3","8752",
"WP","Wnt signaling in adult hippocampal neurogenesis","WP:WP5536","0.8609170194822725","0.06503870652274558","11","266","1","8752",
"WP","Visual cycle","WP:WP5534","0.8609170194822725","0.06503870652274558","15","266","1","8752",
"WP","AKT signaling and ARTD family members","WP:WP5531","0.8609170194822725","0.06503870652274558","34","266","2","8752",
"WP","Gastric cancer network 1","WP:WP2361","0.8609170194822725","0.06503870652274558","28","266","3","8752",
"WP","Heme biosynthesis","WP:WP561","0.8609170194822725","0.06503870652274558","9","266","1","8752",
"WP","Adipogenesis","WP:WP236","0.8609170194822725","0.06503870652274558","130","266","5","8752",
"WP","Alpha 6 beta 4 signaling","WP:WP244","0.8609170194822725","0.06503870652274558","33","266","2","8752",
"WP","HSPB3","WP:WP5524","0.8609170194822725","0.06503870652274558","15","266","1","8752",
"WP","Parkin ubiquitin proteasomal system pathway","WP:WP2359","0.8609170194822725","0.06503870652274558","71","266","3","8752",
"WP","Retinoblastoma gene in cancer","WP:WP2446","0.8609170194822725","0.06503870652274558","89","266","4","8752",
"WP","B cell receptor signaling","WP:WP23","0.8609170194822725","0.06503870652274558","92","266","4","8752",
"WP","Perturbed thyroid hormone homeostasis leading to developmental neurotoxicity","WP:WP5517","0.8609170194822725","0.06503870652274558","8","266","1","8752",
"WP","Vedolizumab therapy for inflammatory bowel disease","WP:WP5512","0.8609170194822725","0.06503870652274558","10","266","2","8752",
"WP","Primary focal segmental glomerulosclerosis FSGS ","WP:WP2572","0.8609170194822725","0.06503870652274558","72","266","3","8752",
"WP","Pilocytic astrocytoma","WP:WP2253","0.8609170194822725","0.06503870652274558","9","266","1","8752",
"WP","Glioblastoma signaling","WP:WP2261","0.8609170194822725","0.06503870652274558","82","266","4","8752",
"WP","Synaptic vesicle pathway","WP:WP2267","0.8609170194822725","0.06503870652274558","51","266","3","8752",
"WP","Cyclin dependent kinase 4 6 inhibitors in breast cancer","WP:WP5497","0.8609170194822725","0.06503870652274558","38","266","3","8752",
"WP","Sulindac metabolic pathway","WP:WP2542","0.8609170194822725","0.06503870652274558","5","266","1","8752",
"WP","Ectoderm differentiation","WP:WP2858","0.8609170194822725","0.06503870652274558","141","266","7","8752",
"WP","Biogenic amine synthesis","WP:WP550","0.8609170194822725","0.06503870652274558","14","266","2","8752",
"WP","Catalytic cycle of mammalian flavin containing monooxygenases FMOs ","WP:WP688","0.8609170194822725","0.06503870652274558","5","266","1","8752",
"WP","16p13 11 copy number variation syndrome ","WP:WP5502","0.8609170194822725","0.06503870652274558","29","266","2","8752",
"WP","Arachidonate epoxygenase epoxide hydrolase","WP:WP678","0.8609170194822725","0.06503870652274558","7","266","1","8752",
"WP","Deregulation of Rab and Rab effector genes in bladder cancer","WP:WP2291","0.8609170194822725","0.06503870652274558","16","266","1","8752",
"WP","PDGF pathway","WP:WP2526","0.8609170194822725","0.06503870652274558","40","266","2","8752",
"WP","EPO receptor signaling","WP:WP581","0.8609170194822725","0.06503870652274558","26","266","2","8752",
"WP","Glycerophospholipid biosynthetic pathway","WP:WP2533","0.8609170194822725","0.06503870652274558","30","266","2","8752",
"WP","SRF and miRs in smooth muscle differentiation and proliferation","WP:WP1991","0.8609170194822725","0.06503870652274558","11","266","1","8752",
"WP","Glucuronidation","WP:WP698","0.8609170194822725","0.06503870652274558","26","266","2","8752",
"WP","Sudden infant death syndrome SIDS susceptibility pathways","WP:WP706","0.8609170194822725","0.06503870652274558","159","266","8","8752",
"WP","Ovarian infertility","WP:WP34","0.8609170194822725","0.06503870652274558","39","266","2","8752",
"WP","RAC1 PAK1 p38 MMP2 pathway","WP:WP3303","0.8609170194822725","0.06503870652274558","68","266","3","8752",
"WP","Melatonin metabolism and effects","WP:WP3298","0.8609170194822725","0.06503870652274558","33","266","2","8752",
"WP","EV release from cardiac cells and their functional effects","WP:WP3297","0.8609170194822725","0.06503870652274558","7","266","1","8752",
"WP","Affected pathways in Duchenne muscular dystrophy","WP:WP5356","0.8609170194822725","0.06503870652274558","74","266","3","8752",
"WP","Calcium regulation in cardiac cells","WP:WP536","0.8609170194822725","0.06503870652274558","150","266","7","8752",
"WP","MECP2 and associated Rett syndrome","WP:WP3584","0.8609170194822725","0.06503870652274558","73","266","7","8752",
"WP","Osteoblast signaling","WP:WP322","0.8609170194822725","0.06503870652274558","14","266","1","8752",
"WP","Hepatocyte growth factor receptor signaling","WP:WP313","0.8609170194822725","0.06503870652274558","34","266","4","8752",
"WP","Sulfatase and aromatase pathway","WP:WP5368","0.8609170194822725","0.06503870652274558","14","266","1","8752",
"WP","Integrin mediated cell adhesion","WP:WP185","0.8609170194822725","0.06503870652274558","101","266","5","8752",
"WP","Focal adhesion","WP:WP306","0.8609170194822725","0.06503870652274558","198","266","8","8752",
"WP","Downregulation of ACE2 by SARS CoV 2 spike protein","WP:WP4799","0.8609170194822725","0.06503870652274558","4","266","1","8752",
"WP","Hypoxia mediated EMT and stemness","WP:WP2943","0.8609170194822725","0.06503870652274558","2","266","1","8752",
"WP","KCNQ2 related epilepsies","WP:WP5360","0.8609170194822725","0.06503870652274558","19","266","2","8752",
"WP","DDX1 as a regulatory component of the Drosha microprocessor","WP:WP2942","0.8609170194822725","0.06503870652274558","7","266","1","8752",
"WP","11p11 2 copy number variation syndrome ","WP:WP5348","0.8609170194822725","0.06503870652274558","56","266","4","8752",
"WP","8p23 1 copy number variation syndrome","WP:WP5346","0.8609170194822725","0.06503870652274558","54","266","4","8752",
"WP","Striated muscle contraction pathway","WP:WP383","0.8609170194822725","0.06503870652274558","38","266","2","8752",
"WP","MAPK signaling","WP:WP382","0.8609170194822725","0.06503870652274558","245","266","10","8752",
"WP","Physico chemical features and toxicity associated pathways","WP:WP3680","0.8609170194822725","0.06503870652274558","66","266","3","8752",
"WP","Amplification and expansion of oncogenic pathways as metastatic traits","WP:WP3678","0.8609170194822725","0.06503870652274558","17","266","1","8752",
"WP","Interleukin 1 induced activation of NF kB","WP:WP3656","0.8609170194822725","0.06503870652274558","10","266","1","8752",
"WP","NAD metabolism","WP:WP3644","0.8609170194822725","0.06503870652274558","16","266","1","8752",
"WP","Cytosine methylation","WP:WP3585","0.8609170194822725","0.06503870652274558","8","266","1","8752",
"WP","NAD metabolism sirtuins and aging","WP:WP3630","0.8609170194822725","0.06503870652274558","11","266","1","8752",
"WP","Transcription factor regulation in adipogenesis","WP:WP3599","0.8609170194822725","0.06503870652274558","22","266","2","8752",
"WP","Cholesterol biosynthesis pathway in hepatocytes","WP:WP5329","0.8609170194822725","0.06503870652274558","43","266","2","8752",
"WP","Circadian rhythm genes","WP:WP3594","0.8609170194822725","0.06503870652274558","200","266","12","8752",
"WP","MicroRNA for targeting cancer growth and vascularization in glioblastoma","WP:WP3593","0.8609170194822725","0.06503870652274558","8","266","1","8752",
"WP","Induction of autophagy and toll like receptor signaling by graphene oxide ","WP:WP5336","0.8609170194822725","0.06503870652274558","11","266","1","8752",
"WP","Cardiomyocyte signaling converging on titin","WP:WP5344","0.8609170194822725","0.06503870652274558","33","266","2","8752",
"WP","Photodynamic therapy induced unfolded protein response","WP:WP3613","0.8609170194822725","0.06503870652274558","27","266","3","8752",
"WP","Interactome of polycomb repressive complex 2 PRC2 ","WP:WP2916","0.8609170194822725","0.06503870652274558","16","266","1","8752",
"WP","UDP derived sugars synthesis in fibroblasts","WP:WP5394","0.8609170194822725","0.06503870652274558","11","266","1","8752",
"WP","Glycosaminoglycan synthesis in fibroblasts","WP:WP5395","0.8609170194822725","0.06503870652274558","41","266","3","8752",
"WP","AMP activated protein kinase signaling","WP:WP1403","0.8609170194822725","0.06503870652274558","67","266","3","8752",
"WP","Phase I biotransformations non P450","WP:WP136","0.8609170194822725","0.06503870652274558","8","266","1","8752",
"WP","IL5 signaling","WP:WP127","0.8609170194822725","0.06503870652274558","37","266","3","8752",
"WP","Osteoclast signaling","WP:WP12","0.8609170194822725","0.06503870652274558","16","266","1","8752",
"WP","10q22q23 copy number variation","WP:WP5402","0.8609170194822725","0.06503870652274558","64","266","5","8752",
"WP","MicroRNAs in cardiomyocyte hypertrophy","WP:WP1544","0.8609170194822725","0.06503870652274558","104","266","4","8752",
"WP","Bone morphogenic protein signaling and regulation","WP:WP1425","0.8609170194822725","0.06503870652274558","12","266","1","8752",
"WP","Estrogen receptor pathway","WP:WP2881","0.8609170194822725","0.06503870652274558","13","266","1","8752",
"WP","Transcription factors regulate miRNAs related to cardiac hypertrophy","WP:WP1559","0.8609170194822725","0.06503870652274558","9","266","1","8752",
"WP","Heart development","WP:WP1591","0.8609170194822725","0.06503870652274558","47","266","3","8752",
"WP","6q16 copy number variation","WP:WP5400","0.8609170194822725","0.06503870652274558","14","266","3","8752",
"WP","Aryl hydrocarbon receptor pathway","WP:WP2873","0.8609170194822725","0.06503870652274558","45","266","2","8752",
"WP","Physiological and pathological hypertrophy of the heart","WP:WP1528","0.8609170194822725","0.06503870652274558","24","266","2","8752",
"WP","NPHP1 deletion syndrome","WP:WP5399","0.8609170194822725","0.06503870652274558","11","266","1","8752",
"WP","Myometrial relaxation and contraction pathways","WP:WP289","0.8609170194822725","0.06503870652274558","154","266","6","8752",
"WP","NRXN1 deletion syndrome","WP:WP5398","0.8609170194822725","0.06503870652274558","17","266","2","8752",
"WP","Nicotine metabolism in liver cells","WP:WP1600","0.8609170194822725","0.06503870652274558","6","266","1","8752",
"WP","2q21 1 copy number variation syndrome","WP:WP5223","0.8668890107966075","0.062036502390159336","18","266","1","8752",
"WP","Energy metabolism","WP:WP1541","0.8668890107966075","0.062036502390159336","47","266","2","8752",
"WP","Cholesterol metabolism with Bloch and Kandutsch Russell pathways","WP:WP4718","0.8668890107966075","0.062036502390159336","47","266","2","8752",
"WP","Fatty acid transporters","WP:WP5061","0.8668890107966075","0.062036502390159336","18","266","1","8752",
"WP","Transcription co factors SKI and SKIL protein partners","WP:WP4533","0.8668890107966075","0.062036502390159336","18","266","1","8752",
"WP","Ulcerative colitis signaling","WP:WP5174","0.8668890107966075","0.062036502390159336","18","266","1","8752",
"WP","Cholesterol synthesis disorders","WP:WP5193","0.8668890107966075","0.062036502390159336","18","266","1","8752",
"WP","TCA cycle aka Krebs or citric acid cycle ","WP:WP78","0.8668890107966075","0.062036502390159336","18","266","1","8752",
"WP","Primary ovarian insufficiency","WP:WP5316","0.8691351508261189","0.060912685353169245","173","266","6","8752",
"WP","IL3 signaling","WP:WP286","0.8691351508261189","0.060912685353169245","48","266","2","8752",
"WP","Endoderm differentiation","WP:WP2853","0.8810650402218352","0.05499203078564022","143","266","5","8752",
"WP","Interleukin 1 IL 1 structural pathway","WP:WP2637","0.8810650402218352","0.05499203078564022","49","266","2","8752",
"WP","Serotonin receptor 4 6 7 and NR3C signaling","WP:WP734","0.8810650402218352","0.05499203078564022","19","266","1","8752",
"WP","miR targeted genes in adipocytes","WP:WP2001","0.8810650402218352","0.05499203078564022","19","266","1","8752",
"WP","Pleural mesothelioma","WP:WP5087","0.8901295266687681","0.0505467926533834","435","266","14","8752",
"WP","RANKL RANK signaling","WP:WP2018","0.8901295266687681","0.0505467926533834","50","266","2","8752",
"WP","Glycosylphosphatidyl inositol anchor pathway","WP:WP5505","0.890434377102112","0.050398081492811934","26","266","1","8752",
"WP","Complement system","WP:WP2806","0.890434377102112","0.050398081492811934","94","266","3","8752",
"WP","Oxidative stress response","WP:WP408","0.890434377102112","0.050398081492811934","33","266","1","8752",
"WP","Dopaminergic neurogenesis","WP:WP2855","0.890434377102112","0.050398081492811934","30","266","1","8752",
"WP","SLC25A46 Pathway","WP:WP5521","0.890434377102112","0.050398081492811934","20","266","1","8752",
"WP","GABA receptor signaling","WP:WP4159","0.890434377102112","0.050398081492811934","31","266","1","8752",
"WP","Apoptosis related network due to altered Notch3 in ovarian cancer","WP:WP2864","0.890434377102112","0.050398081492811934","53","266","2","8752",
"WP","IL1 and megakaryocytes in obesity","WP:WP2865","0.890434377102112","0.050398081492811934","24","266","1","8752",
"WP","Extracellular vesicle mediated signaling in recipient cells","WP:WP2870","0.890434377102112","0.050398081492811934","29","266","1","8752",
"WP","1q21 1 copy number variation syndrome","WP:WP4905","0.890434377102112","0.050398081492811934","27","266","1","8752",
"WP","SARS CoV 2 mitochondrial chronic oxidative stress and endothelial dysfunction","WP:WP5183","0.890434377102112","0.050398081492811934","26","266","1","8752",
"WP","Pregnane X receptor pathway","WP:WP2876","0.890434377102112","0.050398081492811934","32","266","1","8752",
"WP","Glucocorticoid receptor pathway","WP:WP2880","0.890434377102112","0.050398081492811934","70","266","2","8752",
"WP","SARS coronavirus and innate immunity","WP:WP4912","0.890434377102112","0.050398081492811934","31","266","1","8752",
"WP","Disorders of mitochondrial homeostatis dynamics protein import and quality control","WP:WP5504","0.890434377102112","0.050398081492811934","61","266","2","8752",
"WP","Ebstein Barr virus LMP1 signaling","WP:WP262","0.890434377102112","0.050398081492811934","23","266","1","8752",
"WP","Oncostatin M signaling","WP:WP2374","0.890434377102112","0.050398081492811934","56","266","2","8752",
"WP","Nuclear receptors meta pathway","WP:WP2882","0.890434377102112","0.050398081492811934","313","266","9","8752",
"WP","Warburg effect modulated by deubiquitinating enzymes and their substrates","WP:WP5216","0.890434377102112","0.050398081492811934","26","266","1","8752",
"WP","Insulin signaling","WP:WP481","0.890434377102112","0.050398081492811934","160","266","5","8752",
"WP","Thyroxine thyroid hormone production","WP:WP1981","0.890434377102112","0.050398081492811934","25","266","1","8752",
"WP","Hallmark of cancer metastasis and epithelial to mesenchymal transition","WP:WP5469","0.890434377102112","0.050398081492811934","23","266","1","8752",
"WP","Effect of omega 3 PUFA on Huntington 39 s disease pathways","WP:WP5470","0.890434377102112","0.050398081492811934","120","266","4","8752",
"WP","Alstrom syndrome","WP:WP5202","0.890434377102112","0.050398081492811934","32","266","1","8752",
"WP","Regucalcin in proximal tubule epithelial kidney cells","WP:WP4838","0.890434377102112","0.050398081492811934","31","266","1","8752",
"WP","miR targeted genes in leukocytes","WP:WP2003","0.890434377102112","0.050398081492811934","125","266","4","8752",
"WP","Cytokine cytokine receptor interaction","WP:WP5473","0.890434377102112","0.050398081492811934","254","266","8","8752",
"WP","Follicle stimulating hormone FSH signaling","WP:WP2035","0.890434377102112","0.050398081492811934","24","266","1","8752",
"WP","IL17 signaling","WP:WP2112","0.890434377102112","0.050398081492811934","32","266","1","8752",
"WP","Intracellular trafficking proteins involved in CMT neuropathy","WP:WP4856","0.890434377102112","0.050398081492811934","27","266","1","8752",
"WP","Purine metabolism and related disorders","WP:WP4224","0.890434377102112","0.050398081492811934","23","266","1","8752",
"WP","Pathogenic Escherichia coli infection","WP:WP2272","0.890434377102112","0.050398081492811934","55","266","2","8752",
"WP","Tumor suppressor activity of SMARCB1","WP:WP4204","0.890434377102112","0.050398081492811934","31","266","1","8752",
"WP","Trans sulfuration one carbon metabolism and related pathways","WP:WP2525","0.890434377102112","0.050398081492811934","67","266","2","8752",
"WP","Unfolded protein response","WP:WP4925","0.890434377102112","0.050398081492811934","23","266","1","8752",
"WP","NRF2 pathway","WP:WP2884","0.890434377102112","0.050398081492811934","141","266","4","8752",
"WP","Differentiation of white and brown adipocyte","WP:WP2895","0.890434377102112","0.050398081492811934","25","266","1","8752",
"WP","T cell modulation and desmoplasia in pancreatic cancer","WP:WP5078","0.890434377102112","0.050398081492811934","55","266","2","8752",
"WP","DNA IR double strand breaks and cellular response via ATM","WP:WP3959","0.890434377102112","0.050398081492811934","55","266","2","8752",
"WP","Lung fibrosis","WP:WP3624","0.890434377102112","0.050398081492811934","63","266","2","8752",
"WP","Pathways affected in adenoid cystic carcinoma","WP:WP3651","0.890434377102112","0.050398081492811934","65","266","2","8752",
"WP","Hypothesized pathways in pathogenesis of cardiovascular disease","WP:WP3668","0.890434377102112","0.050398081492811934","25","266","1","8752",
"WP","BDNF TrkB signaling","WP:WP3676","0.890434377102112","0.050398081492811934","33","266","1","8752",
"WP","Interactions of natural killer cells in pancreatic cancer","WP:WP5092","0.890434377102112","0.050398081492811934","27","266","1","8752",
"WP","PI3K AKT mTOR signaling and therapeutic opportunities in prostate cancer","WP:WP3844","0.890434377102112","0.050398081492811934","32","266","1","8752",
"WP","Monoamine transport","WP:WP727","0.890434377102112","0.050398081492811934","32","266","1","8752",
"WP","Sphingolipid metabolism in senescence","WP:WP5121","0.890434377102112","0.050398081492811934","28","266","1","8752",
"WP","TLR4 signaling and tolerance","WP:WP3851","0.890434377102112","0.050398081492811934","28","266","1","8752",
"WP","Apoptosis regulation by parathyroid hormone related protein","WP:WP3872","0.890434377102112","0.050398081492811934","24","266","1","8752",
"WP","4 hydroxytamoxifen dexamethasone and retinoic acids regulation of p27 expression","WP:WP3879","0.890434377102112","0.050398081492811934","25","266","1","8752",
"WP","Development and heterogeneity of the ILC family","WP:WP3893","0.890434377102112","0.050398081492811934","33","266","1","8752",
"WP","Progeria associated lipodystrophy","WP:WP5103","0.890434377102112","0.050398081492811934","22","266","1","8752",
"WP","Methionine de novo and salvage pathway","WP:WP3580","0.890434377102112","0.050398081492811934","22","266","1","8752",
"WP","IL1 signaling","WP:WP195","0.890434377102112","0.050398081492811934","54","266","2","8752",
"WP","G protein signaling","WP:WP35","0.890434377102112","0.050398081492811934","89","266","3","8752",
"WP","Lipid metabolism pathway","WP:WP3965","0.890434377102112","0.050398081492811934","29","266","1","8752",
"WP","DNA repair pathways full network","WP:WP4946","0.890434377102112","0.050398081492811934","119","266","4","8752",
"WP","Ethanol effects on histone modifications","WP:WP3996","0.890434377102112","0.050398081492811934","31","266","1","8752",
"WP","Monoamine GPCRs","WP:WP58","0.890434377102112","0.050398081492811934","33","266","1","8752",
"WP","16p11 2 distal deletion syndrome","WP:WP4950","0.890434377102112","0.050398081492811934","33","266","1","8752",
"WP","Triacylglyceride synthesis","WP:WP325","0.890434377102112","0.050398081492811934","24","266","1","8752",
"WP","RAS and bradykinin pathways in COVID 19","WP:WP4969","0.890434377102112","0.050398081492811934","29","266","1","8752",
"WP","Prion disease pathway","WP:WP3995","0.890434377102112","0.050398081492811934","33","266","1","8752",
"WP","PDGFR beta pathway","WP:WP3972","0.890434377102112","0.050398081492811934","29","266","1","8752",
"WP","GPCRs class B secretin like","WP:WP334","0.890434377102112","0.050398081492811934","22","266","1","8752",
"WP","Exercise and hypertrophy in skeletal muscle","WP:WP516","0.890434377102112","0.050398081492811934","20","266","1","8752",
"WP","SARS CoV 2 innate immunity evasion and cell specific immune response","WP:WP5039","0.890434377102112","0.050398081492811934","66","266","2","8752",
"WP","Lung pathology of COVID 19","WP:WP5146","0.890434377102112","0.050398081492811934","20","266","1","8752",
"WP","Kynurenine pathway and links to cell senescence","WP:WP5044","0.890434377102112","0.050398081492811934","24","266","1","8752",
"WP","Amino acid metabolism","WP:WP3925","0.890434377102112","0.050398081492811934","91","266","3","8752",
"WP","COVID 19 structural coverage map","WP:WP5145","0.890434377102112","0.050398081492811934","26","266","1","8752",
"WP","Initiation of transcription and translation elongation at the HIV 1 LTR","WP:WP3414","0.890434377102112","0.050398081492811934","32","266","1","8752",
"WP","Mitochondrial complex I assembly model OXPHOS system","WP:WP4324","0.890434377102112","0.050398081492811934","56","266","2","8752",
"WP","Antiviral and anti inflammatory effects of Nrf2 on SARS CoV 2 pathway","WP:WP5113","0.890434377102112","0.050398081492811934","32","266","1","8752",
"WP","Netrin UNC5B signaling","WP:WP4747","0.890434377102112","0.050398081492811934","52","266","2","8752",
"WP","Cancer immunotherapy by PD 1 blockade","WP:WP4585","0.890434377102112","0.050398081492811934","23","266","1","8752",
"WP","FGFR3 signaling in chondrocyte proliferation and terminal differentiation","WP:WP4767","0.890434377102112","0.050398081492811934","27","266","1","8752",
"WP","Sphingolipid pathway","WP:WP1422","0.890434377102112","0.050398081492811934","30","266","1","8752",
"WP","PKC gamma calcium signaling in ataxia","WP:WP4760","0.890434377102112","0.050398081492811934","22","266","1","8752",
"WP","IL18 signaling","WP:WP4754","0.890434377102112","0.050398081492811934","56","266","2","8752",
"WP","GPCRs other","WP:WP117","0.890434377102112","0.050398081492811934","95","266","3","8752",
"WP","FBXL10 enhancement of MAP ERK signaling in diffuse large B cell lymphoma","WP:WP4553","0.890434377102112","0.050398081492811934","33","266","1","8752",
"WP","Estrogen metabolism","WP:WP5276","0.890434377102112","0.050398081492811934","24","266","1","8752",
"WP","Eicosanoid metabolism via lipooxygenases LOX ","WP:WP4721","0.890434377102112","0.050398081492811934","29","266","1","8752",
"WP","Hippo signaling regulation","WP:WP4540","0.890434377102112","0.050398081492811934","98","266","3","8752",
"WP","Sphingolipid metabolism overview","WP:WP4725","0.890434377102112","0.050398081492811934","27","266","1","8752",
"WP","10q11 21q11 23 copy number variation syndrome","WP:WP5352","0.890434377102112","0.050398081492811934","60","266","2","8752",
"WP","Electron transport chain OXPHOS system in mitochondria","WP:WP111","0.890434377102112","0.050398081492811934","104","266","3","8752",
"WP","Resistin as a regulator of inflammation","WP:WP4481","0.890434377102112","0.050398081492811934","33","266","1","8752",
"WP","Base excision repair","WP:WP4752","0.890434377102112","0.050398081492811934","31","266","1","8752",
"WP","Glycosphingolipid metabolism","WP:WP5292","0.890434377102112","0.050398081492811934","21","266","1","8752",
"WP","Sildenafil treatment","WP:WP5294","0.890434377102112","0.050398081492811934","22","266","1","8752",
"WP","Relationship between inflammation COX 2 and EGFR","WP:WP4483","0.890434377102112","0.050398081492811934","25","266","1","8752",
"WP","Thyroid hormones production and peripheral downstream signaling effects","WP:WP4746","0.890434377102112","0.050398081492811934","93","266","3","8752",
"WP","Glycosylation and related congenital defects","WP:WP4521","0.890434377102112","0.050398081492811934","25","266","1","8752",
"WP","Signal transduction through IL1R","WP:WP4496","0.890434377102112","0.050398081492811934","33","266","1","8752",
"WP","Type I collagen synthesis in the context of osteogenesis imperfecta","WP:WP4786","0.890434377102112","0.050398081492811934","33","266","1","8752",
"WP","EGF EGFR signaling","WP:WP437","0.890434377102112","0.050398081492811934","158","266","5","8752",
"WP","17p13 3 YWHAE copy number variation","WP:WP5376","0.890434377102112","0.050398081492811934","21","266","1","8752",
"WP","Nicotine effect on dopaminergic neurons","WP:WP1602","0.890434377102112","0.050398081492811934","21","266","1","8752",
"WP","miRNA role in immune response in sepsis","WP:WP4329","0.890434377102112","0.050398081492811934","63","266","2","8752",
"WP","Vitamin B12 metabolism","WP:WP1533","0.890434377102112","0.050398081492811934","54","266","2","8752",
"WP","Effects of MFN2 mutation","WP:WP5443","0.890434377102112","0.050398081492811934","24","266","1","8752",
"WP","FGF23 signaling in hypophosphatemic rickets and related disorders","WP:WP4790","0.890434377102112","0.050398081492811934","22","266","1","8752",
"WP","Melanoma","WP:WP4685","0.890434377102112","0.050398081492811934","68","266","2","8752",
"WP","Angiogenesis","WP:WP1539","0.890434377102112","0.050398081492811934","24","266","1","8752",
"WP","Ciliary landscape","WP:WP4352","0.8915308951096852","0.04986360218782449","215","266","6","8752",
"WP","16p11 2 proximal deletion syndrome","WP:WP4949","0.8969071544501405","0.04725251169050412","76","266","2","8752",
"WP","Androgen receptor network in prostate cancer","WP:WP2263","0.8969071544501405","0.04725251169050412","113","266","3","8752",
"WP","Ras signaling","WP:WP4223","0.8969071544501405","0.04725251169050412","183","266","5","8752",
"WP","Regulatory circuits of STAT3 signaling","WP:WP4538","0.8969071544501405","0.04725251169050412","75","266","2","8752",
"WP","Mesodermal commitment pathway","WP:WP2857","0.8969071544501405","0.04725251169050412","146","266","4","8752",
"WP","Thymic stromal lymphopoietin TSLP signaling","WP:WP2203","0.8969071544501405","0.04725251169050412","36","266","1","8752",
"WP","Genetic causes of porto sinusoidal vascular disease","WP:WP5269","0.8969071544501405","0.04725251169050412","37","266","1","8752",
"WP","Zinc homeostasis","WP:WP3529","0.8969071544501405","0.04725251169050412","36","266","1","8752",
"WP","HDAC6 interactions in the central nervous system","WP:WP5426","0.8969071544501405","0.04725251169050412","112","266","3","8752",
"WP","Gastrin signaling","WP:WP4659","0.8969071544501405","0.04725251169050412","114","266","3","8752",
"WP","Photodynamic therapy induced NF kB survival signaling","WP:WP3617","0.8969071544501405","0.04725251169050412","35","266","1","8752",
"WP","Serotonin HTR1 group and FOS pathway","WP:WP722","0.8969071544501405","0.04725251169050412","37","266","1","8752",
"WP","VEGFA VEGFR2 signaling","WP:WP3888","0.8969071544501405","0.04725251169050412","430","266","12","8752",
"WP","Enterocyte cholesterol metabolism","WP:WP5333","0.8969071544501405","0.04725251169050412","36","266","1","8752",
"WP","Type II interferon signaling","WP:WP619","0.8969071544501405","0.04725251169050412","37","266","1","8752",
"WP","Senescence associated secretory phenotype SASP ","WP:WP3391","0.8969071544501405","0.04725251169050412","112","266","3","8752",
"WP","Influence of laminopathies on Wnt signaling","WP:WP4844","0.8969071544501405","0.04725251169050412","37","266","1","8752",
"WP","Nuclear receptors in lipid metabolism and toxicity","WP:WP299","0.8969071544501405","0.04725251169050412","35","266","1","8752",
"WP","Network map of SARS CoV 2 signaling","WP:WP5115","0.8969071544501405","0.04725251169050412","253","266","7","8752",
"WP","Cohesin complex Cornelia de Lange syndrome","WP:WP5117","0.8969071544501405","0.04725251169050412","34","266","1","8752",
"WP","Parkinson 39 s disease pathway","WP:WP2371","0.9026263317859321","0.044492001214141125","38","266","1","8752",
"WP","Amyotrophic lateral sclerosis ALS ","WP:WP2447","0.9026263317859321","0.044492001214141125","38","266","1","8752",
"WP","Sleep regulation","WP:WP3591","0.9026263317859321","0.044492001214141125","38","266","1","8752",
"WP","Breast cancer pathway","WP:WP4262","0.9034249035921498","0.044107941953083506","154","266","4","8752",
"WP","Kisspeptin kisspeptin receptor system in the ovary","WP:WP4871","0.905546476597646","0.04308925488950607","39","266","1","8752",
"WP","Immune infiltration in pancreatic cancer","WP:WP5285","0.905546476597646","0.04308925488950607","39","266","1","8752",
"WP","Neural crest cell migration during development","WP:WP4564","0.905546476597646","0.04308925488950607","39","266","1","8752",
"WP","Interactions between immune cells and microRNAs in tumor microenvironment","WP:WP4559","0.9068295692941919","0.04247432712962816","47","266","1","8752",
"WP","DNA replication","WP:WP466","0.9068295692941919","0.04247432712962816","42","266","1","8752",
"WP","Envelope proteins and their potential roles in EDMD physiopathology","WP:WP4535","0.9068295692941919","0.04247432712962816","46","266","1","8752",
"WP","Translation inhibitors in chronically activated PDGFRA cells","WP:WP4566","0.9068295692941919","0.04247432712962816","46","266","1","8752",
"WP","EGFR tyrosine kinase inhibitor resistance","WP:WP4806","0.9068295692941919","0.04247432712962816","84","266","2","8752",
"WP","Chronic hyperglycemia impairment of neuron function","WP:WP5283","0.9068295692941919","0.04247432712962816","46","266","1","8752",
"WP","Metabolic reprogramming in pancreatic cancer","WP:WP5220","0.9068295692941919","0.04247432712962816","42","266","1","8752",
"WP","Cytoplasmic ribosomal proteins","WP:WP477","0.9068295692941919","0.04247432712962816","88","266","2","8752",
"WP","IL26 signaling","WP:WP5347","0.9068295692941919","0.04247432712962816","46","266","1","8752",
"WP","Neural crest cell migration in cancer","WP:WP4565","0.9068295692941919","0.04247432712962816","42","266","1","8752",
"WP","15q25 copy number variation","WP:WP5408","0.9068295692941919","0.04247432712962816","45","266","1","8752",
"WP","Hedgehog signaling","WP:WP4249","0.9068295692941919","0.04247432712962816","43","266","1","8752",
"WP","Allograft rejection","WP:WP2328","0.9068295692941919","0.04247432712962816","88","266","2","8752",
"WP","Effect of dasatinib on the BCR ABL signaling pathway","WP:WP5493","0.9068295692941919","0.04247432712962816","45","266","1","8752",
"WP","IL11 signaling","WP:WP2332","0.9068295692941919","0.04247432712962816","44","266","1","8752",
"WP","NO cGMP PKG mediated neuroprotection","WP:WP4008","0.9068295692941919","0.04247432712962816","46","266","1","8752",
"WP","Fibrin complement receptor 3 signaling","WP:WP4136","0.9068295692941919","0.04247432712962816","44","266","1","8752",
"WP","ErbB signaling","WP:WP673","0.9068295692941919","0.04247432712962816","89","266","2","8752",
"WP","Perturbations to host cell autophagy induced by SARS CoV 2 proteins","WP:WP4936","0.9068295692941919","0.04247432712962816","44","266","1","8752",
"WP","Ebola virus infection in host","WP:WP4217","0.9068295692941919","0.04247432712962816","128","266","3","8752",
"WP","Common pathways underlying drug addiction","WP:WP2636","0.9068295692941919","0.04247432712962816","41","266","1","8752",
"WP","Inflammatory bowel disease signaling","WP:WP5198","0.9068295692941919","0.04247432712962816","43","266","1","8752",
"WP","Wnt signaling NetPath","WP:WP363","0.9068295692941919","0.04247432712962816","47","266","1","8752",
"WP","Transcriptional regulation of memory B cell differentiation","WP:WP5491","0.9068295692941919","0.04247432712962816","46","266","1","8752",
"WP","IL6 signaling","WP:WP364","0.9068295692941919","0.04247432712962816","43","266","1","8752",
"WP","Vasopressin regulated water reabsorption","WP:WP5085","0.9068295692941919","0.04247432712962816","44","266","1","8752",
"WP","Selenium metabolism and selenoproteins","WP:WP28","0.9068295692941919","0.04247432712962816","47","266","1","8752",
"WP","Endoplasmic reticulum stress response in coronavirus infection","WP:WP4861","0.9068295692941919","0.04247432712962816","46","266","1","8752",
"WP","Vitamin A and carotenoid metabolism","WP:WP716","0.9068295692941919","0.04247432712962816","42","266","1","8752",
"WP","Nucleotide binding oligomerization domain NOD pathway","WP:WP1433","0.9068295692941919","0.04247432712962816","41","266","1","8752",
"WP","DNA IR damage and cellular response via ATR","WP:WP4016","0.9068295692941919","0.04247432712962816","81","266","2","8752",
"WP","Apoptosis modulation and signaling","WP:WP1772","0.9068295692941919","0.04247432712962816","90","266","2","8752",
"WP","Pathways into methionine and folate cycles","WP:WP5488","0.9068295692941919","0.04247432712962816","43","266","1","8752",
"WP","Fanconi anemia","WP:WP5465","0.9068295692941919","0.04247432712962816","47","266","1","8752",
"WP","Eukaryotic transcription initiation","WP:WP405","0.9068295692941919","0.04247432712962816","41","266","1","8752",
"WP","Acute viral myocarditis","WP:WP4298","0.9068295692941919","0.04247432712962816","85","266","2","8752",
"WP","Exercise induced circadian regulation","WP:WP410","0.9088710630968163","0.04149772355179887","48","266","1","8752",
"WP","Angiopoietin like protein 8 regulatory pathway","WP:WP3915","0.9088710630968163","0.04149772355179887","132","266","3","8752",
"WP","Microtubule cytoskeleton regulation","WP:WP2038","0.9088710630968163","0.04149772355179887","48","266","1","8752",
"WP","IL4 signaling","WP:WP395","0.9142237582861475","0.03894749672148343","50","266","1","8752",
"WP","Synaptic signaling associated with autism spectrum disorder","WP:WP4539","0.9142237582861475","0.03894749672148343","50","266","1","8752",
"WP","Osteoarthritic chondrocyte hypertrophy","WP:WP5373","0.9142237582861475","0.03894749672148343","50","266","1","8752",
"WP","Photodynamic therapy induced AP 1 survival signaling","WP:WP3611","0.9142237582861475","0.03894749672148343","50","266","1","8752",
"WP","Translation factors","WP:WP107","0.9142237582861475","0.03894749672148343","50","266","1","8752",
"WP","Toll like receptor signaling","WP:WP75","0.9149447234906639","0.03860514310091823","95","266","2","8752",
"WP","Oxysterols derived from cholesterol","WP:WP4545","0.9175476810159221","0.0373713580687291","51","266","1","8752",
"WP","Kit receptor signaling","WP:WP304","0.9213371797226335","0.03558140292543066","53","266","1","8752",
"WP","Phosphodiesterases in neuronal function","WP:WP4222","0.9213371797226335","0.03558140292543066","53","266","1","8752",
"WP","Cardiac progenitor differentiation","WP:WP2406","0.9213371797226335","0.03558140292543066","53","266","1","8752",
"WP","NRP1 triggered signaling in pancreatic cancer ","WP:WP5144","0.9213371797226335","0.03558140292543066","53","266","1","8752",
"WP","Hallmark of cancer sustaining proliferative signaling","WP:WP5475","0.9213371797226335","0.03558140292543066","98","266","2","8752",
"WP","Neurogenesis regulation in the olfactory epithelium","WP:WP5265","0.9221407814653264","0.03520277097869402","57","266","1","8752",
"WP","7q11 23 copy number variation syndrome","WP:WP4932","0.9221407814653264","0.03520277097869402","107","266","2","8752",
"WP","Genes related to primary cilium development based on CRISPR ","WP:WP4536","0.9221407814653264","0.03520277097869402","103","266","2","8752",
"WP","1p36 copy number variation syndrome","WP:WP5345","0.9221407814653264","0.03520277097869402","102","266","2","8752",
"WP","Macrophage stimulating protein MSP signaling","WP:WP5353","0.9221407814653264","0.03520277097869402","108","266","2","8752",
"WP","Hepatitis C and hepatocellular carcinoma","WP:WP3646","0.9221407814653264","0.03520277097869402","56","266","1","8752",
"WP","Complement and coagulation cascades","WP:WP558","0.9221407814653264","0.03520277097869402","58","266","1","8752",
"WP","Hepatitis B infection","WP:WP4666","0.9221407814653264","0.03520277097869402","152","266","3","8752",
"WP","Markers of kidney cell lineage","WP:WP5236","0.9221407814653264","0.03520277097869402","58","266","1","8752",
"WP","Interferon type I signaling","WP:WP585","0.9221407814653264","0.03520277097869402","54","266","1","8752",
"WP","Pre implantation embryo","WP:WP3527","0.9221407814653264","0.03520277097869402","58","266","1","8752",
"WP","N glycan biosynthesis","WP:WP5153","0.9221407814653264","0.03520277097869402","57","266","1","8752",
"WP","Proximal tubule transport","WP:WP4917","0.9221407814653264","0.03520277097869402","57","266","1","8752",
"WP","Oxidative phosphorylation","WP:WP623","0.9221407814653264","0.03520277097869402","60","266","1","8752",
"WP","Cell differentiation expanded index","WP:WP2023","0.9221407814653264","0.03520277097869402","58","266","1","8752",
"WP","Vitamin D receptor pathway","WP:WP2877","0.9221407814653264","0.03520277097869402","183","266","4","8752",
"WP","Thermogenesis","WP:WP4321","0.9221407814653264","0.03520277097869402","108","266","2","8752",
"WP","Hematopoietic stem cell differentiation","WP:WP2849","0.9221407814653264","0.03520277097869402","58","266","1","8752",
"WP","Integrated breast cancer pathway","WP:WP1984","0.9221407814653264","0.03520277097869402","152","266","3","8752",
"WP","Modulators of TCR signaling and T cell activation","WP:WP5072","0.9221407814653264","0.03520277097869402","61","266","1","8752",
"WP","NF1 copy number variation syndrome ","WP:WP5366","0.9221407814653264","0.03520277097869402","107","266","2","8752",
"WP","Dengue 2 interactions with complement and coagulation cascades","WP:WP3896","0.9221407814653264","0.03520277097869402","59","266","1","8752",
"WP","DNA damage response only ATM dependent ","WP:WP710","0.9221407814653264","0.03520277097869402","109","266","2","8752",
"WP","TAR syndrome","WP:WP5362","0.9250321289406186","0.03384318274280884","62","266","1","8752",
"WP","Endometrial cancer","WP:WP4155","0.927898688295716","0.032499439207900126","63","266","1","8752",
"WP","Ferroptosis","WP:WP4313","0.9306053220964123","0.03123446808203926","64","266","1","8752",
"WP","DNA damage response","WP:WP707","0.9423872142965312","0.02577061474514393","69","266","1","8752",
"WP","Th17 cell differentiation pathway","WP:WP5130","0.9423872142965312","0.02577061474514393","69","266","1","8752",
"WP","Chemokine signaling","WP:WP3929","0.9423872142965312","0.02577061474514393","165","266","3","8752",
"WP","Cell cycle","WP:WP179","0.9423872142965312","0.02577061474514393","120","266","2","8752",
"WP","miRNAs involved in DNA damage response","WP:WP1545","0.9423872142965312","0.02577061474514393","68","266","1","8752",
"WP","Sterol regulatory element binding proteins SREBP signaling","WP:WP1982","0.9423872142965312","0.02577061474514393","69","266","1","8752",
"WP","miRNA regulation of DNA damage response","WP:WP1530","0.9428236786622214","0.02556951886811346","73","266","1","8752",
"WP","Cytosolic DNA sensing pathway","WP:WP4655","0.9428236786622214","0.02556951886811346","73","266","1","8752",
"WP","22q11 2 copy number variation syndrome","WP:WP4657","0.9428236786622214","0.02556951886811346","125","266","2","8752",
"WP","Non small cell lung cancer","WP:WP4255","0.9428236786622214","0.02556951886811346","72","266","1","8752",
"WP","Fragile X syndrome","WP:WP4549","0.9428236786622214","0.02556951886811346","121","266","2","8752",
"WP","Alzheimer 39 s disease","WP:WP5124","0.9428236786622214","0.02556951886811346","260","266","5","8752",
"WP","Non genomic actions of 1 25 dihydroxyvitamin D3","WP:WP4341","0.9428236786622214","0.02556951886811346","74","266","1","8752",
"WP","miR targeted genes in lymphocytes","WP:WP2004","0.9428236786622214","0.02556951886811346","421","266","9","8752",
"WP","Cholesterol metabolism","WP:WP5304","0.9428236786622214","0.02556951886811346","72","266","1","8752",
"WP","Alzheimer 39 s disease and miRNA effects","WP:WP2059","0.9498367489324097","0.022351031690391255","265","266","5","8752",
"WP","miR targeted genes in muscle cell","WP:WP2005","0.9508053468650548","0.021908384676861598","350","266","7","8752",
"WP","Neuroinflammation and glutamatergic signaling","WP:WP5083","0.9610868370312079","0.017237370770899176","140","266","2","8752",
"WP","Selenium micronutrient network","WP:WP15","0.9610868370312079","0.017237370770899176","86","266","1","8752",
"WP","Pyrimidine metabolism","WP:WP4022","0.9610868370312079","0.017237370770899176","84","266","1","8752",
"WP","Androgen receptor signaling","WP:WP138","0.9610868370312079","0.017237370770899176","85","266","1","8752",
"WP","Hair follicle development cytodifferentiation stage 3 of 3","WP:WP2840","0.9613177328785385","0.017133046432056227","87","266","1","8752",
"WP","Pancreatic adenocarcinoma pathway","WP:WP4263","0.9614806540976499","0.017059449754324826","88","266","1","8752",
"WP","TNF alpha signaling","WP:WP231","0.9615780543844867","0.017015456914211715","89","266","1","8752",
"WP","Corticotropin releasing hormone signaling","WP:WP2355","0.9635401435903275","0.01613018679308232","91","266","1","8752",
"WP","17q12 copy number variation syndrome","WP:WP5287","0.9660752553821524","0.014989041571878981","96","266","1","8752",
"WP","Cancer pathways","WP:WP5434","0.9660752553821524","0.014989041571878981","505","266","10","8752",
"WP","lncRNA in canonical Wnt signaling and colorectal cancer","WP:WP4258","0.9660752553821524","0.014989041571878981","97","266","1","8752",
"WP","Nonalcoholic fatty liver disease","WP:WP4396","0.9660752553821524","0.014989041571878981","153","266","2","8752",
"WP","Wnt signaling and pluripotency","WP:WP399","0.9685975658295166","0.01385662670816341","100","266","1","8752",
"WP","Complement system in neuronal development and plasticity","WP:WP5090","0.9724580349814571","0.01212913094746908","106","266","1","8752",
"WP","Senescence and autophagy in cancer","WP:WP615","0.9724580349814571","0.01212913094746908","105","266","1","8752",
"WP","CAMKK2 pathway","WP:WP4874","0.9749185231766156","0.011031678058765183","110","266","1","8752",
"WP","miR targeted genes in squamous cell","WP:WP2006","0.9877713286730304","0.005343583944671732","129","266","1","8752",
"WP","2q37 copy number variation syndrome","WP:WP5224","0.9918899333259453","0.0035365173632229425","142","266","1","8752",
"WP","Smith Magenis and Potocki Lupski syndrome copy number variation","WP:WP5381","0.9949118592792136","0.00221539234393936","159","266","1","8752",
"WP","WIKIPATHWAYS","WP:000000","1","0","8752","266","266","8752",
