NAME	TITLE	SCORE	
AP5Z1		28.97706	
TCOF1		28.812868	
MCRIP1		28.470694	
ARFRP1		25.547594	
SIRT6		25.159777	
ARHGDIA		24.857504	
PKD1		24.523952	
CAPNS1		24.265171	
FIS1		24.218487	
UAP1L1		23.99897	
MBD3		23.768166	
FCHSD1		23.30721	
ZNF408		23.217512	
MMS19		23.201021	
ATP5F1D		23.039793	
LENG8		22.91109	
MAP3K11		22.437344	
XAB2		22.390413	
RPL28		22.372355	
TMUB2		22.092049	
ARFGAP1		21.715307	
ZNF335		21.680065	
WDR13		21.658045	
HCFC1R1		21.563154	
CCDC107		21.486048	
RHOT2		21.422045	
DPP7		21.104813	
WDR55		21.097242	
UBE2I		20.838017	
ZNF784		20.769497	
ACTR1A		20.705265	
AUP1		20.567942	
MAP2K2		20.438974	
DDX51		20.215614	
TAF1C		20.126984	
PTPN6		20.048437	
SLC4A2		19.973164	
NMT1		19.916637	
MAPK3		19.871117	
SGTA		19.812658	
SH3BP2		19.798424	
RFNG		19.506126	
KIFC2		19.456608	
VPS18		19.377987	
TLE5		19.377089	
ZNFX1		19.222586	
B3GAT3		19.178286	
DAD1		19.118214	
BSG		19.079882	
FAAP100		19.07863	
PABPN1P2		19.050558	
REEP4		19.04228	
MAPKAPK5-AS1		18.982733	
GDI1		18.97274	
RHBDD2		18.938112	
JOSD2		18.833055	
WDR18		18.78444	
MTCO1P40		18.690111	
RAB35		18.583195	
TMEM259		18.569551	
TMEM219		18.544758	
ACAP3		18.504705	
ZMYM4-AS1		18.464561	
LAMTOR4		18.407906	
METTL26		18.35928	
ARAF		18.327028	
UBE2L3		18.195154	
HRAS		18.155703	
STK25		18.098637	
GMPPA		18.077475	
TMUB1		18.06279	
TSSC4		17.975758	
AP2S1		17.964436	
CELF1		17.941324	
LPIN3		17.925312	
ENGASE		17.88712	
BUD23		17.886768	
SYMPK		17.876616	
RING1		17.843664	
MIB2		17.829649	
ZFAND2B		17.788649	
AGAP3		17.750507	
RAB1B		17.65778	
DYNC1H1		17.609713	
AP1B1		17.491266	
NDUFS8		17.37157	
PPM1M		17.175688	
CIAO1		17.150574	
ABCA7		17.08708	
FIZ1		17.077602	
GRK2		17.053877	
RASSF1		17.030941	
BRD2		17.021683	
TBC1D25		17.01388	
TRIR		17.012045	
TNPO2		17.003471	
UBE2M		16.99125	
DCAF8		16.853638	
GPS1		16.718863	
SIGIRR		16.679817	
SLC25A39		16.616596	
PPP1CA		16.51529	
PRXL2B		16.513655	
ZNF358		16.506767	
SH3TC1		16.388863	
RNPEPL1		16.385218	
MCRS1		16.273506	
RBBP8NL		16.246256	
STXBP2		16.191715	
KMT5C		16.18568	
ANO8		16.174269	
TEPSIN		16.163954	
ABTB1		16.134697	
SBF1		16.084646	
RBM42		16.081013	
TAFAZZIN		16.06251	
STUB1		16.060186	
GIPC3		16.052187	
MVB12A		15.9665365	
VPS28		15.773207	
TTLL3		15.726408	
METAP2		15.701111	
SFN		15.694432	
MYL5		15.6584	
TRIM56		15.590938	
PCED1A		15.589012	
TMEM86B		15.572264	
PPP1R9B		15.569151	
OGFR		15.554453	
BAX		15.553942	
DPF2		15.5515785	
STK36		15.540007	
EME2		15.4989805	
SLC26A6		15.477163	
RABL6		15.463226	
ATG4B		15.457198	
ZNF557		15.447444	
ELMO3		15.364646	
FBRSL1		15.35495	
MAPKBP1		15.332668	
CACTIN		15.315143	
ZNF579		15.308062	
ZMIZ2		15.273777	
GIGYF1		15.23943	
RFX1		15.213151	
RN7SL832P		15.193113	
NACC1		15.170006	
ISOC2		15.159243	
SLC25A45		15.147966	
MRPL55		15.135559	
PSMG3		15.13438	
HGS		15.126728	
ACTB		15.110843	
ASB1		15.094647	
UNC45A		15.082162	
RPL32P3		15.023574	
HEMK1		15.012996	
GPSM3		15.004289	
AMDHD2		14.994845	
SLC25A11		14.962382	
PANK2		14.951331	
CHMP1A		14.93798	
TMEM127		14.918166	
E2F4		14.874913	
MARCHF2		14.872064	
QARS1		14.8566265	
IPO13		14.85328	
LZTR1		14.832834	
POLM		14.806046	
CNPY4		14.790575	
LAMA5		14.7843485	
SPATA20		14.755564	
UQCRC1		14.744343	
ELOF1		14.686908	
GALNS		14.643061	
MVK		14.55812	
KIAA0930		14.522873	
VAT1		14.522182	
ITPA		14.517674	
HSF4		14.512745	
HGH1		14.497589	
C11orf68		14.496629	
ZNF763		14.495727	
C19orf47		14.48209	
RIN1		14.477895	
SGSH		14.460514	
EIF3G		14.443935	
PABPC1L		14.409616	
DNAJB2		14.405406	
PTRH1		14.381145	
EIF3I		14.3700285	
GAS2L1		14.362634	
HECTD3		14.333569	
MPV17		14.329034	
INPPL1		14.328507	
YPEL3		14.314853	
AGER		14.3118105	
WHR1		14.301946	
RABGGTA		14.290024	
EEF1DP1		14.27151	
SNRNP70		14.23254	
MT-ND4		14.207988	
ULK3		14.207751	
NFATC4		14.207628	
KLC2		14.171908	
CTSA		14.126449	
CTBP1		14.095496	
MT-ND2		14.084237	
EDF1		14.069418	
SIRT7		14.029369	
THAP3		14.013444	
TPSB2		14.009734	
CCDC120		14.002844	
MAN2B2		13.9974165	
FASTK		13.9823065	
TIMM13		13.970473	
ZNF205		13.970088	
CARHSP1		13.9636965	
EEF1DP2		13.960729	
MFSD5		13.9503355	
ELOVL1		13.91374	
COASY		13.886602	
WFS1		13.882123	
PIGQ		13.843526	
RUSC1		13.840722	
ZFYVE19		13.836161	
AP1G2		13.836142	
INTS5		13.804666	
SNRPA		13.804419	
REX1BD		13.78082	
RBMX2		13.741257	
ATPAF2		13.736788	
EML3		13.729103	
NPIPP1		13.71613	
MRGBP		13.710152	
TMEM18		13.704247	
ZNF316		13.65565	
GUK1		13.63492	
IMPDH1		13.63024	
ULK1		13.629254	
ACTMAP		13.625294	
CHST12		13.612999	
SNX11		13.602011	
DPP9		13.57373	
ADRM1		13.559933	
TBCB		13.559912	
BAP1		13.551316	
RNF208		13.538706	
SLC37A4		13.522476	
ATF4		13.501132	
TSPAN17		13.4962225	
TMEM138		13.4786415	
RMDN3		13.459439	
ATOX1		13.415528	
RRAS		13.414288	
NUCB1		13.374322	
STRIP1		13.339423	
SNHG11		13.3135805	
SH3GLB2		13.310856	
ALKBH4		13.287862	
FBXL15		13.278858	
ATP6V0B		13.274442	
STAB1		13.239569	
LINC00674		13.223648	
UPF3B		13.220077	
GIT1		13.216167	
INAFM1		13.2105465	
AGPAT1		13.203776	
TIMP1		13.198575	
RAB5B		13.197366	
ENDOV		13.195786	
KDELR1		13.194525	
INHA		13.185998	
SFXN4		13.176557	
ACADVL		13.176298	
PPDPF		13.133501	
ENDOG		13.12887	
PPP1R12C		13.122225	
LMBR1L		13.095962	
THOP1		13.095957	
APBB3		13.084437	
LYPLA2		13.0771055	
CNOT11		13.067268	
C1orf35		13.06258	
POLR2J		13.028197	
ARMC5		13.025446	
IL11RA		13.010671	
MYL9		13.010298	
MT-ND1		13.009136	
CDK16		13.004809	
UBA7		12.983839	
DRG2		12.980561	
EMC9		12.963627	
RAB11B		12.941647	
PIP4P1		12.924719	
HOOK2		12.921615	
FBXW5		12.916168	
SAMD1		12.906029	
LNC-WAL		12.896953	
AP3S2		12.894568	
TMEM198B		12.871643	
SPPL2B		12.870876	
COPRS		12.8633375	
THAP7		12.861641	
SKIC2		12.837822	
RAB11B-AS1		12.829149	
CSK		12.815222	
PTOV1		12.807464	
RPL36		12.756063	
SLC2A8		12.73283	
PEX16		12.7277975	
GGA1		12.713029	
GLE1		12.707627	
FBXO44		12.672599	
NCAPH2		12.6593075	
POLE3		12.656117	
ATF5		12.655628	
MTATP6P1		12.642385	
RTL8C		12.640805	
TCEA2		12.637322	
GPATCH3		12.635119	
NPRL2		12.634348	
TMEM185B		12.588796	
RPS6KB2		12.564951	
GTPBP3		12.558526	
MRPL27		12.555407	
OGG1		12.555096	
CXXC1		12.549624	
SREK1IP1P1		12.547679	
ZNF593		12.538962	
ELP6		12.52873	
MRPS2		12.501666	
ESYT1		12.497305	
PRKACA		12.476272	
CNN1		12.450505	
POLR2H		12.44963	
SAC3D1		12.448033	
FLOT1		12.443266	
FGFRL1		12.421945	
MED24		12.400003	
PPP1R35		12.3937645	
FZR1		12.387112	
PRELID1		12.380837	
NEK8		12.378515	
RNF25		12.378394	
DUS3L		12.374502	
CCDC142		12.360059	
TMEM106A		12.33973	
UCP2		12.33901	
NOTCH3		12.336985	
HYI		12.311429	
CLDN15		12.306201	
NISCH		12.279481	
MED22		12.268681	
SDF2L1		12.256581	
ACBD4		12.253614	
ACAA1		12.248615	
ZNF324		12.246454	
TYMP		12.241981	
STING1		12.221479	
CHID1		12.208304	
A1BG-AS1		12.207228	
FHOD1		12.1965275	
SF1-DT		12.173586	
DOT1L		12.165361	
ZMYND19		12.157003	
RABAC1		12.156112	
PPP4C		12.143385	
LIN7B		12.1431265	
BCL3		12.140379	
TOR2A		12.114307	
PPP1R16A		12.074531	
NAPRT		12.053191	
TAPBP		12.029675	
FAM53C		12.022788	
IFT27		12.019316	
MOSPD3		12.0190735	
TMEM179B		12.016684	
SLC25A1		12.013199	
RITA1		12.000363	
PLPPR2		11.997417	
SF3A2		11.991857	
TAGLN2		11.967984	
LINC02604		11.952885	
IQCC		11.951827	
METTL17		11.950249	
FAAP20		11.947352	
RHBDF1		11.9295025	
PDK2		11.926984	
OSBPL7		11.912858	
RNF187		11.900464	
TIMM22		11.894092	
SDR39U1		11.887438	
APOL2		11.872408	
PTPN23		11.870621	
SIRT5		11.866497	
NCBP2AS2		11.864375	
LRRC47		11.856759	
RHOG		11.843563	
ZFTRAF1		11.819269	
STX10		11.7968855	
STRN4		11.793913	
TBXA2R		11.746982	
SETD1B		11.744191	
DDX39A		11.727517	
CIB1		11.715286	
ZNF672		11.713418	
RPUSD1		11.697179	
TXN2		11.696423	
HSPB1		11.680801	
VASP		11.677659	
SLC35B1		11.675348	
TBRG4		11.6662035	
SORBS3		11.659189	
UCKL1		11.658346	
SRRT		11.624125	
SLC2A4RG		11.609952	
RPS6KA4		11.604922	
ATP5MC2		11.591508	
TXNDC15		11.590663	
CDC37		11.586517	
UCK1		11.583106	
EHD1		11.571764	
AFG3L1P		11.568185	
POMT1		11.560403	
DCXR		11.555314	
STAT6		11.546166	
CHTF18		11.5339365	
CYB5R1		11.533543	
PROSER3		11.524844	
UFD1		11.524086	
PRPF6		11.520542	
HMG20B		11.517327	
ATP6AP1-DT		11.5102415	
TECRP1		11.499372	
HSD3B7		11.489732	
ABT1		11.48181	
KLHL17		11.47675	
TMEM184B		11.471786	
PAQR7		11.4714	
VCPKMT		11.448835	
MARVELD1		11.413662	
SMPD4		11.407835	
YIPF3		11.405529	
MRPS26		11.402839	
TRMT2A		11.397697	
GMPPB		11.378983	
KLHDC8B		11.37769	
ZBTB48		11.371482	
ATP5ME		11.365247	
MBOAT7		11.363157	
MEPCE		11.3542185	
VPS51		11.353653	
KIF19BP		11.348354	
KXD1		11.328591	
FOXRED1		11.314357	
SHISA5		11.310867	
RTCA		11.300381	
SERTAD1		11.291009	
GHDC		11.288281	
MMAB		11.282283	
SLX9		11.279713	
NPEPL1		11.265478	
MBD6		11.251971	
RPS9		11.245625	
PSMC5		11.243513	
LAMB2		11.241802	
PHLDA3		11.2317915	
IMP4		11.220126	
UQCC3		11.21283	
GLMP		11.20988	
TELO2		11.19381	
ARHGEF10L		11.175905	
PTGES		11.171837	
PCYT2		11.170411	
CTTN		11.1703415	
TOX4		11.165047	
TMEM161A		11.1561365	
CBY1		11.1488	
MRPL45		11.143621	
GPX4		11.137512	
RECQL4		11.128241	
PREB		11.117639	
SELENOM		11.105122	
SARS2		11.101058	
DYNLRB1		11.090994	
HR		11.088205	
MAX-AS1		11.07039	
ZFYVE27		11.066455	
PITHD1		11.049789	
PHB1		11.045656	
CDK10		11.030074	
TECPR1		11.026613	
PLCD1		11.011926	
MT-CO2		10.999202	
PSME2P6		10.997121	
TFPT		10.983849	
TMEM54		10.981122	
DAGLB		10.979071	
DRAP1		10.961774	
ZNF787		10.957418	
RNF123		10.956966	
CACFD1		10.956287	
CCDC106		10.950764	
DGCR6L		10.949	
B4GALT2		10.937038	
CHPF		10.932595	
UBXN6		10.931649	
TBCC		10.930759	
UBC		10.928529	
ELAC2		10.923855	
ACP2		10.922233	
MAP3K6		10.91164	
TBC1D13		10.910583	
DELE1		10.9028015	
CD2BP2		10.899426	
FAM32A		10.880489	
JMJD8		10.876879	
SMIM29		10.866878	
LUC7L2		10.863974	
CAPN1		10.861023	
APOL1		10.848904	
DUS1L		10.846374	
EEF1D		10.84143	
MAF1		10.837422	
SYNGR2		10.82349	
LYL1		10.819976	
TYK2		10.819849	
LMF2		10.819391	
DGAT1		10.805306	
NRM		10.802475	
RPL27A		10.802317	
ADAP1		10.796251	
TRAPPC2L		10.795258	
PCSK4		10.789304	
PFKL		10.778567	
SEMA3F-AS1		10.77375	
ELOB		10.767321	
RASSF7		10.763273	
CD151		10.760677	
TARBP2		10.756305	
SIN3B		10.75286	
OXLD1		10.729932	
NCDN		10.716677	
CNKSR1		10.712221	
C2CD2L		10.693592	
CYBC1		10.671158	
R3HDM4		10.666886	
MED16		10.64899	
LMAN2		10.648901	
CIC		10.647016	
TBCE		10.641187	
DVL1		10.631934	
PIGH		10.6288	
MAPK8IP3		10.62467	
SEC11A		10.621241	
MRPL4		10.619755	
AKIP1		10.609752	
FSTL3		10.608582	
PKM		10.603218	
MLST8		10.596749	
SLC39A13		10.595252	
DENND6B		10.589014	
RPUSD2		10.586873	
LRRC14		10.584537	
SSU72		10.5809145	
STAT2		10.56625	
CLCN7		10.565761	
HDHD2		10.564967	
AP4M1		10.558656	
ABHD17A		10.549724	
IFRD2		10.548976	
HDGFL2		10.544136	
MIR1244-2		10.539073	
SLC26A11		10.527675	
GCN1		10.519633	
NME3		10.505467	
VPS4A		10.49311	
MICAL1		10.465815	
PKP3		10.465071	
MTG1		10.460273	
PSME2		10.454961	
RSAD1		10.445907	
COMMD4		10.442584	
PDZD11		10.441333	
TRAPPC6A		10.438597	
SH3GL1		10.428875	
TMEM143		10.414153	
DDAH2		10.3987055	
LMNTD2-AS1		10.376753	
GPC1		10.363837	
PRKD2		10.36308	
FOXK1		10.351554	
TIMM44		10.341831	
NDUFAF1		10.328813	
DDIT3		10.30548	
PIDD1		10.288908	
GPSM1		10.288458	
COPZ1		10.269665	
DHDDS-AS1		10.267092	
TMEM248		10.266334	
PSMD8		10.26584	
TAGLN		10.258028	
PPOX		10.257779	
WDR6		10.247054	
PPP2R5B		10.244278	
PIH1D1		10.221181	
ACVRL1		10.217963	
UBA1		10.21714	
HPS1		10.202595	
GDPD3		10.202041	
RHBDF2		10.1933975	
CAPN15		10.192268	
RPN1		10.191544	
TUBB4B		10.179427	
SRF		10.169616	
PNISR		10.161586	
SERTAD3		10.159393	
STX4		10.139203	
POMGNT1		10.123218	
JAG2		10.12203	
CDC34		10.120184	
RAB24		10.118588	
SPEG		10.113882	
CIRBP		10.102833	
NDRG3		10.102724	
EIF5P1		10.097649	
RNF126		10.091656	
ZBTB9		10.079854	
ORAI1		10.077462	
ZDHHC8		10.069539	
ASB6		10.06919	
MYDGF		10.067423	
POLR2L		10.062767	
DNPEP		10.055209	
CLEC11A		10.052169	
RHOC		10.031672	
SLC27A3		10.013808	
CASP2		10.005503	
CTSZ		10.005274	
U2AF2		9.995218	
EIF4H		9.993402	
RPL18		9.986795	
VAMP8		9.983906	
SPSB2		9.973672	
POLR2E		9.970457	
LINC02977		9.967013	
EMC10		9.963608	
SHARPIN		9.963521	
RBCK1		9.962911	
AMN1-AS1		9.961401	
STK35		9.952419	
TMEM120A		9.949012	
CORO1B		9.946527	
MKNK2		9.942771	
DDX55		9.941109	
CLUH		9.940904	
SCAMP3		9.938709	
ATP6V0E2		9.937248	
CCDC85B		9.935417	
TMEM134		9.927908	
SPAG7		9.909732	
PLXNA3		9.891818	
SELENOW		9.879929	
PLEKHN1		9.87465	
SLC39A4		9.873365	
TMEM104		9.871918	
PKD1P6		9.870107	
TSC22D4		9.87006	
SPRYD4		9.857558	
MKS1		9.852602	
TANGO2		9.851253	
RPL28P5		9.851147	
CLDN14		9.841762	
SLC25A22		9.837461	
NUPR1		9.8299675	
RIC8A		9.822744	
ZNF263		9.820582	
DHRS13		9.820409	
KIF1C		9.809309	
RPL17P18		9.805154	
ZNF428		9.803558	
RETREG2		9.790734	
SCN1B		9.781925	
NT5DC2		9.770834	
MTND4P12		9.76061	
SUN1		9.755232	
HEIH		9.753672	
PDHA1		9.748601	
NBEAL2		9.746296	
SUGP2		9.741892	
DAZAP1		9.734685	
PYGO2		9.734267	
PDPK1		9.729425	
ELL		9.728504	
MPND		9.719935	
EPHB4		9.718801	
FIBP		9.714349	
AGO4		9.711637	
ETFB		9.710805	
FAHD1		9.696726	
PEBP1		9.689103	
SAMD10		9.683781	
ZNF524		9.681611	
CHRM2		9.67889	
UBA52		9.677976	
SLC50A1		9.674589	
GATD1		9.673122	
PXN		9.665938	
OTUB1		9.662955	
ISYNA1		9.661988	
HSD17B1-AS1		9.661243	
ZNF212		9.654622	
DOK4		9.653922	
CHMP2A		9.651174	
SUMF2		9.647464	
ATP6AP1		9.645526	
EML2		9.63015	
IDUA		9.62192	
SPHK1		9.618472	
IER2		9.610867	
TRMT1		9.606653	
ZBTB22		9.606578	
CHAF1A		9.59845	
SNRPB		9.597876	
S100A16		9.597041	
TMEM43		9.59105	
PELI3		9.585096	
ISLR		9.581184	
S100A13		9.573753	
TOB2P1		9.565034	
APEH		9.563516	
PPP1R7		9.559439	
GPAA1		9.5382395	
ARHGEF35		9.534336	
NUDT22		9.530194	
CPNE1		9.5271635	
ATOSB		9.523463	
SZRD1		9.517534	
CENPA		9.517156	
ACTN4		9.50948	
RPS15		9.508578	
SOX12		9.504526	
WFDC1		9.4992895	
IRF7		9.493242	
USP19		9.4901905	
KAT5		9.486087	
ALDH1B1		9.484562	
NDUFB10		9.4814415	
PLBD2		9.477957	
CEP131		9.475594	
MIR23AHG		9.475153	
GYS1		9.467841	
QTRT1		9.444179	
SRRM5		9.433853	
TRIOBP		9.432269	
C10orf95-AS1		9.423353	
DEAF1		9.415648	
ZFYVE21		9.410284	
CALM3		9.409631	
SPRED3		9.402486	
SLC20A1		9.390466	
RPL35		9.387936	
MYBBP1A		9.382849	
AIP		9.380162	
PLXNA1		9.378049	
PTDSS2		9.369319	
D2HGDH		9.368055	
DTX2		9.355848	
ESRRA		9.347505	
HEXB		9.339048	
STX5-DT		9.337791	
DDB1		9.336135	
TRABD		9.316512	
BAG6		9.313225	
PIAS4		9.303002	
DALRD3		9.298275	
HSDL1		9.296218	
TPD52L2		9.294236	
SNHG17		9.291356	
SMTN		9.2670965	
G6PD		9.261028	
KLHL26		9.259785	
SWI5		9.259567	
NT5C		9.257664	
TOR3A		9.252803	
PDLIM7		9.249523	
TSC2		9.249372	
OBSL1		9.248484	
SEMA6C		9.247567	
LRFN1		9.247038	
RELA		9.244388	
USP11		9.242008	
SLC17A9		9.24102	
LINC00486		9.235092	
COMTD1		9.232911	
SRSF2		9.228159	
RPLP0P2		9.206688	
PER1		9.205178	
ATG4D		9.204958	
TIMM17B		9.196657	
DECR2		9.194395	
CDPF1		9.193798	
BET1L		9.187532	
DNAAF10		9.1761	
PCSK7		9.174179	
G6PC3		9.166061	
SLC25A10		9.147736	
SHKBP1		9.142434	
SMPD4BP		9.138623	
JAGN1		9.136743	
KCTD2		9.136269	
REC8		9.13312	
PNPLA6		9.102791	
C19orf12		9.101591	
PSAP		9.084781	
ADAM15		9.077168	
RPL35P5		9.074373	
PFKFB4		9.073704	
PPM1F		9.071014	
IL4R		9.059806	
FKBP1C		9.056623	
PUSL1		9.056206	
ZFPL1		9.052531	
PFN1		9.049243	
IFI35		9.048238	
DYNLL2		9.0366535	
SLC15A3		9.034431	
IFITM3		9.029202	
GFER		9.028879	
SURF2		9.021814	
AURKAIP1		9.01819	
PRSS8		9.017445	
NRSN2		9.009699	
RAD51-AS1		9.009223	
RPS15P4		9.009014	
OTUD5		9.008778	
RPAIN		9.004187	
CAVIN3		8.997596	
C1orf122		8.989429	
TEDC1		8.986262	
KDM5C		8.982482	
SYVN1		8.97265	
MFSD10		8.970633	
LDB3		8.970241	
AGTRAP		8.96468	
CEP170B		8.961748	
TNK1		8.960994	
GASAL1		8.960351	
ERP29		8.959902	
ACADS		8.95431	
PATZ1		8.950087	
RXRA		8.947196	
DXO		8.945811	
PCIF1		8.932822	
HARBI1		8.931605	
PEA15		8.928885	
B4GAT1		8.925776	
TRIM65		8.920304	
IDH3B		8.916745	
EXOSC6		8.913135	
CORO6		8.906564	
CASTOR2		8.9036455	
ZFAND2A		8.899754	
FAM219B		8.898869	
SNAPC2		8.898706	
DMPK		8.888571	
ATG16L2		8.878288	
PNLIPRP3		8.877826	
MGAT4B		8.874634	
SLC16A3		8.86433	
NOP53		8.847467	
SNX17		8.841107	
MIGA2		8.838734	
TMEM9B		8.829574	
DDX41		8.829298	
SIX5		8.82889	
NDUFB11		8.828035	
B4GALT7		8.817643	
CRIP2		8.810534	
PIP5KL1		8.801391	
VAMP5		8.796662	
BCS1L		8.77919	
MPDU1		8.77385	
ZC3H12A		8.772095	
NDUFV1		8.761114	
GET3		8.760362	
WFDC3		8.759478	
TRIM41		8.758372	
HMBS		8.757935	
PRICKLE3		8.75602	
TYROBP		8.746657	
DLX3		8.745914	
NAPEPLD		8.742886	
SNRNP200		8.730629	
GRN		8.728997	
TIGD1		8.728817	
RUNDC1		8.726173	
ICAM3		8.72519	
EFEMP2		8.723974	
LINC02481		8.699871	
AP1M2		8.699817	
ROM1		8.699471	
TRIM11		8.696761	
ZNF213		8.696239	
BAK1		8.694027	
JMJD4		8.683171	
PHPT1		8.680242	
KCTD17		8.666854	
TBRG1		8.660886	
RIOX1		8.656326	
PLEKHJ1		8.654583	
FDXR		8.652257	
ZNF565		8.65048	
FLNA		8.650276	
TMSB4X		8.646465	
PRMT5		8.641354	
SLC49A3		8.640534	
PRPF19		8.6379	
GSDMD		8.635207	
SYDE1		8.634753	
NR2F6		8.631132	
DGKQ		8.629754	
H6PD		8.628875	
MT-CYB		8.627343	
MCRIP2		8.62414	
UBL5		8.618109	
IGSF9		8.6166	
CYB561		8.596204	
LPAR2		8.58985	
CRACR2B		8.589834	
MOGS		8.589516	
PLP2		8.588637	
LIMS2		8.588245	
CTDSP1		8.586199	
RPL8		8.58225	
THYN1		8.580266	
SLC25A35		8.579839	
ZNRD2		8.579359	
CAMSAP3		8.576469	
SMPD1		8.57464	
ARVCF		8.568776	
LY6E		8.567888	
AK1		8.567135	
CRELD2		8.566463	
ADAM8		8.55821	
CDK2AP2		8.543678	
NELFA		8.541245	
MAVS		8.5368185	
S100A11		8.531091	
CREB3		8.530283	
RBM25		8.526097	
RRP1		8.523356	
PCBP4		8.517396	
FBXL12		8.5170355	
NDUFA3		8.509719	
PEX10		8.500813	
RAC1		8.498385	
SYNGR1		8.490641	
AGBL5		8.490155	
ADGRL1		8.476855	
PEX6		8.465119	
FRMD8		8.46294	
SYNE4		8.4597025	
H1-0		8.446926	
BORCS6		8.4452505	
LDLRAP1		8.443218	
VPS25		8.442783	
PPP2R5D		8.434004	
MTFMT		8.4330015	
WBP1L		8.429606	
EIF1AD		8.429538	
SLC25A19		8.415704	
PPP6R1		8.414172	
PRMT1		8.411461	
WBP2		8.408052	
MATCAP1		8.40689	
VWA1		8.406509	
GMEB2		8.40484	
SLC29A1		8.39425	
MEN1		8.392427	
RHOA		8.39234	
SIVA1		8.390605	
NABP2		8.390154	
CDC25B		8.389906	
AP2M1		8.381596	
LAMTOR5		8.376615	
MAN2A2		8.37148	
POLDIP3		8.370342	
PIN1		8.359646	
DEDD2		8.358934	
PCOLCE		8.358599	
CENPBD1P		8.358003	
C8orf58		8.355497	
RHPN1		8.352819	
EIF3K		8.334418	
CAMKK2		8.33001	
MLLT1		8.329737	
TOP1MT		8.329005	
YIF1A		8.328242	
KRT18		8.3254595	
HOXD9		8.325314	
ALG3		8.316745	
LIG1		8.304352	
GAA		8.302484	
ARSA		8.298376	
SERPINE1		8.297066	
HDAC7		8.290685	
TUBBP1		8.289548	
AP5S1		8.286439	
MT-ATP6		8.282336	
KRBA1		8.282135	
DHRS1		8.282127	
FBXW9		8.276793	
GSS		8.275795	
MFSD11		8.267302	
LRR1		8.262873	
PTBP1		8.257933	
FLYWCH1		8.254809	
GTF2IP14		8.248801	
ARHGAP27P1-BPTFP1-KPNA2P3		8.245878	
FAM3A		8.24276	
WDR90		8.242052	
VPS52		8.241843	
NDUFS2		8.241819	
PRKCD		8.238378	
PGGHG		8.233356	
NINJ1		8.221512	
ESRP2		8.216719	
CD63		8.213229	
PPP6C		8.207528	
PLK3		8.197429	
AAMP		8.1905155	
KRTCAP2P1		8.190017	
NAT9		8.18409	
NOSIP		8.183235	
ZBTB42		8.175552	
CLASRP		8.169737	
ABCC2		8.165947	
CTU2		8.156962	
BRI3		8.151449	
AIMP2		8.148072	
HSD11B2		8.147976	
TRAPPC4		8.142218	
RNF167		8.134829	
H1-10		8.127712	
GPR20		8.127192	
SERHL		8.121515	
YKT6		8.121491	
TPSAB1		8.119932	
PLXNB2		8.117126	
CRY2		8.110045	
EXOC3L4		8.10742	
DDOST		8.107147	
ATG2A		8.102459	
UBOX5		8.100475	
MT-ND3		8.091737	
NUPR2P1		8.091604	
RGL2		8.085452	
IFFO1		8.083393	
HNRNPL		8.083014	
CBLN3		8.080051	
HINFP		8.079534	
NDUFB1		8.069033	
CHPF2		8.068037	
TGFB1I1		8.05981	
TMEM8B		8.041937	
GPT		8.037254	
BRPF1		8.033871	
TFIP11		8.031747	
NDUFS3		8.025413	
ABHD11		8.020562	
ZNF865		8.018183	
HDAC6		8.015053	
TMEM222		8.010838	
THBS3		8.0077	
SLC38A7		8.007064	
POLR3GL		8.00523	
PPIF		8.00166	
CNPPD1		8.000158	
MANBAL		7.991783	
DHRS11		7.982629	
NHEJ1		7.981064	
JUND		7.98032	
TM7SF2		7.9749613	
ZNF512B		7.97414	
NR2C2AP		7.970079	
ZNF688		7.9617057	
TUSC2		7.9609537	
NENF		7.9599047	
ENO3		7.958351	
LINC00963		7.954139	
PHF19		7.9536266	
FEM1A		7.951785	
SUSD2		7.95005	
NEU1		7.949684	
P2RX1		7.9474344	
UROD		7.945105	
PANK4		7.9445224	
ENKD1		7.942083	
YIPF1		7.9395075	
VESTAR		7.9273944	
ARID5A		7.926426	
ATXN7L3		7.9223437	
PSPN		7.919298	
PGAM5		7.917854	
YIF1B		7.910127	
RNPS1		7.9024134	
ZNF862		7.900836	
LRRC75B		7.900275	
KAT2A		7.893929	
PRX		7.8833375	
ZNF771		7.881328	
METRNL		7.872898	
SLC30A5		7.872108	
BGN		7.866392	
GLTP		7.865432	
ERAL1		7.862995	
MRPL41		7.862679	
SLC66A1		7.861005	
POLR2D		7.855813	
DUSP3		7.854664	
SMARCD2		7.851316	
SNHG7		7.8498993	
MAN2C1		7.846643	
PHETA1		7.8417206	
SF1		7.841172	
MTND1P23		7.8404875	
TMEM115		7.835117	
PIGT		7.8330255	
OGFOD3		7.8323336	
POLE		7.828948	
TRIB2		7.8267603	
GFUS		7.8224783	
TMED1		7.8210487	
ADA		7.820187	
IFI27L2		7.8193936	
HIF1AN		7.816063	
CCDC97		7.815733	
FBXO2		7.80235	
TMEM86A		7.795433	
CDC23		7.793614	
PTH1R		7.789855	
CUL7		7.7885337	
UBALD1		7.7884173	
MLXIP		7.7854624	
COL7A1		7.7809525	
KCTD10		7.772921	
GRWD1		7.7664146	
PTK6		7.7614684	
FBXL8		7.754503	
ZDHHC16		7.7544913	
ANKRD9		7.7418027	
ABHD15		7.740554	
RPL13AP20		7.7378073	
HNRNPA3P5		7.7374616	
CFAP119		7.735757	
SUOX		7.7262197	
ARAP1		7.720475	
RTL8A		7.7196927	
GPR107		7.7142525	
TTYH3		7.7133465	
FAM174C		7.7074876	
IER5L		7.698248	
SNHG1		7.692857	
COX16		7.689852	
POLD2		7.689342	
TMEM250		7.688146	
PTP4A3		7.687334	
MICALL2		7.6864524	
ZDHHC24		7.680367	
CASKIN2		7.678296	
C1orf216		7.677539	
LAMP1		7.6672144	
RABEPK		7.654141	
DUSP15		7.648842	
BID		7.646198	
C2orf68		7.6456437	
CSPG4		7.64306	
NSMF		7.6419516	
ZNF75A		7.6415577	
AEN		7.6373596	
CCDC25		7.629145	
GPX1		7.6262245	
YIPF2		7.626159	
LINGO1		7.6219754	
CLIC1		7.6213145	
SP2		7.6204724	
MRPL43		7.6197414	
GON7		7.6194315	
SPRYD3		7.617099	
LINC00629		7.6082764	
IL1RN		7.607535	
RP9		7.604483	
AMPD2		7.6006947	
ZNF446		7.596578	
ZSWIM8		7.5944967	
GRB7		7.572254	
IMPDH2		7.56928	
GNAZ		7.559526	
ZNF710		7.553419	
PACSIN3		7.5530972	
USE1		7.5520515	
MSTO1		7.55044	
DUSP23		7.5468125	
RPL3P4		7.5415297	
TNFRSF18		7.5360923	
RBM10		7.535267	
SDC4		7.5351377	
PPRC1		7.5305533	
DNAJB1		7.5261188	
SF3B5		7.521435	
TMC6		7.5140176	
PIM3		7.5115323	
SUMO3		7.5074778	
GLT8D1		7.5070033	
MUS81		7.502986	
PRR7-AS1		7.502083	
GRINA		7.5011964	
BTBD19		7.501031	
MMP25-AS1		7.4948587	
ZNF513		7.4851604	
TMEM129		7.478402	
NME4		7.477388	
C19orf53		7.4744544	
LAMTOR2		7.471406	
LSM10		7.4712505	
CRLF1		7.4684734	
MLF2		7.4673777	
RXRB		7.4623494	
C3		7.46147	
TOMM22		7.460646	
ASH1L-AS1		7.457022	
MIR142HG		7.451112	
PSME3		7.449774	
NDUFAF8		7.4429526	
C14orf119		7.440954	
ZNF283		7.43962	
VPS37C		7.43885	
CPSF4		7.4372644	
AEBP1		7.4332786	
EPN1		7.4319553	
SCYL1		7.4287195	
ATAD3B		7.42785	
TEP1		7.426369	
RPL10P16		7.423937	
BCAP31		7.4210825	
PSMC6		7.4197536	
TNFRSF14		7.41782	
PGAM1P5		7.416804	
TRIM26		7.4119883	
COX6B1		7.4100647	
ECE1		7.4054513	
PCGF2		7.4042096	
LARP1		7.3927736	
RPL29		7.389007	
HSF1		7.389005	
TOMM40		7.3836	
TADA3		7.3820214	
GID4		7.3795314	
RPS19P1		7.3783813	
MST1		7.371087	
NAGPA		7.3660674	
DENND4B		7.3659306	
ZNF554		7.3602686	
PRDX1		7.3594418	
MGAT1		7.355643	
WASHC1		7.3528047	
DYNC2I2		7.3453693	
MRPL28		7.342665	
KRT8		7.338992	
RAC1P2		7.3358264	
RBM3		7.3332443	
ANXA2		7.3310423	
GID8		7.3290453	
ZNF321P		7.3250284	
GLB1L		7.319748	
ZCCHC3		7.3169775	
GADD45GIP1		7.3147345	
GAS5		7.3129177	
ZDHHC4		7.311585	
SRP72		7.3079247	
PSME2P1		7.3054	
PRPF31		7.300756	
BTBD6		7.3002205	
ZBTB8A		7.2968135	
NUTF2		7.2953033	
MRPS18B		7.2928996	
RNF34		7.2921076	
SLU7		7.290147	
FKBP10		7.286638	
DDX46		7.285455	
PRR14		7.2814817	
BRMS1		7.2802386	
RFXANK		7.2796936	
BCKDK		7.2792273	
GRHPR		7.2771883	
DVL3		7.2672443	
MPG		7.263889	
PTGES2		7.260244	
TBC1D10C		7.2586646	
RABL2B		7.257197	
GSTM4		7.2563114	
SHFL		7.253784	
DPAGT1		7.2505937	
ZC3H3		7.2467847	
OXA1L		7.2459188	
LIMK1		7.2426157	
STAG3L4		7.242055	
GAK		7.234754	
GOLGA6L9		7.2342033	
NICOL1		7.2329245	
ANTKMT		7.2290173	
MFSD12-AS1		7.2168927	
TSR3		7.214043	
NSUN5		7.2135444	
IGSF8		7.2131176	
FLYWCH2		7.212849	
SCRN2		7.211634	
TOLLIP		7.210006	
SEPTIN8		7.2061286	
C1QTNF1		7.200963	
ATP6V0E2-AS1		7.200788	
STEEP1		7.197778	
WFDC2		7.1950927	
NDRG4		7.191942	
CISD3		7.1863422	
MIEN1		7.180756	
P2RY2		7.176554	
ANAPC16		7.1731167	
HAGHL		7.1731024	
IL20		7.172499	
DDX49		7.1724167	
ZNF671		7.1670027	
MT-CO3		7.1664805	
DHCR24		7.1635675	
ALDH4A1		7.160176	
VPS16		7.158337	
NAT14		7.1552877	
SIRT1		7.155074	
ZMYM3		7.154496	
LINC02381		7.154449	
ECM1		7.1522446	
MYL6		7.146027	
SLC52A2		7.14253	
SAP30L		7.13872	
CENPX		7.136154	
MZT2B		7.1360173	
WIZ		7.128006	
NLRX1		7.12577	
CCL19		7.1253633	
GDE1		7.1252646	
SLC10A3		7.122376	
AP3D1		7.116636	
BMS1P1		7.111172	
SPHK2		7.1080394	
LDOC1		7.1078725	
LTB4R		7.094217	
WDR54		7.093383	
SLIRP-OT1		7.0896034	
RNH1		7.0853767	
SNHG12		7.078103	
TFE3		7.0768332	
TST		7.0766034	
SSR2		7.076532	
KCTD11		7.076123	
ANKHD1-EIF4EBP3		7.0742955	
ZNF76		7.07005	
GRIPAP1		7.0670257	
GSTZ1		7.0633407	
DDA1		7.0538616	
SLC4A11		7.051141	
TRPT1		7.049524	
MTCH1		7.0463495	
LGALS1		7.046232	
ALKBH7		7.044265	
IGFBP4		7.042701	
SAT2		7.040119	
NUDT17		7.032051	
LSM2		7.030757	
AP1S1		7.0291324	
RPLP0		7.022982	
PIP4K2C		7.02287	
TRIP6		7.0219326	
TRAF4		7.0165677	
VTI1B		7.0159054	
TRAPPC3		7.0157037	
NME2P1		7.012503	
ANAPC7		7.0097184	
TAF6L		7.003875	
PIGW		7.000912	
POFUT2		6.997908	
HAUS5		6.996143	
RPS14		6.992225	
VPS29		6.9862223	
RGS19		6.985725	
SLC6A9		6.9841704	
GNAI2		6.98401	
RPL12P47		6.9828215	
POLR2G		6.9823384	
FGFR3		6.98087	
INTS15		6.9754095	
SPSB3		6.9732075	
FAM89B		6.9698796	
BCL2L12		6.9662647	
ERN1		6.9633446	
SPATA2L		6.9617534	
ZDHHC12		6.9541473	
GTF2H2B		6.950242	
LILRA6		6.949537	
SERPINH1		6.947988	
MSMB		6.94722	
ANKZF1		6.9463124	
ACKR3		6.9442754	
TSPAN4		6.9397883	
ZFTA		6.9359827	
RPL13AP25		6.9351077	
NOL3		6.927938	
NDUFA5		6.9232607	
ABHD8		6.9183173	
TOM1		6.9176307	
SSBP3		6.916843	
S100PBP		6.916694	
PLCH2		6.9126134	
SH3BGRL3		6.912165	
CHEK2		6.909188	
USP42		6.904481	
PTCD1		6.9031863	
TUBA1C		6.893786	
DNASE2		6.893292	
OOEP		6.8932886	
ATN1		6.890682	
SMYD5		6.875472	
USP20		6.869803	
MSRB1		6.8680325	
ANKHD1-DT		6.8652487	
MIIP		6.863397	
BCHE		6.8537936	
WDR89		6.851952	
SCO1		6.8433657	
GNA11		6.8292403	
PLEKHG3		6.8271985	
CKAP4		6.8226075	
FAHD2CP		6.8119497	
MMP19		6.809485	
CPTP		6.8058515	
CDC42EP4		6.804911	
PRAF2		6.8044043	
EEF2		6.8033223	
ARL8A		6.8021045	
TPM2		6.8000913	
UPF3AP2		6.7974687	
EIF3J-DT		6.7930846	
RABGEF1		6.789407	
DMAP1		6.783201	
EPM2AIP1		6.781343	
MED18		6.7810054	
CNBP		6.7767525	
STK11IP		6.7751765	
PSMB7		6.775058	
TEF		6.7698708	
SCUBE3-AS1		6.769555	
MRPS12		6.7679844	
KMT2B		6.765413	
AKT2		6.7650876	
MIR320D1		6.7600346	
CBX4		6.7592344	
MSRB2		6.759174	
MAPK12		6.755896	
RAB5A		6.755861	
MRPL44		6.7552166	
CCNL2		6.741369	
TCIRG1		6.7394485	
GADD45B		6.7379494	
RNF135		6.7368617	
CST3		6.7279167	
GAS6-AS1		6.7256284	
MXRA7		6.7150216	
SAPCD2		6.7146873	
HNRNPD-DT		6.7131467	
UQCR10		6.704449	
EAF1		6.7014437	
STX1B		6.699776	
TNFRSF10A-DT		6.69751	
PGAP2		6.694153	
SYTL1		6.690535	
HELZ2		6.6839514	
CHURC1-FNTB		6.6827083	
MKNK1		6.6826406	
TIGD5		6.6803274	
TSPAN10		6.6784716	
TMEM198		6.677903	
FUCA2		6.667149	
ZNF304		6.6639576	
PPT1		6.663218	
DLG4		6.6516075	
PNKP		6.6506753	
NBL1		6.649308	
FAM86DP		6.643905	
RPS24		6.639504	
BRD3		6.637092	
ECSIT		6.6286087	
B3GALT6		6.627593	
URM1		6.626881	
CCNQ		6.619551	
EHMT2		6.6147714	
MTFR1L		6.613022	
DTX2P1-UPK3BP1-PMS2P11		6.6101465	
ZC3HC1		6.608872	
FLOT2		6.606761	
TP53		6.604364	
GFOD3P		6.603914	
HPCAL1		6.6019936	
SNTA1		6.599831	
ATP5MC1		6.5972066	
ILVBL		6.5920925	
NECAB3		6.5900507	
SEMA4C		6.5894313	
NTAN1		6.5772424	
SLC25A23		6.5732713	
ZNF598		6.5699267	
BANF1		6.567695	
SCRIB		6.5627093	
DESI1		6.558257	
TUFM		6.5558724	
YIPF6		6.549254	
RALGDS		6.5489583	
POLR2C		6.545323	
GATAD2A		6.542272	
TMC4		6.5381293	
NUBP2		6.537284	
NFKB2		6.52785	
ATAD3A		6.527673	
TMEM186		6.5261507	
POP7		6.520634	
ARHGAP1		6.520532	
RPSAP73		6.5180373	
TNFAIP8L1		6.517625	
COA3		6.5159335	
HEXD		6.5157385	
ZNF823		6.5141296	
PLA1A		6.5134764	
GBA2		6.513065	
WDR81		6.5101166	
SDC1		6.5086927	
PWP1		6.504412	
LTO1		6.5043874	
ARPC1B		6.5034842	
MRNIP		6.503078	
TMSB10		6.494957	
TSSK6		6.4946494	
MIR34AHG		6.489037	
PSMD11		6.487384	
ATG101		6.481287	
SRRM2		6.4739604	
ABHD12		6.471622	
NMRAL1		6.4686985	
PHYKPL		6.464972	
SLC43A1		6.4614754	
SNX33		6.4606304	
IL17RA		6.457053	
SNX12		6.4561543	
ZNF879		6.4528584	
CEP164		6.4494224	
CWF19L2		6.446844	
SLC25A25		6.4440207	
KEAP1		6.437833	
PHF13		6.437312	
PI4K2A		6.4351363	
PSMD3		6.4346886	
MRPL24		6.431594	
CNNM4		6.430033	
POLR1F		6.429712	
ZNF7		6.4197865	
CAPN10-DT		6.418522	
NHERF1		6.4171257	
EIF3B		6.41211	
HCFC1		6.4084787	
CUTA		6.4070277	
PYCR3		6.4058437	
CABLES2		6.402879	
GADD45G		6.3946285	
RHOV		6.3881416	
PMM1		6.3862324	
NRIP2		6.3777637	
TMEM125		6.368401	
CTXN1		6.36248	
STK40		6.361475	
AKAP3		6.3610206	
VAMP1-AS1		6.358284	
PLCD3		6.357502	
ABCA2		6.3570995	
NTN5		6.3550363	
KLF6		6.352934	
NOC2L		6.350575	
TRIAP1		6.3468223	
NLGN2		6.345591	
ANO7L1		6.342867	
CCR4		6.3416023	
RAB34		6.341483	
STK16		6.3406453	
ILF3-DT		6.3376045	
MRPS15		6.3358502	
FAM83G		6.334682	
HLX		6.3281064	
PDE4A		6.3171935	
TSPOAP1		6.315003	
ZNF414		6.3146524	
IDH3G		6.3097067	
UNC93B1		6.306016	
PPP1R14A		6.3041224	
SNF8		6.2980876	
DNAJC4		6.2972574	
CCNDBP1		6.296783	
HMGCL		6.2890406	
MIDN		6.287033	
TMEM167B-DT		6.2840962	
UCP3		6.27596	
GCC1		6.2723155	
ARPC3		6.265283	
TRMT61A		6.261939	
TDRKH-AS1		6.2610555	
CCDC12		6.260153	
ARL4D		6.2583566	
IGFBP2		6.2582374	
POLR2I		6.2576613	
EXOC3L2		6.256947	
PLXNB1		6.2562246	
FUT11		6.250278	
GPANK1		6.24914	
AVPI1		6.246657	
ORMDL2		6.2455344	
SNAI3-AS1		6.24081	
TMEM268		6.2336445	
USP27X		6.233611	
ACTA2		6.230328	
MAMDC4		6.2290006	
TBC1D3P1-DHX40P1		6.2279553	
SPACA9		6.222133	
MAPK11		6.2204347	
GPC2		6.2166905	
TRIM28		6.216069	
KPTN		6.2155943	
ZMPSTE24		6.2142034	
MYL12B		6.212539	
MFSD3		6.211464	
WIPF2		6.2108436	
ZNF74		6.210591	
NPC2		6.2082953	
ADPRS		6.204056	
TSN		6.1997323	
CRTC2		6.1994824	
DDB2		6.198186	
UNG		6.1971917	
IGBP1		6.196918	
PIK3R3		6.196629	
PPP1R26-AS1		6.1952024	
ANKRD52		6.191697	
LASP1		6.190995	
ZSCAN2-AS1		6.1804013	
ENTPD2		6.1719117	
STAC3		6.168373	
BCL6B		6.167877	
RPL8P1		6.1647534	
ROMO1		6.1637893	
CBX6		6.1603627	
ATP1B3		6.1546416	
MZT2A		6.15403	
CAPS		6.1504607	
FAM182B		6.148594	
RASIP1		6.1469507	
ZBTB17		6.1360607	
FOXO6		6.1326637	
SGSM2		6.126727	
DHODH		6.125462	
PRKAB1		6.1214366	
SLC38A10		6.1082354	
MESP1		6.100623	
ALAD		6.1004167	
IL11		6.094622	
MELTF		6.0918384	
USP36		6.0888968	
KLF16		6.0810885	
ARID3A		6.080359	
TRIM47		6.0787835	
SMARCA4		6.0734267	
ADAMTS13		6.0727444	
ADISSP		6.0697865	
RAB11FIP4		6.065235	
SAR1B		6.064998	
METTL23		6.062965	
RNF44		6.062591	
RFC5		6.0620503	
RPL17P7		6.0518904	
POLR3E		6.051777	
CLSTN3		6.051183	
ZNF575		6.048414	
ZNF341		6.044503	
ADCY3		6.041032	
NDUFS7		6.039863	
CSNK1G2		6.0376606	
EXOSC4		6.0323405	
ANKRD37		6.0292444	
PHF20		6.0291305	
PDLIM4		6.0284343	
OPLAH		6.020679	
CREBZF		6.01859	
RHOB		6.0131707	
MIR210HG		6.012522	
WDR24		6.000599	
RPS5		5.996044	
TPRN		5.995131	
MTA2		5.9935565	
FKBPL		5.992644	
SDHAF1		5.9924903	
ZNF611		5.9913034	
FHL3		5.9903507	
TUBB		5.987182	
SEMA3F		5.985317	
CDR2L		5.982544	
PSMD4		5.9760776	
RPL35P10		5.9696627	
C3orf62		5.9622884	
ST3GAL4		5.9575386	
TMEM223		5.95613	
RPS18P9		5.953636	
ZBTB45		5.952749	
KDM2B-DT		5.9521832	
TNFAIP1		5.9489903	
ST6GALNAC4		5.948207	
ZNF433		5.9440675	
NOMO1		5.9438243	
DEXI		5.9438133	
PFAS		5.942109	
SSNA1		5.9360766	
ATP13A1		5.931497	
C1orf174		5.927558	
CELSR3		5.9176254	
PCDH12		5.915303	
TMEM41A		5.90618	
MRPL34		5.9055524	
PCBD1		5.8997707	
TFAP2A-AS1		5.8968735	
MFSD12		5.894487	
PA2G4		5.892291	
EIF5A		5.8900247	
LCMT1		5.889429	
EPHB3		5.8894	
ARFIP2		5.8883185	
TINAGL1		5.885438	
HCCS		5.885245	
TMEM147-AS1		5.8812547	
SLC25A20		5.8799167	
CZIB		5.8762145	
ZNF44		5.876186	
ACSS2		5.874536	
NAXE		5.8708363	
SNX21		5.8620486	
TOR4A		5.8618393	
ZNF839		5.8611693	
LTBR		5.8593187	
FAM110A		5.8587976	
EPS8L1		5.8584366	
SNHG9		5.857383	
DNAJB5		5.851194	
PIGG		5.843462	
KDM2B		5.843045	
CYP2C23P		5.842977	
RNF40		5.8410892	
MTCO2P12		5.838503	
CCNF		5.835699	
CHMP3		5.8297567	
RPL8P4		5.82727	
THOC3		5.814339	
DCTN3		5.811319	
FOSL1		5.8076015	
CHCHD10		5.8073707	
RPL7AP12		5.807022	
SEZ6L2		5.8053584	
TACSTD2		5.8040824	
PRKCZ		5.803359	
MAU2		5.802527	
FAU		5.8011394	
RAD1		5.7967668	
H1-10-AS1		5.794833	
COL6A1		5.7932606	
TTC38		5.79114	
SFXN3		5.7905865	
F11R		5.7904053	
LPAR5		5.7898574	
NUDT1		5.786999	
ARHGAP45		5.7860565	
BLOC1S2		5.7852645	
MRPS28		5.7847	
NGDN		5.784139	
ERG28		5.781039	
COMMD5		5.7792554	
MAD2L2		5.77584	
SRM		5.770895	
CAPG		5.76838	
GTF3A		5.7676125	
GDF15		5.7674403	
SLC26A3		5.7663827	
ACTR1B		5.764271	
HSD17B8		5.7605534	
IST1		5.7605205	
EHD2		5.759162	
MELTF-AS1		5.7570415	
LAIR1		5.753277	
TGFB1		5.7524858	
PLIN3		5.741438	
LRRC3		5.740237	
MCPH1-DT		5.7369847	
EEF1DP4		5.734159	
EPHA1		5.734009	
RACK1		5.733418	
STOML1		5.7246227	
LINC03143		5.724232	
FXYD5		5.7241673	
ECHS1		5.723733	
GUCD1		5.7235327	
PDCL		5.7203574	
SLC35A4		5.7167034	
C3orf33		5.71609	
TMEM94		5.715929	
RASAL3		5.71471	
HDAC1		5.711518	
PWWP2B		5.710296	
RAB2B		5.7102065	
C8orf44-SGK3		5.7077904	
RPL21P16		5.7064676	
RANBP3-DT		5.705588	
GATD1-DT		5.6994734	
NFKBIB		5.6968265	
HTRA2		5.6921506	
CARMAL		5.6910067	
PACS2		5.6759295	
KRT19		5.6715	
BBC3		5.667424	
TRPV2		5.665247	
RNASEH2C		5.665082	
OCEL1		5.664649	
TMEM38A		5.662998	
IMP3		5.662737	
RNF14		5.66262	
DCTN6-DT		5.661794	
NDFIP1		5.659495	
BOP1		5.6568394	
NDUFAF3		5.6509557	
PLAAT4		5.6490583	
ZYX		5.644415	
NOP16		5.6362987	
CD320		5.6337004	
MTCO1P12		5.628647	
NFIC		5.627828	
B9D2		5.6263814	
MYH11		5.624331	
H2AX		5.622284	
PCF11		5.622239	
HSPB8		5.6186943	
KCTD5		5.6175504	
TINF2		5.61651	
NOL4L		5.612684	
C6orf47		5.6099997	
NR1H3		5.6096992	
SUGT1-DT		5.6091905	
MRPL10		5.607692	
TPRA1		5.6071157	
TGFBI		5.603779	
NELFE		5.603612	
FTL		5.603578	
TMCO6		5.600164	
NT5C3B		5.5997195	
YDJC		5.5987806	
PAPOLA-DT		5.598394	
NPRL3		5.598378	
TAMALIN		5.5969877	
RPL13P12		5.5921016	
AP1S3		5.591653	
ORMDL3		5.5891166	
TMEM203		5.5889273	
MRGPRF		5.583106	
MMP2		5.5821967	
BHLHE40		5.578545	
MAPKAPK3		5.577708	
NPIPB11		5.577466	
LMOD1		5.5771112	
MIATNB		5.576644	
IL9RP3		5.574369	
CCDC86		5.5730915	
RPL13AP7		5.571174	
ZNF687		5.569624	
IGHG4		5.5594883	
SIRT3		5.5537267	
TSEN54		5.5507107	
GPAT4		5.548358	
ZSWIM3		5.548224	
MAP2K3		5.5432706	
ACD		5.5364428	
DHX30		5.5360484	
HECA		5.5348954	
DLL4		5.534421	
ADIRF		5.533479	
DNM2		5.5311866	
JMJD6		5.53079	
P4HB		5.5299907	
TMED9		5.529731	
DUSP1		5.5271044	
UPF2		5.525213	
NRGN		5.5238624	
COX18		5.5228286	
SNHG19		5.517522	
SPCS3		5.517479	
SLC48A1		5.5130773	
SNRNP35		5.5110555	
C6orf89		5.5101542	
TOR1B		5.506544	
ZNF276		5.5065346	
P2RY11		5.503849	
MIF4GD		5.502574	
GUCA1B		5.500402	
COX7A1		5.498193	
MEA1		5.4967637	
SLC29A2		5.495152	
CSNK1E		5.4936895	
AREL1		5.4927993	
ZBTB3		5.487259	
TMPRSS4		5.4788523	
GALK1		5.4785995	
VPS9D1		5.478132	
C1orf226		5.4775133	
HPS6		5.4748487	
DEDD		5.473397	
AKT1		5.4715037	
SH3BP5L		5.4682007	
DPH2		5.46473	
KAT8		5.464194	
TICAM1		5.463486	
LINC00373		5.4612226	
ECH1		5.458231	
MARCHF9		5.4581523	
SHF		5.4579854	
FPGS		5.4519296	
TTL		5.45171	
CARM1		5.448321	
TXNRD2		5.445483	
APMAP		5.443868	
ADA2		5.443207	
NKIRAS2		5.4410877	
GLRX5		5.4406614	
XYLT2		5.4398437	
ZNF121		5.437484	
DERL2		5.431813	
SEC61G		5.4285874	
ZNF77		5.4236226	
CLPTM1		5.419115	
IRF9		5.4185557	
GP2		5.413874	
DPH7		5.411422	
PTGES3		5.4111953	
CERCAM		5.408289	
PKN3		5.406207	
RPLP2		5.404592	
USP48		5.4029374	
ZNF320		5.40292	
SLC1A5		5.401191	
CAMK2G		5.401168	
RBBP6		5.3950777	
LGALS3BP		5.3898177	
BRD9		5.386692	
METRN		5.3833323	
LINC01342		5.382673	
NSUN4		5.3768744	
SCAMP2		5.375573	
KCNJ12		5.3741117	
DOLPP1		5.371943	
HSBP1L1		5.3711195	
NDUFS6		5.3707557	
CTSB		5.368187	
SIPA1		5.3644443	
WDR1		5.35744	
CDK5		5.3560896	
TMEM74B		5.3498044	
STK11		5.348987	
GJC2		5.3474703	
CNOT9		5.346516	
TGIF1		5.346414	
EXOC7		5.3456426	
ZNF584		5.3420634	
TALDO1		5.3415437	
MRPL40		5.3359876	
PPP1R3E		5.3344994	
TIRAP		5.334332	
SPATA24		5.325952	
ZNF224		5.325577	
ZNF692		5.323514	
CRK		5.323242	
PQBP1		5.3208904	
GABRD		5.3157134	
AHSA2P		5.3142285	
DACT3		5.313778	
NPTXR		5.304065	
CDIPT		5.298323	
CCDC167		5.2919164	
EEF1DP5		5.288979	
OSTM1		5.287343	
TSPAN32		5.2855563	
CD248		5.280673	
SEC14L5		5.2779303	
FADS3		5.2775793	
ANXA6		5.275979	
TCAF2		5.274656	
HCN3		5.2744317	
TEAD3		5.27335	
DCPS		5.2718434	
TMEM176A		5.271726	
PTPN23-DT		5.2711735	
PRDM15		5.261482	
PINK1-AS		5.256607	
TRAF7		5.2509046	
BRK1		5.2505617	
AK2		5.249948	
DOK1		5.2466545	
NXF1		5.2391834	
MMP15		5.235919	
ABCF3		5.2321515	
EIF2S3		5.230281	
MRPS7		5.2292905	
FASN		5.2281337	
MIR193BHG		5.226859	
VEGFB		5.2258368	
COLGALT1		5.225098	
CEBPZOS		5.2227616	
CSDC2		5.2224593	
VPS11		5.221934	
PLAUR		5.221324	
ALG1		5.2182674	
TUBA4A		5.2133694	
TPRG1L		5.208588	
TNS2		5.2056475	
AXL		5.2051315	
INO80D		5.203524	
PFKFB2		5.2017117	
STYXL1		5.1965733	
NPIPA1		5.1922364	
ANKRD54		5.1915116	
STAP2		5.1900043	
SPINT1		5.1890593	
SLC25A14		5.1837883	
PRRT3		5.1740227	
CNN2		5.1683407	
LY6S-AS1		5.1637826	
RPL32		5.1617913	
HM13		5.157395	
ZNF142		5.156197	
MXRA8		5.152208	
MIR17HG		5.1505384	
GPRIN1		5.1505203	
BCYRN1		5.148561	
HDHD5-AS1		5.1470137	
SHC2		5.1441846	
LINC01963		5.1414795	
HDAC3		5.1363235	
CHCHD5		5.129825	
ZNRF1		5.1290727	
RAB40C		5.1281757	
KIF22		5.124202	
DPY30		5.123024	
RARRES2		5.1199217	
MEX3D		5.1193066	
MIR4453HG		5.114719	
EVI5L		5.112722	
NEIL2		5.111778	
TERF2		5.1071486	
CCDC85C		5.106321	
PHKG2		5.1043353	
RASGEF1B		5.10182	
GNPTG		5.100802	
MRPL37		5.0987544	
GAMT		5.0971327	
RNU6-1300P		5.0966268	
GNLY		5.093156	
ICAM2		5.087307	
ZNF768		5.0814605	
NAIPP4		5.078696	
ERMN		5.076638	
NPDC1		5.0762005	
ABHD18		5.076198	
CDC42EP1		5.0723696	
NEK9		5.06802	
NSMCE1		5.067047	
TP53I11		5.0663347	
NHP2		5.0660124	
KLHL42		5.0653944	
RBPMS2		5.060364	
SERPING1		5.0603533	
POLN		5.0594606	
PLEKHO1		5.0580387	
FOXD2		5.057448	
SEC61A1		5.050075	
USP5		5.0474625	
SLC7A11		5.0472927	
ABCD4		5.0465946	
FAM241B		5.044162	
FCER1G		5.0406575	
NFAM1		5.038986	
SLC25A15		5.038979	
MYL6B		5.03803	
UXT		5.0363364	
ROBO3		5.0350194	
HAUS2		5.0329633	
H4C5		5.032542	
C11orf71		5.0277996	
MAGOH		5.0244536	
RPL37P6		5.021283	
ACLY		5.0169625	
ANO7		5.015127	
FAAP24		5.0131073	
ARL16		5.0126905	
APRT		5.011493	
GNPNAT1		5.009716	
NAB2		5.00967	
CARD19		5.0080237	
FMNL1-AS1		5.003718	
SLC9A3-AS1		4.998779	
MYADM		4.99761	
GGCT		4.994198	
PLXNB3-AS1		4.993338	
NDUFAB1		4.992731	
PIGV		4.990929	
RPL36P3		4.9894357	
RPL24P6		4.9882517	
MSX1		4.987561	
TNFRSF1A		4.9857306	
SH2D3A		4.9842997	
NCS1		4.982384	
NCF4		4.978154	
BCR		4.976709	
TCF3		4.975929	
CYB561A3		4.971283	
KIAA2013		4.968108	
PYCARD		4.965116	
MMP11		4.9646287	
SCARF2		4.9570346	
TAMM41		4.952805	
RPL7AP50		4.949852	
RAB17		4.9485955	
RAB7A		4.945737	
EMILIN1		4.945244	
ZNF683		4.944599	
NAGA		4.9437733	
SPON2		4.940805	
FRAT1		4.9393916	
SLC66A2		4.938485	
ZKSCAN5		4.938065	
SESN2		4.9369593	
MYO15A		4.9360085	
TMEM9		4.9359894	
MTA1		4.9321795	
CNTNAP1		4.929555	
ZNF627		4.92831	
RHEBL1		4.927442	
ZNF219		4.924991	
ZNF765		4.924708	
CCN5		4.924635	
ATP9A		4.924514	
HNRNPA2B1		4.9241056	
SELENBP1		4.9220366	
POM121L2		4.9204917	
TRIP10		4.9186015	
BICDL2		4.9152517	
RPL26P6		4.910072	
C1QTNF2		4.9092727	
ZBTB7A		4.909098	
PUF60		4.9074035	
SMCR8		4.9065514	
PTPRS		4.903479	
SOX4		4.902275	
COPS7B		4.9011908	
TBKBP1		4.8989058	
MYOCD		4.896533	
PPIAP22		4.8952045	
MAN1B1		4.893278	
EMC8		4.892969	
KCNK6		4.8829527	
CNPY3		4.8817554	
HMCN2		4.8799596	
ZNF776		4.8779078	
DUSP5		4.877824	
RPL19P16		4.872927	
DMAC2		4.8726826	
WDR59		4.872613	
RIPOR3		4.872074	
IGHD		4.8678718	
CACNB3		4.864641	
KLF2-DT		4.8642917	
ARHGAP33		4.86154	
UBL4A		4.8609495	
CATSPER2P1		4.851239	
PTMS		4.848822	
LINC01877		4.848713	
C15orf39		4.8440866	
RPS11		4.8438797	
OAZ2		4.8437862	
PNCK		4.8361263	
RUVBL2		4.8358955	
SLIRP		4.8341546	
GAL3ST4		4.8304653	
PINLYP		4.8304186	
PRR19		4.829306	
SSR4		4.824879	
ZNF788P		4.814577	
FUOM		4.8129425	
SIGMAR1		4.81255	
FBXO10		4.8114533	
DEF6		4.810035	
TBX1		4.8085575	
RPL37P2		4.807886	
CSMD1		4.8015165	
RHOBTB2		4.798742	
PSME2P2		4.79497	
DCTN2		4.7947507	
CNP		4.794558	
SCNM1		4.7908754	
LINC00847		4.78979	
NCSTN		4.787846	
SOD3		4.787272	
NCKAP5L		4.783955	
RAB15		4.7818255	
LINC02986		4.779575	
CAPZB		4.7786756	
RNASE1		4.7783895	
EEF1A2		4.7763233	
MAP3K12		4.7748556	
VCF2		4.7747664	
MPV17L2		4.773184	
RGS16		4.772884	
P4HA2		4.771942	
KHNYN		4.7697225	
PXMP4		4.768886	
EEIG1		4.7679725	
MVP		4.7678547	
PXN-AS1		4.7652044	
RAB26		4.760175	
SREK1		4.7572303	
DAZAP2		4.755255	
DDX28		4.752811	
ENO2		4.751829	
ITGB2-AS1		4.7495975	
ZNF703		4.7493763	
GANAB		4.743691	
NAIF1		4.7388983	
SHISA4		4.7387276	
PLA2G4F		4.7380795	
PTCH2		4.737642	
TAF11		4.730758	
RGS11		4.727059	
SCX		4.726479	
PEX11B		4.7256255	
PARP3		4.723757	
SLC2A1-DT		4.723705	
SLC45A3		4.7215967	
ZNF2		4.720581	
PRR12		4.7150793	
ZSCAN21		4.7149863	
PSD		4.714069	
EFHD2		4.7099586	
EFNA1		4.7074184	
ISCA2		4.704855	
PLEC		4.7042675	
RPL17P6		4.704204	
CD81		4.6969514	
APBA3		4.6941423	
CHP1		4.6912045	
RPS4X		4.68832	
TEAD2		4.684866	
DCHS1		4.6846023	
CAVIN1		4.681539	
TSPOAP1-AS1		4.6788273	
ZNF791		4.677535	
TFAP2C		4.6773763	
TREM2		4.6751833	
SYNRG		4.67288	
DBH-AS1		4.6718187	
SPATA3-AS1		4.6717043	
FRAT2		4.670729	
EIF2S2P3		4.6656947	
AKR7L		4.659307	
POLDIP2		4.656406	
ZSCAN18		4.6544414	
RPS19		4.6539183	
CHRNE		4.6534057	
ACAT2		4.653399	
ZBTB47		4.650997	
ABCB9		4.6506433	
BMF		4.6504893	
RNF168		4.647668	
GOT2		4.6408687	
TMEM177		4.639097	
KCNMB3		4.6379924	
PLK1		4.637934	
SPG7		4.6362667	
C11orf24		4.6362653	
ACOT9		4.6358223	
TRMT112		4.6352916	
GSDMB		4.633197	
HAX1		4.629155	
MAP7D1		4.627067	
ZKSCAN4		4.6266994	
CANT1		4.626004	
MEOX1		4.6244335	
IER3		4.6198473	
EARS2		4.6176634	
SOCS3		4.614368	
MDK		4.6140003	
TMEM200B		4.604128	
FURIN		4.6019516	
FARSA		4.5999403	
RPL36AL		4.5998826	
TSPAN16-AS1		4.5985513	
COX4I1		4.598501	
PMEL		4.5981917	
SIDT2		4.5971584	
TM4SF1		4.5938196	
SAP18		4.5918083	
NIBAN2		4.5891466	
PROM2		4.586949	
SLC22A5		4.5852904	
MCM7		4.5820537	
RPS6KA1		4.57941	
PLEKHG4		4.578456	
DENND10		4.5704994	
SLC6A8		4.570223	
RAB3IL1		4.5698314	
DUSP18		4.569723	
SURF1		4.5684447	
NMRAL2P		4.5674706	
TMEM59		4.566336	
PDXDC2P-NPIPB14P		4.5642614	
RAE1		4.5631833	
HS6ST1		4.5622816	
COL18A1		4.5610046	
LAMTOR1		4.5607214	
IPPK		4.5604563	
ERH		4.556196	
SYPL2		4.554035	
PLPP2		4.553849	
TMEM132A		4.5487022	
USP21		4.5470595	
ASCC2		4.545378	
EPS8L2		4.540346	
KBTBD4		4.536486	
SLC27A1		4.536167	
RNF166		4.5355697	
RANGRF		4.5350266	
RPL4		4.5331073	
NDUFA1		4.5319114	
SLC12A4		4.5309944	
UBE2G2		4.5284085	
KLHDC2		4.5263257	
IAH1		4.5254107	
ANKRD27		4.523853	
CPSF1		4.5238085	
TLCD1		4.522719	
RPL12		4.5213957	
EMD		4.520065	
EMC6		4.5200586	
ZNF43		4.517037	
CLEC4F		4.516083	
HNRNPH1		4.513586	
DLL1		4.5132723	
MFNG		4.5122156	
HDAC11		4.5115314	
DDR1		4.5083385	
IER5		4.5074725	
PPIA		4.4984093	
E4F1		4.4975348	
C12orf57		4.496666	
TMEM147		4.4937325	
H2AJ		4.4917994	
POP4		4.4913754	
S100A4		4.490663	
HARS2		4.489921	
TMEM214		4.487722	
TEX2		4.487215	
SLC35C1		4.4860935	
KANK3		4.48591	
HSBP1		4.485774	
CIMAP1B		4.482003	
SASH3		4.47883	
MYO15B		4.478509	
RNF181		4.4777465	
BTG2		4.477656	
PMPCA		4.476682	
AURKB		4.4759345	
COX6A1P2		4.4732876	
MORN3		4.470996	
HPS4		4.469931	
SLC3A2		4.468297	
BUD31		4.466778	
GRPEL2		4.466614	
SRMS		4.4655433	
ZNF814		4.4652286	
P2RX4		4.4644904	
ZBTB46		4.463905	
MT1F		4.462543	
PAFAH1B3		4.4611297	
ZNF530		4.458098	
DGCR2		4.45707	
APEX2		4.456413	
PTPN18		4.456041	
IGHA1		4.455399	
SRC		4.4550014	
FBXO47		4.4531984	
TIMM8B		4.450916	
ETHE1		4.4428377	
ZNF770		4.4409924	
IGFBP6		4.4342737	
RPL19		4.4311457	
MRPL20		4.4291925	
MSANTD3		4.428988	
LSM4		4.4282894	
FBLN1		4.4275675	
TSEN34		4.426894	
MFGE8		4.4261365	
TSC22D3		4.423599	
APOE		4.423389	
NEIL1		4.423296	
HDDC3		4.422779	
ARHGEF19		4.417509	
CCT7		4.415898	
UQCC4		4.415346	
PYGB		4.413054	
CFL1		4.412873	
MAP1S		4.4126143	
MED8		4.411258	
LINC00665		4.410977	
MEMO1		4.41092	
ACTG1		4.4103003	
SREK1IP1		4.409882	
ALYREF		4.4087152	
HPRT1		4.407332	
GALE		4.4063196	
CCDC22		4.405848	
LUC7L3		4.4054337	
CTNNBIP1		4.4006815	
VWCE		4.3979645	
GMIP		4.3962283	
RETREG3		4.3957787	
SLC67A1		4.395245	
RPS3		4.394925	
SNHG6		4.393159	
SMIM29-AS1		4.392035	
TCF25		4.383607	
NDUFA10		4.379724	
SWSAP1		4.3796144	
ZNF600		4.3794007	
RPP25L		4.378287	
CPSF7		4.375694	
RPL37		4.374485	
RPS19BP1		4.373358	
DERL3		4.365931	
FHL5		4.3621607	
PIK3C2B		4.3596234	
SNRPF		4.358709	
CSRP1		4.358596	
ELAVL1		4.357736	
SCIMP		4.356743	
AK6		4.3549175	
IRF5		4.353894	
DBNL		4.353019	
WDR53		4.351666	
ELP5		4.345242	
POLR3H		4.3445854	
RPL5P17		4.3439393	
FAHD2B		4.337135	
GJB2		4.336291	
TNFAIP2		4.3360476	
CDKN1A		4.3303537	
IGHG3		4.32979	
TOMM40L		4.3233237	
SNRPD2		4.3192635	
FNTB		4.317717	
KCNN4		4.314919	
PYM1		4.3148193	
CCN1		4.313885	
UBE2L6		4.3097525	
CXCL16		4.3097506	
IFT46		4.3065233	
SCD		4.3062873	
RPS6KB1		4.304014	
ZNF853		4.302148	
RTL8B		4.3020663	
MSL2		4.301757	
UQCRQ		4.294443	
LYPD3		4.2904797	
SMIM22		4.2900963	
DNM1		4.289829	
SNAP47		4.289232	
CMTM3		4.2888064	
RER1		4.28851	
SLC46A1		4.2882776	
ESAM		4.286864	
DNTTIP1		4.2867804	
TMEM150A		4.2863355	
UCN		4.285449	
PTGIR		4.28463	
SERPINF2		4.283499	
DHRS2		4.2771897	
DIPK1B		4.2768846	
FAM50A		4.2750874	
GGT5		4.2750654	
ZNF674-AS1		4.2734714	
PRMT9		4.2623525	
OVOL1		4.260441	
P4HTM		4.2586665	
ITGAX		4.257562	
ZNF707		4.255917	
THEM6		4.2554398	
KRI1		4.2529926	
MPRIP		4.2528887	
CSF3R		4.251886	
TBC1D10A		4.2511077	
MEGF6		4.250195	
CYBA		4.2493443	
HTATIP2		4.2487216	
PLA2G2A		4.24831	
ATP6AP2		4.248049	
PITPNA		4.246348	
NDUFA2		4.2462397	
PLEKHM1P1		4.2454004	
FUNDC2		4.244625	
BAHCC1		4.2443576	
IL4I1		4.243376	
ATP5MJ		4.243303	
PHKG1		4.240146	
RELB		4.2382975	
LRPAP1		4.2358665	
LFNG		4.234399	
NXPH3		4.233386	
LRRFIP1		4.2263346	
TPRKB		4.225573	
PGPEP1		4.222074	
BLOC1S4		4.2220736	
NBPF1		4.2187924	
ARSD		4.2186284	
COL16A1		4.2175827	
SPI1		4.216195	
CLSTN1		4.2155104	
SAR1A		4.2137623	
METTL5		4.200024	
TUSC1		4.197935	
AGAP2		4.196896	
EIF4E		4.1942596	
RANGAP1		4.1927934	
RPUSD4		4.192213	
GSN		4.1913657	
PI4KAP1		4.190744	
MAMSTR		4.19032	
SECTM1		4.1895266	
SLC25A25-AS1		4.188116	
RPS9P2		4.187388	
FLVCR1-DT		4.1829104	
GORASP1		4.1816435	
EIF5AL1		4.1807885	
PSMC4		4.1768365	
RPS6P26		4.175826	
CTC1		4.1739793	
PGAP6		4.164377	
P2RY6		4.1610293	
LRRC45		4.160555	
ARHGEF17		4.157589	
MPI		4.156294	
FAM53A		4.1523004	
NANS		4.150822	
MYLIP		4.150102	
ANKRD10		4.149409	
ESS2		4.1476674	
FUZ		4.1465273	
NACA		4.142572	
ARMC7		4.139735	
WDR74		4.138411	
PPP1R13L		4.1375446	
FHIP2B		4.1371446	
COL5A3		4.1355815	
SNRPD1		4.13529	
OST4		4.1339846	
SMIM12		4.1331143	
MDH2		4.1301637	
CDKN2AIPNL		4.129998	
CCL3		4.124918	
FCMR		4.1174345	
CTSF		4.1171446	
P3H4		4.1165953	
ISG15		4.1150093	
ZDHHC9		4.1069155	
SMPD2		4.103833	
EVA1CP1		4.1028256	
TUBA1A		4.101118	
PLTP		4.1009464	
PELP1		4.099108	
MRPL54		4.099071	
CMTM6		4.09907	
MRPL11		4.0974293	
MRPL17		4.0966616	
ZNF558		4.095237	
TRIM68		4.087316	
AP2A1		4.086679	
ABCC3		4.086278	
INAFM2		4.0846024	
AHSA1		4.084508	
RPS3P3		4.0826597	
NKIRAS1		4.079878	
MLXIPL		4.077824	
ZNF213-AS1		4.0747175	
PLEKHF1		4.0734196	
BEGAIN		4.0698066	
CLTC		4.0686626	
FOSL2		4.0654545	
EXD3		4.062154	
ASF1B		4.061942	
PSMD7		4.0617456	
MT2A		4.058615	
SEPTIN4-AS1		4.058415	
ANXA13		4.057276	
CCDC200		4.055065	
C1orf210		4.0478325	
PNISR-AS1		4.0469832	
SDCBP2		4.046682	
FLAD1		4.043313	
CLDN4		4.0430512	
ATP5MKP1		4.0401855	
AHNAK		4.0401196	
ZNF449		4.03676	
OSGEP		4.0363116	
JUP		4.0334873	
MAGED2		4.0333133	
PSMB6		4.0322757	
ODAD4		4.0293903	
KIFC3		4.027716	
KLHDC4		4.0228596	
IL17REL		4.0206437	
STT3A		4.0167108	
CNNM3		4.015064	
FAM83H		4.0150404	
CCT6A		4.013964	
PNKD		4.0138826	
MAPK8IP2		4.010486	
ELF3		4.0069427	
HAGH		4.005795	
DNAJB12		4.002506	
PKMYT1		4.0008206	
AAMDC		3.999691	
ZNF562		3.9994588	
ARID3B		3.9979575	
SNU13		3.9914274	
KLRC1		3.9910853	
RABL2A		3.9900465	
ANPEP		3.9868186	
MSL1		3.9865258	
CASTOR3P		3.985975	
IFFO2		3.984647	
ANAPC11		3.9839585	
BBLN		3.983284	
ANKDD1B		3.9806216	
SLC12A9		3.9797342	
ANAPC5		3.9782753	
PCBP1		3.9776878	
LINC02745		3.975739	
CPT1A		3.9746141	
PLAC9P1		3.9714046	
PALM		3.9701056	
COL1A1		3.969068	
PCGF3		3.967281	
PIGA		3.9668963	
GCLC		3.9667017	
HOXC-AS3		3.961648	
MMP14		3.9612045	
TPPP3		3.953823	
LRRC41		3.9526446	
SLC25A43		3.952291	
CRAT		3.9515069	
CDK4		3.9507406	
CRLF3		3.9506435	
SNRNP25		3.9429772	
KLHL35		3.942205	
ARHGDIB		3.9417274	
DRP2		3.938371	
TOR1A		3.9364717	
DUS2		3.9311397	
SUFU		3.929741	
MICOS13		3.928761	
TBL2		3.9269793	
B4GALNT1		3.9267473	
CHTOP		3.9266677	
CUTALP		3.9248	
THBS2		3.9224484	
LITAF		3.9204865	
KRT7		3.918784	
ANKRD13A		3.9181561	
FRG1		3.9151323	
NKG7		3.9123259	
ARL10		3.91227	
C12orf75		3.911583	
LARRPM		3.9109952	
TLE2		3.910925	
KLC4		3.9103708	
LPCAT4		3.9081967	
SLC25A28		3.9073238	
MARK4		3.8966548	
NTAQ1		3.896197	
PLPP7		3.8958273	
ADIPOR1		3.895608	
ZKSCAN3		3.893419	
GLIPR2		3.8929143	
KIF7		3.8922873	
SMARCB1		3.8896947	
IGHG1		3.8895197	
DOCK6-AS1		3.8883271	
PHAF1		3.8874896	
PPP1R14B-AS1		3.8873389	
COPG1		3.8852804	
CTNND1		3.8848531	
PLAU		3.8842902	
ATP2A3		3.8828115	
PPP1R14B		3.8798687	
DBF4B		3.8778722	
ZPR1		3.8777635	
C4orf46		3.8776693	
DUSP7		3.876948	
ALS2CL		3.8762922	
WTIP		3.8759441	
C1orf162		3.8742073	
MMP25		3.8717864	
USP6		3.871341	
RPL18A		3.87046	
DSN1		3.8685868	
ACKR1		3.8678768	
RTF1		3.8666167	
PRR7		3.8646982	
CCN3		3.8646553	
CRADD-AS1		3.8594556	
UTP6		3.8593552	
NUP85		3.8591242	
SEPHS1		3.8560913	
DTX3		3.8524694	
FOXC2		3.8513632	
MOB3A		3.8509436	
RTRAF		3.8503919	
KCNK15		3.8485136	
ERBB2		3.8471966	
YTHDF1		3.8450372	
S100A14		3.8431656	
TMEM109		3.8430717	
SLC35D2		3.842967	
CDC42-AS1		3.8423846	
DNM1P47		3.8418195	
NUDT16L1		3.8403072	
MAT2A		3.839096	
HMGA1P4		3.8354785	
ACVR1B		3.8349109	
SEPTIN1		3.8331585	
MRPL20-AS1		3.8295977	
FTH1P10		3.826677	
MARCKSL1		3.824894	
KIF21B		3.822572	
SPATA2		3.8223503	
FBXO31		3.8203104	
POLR3K		3.8176496	
PLEKHM2		3.8169892	
ADCY4		3.8166635	
CPT2		3.8165116	
PSMD13		3.8158228	
TXNDC17		3.814815	
HSPB6		3.8131914	
NACA4P		3.8108592	
SLC31A2		3.8108225	
KICS2		3.8106356	
DEGS2		3.8095999	
RBMS2		3.8086982	
SUN2		3.8085995	
ADGRL1-AS1		3.8078027	
SSH1		3.8073058	
EMC3-AS1		3.8056524	
PSMB5		3.8040345	
PRRG2		3.8039012	
STK32C		3.803275	
RPL22L1		3.8018122	
PLAAT2		3.8011584	
COX7C		3.7969725	
MAN2B1		3.7942507	
SYT7		3.7939656	
ZNF211		3.7926195	
LMX1B-DT		3.7910655	
PPP1R3C		3.7865307	
ZNF136		3.7841482	
LINC00997		3.7831242	
NDUFS5		3.7811363	
PIM2		3.780941	
SP6		3.7804136	
NKAPL		3.7766821	
TKT		3.7766469	
OAF		3.7757747	
LITATS1		3.7750547	
CSRNP1		3.7743833	
YWHAH		3.7743373	
CPA4		3.7726316	
ACSS1		3.7716858	
SLC30A10		3.769808	
ATP5F1B		3.7693162	
TEX30		3.7664526	
SSH3		3.7652214	
CIZ1		3.7646441	
PXDN		3.7613716	
GABBR1		3.7594101	
HCG25		3.759246	
SLC35E2B		3.7567387	
LINC00957		3.7566946	
GLA		3.755632	
UNKL		3.7550778	
INF2		3.7545364	
P3H3		3.752267	
TMED10		3.7521229	
HCST		3.7509587	
MAPKAPK2		3.7500496	
REEP5		3.7498395	
TBC1D17		3.7476454	
SERINC2		3.74544	
DGKA		3.7421122	
ID1		3.741939	
RPL9		3.7394047	
ISOC1		3.7370112	
BLVRB		3.7368789	
ING5		3.7367795	
RTN4R		3.7344708	
XG		3.732677	
TMEM19		3.7326756	
GABRE		3.7289894	
PBXIP1		3.7283218	
TENT5B		3.728122	
TCN2		3.7259367	
TUBGCP6		3.7252216	
MRPL49		3.7250347	
TIMM10		3.7233772	
PSMC2		3.7228885	
JUNB		3.7218082	
NR2C2		3.7176433	
ZBTB8OS		3.713416	
CITED4		3.711618	
ZKSCAN1		3.703839	
SLC22A2		3.7033572	
DNAJC19		3.7006054	
ZG16B		3.6981535	
SEC14L2		3.6975722	
LHFPL3		3.6972666	
FLNB		3.69723	
MARCHF6		3.6941626	
RIPOR1		3.6936407	
SQOR		3.6919885	
GNB3		3.6904404	
SCO2		3.6903563	
TRAPPC3L		3.6899033	
SOCS3-DT		3.6892977	
HMCES		3.6860547	
TNNC2		3.6835716	
PRKAR2A		3.6834743	
KANK2		3.6818907	
CD40		3.6787255	
CYP20A1		3.6739056	
MCAT		3.6722696	
RPL36P14		3.6717486	
CYP4F3		3.6713698	
COPS9		3.6701312	
DBNDD1		3.668463	
AMZ2P1		3.668202	
SLC12A7		3.6660206	
DFFB		3.6655672	
LRP10		3.6603897	
SLC2A1		3.6572914	
TMEM167B		3.6535988	
OLFM1		3.6530585	
ZNF333		3.6511657	
LTBP4		3.650592	
ZNF473		3.6487627	
SYNGR3		3.6484838	
IKZF4		3.6438124	
NACA2		3.641882	
ZNF444		3.6413026	
EPB41L1		3.6390393	
POLL		3.6366317	
ELOVL2-AS1		3.6358232	
BCORL1		3.6353867	
CLPP		3.6351194	
DYNC1I2		3.6350195	
COPS6		3.634598	
FAM86C2P		3.6329267	
PHB2		3.6323152	
STMN3		3.6321104	
ANO9		3.6313431	
ANKRD35		3.6309054	
COX5B		3.630498	
ATP6V1G2		3.6294765	
TMT1A		3.6277092	
HIC1		3.625707	
MIS18A		3.6241832	
CHMP7		3.6218936	
IPO4		3.621701	
ZNF296		3.6203225	
CHCHD1		3.619107	
PCDH1		3.6190479	
COX5A		3.6174526	
TUBG1		3.617306	
B4GALNT4		3.6168804	
REEP6		3.6166544	
FOLR1		3.6145964	
TRAP1		3.6137447	
NAA40		3.6134517	
RPL21P97		3.6115112	
HES4		3.609358	
SAMM50		3.6080086	
TSSC2		3.6070092	
PTPN11BP		3.606883	
CNTROB		3.6057653	
MIAT		3.6017814	
KIF12		3.6015513	
STC2		3.6002347	
UBR7		3.598911	
ZNF430		3.5971825	
TECR		3.5965183	
METTL14-DT		3.5955527	
GMFG		3.5938044	
MTLN		3.5914629	
PHKA2		3.590989	
BEAN1		3.5904162	
VDR		3.590072	
TMEM208		3.5897703	
SAE1		3.5893652	
BRI3BP		3.5875566	
LGALS9		3.579975	
C17orf99		3.5771332	
TMED4		3.5764256	
ARHGEF40		3.5723326	
TOMM7		3.5719104	
B4GALT1		3.571688	
KLF2		3.5715692	
PKN1		3.571137	
RPS21P4		3.568984	
RIPPLY3		3.5666523	
PLN		3.5655751	
BMP1		3.5651605	
SRSF7		3.5648553	
ZNF34		3.5633123	
AKR7A2		3.5620782	
SCAMP4		3.5606272	
KRT5		3.5605338	
MAP4K2		3.5598521	
C17orf114		3.559692	
SAMHD1		3.5585015	
CEBPB		3.557637	
DPM3		3.5568545	
USB1		3.5550482	
PRDM16		3.5503566	
CPLX1		3.5499592	
C1QTNF6		3.549425	
ZNF271P		3.5472715	
GATA2		3.546836	
MRFAP1L2		3.5465708	
ZCCHC9		3.545573	
MYO1C		3.5447512	
RAI1		3.5422587	
ZMPSTE24-DT		3.5419993	
SRRD		3.5413322	
RPL17P39		3.539405	
BMP8B		3.5379796	
GAR1		3.5368567	
RPS16		3.5367928	
MYO1F		3.5364194	
RAB40B		3.5361252	
ISLR2		3.53599	
BPI		3.53569	
SRSF8		3.5344841	
PSMD6-AS2		3.5340755	
DDIT4		3.533836	
ARHGEF16		3.5335217	
GEMIN4		3.5334065	
PFKFB3		3.5325906	
THEMIS2		3.5310163	
ARF1		3.5307624	
TENM2-AS1		3.529785	
CLDN3		3.5284352	
IGSF9B		3.5279703	
RNF220		3.527663	
PLEKHH3		3.5265076	
YPEL3-DT		3.5256255	
NOX5		3.5238433	
NRSN2-AS1		3.5203474	
GNB2		3.5186646	
GOLGA8M		3.518298	
ZNF746		3.5181975	
BRF2		3.5143535	
GAREM2		3.513243	
TNIP1		3.5116668	
RPS10-NUDT3		3.509907	
ERVK3-1		3.508609	
TLCD3A		3.506156	
MT-TT		3.5054197	
ZNF398		3.5047367	
GUCY2D		3.5040212	
PRRX2		3.5032449	
DCLRE1C		3.4993598	
SCNN1D		3.4959192	
SLC35A2		3.4944425	
SLC5A6		3.4938176	
NLRC3		3.4938102	
OGT		3.4935164	
NR4A1		3.4901898	
SMIM10L2A		3.487505	
SURF4		3.4871469	
EFNA3		3.4860077	
KCTD15		3.4847715	
WDR31		3.4841216	
SLA2		3.4820654	
LSR		3.4794493	
PYCR1		3.478758	
ARFGAP2		3.4777029	
ZMIZ1-AS1		3.4776714	
ARRB1		3.4767597	
TMEM204		3.4747117	
ZNF250		3.474567	
NOP10		3.4737527	
MHENCR		3.4726167	
FAM98C		3.4703252	
STMN2		3.4699574	
PRIMA1		3.4684289	
HAUS8		3.468243	
RPL34		3.467423	
SLC9A5		3.467368	
TNFSF14		3.4667532	
CYTH2		3.4661188	
ARNILA		3.4646747	
LZTS2		3.4617808	
SH2D3C		3.4589312	
NUP210		3.457821	
MBD4		3.456327	
GUSB		3.4560804	
PGLS		3.454732	
HSD17B7		3.4523318	
TCFL5		3.4519305	
PSMB8		3.4508493	
TM4SF19-AS1		3.4494374	
ADPRH		3.447888	
FERMT3		3.4453058	
RPL13		3.4438932	
ARHGAP27		3.4424539	
CSNK1D		3.4408965	
VASH1		3.4388392	
ZNF20		3.4345355	
CCDC126		3.431599	
TCTN2		3.4304945	
LINC01638		3.4300058	
NHLRC1		3.428201	
MRPS34		3.427353	
NRARP		3.4240735	
PI16		3.4229362	
HSD17B10		3.4212382	
LTBP3		3.4169812	
CETN3		3.415897	
PHETA2		3.4156222	
ERGIC3		3.4145794	
LINC00865		3.4145312	
AARS1		3.4138155	
C1QB		3.4137278	
PAPLN		3.413458	
ADRA2C		3.4094646	
OS9		3.4074583	
CD82		3.406405	
GIPC1		3.4055698	
MINCR		3.4027543	
VPS26C		3.4019415	
HSPG2		3.4007647	
NDST1-AS1		3.4000595	
STIM1		3.3993704	
PAAF1		3.3985705	
RAB20		3.3982656	
TRO		3.3982391	
SNPH		3.3942032	
ARMC1		3.3889647	
PSMD5		3.3865778	
BAIAP2-DT		3.386173	
SIRPA		3.3851094	
PLXND1		3.3829484	
MNT		3.3813543	
CYP2T1P		3.3786943	
AKAP8		3.373519	
GGACT		3.372883	
TP53RK		3.372003	
DOK3		3.3695076	
SNHG29		3.3677938	
SOWAHC		3.3660212	
TIMP2		3.3651135	
TAF6		3.3627698	
TTC22		3.3611443	
QPCTL		3.3556619	
EPB41L4A-AS1		3.3555017	
RCN1		3.3552134	
POLR1H		3.3531785	
SPDEF		3.35249	
GLB1		3.351522	
TMEM254		3.3485665	
ST3GAL2		3.3472223	
GPR89A		3.344519	
RAD50		3.342935	
GLIS2		3.3421297	
PARD6A		3.3419733	
UFC1		3.3418167	
ADM		3.3413897	
RTL5		3.3410184	
IVD		3.3380077	
ZNF714		3.3372922	
SLC38A2		3.3346164	
MLLT6		3.3328843	
CHIT1		3.332735	
RND1		3.3323517	
XKR8		3.332045	
AMZ2		3.3318388	
TNFRSF1B		3.331148	
C1QA		3.331137	
MZB1		3.3294191	
PCAT6		3.3286812	
PARP15		3.327404	
CBR3		3.3267756	
TRIM69		3.3231812	
ANGPTL2		3.3222945	
MAMLD1		3.3221886	
PPIL2		3.3212872	
DHRS4-AS1		3.3188808	
LETM1		3.3182514	
COPS8		3.3181307	
FAM171A2		3.3175092	
IFI27		3.3139503	
CREB3L4		3.3129504	
CLDN5		3.3108363	
GTF2A2		3.3104992	
GASK1A		3.3088014	
RPL7L1		3.306445	
IFT52		3.3061516	
DRAM1		3.304627	
PPP5C		3.3041947	
KRT14		3.303829	
AHDC1		3.3017752	
LINC02988		3.3017747	
ITPK1		3.3010464	
ADAM33		3.3009315	
CD74		3.299094	
DHX58		3.2980478	
RHOD		3.2974265	
RPS27AP5		3.2957244	
CLK2		3.2950473	
TMOD4		3.2944922	
CTSL		3.2933207	
CIAO2B		3.2916088	
CCDC28B		3.2911499	
WDR4		3.289338	
C3orf18		3.2838287	
POM121C		3.2821965	
NOTCH1		3.2783725	
ANKRD23		3.2778707	
DTD1		3.2763908	
SLC4A1AP		3.2755246	
RPL7A		3.2742505	
LLPH		3.273107	
HK3		3.2722166	
PARP16		3.2713861	
RBM39P1		3.270821	
ZNF57		3.2688353	
COL8A2		3.2665288	
CTF1		3.2644205	
MOAP1		3.264222	
TM2D3		3.2632923	
CRTAP		3.2606635	
FAAH		3.255805	
NSFL1C		3.2548287	
SPINDOC		3.25465	
WASL-DT		3.2542446	
SETD6		3.2532334	
CIDECP1		3.2527392	
RASAL2-AS1		3.2501388	
COX7B2		3.248771	
CDH18		3.246679	
DAG1		3.2447674	
NDP		3.2445292	
NSMCE4A		3.244073	
UQCC5		3.2433016	
TMEM25		3.2429852	
MON1A		3.2420561	
CCL13		3.2414696	
CDKN2D		3.2385283	
CDC42EP5		3.2374308	
LINC01948		3.2364066	
TUBA5P		3.2362466	
SNHG8		3.2349703	
EIF3M		3.234609	
FUT2		3.2342947	
FASTKD1		3.2316232	
SRPRA		3.229525	
PRPSAP1		3.2281802	
MYD88		3.2263532	
KCNJ14		3.2203512	
TMEM179		3.2202117	
TUBB2A		3.218177	
NAAA		3.2170095	
TKFC		3.215265	
HNRNPA0		3.2149606	
CYFIP1		3.2134607	
KCNMB1		3.2129986	
ENTPD6		3.2117572	
LRATD1		3.2108843	
SOX7		3.2095864	
NPM1		3.2090852	
GTF2H2		3.2066813	
ADPGK		3.204073	
EXOC8		3.2029643	
TMEM44		3.2009153	
UBALD2		3.1985366	
FAM131B-AS2		3.1892354	
SLC2A3		3.1880255	
PIF1		3.186293	
B4GALT3		3.1850195	
ART4		3.1847377	
VMA22		3.183091	
CD9		3.1777408	
GPRC5C		3.1755834	
FMNL1		3.174365	
NGF		3.1741648	
CCDC71		3.1727588	
MOB4		3.171822	
NDRG1		3.1711717	
MRM3		3.1692908	
RIT1		3.1646814	
POLR2J3		3.1611981	
RAPGEF3		3.1610475	
SMS		3.1587665	
MT-CO1		3.1581955	
CHST14		3.1581132	
VCP		3.157395	
KANSL3		3.1538682	
PEX39		3.1534574	
UBB		3.152858	
KIF23-AS1		3.1509545	
ANGPTL5		3.1481268	
RCCD1		3.1463878	
ACCS		3.1463223	
CYC1		3.1458182	
TMCC1-DT		3.1451268	
RABEP2		3.1441455	
INPP5A		3.1440034	
RPS12		3.143782	
RNF10		3.1435475	
PTH		3.1415162	
HSF2		3.139324	
MT-TQ		3.1384547	
RAB11FIP3		3.138349	
A4GALT		3.137406	
DEGS1		3.1361313	
FKBP4		3.1336744	
PLCB3		3.1330533	
POLR2A		3.131777	
ARHGEF18		3.1317558	
ARPC5L		3.1299818	
HERPUD1		3.1281595	
UBE3B		3.1253405	
KLHDC9		3.1239104	
SDHAP1		3.1236145	
TNFRSF25		3.1233294	
CYP4B1		3.1221564	
DBN1		3.1205456	
FER1L4		3.1200151	
NAXD		3.1196885	
ZNF614		3.1196084	
CYB5B		3.118585	
CBX7		3.1175148	
SRSF9		3.1171021	
GRIP2		3.11689	
PIGR		3.1163013	
CRISPLD2		3.1159303	
ZNF286B		3.1149802	
CISH		3.1098285	
LRRC59		3.1096225	
RABIF		3.1077905	
CLEC17A		3.1057749	
DDX27		3.1041794	
PSCA		3.1035495	
APOL5		3.1023238	
DNAJC17		3.100669	
ZWINT		3.1003947	
IGHGP		3.0999775	
RPS20P14		3.0989294	
COA4		3.095439	
ATP6V1F		3.09469	
SBNO2		3.0946794	
CDK20		3.0942755	
ARHGAP19-SLIT1		3.0921218	
TCF19		3.0911705	
EFTUD2		3.091053	
C2CD2		3.090871	
LYSMD4		3.0895844	
RASA4B		3.0886014	
FBXO48		3.0865877	
RAC3		3.086418	
TAX1BP3		3.0836468	
PRPH2		3.0827565	
ADGRG1		3.0824175	
AVIL		3.0789342	
TSPAN1		3.076532	
LST1		3.0762742	
MIR200CHG		3.074957	
GPAT2		3.0740366	
MTCO3P12		3.0736377	
DHX57		3.0731468	
WIPI1		3.0712514	
VAMP1		3.070342	
PPP6R2		3.0694008	
TEX29		3.0680382	
H3C10		3.067292	
AIF1L		3.0621123	
UHRF2		3.0586545	
HSCB		3.0567822	
PLAC9		3.0554845	
MMP17		3.0552716	
CDK2		3.0507166	
NOXA1		3.0502937	
ZNF429		3.0502567	
PHF1		3.0494332	
LAGE3		3.0493157	
SIGLEC8		3.0482774	
RPL15P3		3.0473447	
TPPP		3.046945	
TRIM16		3.0453362	
EIF1		3.0449147	
CLTCL1		3.0439267	
ERCC1		3.0428143	
ZNF143-AS1		3.042596	
RTN4RL1		3.040997	
SMPD4P1		3.040256	
AOC3		3.0394735	
LAPTM5		3.0386124	
GOT1		3.037834	
RNF207		3.0370884	
RSPH3		3.035793	
GPD1L		3.0349166	
PITX2		3.0294042	
BRD1		3.0265026	
ATP6V0A2		3.0256891	
RPL7AP6		3.0247288	
E2F1		3.02446	
DDX3X		3.0236144	
ITGAE		3.0219364	
MIR4458HG		3.0213242	
PCYOX1L		3.020882	
SLC25A3		3.0195343	
GNPDA1		3.0193295	
LSP1P4		3.018977	
SOWAHA		3.0188982	
RIMS3		3.0172188	
KRT80		3.017086	
DAGLA		3.0162036	
CCDC124		3.0155349	
STK24		3.0146353	
MAGEF1		3.0136962	
RSBN1		3.0125196	
CELSR2		3.010768	
WDR5B		3.0106895	
PSKH1		3.009726	
SERTAD4		3.0088854	
ENTREP3		3.0084379	
STX5		3.007546	
SH3BP5-AS1		3.0062525	
RPL12P4		3.0062387	
TRAC		3.0039406	
CACNA2D4		3.0037117	
LINC01569		3.002266	
PPP1R8		3.0014994	
TSPAN31		3.0010266	
EHBP1-AS1		2.9990442	
TRBC2		2.9985497	
SMYD2		2.9984035	
TXNP6		2.9969823	
FN3KRP		2.9969668	
CCL11		2.9955199	
TADA1		2.9949453	
ZFAND4		2.991232	
TFIP11-DT		2.9898882	
COLQ		2.9882498	
RPA3		2.9856904	
DSCAM-AS1		2.9854457	
FLVCR1		2.9848816	
USF1		2.9845033	
MTMR4		2.9822202	
NUDCD2		2.9784863	
IGHG2		2.978079	
RPS28P7		2.9766505	
RNF128		2.9760945	
CHCHD4		2.9756188	
EFCAB15P		2.9754186	
COTL1		2.9751394	
SLC35A1		2.9738584	
ITPRIP		2.9736438	
CNEP1R1		2.9686584	
LOXL1		2.9679956	
TRPM4		2.9679546	
ORAI2		2.9674015	
SPNS3		2.9652083	
TMEM121		2.9641933	
LINC02080		2.963247	
LGALS4		2.9619179	
ERCC2		2.9606397	
DEPP1		2.9590232	
RPL32P18		2.9563243	
CUX1		2.9527147	
KDF1		2.9523995	
STARD5		2.9517384	
SSR1		2.9505103	
SPATC1		2.950132	
RPL34P33		2.9499893	
PGLS-DT		2.9494965	
HERC2P2		2.945755	
RPS20		2.943836	
LDHA		2.943806	
FBL		2.9418385	
CBLC		2.941654	
ZNF140		2.9399843	
DHCR7		2.9394827	
SLC1A4		2.9390838	
NDUFB3		2.9388423	
KIAA1671		2.9386559	
FKBP6		2.9374156	
CLPTM1L		2.9362745	
TAL1		2.9359748	
NIT1		2.9356282	
RPP25		2.9352665	
COQ7		2.935187	
MOCS3		2.9338799	
TRMT5		2.9338365	
HDHD5		2.9317117	
ARL2BP		2.9311616	
FBXL20		2.9307013	
MT-TD		2.9296105	
PARP10		2.92926	
HNRNPAB		2.9281585	
ATP6V0E1		2.9277673	
SLC19A1		2.926117	
KHSRP		2.922735	
PINK1		2.922058	
SLC6A16		2.9182808	
RPL11		2.9176185	
NAIP		2.9175992	
COG8		2.916845	
SNAI1		2.9162855	
CYP4F22		2.9161599	
RBM8A		2.9160056	
RPL27		2.9158847	
EDC3		2.9151368	
GSK3B-DT		2.913599	
SYP		2.9126608	
C16orf74		2.912249	
ATXN1L		2.9098494	
CNBD2		2.908683	
DYNC1I2P1		2.9082944	
KATNB1		2.9074383	
PYCARD-AS1		2.906195	
F12		2.9054468	
TMEM201		2.9037197	
GRASLND		2.9030309	
SUB1P3		2.9028096	
TSHZ2-AS1		2.9018757	
ZNF578		2.9018242	
MAGEH1		2.9018226	
ARRB2		2.9010704	
TMEM120B		2.900663	
PAQR6		2.8965075	
EVA1B		2.896375	
ITPR3		2.894722	
MYL6B-AS1		2.8942432	
TIMM9		2.8925276	
RNF113A		2.8921018	
PNPLA2		2.8905518	
TMEM258		2.8904834	
SERTAD4-AS1		2.8895776	
PRPF8		2.8880162	
ZNF701		2.8871167	
RNF122		2.8847902	
PIGO		2.883906	
MYORG		2.883764	
PLA2G2D		2.8819144	
MED11		2.8804204	
HES1		2.8787456	
ZBTB2		2.8786275	
ITGB5		2.8784742	
TMEM126A		2.8773036	
RPS4XP2		2.8763616	
NELFCD		2.87442	
CCDC192		2.8728063	
IGDCC3		2.870073	
SNRPC		2.869747	
CHST15		2.8691223	
ASAP3		2.8678956	
RPS23P8		2.8666396	
JPT2		2.8659854	
RPS28		2.8608048	
GDF5		2.8607178	
FGR		2.8557696	
RCBTB1		2.8466103	
MARF1		2.8439589	
UBE2J2		2.8438227	
UNC5CL		2.8435516	
SHMT2		2.843305	
NOL6		2.8409674	
RDM1P5		2.8394892	
SSBP4		2.8378522	
ATP5F1E		2.8370187	
OAZ3		2.8344533	
PSMC3P1		2.8341331	
ITGB4		2.833498	
NUDT4		2.8333948	
ADCY9		2.832587	
INO80		2.831455	
DMXL1-DT		2.8298135	
CYB561D1		2.8293462	
SSUH2		2.8267362	
SLC35B2		2.8257391	
EXOC3-AS1		2.8253925	
PRR15L		2.8231256	
HNRNPH2		2.8225632	
MYOZ3		2.8222861	
DENND1C		2.820385	
MGAT3		2.817187	
AATK		2.8167684	
DGKG		2.8154156	
ARHGAP9		2.8148224	
LINC01625		2.8145955	
YBEY		2.8121595	
PRADC1		2.8115659	
DIS3L		2.8095512	
PHLDA2		2.807288	
BSG-AS1		2.806067	
RPL15		2.8060215	
AP4S1		2.8032336	
BCOR		2.8018353	
TRIM45		2.8007917	
FAM27C		2.799839	
KCNJ11		2.7995927	
MST1L		2.7991698	
CROCCP2		2.7986825	
IMPACT		2.7938	
AKAP8L		2.7927506	
GALC		2.7923458	
RBL1		2.7899776	
LAX1		2.789948	
NCLN		2.789861	
VSIG10L2		2.7878566	
MPHOSPH8		2.7863505	
YJU2		2.7845705	
ALG8		2.784141	
ZNF833P		2.782998	
GPR132		2.779664	
ZNF256		2.7782924	
ALG9		2.7776136	
PDGFRB		2.7740273	
GPR137		2.7731705	
GLUL		2.7730367	
PGP		2.7720344	
FGF18		2.7703655	
UBFD1		2.768594	
BMP8A		2.766424	
C19orf44		2.7655375	
AP4B1		2.765491	
IGLC3		2.7641847	
H3C6		2.7638476	
ZNF843		2.76382	
OGDH		2.7636874	
SELENOT		2.7636669	
MRFAP1		2.7631516	
SCAMP5		2.7631342	
LINC01609		2.7593427	
CBX2		2.7591512	
HNRNPF		2.75754	
FDFT1		2.7558703	
ZNF850		2.7537658	
MMRN2		2.7503684	
RILPL1		2.7492754	
SLC2A5		2.7487776	
ATP5MK		2.7474575	
CINP		2.7468376	
SPESP1		2.7435877	
GRAMD1A		2.7435267	
KIF19		2.7426257	
ARMC6		2.7415574	
PIMREG		2.7409377	
ADCK5		2.7404637	
MILR1		2.7402427	
CDV3		2.7400482	
S100A10		2.7392175	
SEPTIN4		2.736102	
PDZD7		2.735798	
SLC16A14		2.7342122	
OXA1L-DT		2.7333853	
LNCOC1		2.7325985	
DDX54		2.7311578	
LTF		2.730881	
CFAP251		2.7306352	
ATG4A		2.7302475	
DYNLRB2-AS1		2.727798	
BAZ2A		2.7276788	
GPR153		2.7275703	
ATF6B		2.727554	
RAB25		2.7263703	
APOC1		2.7225788	
FRS3		2.7215428	
RETSAT		2.7214913	
CRIM1-DT		2.7184262	
DNMT3B		2.718051	
TPI1		2.717494	
MYOM1		2.7169209	
TMEM175		2.7164888	
CLIP2		2.7154918	
RPUSD3		2.7148519	
BLZF2P		2.7126105	
GHITM		2.7121067	
CCDC24		2.7031426	
TCEANC		2.702519	
TMEM63B		2.7020998	
ZNF563		2.7016692	
XPO1		2.7012508	
RPL10		2.7011607	
C2orf92		2.7010357	
FCGRT		2.6987636	
PPP1R10		2.6964827	
MED6		2.696443	
RPS27A		2.6963098	
CBX8		2.6959233	
CERK		2.6954718	
POMK		2.6930041	
RCOR2		2.6928957	
NUMA1		2.6886685	
DCAF7		2.687932	
UNC119B		2.6828244	
RPL4P4		2.6817262	
HIC2		2.676334	
ASPHD2		2.6672568	
SLC35E3		2.6665363	
TFCP2L1		2.666455	
FCSK		2.6662226	
NDUFB7		2.6641343	
GPRC5A		2.6641045	
IVNS1ABP		2.662443	
TSPO		2.661789	
LRRC25		2.659553	
EME1		2.6592004	
LINC00173		2.6566925	
NQO1		2.6561742	
FBXL16		2.6555834	
PLK2		2.6547472	
MCAM		2.6547332	
RPS2		2.6544502	
RRP12		2.6541545	
ARPP19		2.6541164	
IFT140		2.6515996	
DDI2		2.6484125	
MAFG		2.6482873	
SLC27A4		2.6466248	
EMC7		2.6455004	
DBP		2.6454353	
CIART		2.6448424	
DCST1-AS1		2.6443002	
ZNF268		2.6440313	
MAP2K7		2.6435723	
CITED2		2.6428437	
NDUFV2P1		2.6424365	
TXN		2.6422606	
ATOH8		2.6409988	
IFT22		2.6407862	
SDS		2.6402721	
SERPINF1		2.6374571	
HLA-DQA1		2.637113	
MDM2		2.6349566	
REM1		2.6344926	
CXCL1		2.631322	
TAF9B		2.6308181	
MROH1		2.6307724	
LINC03072		2.6305437	
RAPSN		2.6293795	
SLC35C2		2.629023	
SIGLEC1		2.6288192	
TMC8		2.6283753	
SARAF		2.6272223	
CKMT1B		2.6243427	
DGCR8		2.623193	
SPOCD1		2.6219795	
IGFBP5		2.6214907	
GRAP		2.6185734	
RPS15AP24		2.6178038	
RGS1		2.6152697	
SSPOP		2.6147919	
POLR3A		2.614732	
RPLP0P6		2.6144557	
NTMT1		2.6144402	
CACNA1H		2.6143153	
RABGEF1P3		2.6133254	
NPEPPSP1		2.6133182	
FMNL1-DT		2.6122253	
RPS6KL1		2.611579	
COPZ2		2.6082923	
SMG5		2.5997782	
MIR503HG		2.5981312	
GFPT2		2.5965314	
MFAP4		2.5962276	
NUTM2A-AS1		2.5960531	
DCAKD		2.595268	
C15orf48		2.593848	
WASHC2C		2.5927444	
MTCH2		2.5917034	
ZNF623		2.5911205	
TSKU		2.5876071	
SRSF3		2.5859473	
UQCRH		2.5839531	
CLBA1		2.5835938	
KRTCAP3		2.5811307	
TMEM192		2.580281	
SRSF5		2.5802405	
CHST10		2.5786026	
ATP5PF		2.5785155	
SGK2		2.5776205	
STMP1		2.5768328	
RPS15A		2.5766098	
BLMH		2.5760312	
LTB		2.5741925	
DCTPP1		2.5721884	
OSCAR		2.5711882	
NINJ2		2.5707943	
IRF3		2.5697434	
MYO7A		2.5683684	
ARHGEF15		2.568183	
MRC2		2.5679028	
MICB		2.5662947	
MIS12		2.5639327	
TNPO3		2.561258	
TUBGCP4		2.5597715	
IRAK1		2.556849	
RHBG		2.5552874	
TMED7-TICAM2		2.5547092	
PRDX5		2.5525596	
ZNF594-DT		2.5522504	
ZNF232-AS1		2.5508301	
CDCA5		2.5475583	
AKR1E2		2.54726	
MB		2.546571	
NPAS1		2.545576	
OSBPL2		2.5444098	
PAXIP1-DT		2.5442019	
ZNF528-AS1		2.542005	
KIAA1755		2.540309	
HIRA		2.5401073	
FAUP4		2.5395265	
CASQ2		2.5390668	
GGT7		2.538403	
LINC01999		2.5380216	
MZF1		2.5366488	
TMEM30B		2.5357554	
MAML1		2.5356438	
SHLD2P3		2.5348759	
ACTR8		2.5312133	
GSTP1		2.5309713	
NTHL1		2.530752	
CYTH4		2.5306227	
MDGA1		2.5297182	
POMP		2.5293484	
NDUFA6		2.529096	
ABCC1		2.5274234	
RPL10A		2.5272648	
PEF1		2.5266385	
RASL12		2.526379	
PAIP2		2.5246916	
MAD2L1BP		2.524097	
RDXP3		2.5239224	
MPLKIP		2.5234601	
CELF5		2.5229068	
PRKAG2-AS1		2.522503	
ACAP1		2.5223792	
POU2F2		2.52225	
TBC1D9B		2.5216017	
CCDC194		2.5185575	
ANKRD40		2.518003	
ERGIC1		2.516595	
TROAP		2.5165935	
DDRGK1		2.5146067	
MORN4		2.5135343	
BAIAP2		2.5130918	
RSPO1		2.5114079	
RPS13P2		2.5108843	
ZNF764		2.5088654	
PROSER1		2.508781	
C16orf89		2.5081532	
EEF2KMT		2.5078888	
TPP1		2.507125	
NHERF2		2.5051	
MIR1915HG		2.5047894	
ARAP3		2.5039947	
FOLR2		2.503942	
CBFA2T2		2.5035627	
CYGB		2.5008388	
EXO5-DT		2.4986124	
WWP2		2.494133	
UNC50		2.4940572	
COL6A2		2.4906342	
FSTL1		2.4884555	
HINT1		2.4873977	
ADAM11		2.4870813	
TNRC18		2.4865863	
EIF4ENIF1		2.4865265	
STARD7		2.4845474	
ZMYND10		2.4845195	
EFHD1		2.4842782	
WDR82		2.4840374	
ASCL2		2.4827409	
COX17		2.481537	
FTH1		2.4810777	
LRFN4		2.4806924	
ITGAM		2.4776602	
CRABP2		2.475058	
GNS		2.473704	
EIF5		2.4711208	
FAM83E		2.4710026	
IGLC2		2.4680812	
MRPL45P2		2.4669776	
DNPH1		2.4668846	
TIMELESS		2.466726	
LMTK3		2.4666462	
PDCD5		2.466468	
ADAM17		2.4661205	
CFAP68		2.4642363	
AKTIP		2.4633079	
PIERCE1		2.462819	
SPC24		2.4625494	
SLC44A2		2.4622526	
CEP20		2.4609752	
LILRB2		2.459747	
SKP1		2.4589736	
MANF		2.4579608	
RBP1		2.4577234	
RPS11P5		2.456122	
TRAF2		2.4560149	
NDST1		2.4553819	
MKRN1		2.455166	
HLA-DQB1		2.454014	
SEMA4A		2.4535959	
CSTF1		2.4488418	
RRP7A		2.4488204	
PHF10		2.4464784	
PRR15		2.4432607	
POLR3F		2.4427097	
GMPR2		2.441765	
CCDC127		2.4417179	
PLOD3		2.4403288	
RND2		2.4389572	
PPM1N		2.4370139	
NUP93-DT		2.43098	
RALY-AS1		2.4308314	
ZNF350		2.4306538	
PCNA		2.4292848	
COL13A1		2.4268963	
ZNF70		2.4260721	
GOLGA8A		2.4258468	
SYT12		2.4252212	
CCDC9		2.4247108	
DNASE1L1		2.4240487	
HMOX1		2.4233506	
PSMB1		2.4217825	
FGD1		2.421219	
DVL2		2.421148	
RPL7AP30		2.4210334	
NALF2		2.4200132	
MAP1B		2.4194012	
GIPR		2.4179707	
LGALS2		2.4175785	
NEXN		2.4168713	
PIK3IP1		2.416358	
ZNF682		2.415981	
ATAD3C		2.4151044	
C1QC		2.4133472	
EIF2S2		2.4127512	
SLC22A20P		2.412205	
CLDN8		2.4113898	
LINC01186		2.4094834	
NIPBL-DT		2.4092844	
ATP1A1		2.4079816	
LRRC15		2.4077604	
BIRC2		2.407097	
HADHB		2.4068334	
PARP11-AS1		2.40662	
PLVAP		2.404815	
LINC02202		2.404485	
C16orf54		2.404464	
DLGAP4		2.404417	
METTL27		2.4037638	
RPL37A		2.4036546	
NCOR1		2.4032788	
CD81-AS1		2.4031267	
TGOLN2		2.4031222	
SNAPIN		2.401154	
SRP19		2.4001992	
ACP5		2.3998086	
NUDT2		2.3997316	
COQ5		2.398289	
DAAM2-AS1		2.395987	
FBXL18		2.395327	
LPIN1		2.3950772	
EMP2		2.3941126	
ZNF888		2.3927987	
RPLP0P9		2.3921824	
DUSP22		2.3919826	
TP53INP2		2.3918722	
RPS17P16		2.391033	
CACNG6		2.3887143	
FOXRED2		2.3881524	
FASTKD3		2.386697	
PTPRQ		2.3861804	
CD14		2.3837793	
ZKSCAN2-DT		2.3801417	
TCF7		2.3798473	
POLRMT		2.3789997	
TM2D2		2.3782177	
PLEKHG2		2.3781612	
NFKBIL1		2.3766057	
ZNF793-AS1		2.3756182	
INPP5D		2.3740711	
DHCR7-DT		2.373391	
UBE2B		2.3724048	
KLHL9		2.3724003	
PCGF1		2.367075	
MAFK		2.3670342	
PPP1R3B		2.3662393	
LRRC8A		2.365048	
GEMIN7-AS1		2.3645017	
ST6GALNAC2		2.3636408	
CARMN		2.3633842	
RNF227		2.3616087	
HSPE1P4		2.3583872	
ZNF460-AS1		2.3578515	
PDPR		2.357044	
DOCK6		2.356696	
PCAT7		2.3551605	
ALOXE3P1		2.35494	
TMX1		2.354407	
FBXO28		2.3527362	
LRIG2		2.3526082	
TYSND1		2.351159	
HYAL2		2.3505075	
IL27RA		2.3501687	
JPH2		2.349262	
C5AR1		2.3480206	
PLA2G15		2.3474412	
TTC39A		2.346457	
PLS3		2.34495	
SCNN1B		2.3444803	
AKR1B1		2.3430889	
RBM5		2.342265	
GSTM3		2.3404725	
ZNF407-AS1		2.3395574	
CWF19L1		2.3395488	
COX7A2		2.3385606	
CLK1		2.3380568	
CD101		2.3377347	
DZIP1L		2.3362408	
VCF1		2.3357363	
NEURL1B		2.3346398	
CDHR2		2.3337188	
RASGRP2		2.3280408	
PKDCC		2.3278646	
PLPP6		2.3273985	
LINC02916		2.3247895	
ELF3-AS1		2.3243697	
SEC24C		2.3225796	
RFX5		2.3213944	
ASCC1		2.320739	
RAN		2.319339	
SLC16A13		2.3179219	
NDUFC1		2.317911	
MPP1		2.3177428	
DRG1		2.3165026	
CREB3L1		2.315583	
HLA-A		2.3155243	
ACOX3		2.3147032	
UTP15		2.3124163	
NLGN3		2.3123827	
TBX21		2.3107512	
TIMP3		2.3099802	
PMS2		2.309815	
HOXA10-AS		2.3089402	
HSP90AA1		2.3064477	
NUDT3		2.3034804	
RPL10AP2		2.3029206	
DYNLL1		2.3023894	
SOCS1		2.302233	
LINC02505		2.3013725	
WDR37		2.3012497	
UNC13D		2.300152	
MPP3		2.299327	
RAB11A		2.298353	
RPL37AP8		2.2980332	
SERHL2		2.2962437	
CAPN1-AS1		2.2956977	
DENND3		2.2953436	
GNG7		2.294734	
LCMT2		2.29236	
PPIL3		2.2907593	
MATK		2.2893035	
RASD1		2.288187	
RN7SL76P		2.288173	
FAM177A1		2.2878313	
PLP1		2.2878034	
STARD3		2.2869625	
CHRNB1		2.2868118	
GCAT		2.2856996	
NCOA6		2.2852838	
GINS3		2.284418	
GSTM5		2.2831748	
PSMB4		2.2831264	
METAP1		2.282692	
MKRN2		2.2809563	
CXCL2		2.2806795	
EIF3D		2.2800448	
CKMT1A		2.2792442	
ZNF79		2.2775166	
MORN2		2.2766528	
RAPGEFL1		2.2753334	
RSBN1L		2.2752347	
PCCA-DT		2.274416	
UBE2L5		2.2740304	
CCZ1		2.2733731	
ACOT4		2.2719226	
UBE2A		2.2665977	
UBAP1L		2.2664533	
QSOX1		2.266333	
PODNL1		2.2635522	
ASIC1		2.2627938	
ZNF721		2.2621138	
SAAL1		2.2613144	
THY1		2.2610743	
TMEM11		2.260598	
SORD2P		2.2601113	
DRICH1		2.2592964	
PMVK		2.2587137	
SKA2		2.258364	
CD27-AS1		2.2563782	
RPL26P37		2.2551851	
ZNF93		2.2547207	
GALT		2.2534697	
RRP7BP		2.2532284	
VMA21		2.2515619	
METTL6		2.250892	
PIK3R6		2.250442	
C14orf132		2.2482572	
LINC02204		2.2467299	
PGAM1		2.2460964	
TINCR		2.2448106	
SSRP1		2.2417192	
PPP1R18		2.2402742	
BNIP3P1		2.2373455	
ASS1		2.237235	
TBC1D22A-DT		2.2360704	
TESMIN		2.2345924	
TUBA1B		2.233482	
HEYL		2.2321851	
H2AZ1		2.2311733	
MYH9		2.2305455	
ADGRG5		2.2298386	
DUSP8		2.229763	
DIO1		2.225608	
AQP1		2.225393	
RPL7		2.2243612	
SNAPC5		2.224242	
RNF26		2.2240758	
RBSN		2.2228882	
KCP		2.2200963	
THRSP		2.2197058	
KDM4B		2.218977	
SRARP		2.2187266	
TSPAN11		2.2176068	
TSPAN3		2.2163877	
MINK1		2.2145672	
EVA1A-AS		2.2142768	
MTCYBP35		2.2138202	
CLN8-AS1		2.2111456	
PRELID3B		2.210958	
PRKAR1A		2.209916	
VDAC3		2.2094405	
SEPTIN9		2.2088656	
MRPS18CP7		2.2088351	
CASC3		2.2084432	
SLC35F1		2.2077682	
STOML2		2.207688	
ZNF461		2.2065337	
ZSCAN5A		2.2063959	
PSMD1		2.2049224	
NORAD		2.2044876	
NPR1		2.2034428	
BPNT2		2.2023816	
SPOP		2.2023342	
HSPA12B		2.1990747	
ZNF99		2.1990643	
CSNK2A1		2.1984456	
COX11		2.1969955	
HSP90AA3P		2.196962	
CD37		2.1963787	
PHTF1		2.1952765	
EIF4A3		2.1940246	
CILP		2.1939862	
CAMK2B		2.193274	
BRSK1		2.1928592	
CXCR4		2.1915352	
ZNF597		2.1898034	
DLG5		2.1894567	
ITGB2		2.1883254	
PRKRIP1		2.1878905	
SLC30A4		2.184933	
OSGEPL1-AS1		2.183297	
RAB27A		2.1827435	
EDRF1-DT		2.18104	
PHLDB1		2.180176	
DDX50		2.1801727	
IRX2		2.1798217	
INPP5E		2.1794195	
TM9SF2		2.172389	
YWHAQ		2.1718304	
PYY		2.1711955	
SCNN1A		2.1705966	
EGFL7		2.1684456	
ZNF821		2.1675029	
PRDX6		2.1659787	
KIAA1191		2.1656454	
TNFRSF17		2.163863	
P4HA3		2.1637785	
SNRPA1		2.1629806	
SMIM3		2.1627991	
FAM20A		2.162412	
SUPT7L		2.161526	
LSG1		2.1609192	
LIX1L		2.159479	
TGM2		2.1567178	
QRICH2		2.1516132	
RPL34P27		2.1509645	
PLA2G10		2.1495144	
EMC3		2.146991	
DHX34		2.1466198	
LINC01891		2.146169	
ITGAD		2.1422749	
CROCC		2.1419058	
ZP3		2.14145	
RPL12P50		2.1399212	
CHMP4B		2.1363597	
SLC1A6		2.1343827	
IL2RB-AS1		2.1343374	
ATP5IF1		2.1341584	
AFMID		2.1337335	
PIEZO1		2.1316822	
AGFG2		2.1316495	
WASHC3		2.130321	
PNOC		2.1303139	
COMP		2.1297112	
MLLT11		2.1296494	
AP1M1		2.1292803	
COQ10A		2.1289136	
BMI1		2.1288676	
JPT1		2.1288617	
SBF2-AS1		2.128656	
NUDT10		2.1280305	
RPL13A		2.127184	
PPP1R15A		2.1270964	
ZC3H7B		2.1267753	
MEAF6		2.1262567	
GPT2		2.1236544	
RAPGEF6		2.1222355	
HLA-DPB1		2.1222243	
HHEX		2.120439	
URB1-AS1		2.1198647	
UBE2V2		2.1181705	
NTNG2		2.1180675	
INSR		2.1168265	
SLC37A3		2.1159754	
DMAC1		2.114518	
RBM22		2.1140234	
RFFL		2.1135674	
PPP6R3		2.1133296	
HTRA3		2.1128721	
H2BC11		2.111266	
CTSH		2.1103554	
MYLK		2.109484	
HLA-DMB		2.1086915	
ALDH3B1		2.1064284	
TEX264		2.1038737	
TERB1		2.1035717	
EIF3FP3		2.10072	
BCAT2		2.0996513	
HLA-C		2.0995378	
MTHFD1		2.0947354	
FN1		2.094044	
EIF4A2		2.093419	
UBE2CP5		2.0926714	
MRTFA		2.092602	
ERO1A		2.0925465	
NPEPPS		2.090298	
PTRHD1		2.0901732	
SLPI		2.0885696	
LOXL2		2.0883353	
RPL31		2.0881443	
MIOS-DT		2.0849693	
MED28		2.0849473	
ZNF284		2.0845957	
PFDN6		2.0838385	
HES2		2.0834138	
TMEM218		2.0831864	
MOV10L1		2.082719	
PGAP4		2.0817704	
SMIM15-AS1		2.080467	
AGPAT2		2.0802605	
FH		2.0790331	
NDUFB2		2.0783901	
NOXRED1		2.0770886	
ZFP36L2		2.0763552	
BBS10		2.0751038	
SOX17		2.072548	
MAEA		2.0719	
MVP-DT		2.0712004	
ACTN1-DT		2.0711794	
CALHM5		2.0700686	
TRIB1		2.0684376	
DUSP28		2.0670242	
RPL37AP1		2.066457	
EPB41		2.0647027	
BMS1P7		2.0645995	
TFAP2A		2.0644069	
ZNF302		2.0643067	
WAS		2.0637152	
SEL1L		2.0635252	
TJAP1		2.062714	
CD180		2.062205	
EMC4		2.0595572	
CYB5R2		2.0595007	
SLC25A37		2.058494	
LASTR		2.057195	
CCDC157		2.056699	
ATAT1		2.0566676	
GTF2IRD2B		2.0557063	
GNPTAB		2.0540614	
MMP28		2.0522044	
SRRM4		2.051059	
WNT7B		2.0508134	
SF3B4		2.0505126	
RPS27AP16		2.0496132	
SUSD5		2.049333	
BEX5		2.0484843	
FUT3		2.045765	
NUDT15		2.0457382	
H3-3A-DT		2.0442924	
GGCX		2.044022	
KLK4		2.0429394	
GPR160		2.040758	
SDK1-AS1		2.0397193	
MTARC2		2.0396786	
ZNF815P		2.0365095	
SERPINA1		2.0360258	
B3GALT4		2.034185	
BFSP1		2.0337005	
NOP9		2.0315645	
ZSWIM4		2.0314834	
SAMD14		2.029916	
KAZN-AS1		2.0297618	
RBP5		2.0297499	
SLC38A8		2.0289352	
SNAP29		2.028125	
EPHA2		2.027851	
PCMTD2		2.0271406	
CNDP2		2.02317	
ILRUN-AS1		2.0227547	
SUMO2P17		2.0220487	
RPS21		2.0210905	
RINL		2.0200522	
PGRMC1		2.0199852	
TTC39A-AS1		2.0195346	
TMBIM6		2.017919	
SDF4		2.0156848	
UBXN1		2.0151308	
APOBEC1		2.0142307	
S100A2		2.0129044	
PRKAR1B		2.012357	
LYAR		2.0109222	
RCC2		2.0100408	
C8orf76		2.009617	
YWHAB		2.0089486	
RPL13AP5		2.0085473	
NIPA1		2.0083652	
DOLK		2.0070097	
CD276		2.004697	
NXNL2		2.0041008	
MED25		2.0015047	
LINC02861		2.001231	
STAG3L2		2.001162	
STK38		2.0009522	
MARS1		1.9982638	
ZFP36L1		1.9975809	
MXD1		1.9959637	
ZNF233		1.9948112	
RNF5		1.994637	
TMEM236		1.9932804	
FAM111A-DT		1.992009	
GOLGA2		1.9906099	
ZNF367		1.9899644	
CCDC69		1.9896997	
HMGB3		1.9896233	
LINC01895		1.9852989	
PJA1		1.9845132	
TFF1		1.9836715	
MPC2		1.9834774	
S100P		1.9828495	
ZNF66		1.9818445	
TMEM92-AS1		1.9810697	
GABARAPL1		1.9792902	
FOSB		1.9791393	
ZIK1		1.9789114	
EZH1		1.9788407	
SH3D21		1.9788277	
S100A8		1.9780449	
FOXJ2		1.9768649	
NFKBIA		1.9750419	
CDH1		1.9733096	
STX8		1.9725438	
CRYBB2P1		1.9722956	
HYLS1		1.9721662	
HSH2D		1.9707338	
BLVRA		1.9705484	
CABP1		1.9681429	
ZNF385A		1.9665754	
PRSS22		1.9651349	
ZNF813		1.964686	
SUGP1		1.9646511	
SGSM1		1.9643469	
SCN4A		1.9639555	
LSM8		1.9630357	
FAM177B		1.962217	
ABITRAM		1.9617068	
LRRC4B		1.960501	
COQ2		1.95918	
SLC41A1		1.9587407	
SLC9A8		1.9586455	
MTND2P28		1.9579514	
NUDT21		1.95759	
MTMR11		1.9569529	
HOXB2		1.9558822	
FBRS		1.9555395	
ATXN2		1.9547205	
LINC01836		1.9534839	
PPARA		1.9529698	
SF3B3		1.9518554	
CHRAC1		1.9507295	
EPPK1		1.9502301	
DCST2		1.9500352	
PPIL1		1.9495327	
THRA		1.9487138	
NMT2		1.9486383	
HIPK3		1.9484994	
SYNPO		1.9483488	
TRMT10B		1.947701	
KMT5B		1.9467927	
FARP2		1.9458526	
TMEM70		1.9457881	
INTS1		1.9448475	
KLHL6		1.9444767	
SPEN-AS1		1.9437624	
SAT1		1.9425308	
MRPL35		1.9414433	
PDXK		1.9397097	
TRBC1		1.9389865	
HSD17B7P2		1.938615	
TMTC4		1.9375478	
CFAP20		1.9370557	
EID2		1.9360206	
SRPK2		1.934128	
FAM111A		1.93301	
RBM14-RBM4		1.9317816	
FGFBP3		1.930443	
ZNF574		1.9301492	
CSKMT		1.9300107	
FER1L5		1.9294869	
ATP5PDP4		1.9279827	
PRAME		1.9278882	
GPN1		1.9273545	
MRPS18C		1.926326	
RPS12P23		1.9246768	
MYO9B		1.922967	
SPP1		1.9228086	
CACNG4		1.9223807	
NGFR-AS1		1.9220262	
EIF3J		1.9216565	
CACNB1		1.9215668	
LRRC8D		1.918028	
ZNHIT3		1.9168516	
CPNE5		1.9162202	
ATRAID		1.9154662	
KRT17		1.9153554	
SNHG25		1.9150532	
LINC01362		1.9129308	
TMCO4		1.9125233	
ADSS1		1.9117423	
TRMT12		1.9114968	
SIPA1L3		1.9109349	
QPRT		1.9093212	
CLTA		1.9092469	
TFDP1		1.9076184	
DONSON		1.9075193	
DCAF4		1.9060936	
RTKN		1.9052885	
ARL5C		1.9044228	
KRT10		1.9033222	
HYOU1		1.9024433	
NDN		1.9017555	
YIPF5		1.9005387	
CHAF1B		1.8991363	
CTIF-AS1		1.898225	
MT-TF		1.8980426	
HERC3		1.8954036	
DAB2IP		1.8949449	
CARD16		1.8946314	
ITGA7		1.8945794	
NELFB		1.8939581	
CIAPIN1		1.8930068	
RPS18P5		1.8923708	
UNC79		1.8922777	
SMIM41-AS1		1.8921726	
DUSP14		1.892088	
ZNF793		1.8915019	
FA2H		1.890581	
ARNT		1.8904983	
GPC1-AS1		1.890443	
FCRLB		1.8895094	
HMGN5		1.8894465	
CA5B		1.8892466	
AACS		1.8888397	
PSMB9		1.8885872	
SNX1		1.8842424	
PIP4K2B		1.884135	
CCNP		1.8833243	
PDGFA		1.8827012	
RRAGA		1.882269	
CHRD		1.8820683	
MYPOP		1.881379	
ZNF615		1.8804309	
ZNF670-ZNF695		1.8795989	
RPL5P34		1.8789183	
RPL35A		1.8778918	
POLR1G		1.877787	
DDX21		1.8776414	
ZC3H12B		1.8776392	
GGT6		1.8771571	
LINC01290		1.8756311	
PHLDB3		1.8754492	
ARL6IP6		1.8752173	
HLA-DPA1		1.8739111	
RFX2		1.8737448	
ZNF275		1.8731732	
BST2		1.8722955	
SETD1A		1.872081	
ATP6V1E1		1.8710536	
GSTO1		1.870352	
ITPKC		1.869623	
LINC00702		1.8693013	
RNF185		1.8684809	
SLC2A6		1.8682318	
DTYMK		1.8676044	
B3GNT9		1.867481	
IDI1		1.8671224	
ACOT13		1.8667903	
ZSCAN16		1.8637784	
EI24		1.8636042	
PRRT3-AS1		1.8629557	
NAT8L		1.8625175	
ZNF425		1.8601975	
H2BC6		1.8600776	
TDRKH		1.8576655	
HMGN4		1.8563682	
TMEM87A		1.8543801	
MAPK13		1.854283	
ASB8		1.8538882	
SERP2		1.8535094	
PLLP		1.8532311	
RAB4A		1.8530462	
TOMM34		1.8522885	
RARA		1.8521403	
LIMASI		1.8521285	
MPC1		1.851687	
PDPN		1.8512796	
TRIM35		1.8502884	
KLF10		1.8482842	
NPW		1.8481996	
BACE1		1.8472857	
FBXL22		1.8467226	
MMP24OS		1.8461465	
ACTR10		1.8459817	
TOM1L2		1.8439739	
MCTS1		1.8429236	
BMP4		1.8413508	
HOXB7		1.8402473	
CYS1		1.8400574	
KIAA1143		1.840013	
SERPINB5		1.8393483	
XBP1		1.8363452	
PML		1.8355442	
CHCHD2		1.8348095	
FASTKD2		1.8346004	
WDR45		1.8340005	
HROB		1.8335894	
MID1IP1		1.8329467	
RPL7P9		1.8324347	
NKAIN1		1.8319621	
LINC02663		1.831523	
POLR2K		1.8314638	
POMT2		1.8309	
EFR3B		1.8305296	
TSSK3		1.8302473	
PIAS3		1.8295466	
RILPL2		1.8294815	
RNF41		1.8294729	
SEC22B		1.8293008	
SCOC		1.8266855	
TGIF2-RAB5IF		1.8262469	
STIP1		1.8249452	
TNIP2		1.8249042	
RBM24		1.824847	
MED19		1.824721	
STX18-AS1		1.8243663	
UTP3		1.8240166	
MSN		1.8220725	
RBFOX1		1.8213359	
ZNF343		1.8210669	
IL19		1.820552	
RPS2P7		1.8179042	
TMEM63C		1.8168771	
H2BC21		1.8164	
POM121L9P		1.8155811	
NUP93		1.814971	
IL10RB		1.8119652	
FDPS		1.810506	
ARRDC3		1.8098841	
CLP1		1.8090775	
ZNF295-AS1		1.807172	
SEM1		1.804737	
EIF2S2P4		1.8036947	
LCP1		1.8026513	
ABR		1.8021379	
LAPTM4A		1.8017883	
SH3BP5		1.799583	
VANGL2		1.7991136	
ARMCX1		1.7987329	
CCDC117		1.79806	
PSME3IP1		1.7977026	
LINC01562		1.7971462	
POMGNT2		1.7970814	
DGKZ		1.7970626	
KCTD21		1.796738	
IQCE		1.7965753	
WSB2		1.794406	
CD83		1.7927221	
TMEM51		1.7919252	
NBR2		1.7910874	
GAS8		1.7906914	
GPI		1.7873366	
PLD6		1.7862694	
DDX6		1.7837114	
GJC3		1.7833452	
HMGN3		1.7824725	
LINC01116		1.7807162	
BRD7		1.7802083	
CDAN1		1.7799696	
RBM23		1.7795665	
USP39		1.7792526	
ARHGAP40		1.77885	
TMBIM1		1.7780193	
ZFC3H1		1.7750419	
PGBD5		1.7736918	
EEF2K		1.7736077	
LINC02731		1.7723619	
COL5A1		1.771223	
ARHGAP23		1.7677227	
SPINK8		1.7667321	
PGLYRP2		1.7661791	
ZNF329		1.7659454	
KIAA0513		1.7656773	
TMPRSS2		1.7649846	
MDH1		1.7649555	
TMEM60		1.7647653	
UBE2D2		1.7626914	
BCAN-AS1		1.7622569	
LINC01016		1.7621449	
TMEM238		1.7613229	
PITPNM1		1.7602865	
TLNRD1		1.7599952	
HLA-B		1.7589381	
IFI27L1		1.7563207	
CXCL3		1.7556779	
MAP3K14		1.7552755	
RPL34P31		1.7529484	
EIF2D		1.7523916	
CD63-AS1		1.7512534	
UNC13C		1.7511499	
TMEM230		1.7509227	
IL10RA		1.7508005	
FAM86JP		1.7497401	
LAT2		1.7478887	
TCP1		1.7477275	
CSF2RB		1.7470286	
XPO5		1.746528	
PIK3IP1-DT		1.7460413	
MGST3		1.745369	
RDM1		1.7452872	
MFSD2A		1.7450477	
TCF15		1.7439878	
LINC02520		1.7435236	
TEDC2		1.7434707	
RPL13AP22		1.7433972	
RGS3		1.7420207	
EPHB2		1.7417573	
TMEM119		1.7403699	
RPS27P3		1.7400374	
SLC8B1		1.7398373	
NFU1		1.7397668	
PAQR5		1.7360294	
DNAJC5		1.7358288	
ANO1		1.7337091	
GCNA		1.7329433	
LINC02967		1.7323012	
SNRPGP2		1.7319967	
BCL2L15		1.7316138	
PPP5D1P		1.7315761	
MAP3K2-DT		1.7300004	
NXT1		1.7290432	
RAB5IF		1.7281929	
NUP133		1.7281861	
RPL24		1.7273884	
ARV1		1.72718	
RAB6A		1.7265786	
OCIAD1		1.7258065	
OAS1		1.7247583	
MAT2B		1.72397	
MILIP		1.7236027	
CHCHD7		1.72274	
COG3		1.7223183	
KRBA2		1.7212613	
CD52		1.7209524	
STOM		1.7204338	
CDC42		1.7203751	
IGDCC4		1.71933	
ZNF541		1.7183369	
ZSCAN29		1.7175292	
POLR1C		1.7163893	
SNAI3		1.7162223	
HECTD4		1.7161213	
FAM178B		1.7158962	
RNF121		1.7152817	
PDE2A		1.7114139	
LAMC3		1.7113949	
EIF4EBP2		1.7113457	
MRPL51		1.7104757	
OGA		1.7100546	
ACOT2		1.709438	
THBS2-AS1		1.7092046	
ALG2		1.7091502	
NBPF4		1.7089856	
RPLP1		1.708893	
FADD		1.7077208	
PIH1D2		1.7073296	
GPER1		1.7073243	
FOXO4		1.7072448	
APH1A		1.7065179	
KDM7A-DT		1.7040287	
ABCA15P		1.7035072	
PRDX3		1.7003844	
GPR157		1.6997064	
TMEM254-AS1		1.6990834	
MRPS5		1.6988628	
SIRT2		1.6984384	
KAZALD1		1.6979306	
PAFAH2		1.6975528	
LINC02894		1.6969109	
SRCIN1		1.6951967	
ZKSCAN7		1.6951046	
PLA2G4C		1.6950185	
UQCC6		1.6944789	
KCNC4		1.6942282	
MYO7B-AS1		1.6934704	
CST6		1.6934246	
INTS14		1.6931862	
MT1G		1.6921474	
HOPX		1.6920269	
TPT1		1.6900243	
ARTN		1.6873873	
CARS2		1.6867175	
STAC2		1.6854419	
ARF4		1.6854397	
LINC02436		1.6845363	
FAM220A		1.6842699	
GREB1L-AS1		1.6840781	
FAM107A		1.6834929	
PBDC1		1.6829336	
CDH5		1.682368	
ZFR2		1.6821914	
GOLGA3		1.6821243	
SLC35F4-AS1		1.6820074	
RPL3		1.681704	
ZNF730		1.6812711	
PWWP3A		1.6805725	
SNRPFP1		1.6805049	
IGSF1		1.6804026	
DHRS3		1.6793679	
S100A6		1.6785458	
ADCY7		1.6784374	
LINC02572		1.67695	
NIF3L1		1.6761818	
MAFB		1.6750263	
SIRT4		1.6747552	
KLC1		1.6741724	
NDRG2		1.6741036	
TP53INP1		1.6721964	
PAX7		1.6719302	
SPIN2B		1.6716579	
CD3D		1.6708955	
TLE3		1.6702907	
ZNF431		1.6701382	
C18orf32		1.6695465	
HTRA1		1.6687837	
GDPD5		1.6675661	
NEMP1		1.6656687	
NIPSNAP1		1.6620095	
LINC00654		1.6619724	
C19orf48P		1.6614369	
AP4E1		1.6614317	
NAPSB		1.6612173	
MLYCD		1.6597152	
MNX1		1.6596297	
RTP4		1.6595547	
COMMD9		1.657945	
WDR46		1.6576995	
UBTF		1.6569828	
NATD1		1.6542568	
RGPD2		1.6528827	
TIMM29		1.6522337	
TSPAN14		1.6521112	
FCHO1		1.6507607	
MESP2		1.6499798	
ZNF677		1.6485765	
LSM14B		1.6470747	
TRAFD1		1.647031	
RAB42		1.6468948	
DSTN		1.6447928	
PGS1		1.6443235	
SOCS7		1.6414487	
CC2D1B		1.64091	
IKBKE		1.6392648	
WSCD1		1.6378328	
JDP2		1.6372154	
TMEM35A		1.6371052	
LINC01133		1.6367364	
GZMB		1.6360339	
RPL24P2		1.6351913	
CCDC57		1.6345241	
EVA1C		1.6343036	
EPDR1		1.6327742	
PPFIA3		1.6322882	
KCNE1		1.6319004	
SNCG		1.6307371	
CKS1B		1.6302171	
TMIGD3		1.629448	
MRPL52		1.6293129	
TNFRSF8		1.6282218	
PSMG1		1.6280223	
ELN		1.6278346	
DUT-AS1		1.6263252	
ZFP36		1.6258484	
LINC00581		1.624768	
SLC28A1		1.6236693	
ADCY5		1.6225626	
OXSM		1.6222434	
ANAPC15		1.6210448	
IDH2		1.6209161	
HLCS-AS1		1.6205686	
DNAJC18		1.6188977	
ELK1		1.6187884	
CHRNA10		1.6186309	
NSUN2		1.6183364	
ENO1		1.6182721	
LRRN4CL		1.6175002	
FCN1		1.6154474	
FGFR1		1.6154295	
PLEKHG5		1.6152343	
RGS14		1.6130371	
LINC02975		1.612461	
PSMA4		1.6120732	
RCN3		1.6118402	
EPHA10		1.6115769	
NOB1		1.6108378	
CCL21		1.6100149	
PRAM1		1.6096058	
SLC2A14		1.6092117	
SLC66A3		1.606691	
RBM15B		1.606575	
MEGF8		1.6064645	
CARNMT1-AS1		1.6063951	
RS1		1.6053885	
MFSD4A		1.6047662	
VSTM2L		1.6039649	
PASK		1.6031915	
UHRF1		1.603031	
ZNF680		1.60151	
RPL7P23		1.600928	
ITGA8		1.6007727	
SUSD3		1.600642	
NUDT19		1.5996524	
LILRB4		1.5992184	
NOL11		1.5972446	
CKAP2L		1.5972402	
KLF5		1.5951694	
ASPHD1		1.5941024	
SEC22B4P		1.5909466	
WIPI2		1.5902663	
SLC25A46		1.5898188	
CACNA1B		1.5881505	
BAIAP3		1.5873883	
THAP11		1.5873731	
STARD3NL		1.5869173	
CCL16		1.5862616	
C12orf76		1.5861515	
TNFRSF9		1.5845981	
CLK3		1.584309	
PTGIS		1.5835346	
TAOK3		1.5832722	
THG1L		1.5828856	
UEVLD		1.5811845	
PDE8B		1.5802796	
HOXA-AS2		1.5795798	
RAB36		1.5791359	
WBP2NL		1.5782777	
PARS2		1.5780249	
CRCP		1.5771505	
KMT2D		1.5765114	
C21orf58		1.575567	
LRP3		1.5752984	
LASP1NB		1.5751287	
ZNF264		1.5746748	
LSM5		1.5743291	
GNAS-AS1		1.5729349	
SLC27A5		1.5724708	
WDR91		1.572187	
FAM133DP		1.5703974	
FCGR2C		1.5682875	
KAT14		1.5678416	
TM2D1		1.5669829	
NFIB-AS1		1.5668101	
MARCHF5		1.5638412	
ZNF747-DT		1.5629634	
ADAMTS15		1.5628552	
WASHC2A		1.5624063	
RPS27		1.5623574	
ZSWIM1		1.5617176	
HMGN2P46		1.5611994	
ARHGEF5		1.5591601	
SMIM10		1.5588619	
LBH		1.5578736	
BAD		1.5571067	
POP5		1.5562899	
CCN2		1.5554667	
RAB6C-AS1		1.5545672	
TNFRSF12A		1.5528382	
TUBG2		1.5515906	
ZWILCH		1.5512238	
SHROOM1		1.5504411	
PRUNE1		1.55033	
RANBP1		1.549929	
UQCRB		1.5491033	
HOXD8		1.5485502	
MMGT1		1.5483773	
CCND3		1.5457262	
CDC25A		1.5393049	
FAM180A		1.5392934	
LINC02636		1.5388347	
CASP1		1.5383265	
PRXL2A		1.5373942	
JAKMIP1-DT		1.5349513	
GARIN1A		1.5348823	
TTC9C		1.534654	
ACYP1		1.5343149	
RP9P		1.5338907	
TMEM150B		1.5333215	
SCARF1		1.5318763	
RPL10P19		1.528062	
SLC25A42		1.5280262	
ECHDC2		1.5279671	
HSPA13		1.5278809	
TIMM21		1.5243458	
COX7B		1.5241491	
NOP58		1.5240363	
NUPR2		1.523028	
TMEM63A		1.5223265	
SPR		1.5205352	
PIK3CD		1.5189722	
ZNF404		1.5159631	
LILRB1		1.515946	
DHTKD1		1.5146234	
RASSF5		1.5136181	
ZNF346		1.5130666	
LINC01503		1.5129263	
GAPDH		1.5123057	
CEP41		1.5122653	
MAP4		1.5117154	
ZXDB		1.5115317	
CDCA3		1.5109459	
NSUN5P1		1.5099518	
FCGR3A		1.509291	
SLC7A8		1.5071404	
KBTBD6		1.5064616	
OASL		1.5063486	
SLC9A1		1.5062507	
GLTC1		1.506227	
USHBP1		1.5057019	
FIBIN		1.5056175	
SDHC		1.5055078	
GIMAP2		1.5045079	
TDP2		1.5022255	
FAM222A		1.5020849	
HDGF		1.5018834	
CCNT1		1.5017614	
TUBB6		1.5015981	
UBE2K		1.5009755	
MFHAS1		1.5007375	
NIBAN3		1.5002156	
ZNF319		1.4979764	
CDR2		1.4973488	
TBL3		1.4965111	
NBPF15		1.4961752	
MADCAM1		1.4942138	
ARF6		1.4941847	
SYT15-AS1		1.4940675	
APOBEC3F		1.4938432	
BIN1		1.4901699	
CXCL17		1.4896555	
TOMM20L		1.4877942	
KLC3		1.4877826	
ZFAND5		1.4876001	
CCDC88C		1.4875236	
NR2F2		1.4867392	
CDC42SE1		1.486258	
TNS2-AS1		1.485703	
ZBTB4		1.485635	
CCDC8		1.4817039	
RPL30		1.4811918	
TMPRSS13		1.4811274	
COG7		1.4795126	
CALHM2		1.4792415	
PMS2CL		1.4787787	
BTF3L4		1.4784861	
SOX18		1.4780344	
HGD		1.4767135	
ADRB2		1.4765626	
NBPF11		1.4747131	
GPKOW		1.474632	
ZRSR2		1.4744213	
REEP1		1.4742727	
CPNE2		1.4740012	
PSMB3		1.4687246	
CEBPA		1.4672803	
LGMN		1.465727	
SLC25A5		1.4645194	
ARMH3		1.4642217	
BAMBI		1.4639071	
CTNS		1.463541	
GFOD1		1.4634321	
LDLR		1.4633456	
CABP4		1.4632665	
MAP1A		1.4631342	
EIF2B4		1.4623406	
NOMO3		1.4616292	
HSPA1A		1.4611173	
MRPL15		1.4600775	
PNMA1		1.4586506	
YIPF4		1.4578036	
H2BC19P		1.4575104	
NARF		1.4564394	
ADGRE5		1.4562597	
MIRLET7A1HG		1.455164	
UPF3AP1		1.4548304	
MYOF		1.4543954	
FOXK2		1.4531076	
CCNJL		1.4529268	
TOMM20L-DT		1.4527094	
GLOD4		1.4522183	
PHACTR4		1.4512466	
ACOT1		1.4509155	
PCDHB2		1.4498863	
PIGU		1.4498588	
AP1G1		1.449613	
LINC03060		1.4489483	
CKB		1.4483057	
PTAFR		1.4473288	
MX1		1.447252	
CHRM1-AS1		1.4465752	
LINC00698		1.4460839	
HDHD3		1.4455762	
CDC6		1.4444842	
MATN2		1.4441807	
SLC7A5		1.4438837	
ZNF236-DT		1.4437543	
LPA		1.4431154	
LRRC42		1.4429287	
ACAN		1.4428033	
KHDC1-AS1		1.4426812	
SNRPEP2		1.4425309	
AKR1C3		1.4421864	
VRTN		1.4414127	
AKR1A1		1.4412347	
LINC02028		1.439341	
PITPNC1		1.4386485	
JUN		1.4371126	
KDM6B		1.436859	
B2M		1.4366605	
BOLA3-DT		1.4358213	
ANXA11		1.4356877	
TMEM101		1.4354023	
NECTIN4		1.4352002	
LTBP2		1.4346609	
CHMP5		1.4342381	
CES4A		1.4338095	
GUSBP11		1.4330667	
MRPS23		1.4325167	
BATF2		1.432193	
LINC00174		1.4319309	
B4GALNT2		1.4293482	
NAP1L1P1		1.4285303	
LCMT1-AS1		1.4283904	
LRRN1		1.4272056	
AQP3		1.4266626	
RNF39		1.4263011	
TRMT44		1.4256114	
PDP1		1.4233419	
MAP3K14-AS1		1.4232799	
UVSSA		1.4220062	
OVOL2		1.4211174	
TBC1D20		1.4186809	
RAF1		1.4159938	
LINC01841		1.4159459	
GYPC		1.415849	
COA5		1.4155978	
EOGT-DT		1.4152762	
ZNF467		1.4147578	
PNPLA4		1.4132278	
CORO2A		1.4126009	
ARG2		1.4108816	
HENMT1		1.4088635	
DNAJB9		1.4088049	
YJU2B		1.4076205	
MYH14		1.4070774	
DYNC1LI2		1.4067717	
PLAC8L1		1.406196	
MYBL2		1.4059656	
RILP		1.4052253	
CDK5RAP1		1.405037	
GABPB2		1.4048051	
ZBED3		1.4044006	
INTS11		1.403752	
ATP2A2		1.4037288	
PSMA7		1.4036434	
MEDAG		1.4035589	
TBP		1.4032727	
U2AF1		1.4026524	
FOS		1.4024655	
TRIM46		1.4015388	
ZNF875		1.400554	
ETS2		1.3993723	
SHISAL1		1.398837	
TUBGCP2		1.3987333	
MYOM3		1.3966966	
CAPN12		1.3966385	
CTDSP2		1.3962913	
NACA3P		1.3957497	
ZMYND15		1.3949784	
ABCC6		1.3944277	
RDH13		1.3927617	
PLPPR5		1.3923585	
MRPL36		1.3920186	
GGA2		1.3912592	
C2orf72		1.3900875	
EIF5B		1.3891423	
ACBD7		1.3890464	
SPNS2		1.3888425	
MEG3		1.3874152	
SLC16A5		1.3872479	
HCAR1		1.3852627	
SNRPF-DT		1.3848836	
BYSL		1.3848156	
C2orf69		1.3846825	
MT-TP		1.3833642	
DENND5A		1.3823831	
SNX8		1.3815087	
TAP1		1.3815043	
PJVK		1.3814732	
LGI2		1.3811837	
TRAIP		1.3788882	
NEAT1		1.3781993	
VSIG10		1.3775747	
RPS18		1.3770291	
RBM6		1.3759384	
GSR		1.3758491	
TBC1D16		1.3752141	
PIM1		1.3745649	
TONSL		1.3731793	
DNER		1.3722526	
RNFT2		1.3720742	
RAB3D		1.3719267	
AXIN1		1.370685	
PGRMC2		1.3692524	
DDX23		1.3685216	
CADM3-AS1		1.3682482	
SRP9		1.3677521	
CD27		1.3662424	
PPCDC		1.3662236	
TNFRSF13C		1.3661164	
SCAP		1.3660562	
RBM38		1.3659308	
TXNL4A		1.3654929	
INPP5J		1.3650554	
FBXO36		1.3639858	
RFC4		1.3638005	
NBR1		1.3635982	
CHMP6		1.3622619	
LMNB2		1.3621808	
AP3M1		1.3597884	
TBXAS1		1.3563718	
PRMT6		1.3561436	
NHSL3		1.3544519	
STX16-NPEPL1		1.3533905	
GPAT4-AS1		1.3533149	
WDR5		1.3511727	
TMEM41B		1.3505034	
RAI2		1.3498254	
C6orf132		1.3494004	
NPM3		1.3490372	
LRRC37A3		1.3488138	
PLK5		1.3478501	
ZNF217		1.3478022	
RAC2		1.3475223	
FCRL1		1.3453757	
MYCL		1.3441869	
DOK2		1.3437852	
ATP6V1B2		1.342761	
FAM210B		1.3421739	
FSD2		1.3412496	
GRK6		1.3407174	
H2AC25		1.3402034	
JRK		1.3398079	
RTN2		1.3392696	
UGDH-AS1		1.3389812	
GTF2IP5		1.3389521	
VSTM1		1.3385216	
RPL35AP21		1.3383908	
PBX4		1.3368027	
LINC00939		1.3361634	
NDUFA4		1.3354206	
INHBA		1.3353667	
TRIM29		1.3353319	
MUCL1		1.3337858	
SLC25A18		1.3329935	
TEKTIP1		1.3328316	
PGK1		1.3315427	
ANKRD65		1.3306276	
ZDHHC23		1.3299502	
EHMT2-AS1		1.3298379	
BCAS4		1.3287225	
VEGFA		1.3285762	
SNRPG		1.3274115	
MAL2		1.3251249	
BCL2L1		1.3241116	
SLC7A7		1.3240447	
SEC61B		1.3237562	
RAMP3		1.3228712	
PITPNM2		1.32229	
HID1		1.3218164	
ZNF572		1.3216583	
EIF2B1		1.321429	
GRSF1		1.3213141	
FAM131A		1.320749	
SRP72P2		1.3206749	
ZYG11B		1.3182448	
EIF2B5		1.3178729	
ZNF792		1.3175073	
SLC4A3		1.3170938	
SRD5A3-AS1		1.3167212	
PLAAT3		1.3159311	
PGAP3		1.3157052	
ELMOD1		1.3155011	
NRBP2		1.3131031	
TERF1P4		1.3128723	
LINC02482		1.31247	
GNB1L		1.3109038	
TAS1R1		1.310058	
TOMM70		1.3096975	
CUL9		1.3090333	
ADAMTS4		1.308679	
ACTN1		1.3079454	
ZNF487		1.3077977	
RPL27AP		1.3077959	
TFAP2E		1.3073823	
PPFIA4		1.3071404	
SHISA2		1.3071048	
SRPRB		1.3069038	
AIFM2		1.3066233	
LONP1		1.306245	
EPOP		1.3062125	
PGM1		1.3048115	
BAG3		1.3044049	
CORO7		1.3016796	
LINC00885		1.3011236	
CRTC1		1.299357	
ZER1		1.2986009	
PCAT19		1.2977632	
CCL5		1.296567	
DHX38		1.2959534	
NADK		1.2955028	
SNX5		1.2940986	
UCHL1		1.2938805	
OLFML2A		1.2932767	
DDX43		1.2929517	
PLA2G6		1.2919586	
MESD		1.2910317	
TYW1		1.2908128	
IRX3		1.2901499	
IRF1		1.2895066	
FBXO24		1.2894053	
EFS		1.2889682	
SPMIP2		1.2884543	
SDR42E1		1.2875935	
TAF1A-AS1		1.2867676	
BLCAP		1.2859331	
THUMPD3-AS1		1.2844658	
CEP68		1.2842723	
GRHL1		1.2839452	
C1orf74		1.2829555	
ABI3		1.2827414	
TMEM187		1.2821084	
GATA3-AS1		1.2819862	
SEC16A		1.2813593	
PLEKHA4		1.2808666	
LAMB2P1		1.2800304	
RNASE6		1.2794375	
SLX4		1.2780247	
TRPV1		1.2773271	
ALDH7A1		1.2729881	
DMTN		1.2725525	
PWWP2A		1.2722685	
CAMK1		1.2710639	
TRPV3		1.2701234	
SULT2B1		1.2701099	
ACP1		1.2683665	
MRPL57		1.2682768	
GRIN2D		1.2681211	
NNMT		1.2678204	
SLC45A1		1.2671801	
FAM86C1P		1.2671543	
GCDH		1.2669274	
SNED1-AS1		1.2668021	
WRNIP1		1.2633739	
LINC01591		1.262774	
PTPRB-AS1		1.2624183	
UBL5P2		1.2611848	
GRIA3		1.2611526	
PDCD2		1.2611187	
HHIPL1		1.2610996	
ALDH5A1		1.260792	
ADAP2		1.2594621	
SLC22A17		1.258312	
RPL10P9		1.256888	
DSCC1		1.2568082	
COL9A2		1.2567132	
ALDH16A1		1.2561183	
CASP9		1.2556213	
MEF2D		1.254841	
MREG		1.2534795	
IL6R		1.2516042	
EPHX2		1.2512462	
HOXC13		1.250726	
CLEC14A		1.2493814	
TPMT		1.2488503	
CARD14		1.2455959	
ANKRD49		1.2444726	
ANKRD13D		1.2443748	
EMID1		1.244039	
MEI1		1.2434418	
CD8A		1.2422156	
LINC01521		1.2420254	
LMNB1-DT		1.2401212	
TRAM2-AS1		1.2398245	
MAGT1		1.2397982	
CILP2		1.2388272	
ENG		1.2383405	
HEATR5A-DT		1.2383041	
HMGA1		1.2377217	
TSPAN7		1.2376289	
PRH1		1.2365872	
TSPAN6		1.2364506	
SRSF11		1.234766	
GINS2		1.2337747	
RPS23		1.2335341	
TSPYL1		1.2328616	
COL27A1		1.2324204	
RAD54L2		1.2322054	
LINC02021		1.2319907	
SQSTM1		1.2318581	
ZNF56P		1.2310908	
LINC02822		1.2306596	
CACNA1I		1.2284222	
CD70		1.2284203	
DMGDH		1.2250695	
ZIC2		1.2246686	
SVOPL		1.2240072	
LINC02352		1.2233839	
FAM110D		1.2226087	
RACGAP1		1.221859	
MS4A2		1.2205179	
RBBP9		1.2193973	
STARD13-AS		1.2182478	
TUBA1B-AS1		1.2181396	
PIPOX		1.217377	
ZFAS1		1.2160552	
PITPNA-AS1		1.2159263	
MXD3		1.2144454	
EOMES		1.2142829	
FAAHP1		1.2131566	
PSMC3IP		1.2131139	
SEMA3B		1.2128606	
BASP1		1.2111623	
SLAMF8		1.2110813	
ITGA2B		1.2098062	
FUCA1		1.2096242	
RPL7P1		1.2096133	
TSKS		1.2088186	
ZFP62		1.208703	
BTF3		1.2085065	
LNCTSI		1.2083893	
TIMM50		1.2082239	
SLC29A4		1.2081562	
MAPT		1.2079297	
IQGAP3		1.2075133	
RPP40		1.2073798	
GATC		1.2069614	
RPL17P50		1.2068375	
SETD5		1.2068111	
LINC02576		1.2067078	
LINC02035		1.2066889	
OSBPL5		1.2065873	
THAP8		1.2053584	
FAM117A		1.2050017	
LCK		1.203576	
ITGA5		1.2029561	
TGFB3		1.2024724	
CPA6		1.1998816	
FECH		1.1990893	
SGTB		1.1983923	
TOMM22-DT		1.1973653	
CDKN1C		1.1973636	
ID2		1.196861	
DNAH2		1.1962699	
FGD3		1.1960349	
C9orf40		1.1959587	
SLC12A1		1.1948892	
KISS1R		1.1948456	
IFNLR1		1.1947186	
NIPSNAP3B		1.1946375	
ADRA2A		1.1945951	
ZNF154		1.1935953	
HAGLR		1.1929517	
MYL12A		1.1926062	
SEMA5B		1.1924206	
CDCA4		1.1904237	
EPN3		1.1900651	
SLC35E4		1.1896929	
RPRD1A		1.1893884	
RWDD2B		1.1889471	
DRAM2		1.1881489	
ADPRHL1		1.1869493	
ZNF550		1.185724	
ADAMTS7P4		1.1846006	
MCM4		1.1842391	
TERF1P7		1.1822597	
ITGAL		1.1820211	
KCNE3		1.1799794	
LRP5L		1.1798673	
RPAP1		1.1798513	
ABCC13		1.1791426	
RPL31P19		1.178646	
FAM30A		1.1778585	
GOLPH3-DT		1.1777219	
ZNF12		1.1772081	
MAL		1.177079	
AFAP1L2		1.1766344	
LZTS3		1.1764593	
SNN		1.1758502	
ZIM2		1.175786	
HMGN1		1.1748292	
IL12RB1		1.1720283	
PDZK1IP1		1.1711861	
CSPG5		1.169693	
PPP2CB		1.1678231	
SALL2		1.1661695	
TRNP1		1.1658603	
TFB2M		1.1656377	
GOLGA6L10		1.164665	
VAV2		1.1636564	
NDUFAF4		1.1629409	
TRUB2		1.1620003	
RAD9A		1.1575911	
CYP27B1		1.157022	
EVPL		1.156946	
WEE2-AS1		1.1563057	
MAPKAPK5		1.1562091	
NEK2-DT		1.1558871	
POU2AF1		1.1549652	
MPST		1.1541867	
PTTG1		1.1538558	
ENSA		1.153381	
RSRP1		1.1529177	
LINC02363		1.1527747	
NGEF		1.1517373	
PDP2		1.1497471	
ISCA1		1.1488277	
PDK1		1.1487927	
LINC01951		1.1482867	
RP2		1.1481303	
CFAP74		1.1470889	
KLHL12		1.1469439	
MKX		1.1469029	
ENOSF1		1.1463513	
CAV3		1.1457354	
AKNA		1.1456021	
AMIGO1		1.1453365	
PRNP		1.1451926	
NR1H2		1.1445053	
MGST2		1.1443809	
EFEMP1		1.1437303	
TLCD3B		1.1434503	
ETF1		1.1425662	
ZNF85		1.1422727	
XPNPEP1		1.1421021	
MSANTD2-AS1		1.1419611	
CHASERR		1.1411487	
CFAP90		1.1410986	
ABCG1		1.1398932	
ZFHX3		1.1395437	
KHDC4		1.1391332	
DCAF5		1.1373609	
TRAPPC6B		1.1357818	
ACAD8		1.1344292	
UNC5A		1.1340723	
EXOSC9		1.1325811	
THNSL2		1.1313463	
GLDN		1.130368	
TSPAN15		1.1294304	
ANKS6		1.1290516	
UBP1		1.1274662	
WARS1		1.1263444	
TRMT6		1.1263148	
STC1		1.1258508	
CYP4F11		1.125825	
ATG9B		1.1254454	
COQ3		1.1240817	
RNFT1		1.1235117	
KIAA0319L		1.1228187	
EDN1		1.1224843	
ZNF83		1.121565	
PDZK1P1		1.1210657	
LINC00624		1.1205899	
ETFA		1.1189137	
ZFHX2-AS1		1.1179688	
C1orf54		1.11734	
TMEM130		1.1166306	
VNN2		1.1165122	
RPS15AP38		1.1160572	
MSH2		1.1160171	
ZNF805		1.1159455	
EIF4G2		1.1157181	
RPSA		1.11544	
WNT9A		1.1131212	
TMEM267		1.1130998	
CCDC144NL-AS1		1.1129148	
FALEC		1.112502	
HBA2		1.1109046	
RPS29P3		1.1096163	
WSB1		1.1089946	
SIT1		1.1085842	
IGHM		1.1080974	
TIMM8A		1.1077708	
ZNF845		1.1076616	
NKD2		1.10744	
COL1A2		1.1067718	
ASPSCR1		1.1064641	
MANEAL		1.1062237	
EBF4		1.1055804	
ELMOD3		1.1055388	
KPNA2		1.1055068	
SPPL2A		1.1053199	
LINC02568		1.1048892	
GLP2R		1.1043239	
NECTIN2		1.1040845	
SPRED2		1.1040449	
TNFAIP8L3		1.1031218	
USP43		1.1012316	
UROS		1.1008018	
NPC1		1.1003181	
TBPL1		1.1001283	
LINC01235		1.0995512	
PTPN9		1.0995284	
PCK2		1.0984678	
RPS13		1.0983657	
SPATS2		1.098063	
MARK2		1.0976168	
UBXN10		1.0969596	
RIMBP2		1.0966947	
PRPS1		1.0964007	
NIT2		1.0958596	
RIPK4		1.0952325	
GNA15		1.0948555	
FBXO6		1.0945727	
ITGB7		1.0941838	
WWP1-AS1		1.093937	
ALDH8A1		1.093199	
TTLL4		1.0930873	
ZNF232		1.092424	
ECHDC3		1.0914004	
GRM3		1.0907968	
ZNF491		1.0888652	
ZNF594		1.0875704	
DGLUCY		1.087565	
BCL6		1.0870216	
MAPRE1		1.0867852	
CALB2		1.085513	
CXCR5		1.0848969	
MIR205HG		1.084795	
BRD3OS		1.084437	
CNIH1		1.0842669	
POLR1A		1.0833791	
ZNF432		1.0833421	
ARL17B		1.0832428	
TMC2		1.0828799	
IFIT1		1.0824865	
RPS29P11		1.0821688	
EPHB6		1.0814049	
KLHL21		1.0805324	
APOL6		1.079998	
SEPTIN6		1.0771488	
HABP4		1.0767814	
ANGPTL4		1.0754969	
ANKEF1		1.0737801	
FAM78A		1.0734718	
YARS1		1.0726646	
ERMP1		1.0725014	
NAP1L5		1.071285	
LINC01010		1.0709957	
WRAP73		1.0708231	
ZNF710-AS1		1.0705017	
UBE2T		1.0703855	
SPIRE2		1.0703208	
IRX2-DT		1.068213	
UBIAD1		1.0677522	
CDA		1.0659679	
LINC02067		1.0658667	
STRA6		1.0654821	
GSDMC		1.0652901	
DNAJB6		1.0644397	
NIP7		1.0637345	
CREM		1.0622542	
RMC1		1.0621182	
ATXN7L3-AS1		1.0606291	
ZNF225		1.0605333	
RAB31		1.0596336	
RPS6		1.0592589	
RWDD4		1.0578471	
MGME1		1.0556576	
SMDT1		1.0555847	
FAF2		1.055348	
IQCK		1.0545392	
BRD4		1.0537477	
WDCP		1.0536454	
ALPL		1.0535254	
OLMALINC		1.0532045	
ELP4-AS1		1.0531688	
IL1R2		1.0530541	
SAA1		1.0518684	
MOCOS		1.0497495	
RRM1		1.049229	
OSER1		1.0488386	
QDPR		1.0477046	
VSIG4		1.0461432	
BLOC1S5-TXNDC5		1.0457987	
UBE2D3		1.045649	
ZNF442		1.0456285	
LIPA		1.0453463	
LINC01410		1.044609	
NXT2		1.0441153	
ZNF599		1.0437852	
ROBO4		1.0437784	
LLGL1		1.0433694	
MARCHF10-AS1		1.0430665	
PLIN5		1.0429536	
CCNO		1.0429381	
DUOX1		1.0424613	
YWHAEP7		1.042168	
TMEM14A		1.041295	
ASB15		1.0409948	
SCAI		1.0407882	
LINC00926		1.0397565	
PNP		1.0397553	
GCH1		1.0396494	
NDUFA8		1.0393925	
ARL17A		1.03904	
ZNF426		1.0370387	
NAPA		1.0365771	
E2F2		1.0361942	
FAM83D		1.0356286	
PAQR4		1.0353888	
RAMP2-AS1		1.0346338	
CEACAM19		1.0341518	
MBD1		1.0330045	
CCDC34		1.0324064	
DDX18		1.0322046	
TMEM33		1.0317802	
STMND1		1.0311811	
CNOT6		1.0305586	
DUXAP8		1.030107	
FAM201A		1.0300965	
PDIA4		1.029986	
THOC2		1.0297674	
PILRA		1.0289227	
ATP5MC3		1.0288607	
C1orf167		1.0283319	
DDX3ILA1		1.0277966	
MEX3C		1.0273571	
ATP8B1		1.0271901	
MEIS3		1.0267624	
MIEF1		1.0257457	
SH3TC2-DT		1.0241821	
AVPR1A		1.0221332	
SPARC		1.0218418	
SYNC		1.0212412	
AGPAT3		1.0204861	
FRY-AS1		1.02036	
SLC25A38		1.0199667	
RRP9		1.0199487	
MARCO		1.0199182	
COMT		1.0197092	
RTN3		1.019557	
LINC01250		1.0191298	
LINC01781		1.017821	
INPP5K		1.0176554	
EPHX1		1.0176479	
C1orf56		1.0175985	
ZNF350-AS1		1.0174279	
CAMKK1		1.016404	
RNF149		1.0162065	
CD3E		1.0150826	
LINC01703		1.0146505	
DTX4		1.0134312	
BMERB1		1.0133765	
ZNF266		1.0129645	
MAX		1.0125413	
CD4		1.0121118	
LINC02680		1.0115973	
MRPS18A		1.0113168	
VAPA		1.0102473	
TRIM8		1.0099775	
LIPH		1.0090272	
CWC25		1.0083858	
STX3		1.0075825	
NUGGC		1.0063189	
MTRR		1.0056881	
FCGR2B		1.0056635	
RNF216		1.0056158	
DAND5		1.0043843	
NSG1		1.0035125	
SPCS1		1.001953	
GATA3		1.0017097	
DACT3-AS1		1.0012782	
TP53I3		1.000336	
SIGLEC9		1.000235	
CYTH3		1.0000342	
KCNK17		0.9998062	
AHCYL1		0.99971825	
LRRC32		0.99932295	
TMEM160		0.999123	
TRIM17		0.99880123	
KLHDC10		0.9985328	
PLEKHD1		0.9975372	
DMAC2L		0.9971246	
PABIR2		0.9963765	
CX3CL1		0.9961296	
ADIPOR2		0.9960567	
ZBTB5		0.9958398	
AARS2		0.995411	
CHRNA1		0.9948007	
CDT1		0.9946771	
PTPN7		0.9946092	
PRRG4		0.99446297	
CENPM		0.9935061	
TUBD1		0.9931399	
NUDT9		0.992913	
CLEC19A		0.99210006	
OSR2		0.9918642	
LINC01285		0.9914066	
LINC03026		0.99035263	
TYRO3		0.98968714	
ENHO		0.98959446	
CENPH		0.9890817	
FAM162A		0.9885906	
ZNF778-DT		0.9882562	
LINC02018		0.98787725	
COL15A1		0.98734695	
CARS1		0.9860841	
NCOR2		0.9859025	
CAND1		0.98483026	
LINC01128		0.9847838	
DEPTOR		0.98464495	
KLRD1		0.98401994	
SF3A1		0.983886	
RBM43		0.98317415	
DKC1		0.9831695	
ZMIZ1		0.98277324	
FAM133A		0.9824923	
RAP2C		0.9812957	
PECAM1		0.98126346	
HLA-DRA		0.98080325	
NRDE2		0.9805078	
ST6GALNAC1		0.9800674	
ADGRA2		0.9791392	
TTPAL		0.97861445	
MAGIX		0.9784691	
PDGFB		0.97827834	
DNAI2		0.97812665	
LINC01624		0.9776379	
CRYBB3		0.9769259	
ACO2		0.9766982	
TSPAN13		0.9765049	
BNIP1		0.9764188	
WDR33		0.97616524	
H2AC8		0.9760277	
USP22		0.9758311	
TPTE2P1		0.975752	
ODC1		0.9753188	
SGK1		0.9751964	
LINC01727		0.97503996	
HEBP1		0.97368747	
HOXA7		0.97346705	
EEF1B2P2		0.9732452	
SLC25A21-AS1		0.9724753	
ADARB2		0.97186023	
VASN		0.97158116	
LINC00870		0.9712013	
CDK5R1		0.9711656	
LHX1-DT		0.97031784	
PAFAH1B2		0.9690354	
C8orf33		0.9682983	
ZFAND2A-DT		0.96783596	
AGMAT		0.9675011	
ZNF257		0.9655692	
DRAXIN		0.96543145	
PSRC1		0.96453416	
SEPTIN9-DT		0.9625106	
TYW1B		0.9623059	
CHLSN		0.9621213	
GGTA1		0.9619723	
CIAO3		0.9613561	
IHO1		0.9600744	
SRSF4		0.9596702	
SNRPE		0.9590931	
CCDC62		0.9582497	
NEXN-AS1		0.95737725	
TMCO1-AS1		0.9563332	
NAV1		0.9557765	
ATP5F1CP1		0.9551211	
EXTL3-AS1		0.95450574	
PEX12		0.9515686	
BTN3A2		0.9513138	
LINC01695		0.9513097	
TRADD		0.95056087	
CALML3		0.9500497	
DNAJC9-AS1		0.9489655	
NDUFB1P1		0.9489393	
TTLL9		0.9487794	
TNKS1BP1		0.9471466	
ARHGAP30		0.9471334	
GPR146		0.9470853	
GORASP2		0.9464074	
ACOT11		0.9462853	
ITIH5		0.9456009	
WFDC10B		0.94389594	
RPL23P6		0.94365907	
DHX9-AS1		0.9431688	
KNOP1		0.94312906	
TMPRSS6		0.94264996	
NUDT13		0.9416456	
SLC12A9-AS1		0.94115216	
EMP3		0.9404547	
ALDH9A1		0.93992037	
RPL34P18		0.9399186	
CDK2AP1		0.9393562	
TSEN2		0.93803865	
KIF3C		0.9369811	
MT-ND4L		0.935675	
SRL		0.9348361	
SRRM3		0.93468297	
EEF1B2P6		0.93311304	
CDC25C		0.93260324	
PITPNM3		0.93222713	
POLE4		0.9318484	
PRPSAP2		0.9312279	
SHISA6		0.9310348	
MN1		0.9309959	
CUEDC1		0.92899656	
CCDC83		0.9285425	
ZCRB1		0.9282509	
USF2		0.9281835	
MRPL21		0.9281352	
SLC19A2		0.9267671	
CCL2		0.92415375	
CSRNP2		0.9241526	
HPN		0.92374593	
ALDH1A3		0.9234953	
AGA		0.92340934	
RBX1		0.923108	
MGAT2		0.9225105	
NT5M		0.9224586	
RHOBTB2-AS1		0.92221975	
DERL1		0.92215985	
MTMR9LP		0.92184365	
TNNT1		0.9218368	
GRK4		0.9216787	
ZNF490		0.9204978	
TMEM158		0.91994816	
PRC1		0.91957164	
TBX3-AS1		0.91956556	
FSCN1		0.91951406	
CD99L2		0.9190302	
BFSP2-AS1		0.91893095	
APLN		0.9171487	
CBR1		0.9160764	
PRSS16		0.9145385	
L2HGDH		0.9144197	
MAK16		0.9138066	
TMEM52B		0.91344506	
FAM124B		0.9129919	
ATF3		0.9126566	
LPP-AS2		0.9113884	
IGHA2		0.9110613	
RPL23		0.9108892	
DPF1		0.91088897	
PPP2R2D		0.9107968	
LINC01012		0.9101282	
EIF4A1P10		0.9097871	
AKR1C2		0.90958804	
SHROOM2		0.9089506	
CERS5		0.90855706	
GSTA4		0.908274	
AQP11		0.907145	
ADGRE1		0.90704304	
C3AR1		0.90702504	
CHKA		0.90687865	
ABHD10		0.9062124	
LENG8-AS1		0.90560097	
ZNF415		0.9051363	
PXK		0.9041267	
VHL		0.90399784	
PLPPR3		0.9037062	
TEFM		0.903563	
PDCD6IPP2		0.9031379	
TP53TG1		0.9027854	
KIAA1614		0.9013705	
HOXC12		0.9013409	
CDK18		0.9006534	
GPR89B		0.90061414	
ATP5F1A		0.9001002	
ICMT		0.8992338	
OLR1		0.8988278	
OCLNP1		0.89864755	
ATP6V0A4		0.8971714	
ZSCAN5A-AS1		0.89701563	
CD79A		0.8968278	
PTPRU		0.89628094	
LRRC2		0.89574575	
TBX3		0.8952515	
ECI1		0.89477634	
PRR5		0.8945238	
CIMAP3		0.8932161	
PPP1R13B-DT		0.89281	
SEMA6B		0.89252776	
SMAD3		0.8924486	
LINC01983		0.89236146	
HYAL1		0.8920475	
CXCR3		0.8913647	
ABLIM2		0.8909034	
DNAJA3		0.8906868	
RPL5P1		0.890623	
CALD1		0.89024925	
LINC02642		0.8891116	
EBAG9		0.8888106	
GVQW3		0.88839674	
ZNF135		0.88784045	
RGL3		0.8878362	
CATSPER2		0.8843236	
GCC2-AS1		0.88425106	
ADO		0.88348466	
ZNF440		0.88298094	
NLRP12		0.88276166	
COL21A1		0.8822358	
DUSP2		0.8820653	
PHF23		0.88204443	
TRAF3IP2		0.88187003	
CHDH		0.88177514	
CBFA2T3		0.8812825	
KIF26A		0.88122106	
SSC4D		0.88047355	
ITPKB		0.87810963	
ELOVL2		0.87725633	
ICAM1		0.87722677	
BEST1		0.8767882	
LRATD2		0.87607694	
TCEAL9		0.8757719	
STOX1		0.87517715	
RIMS4		0.8748429	
RAB37		0.8745361	
APOL4		0.8740341	
EPOR		0.87378037	
CBR4		0.8732148	
KIF20A		0.8730625	
LINC02558		0.8726486	
AMDHD1		0.87199	
NOVA2		0.87196743	
SLC51A		0.8712293	
PTCSC2		0.87120324	
RYR2		0.8708502	
C19orf25		0.87067	
MCM5		0.870507	
SLIT3-AS2		0.8699771	
HLA-DMA		0.86959237	
CASKIN1		0.8691448	
ORMDL1		0.8688214	
DCLRE1B		0.8685246	
EIF2B2		0.86837333	
ASPA		0.8676725	
CYP4F23P		0.86752003	
ADAR		0.86704546	
SEZ6L		0.8669846	
MAGEE1		0.86694676	
PADI2		0.8668908	
SPATC1L		0.8666987	
SPMIP5		0.8659563	
SCUBE3		0.865197	
TIE1		0.8647247	
THAP2		0.86471754	
RPL6P27		0.8645006	
NPL		0.863726	
ERBB3		0.86316997	
LRFN3		0.862933	
FBLIM1		0.86182386	
NPSR1		0.8610179	
RMND5A		0.8601434	
PROCR		0.8600837	
LINC01488		0.85967577	
MCM2		0.85880923	
TCAF1		0.85819656	
SLC16A1-AS1		0.8580231	
MUC5B		0.85737187	
GATD3		0.8563292	
MARVELD3		0.8561242	
DENND5B-AS1		0.8553753	
OPTN		0.8551519	
ZFYVE1		0.8549118	
BDNF		0.85263056	
SKI		0.8512	
CYP2E1		0.85061216	
CD300LG		0.85048074	
MUL1		0.85039735	
SDHAP4		0.8500443	
LINC00558		0.8487423	
GPX3		0.8477703	
SRPX		0.8476409	
FBXO16		0.84699684	
PCTP		0.8462202	
MICAL3		0.8461363	
CASP4LP		0.8451173	
BCL2L1-AS1		0.8448099	
RRN3		0.8444872	
PDK3		0.8443485	
EAPP		0.8443481	
CFAP298-TCP10L		0.8443312	
TMOD1		0.84319186	
NEMF		0.8431185	
HLA-DRB1		0.84286845	
KCNC3		0.8422534	
ZNF385B		0.8421107	
AKR7A3		0.84142935	
MUC16		0.840926	
FBXO42		0.84089416	
LIG3		0.84071934	
RRM2		0.8382562	
ZNF880		0.8382233	
APOL3		0.83794796	
LINC01871		0.8374442	
CYB5R3		0.83724016	
RASSF3		0.8369489	
DAPL1		0.83690226	
ARHGEF39		0.8365751	
PTPRJ		0.8363767	
CATSPERG		0.8360224	
CHST2		0.83598477	
INHBB		0.83576655	
KARS1		0.83576494	
METTL24		0.83555925	
FAM234B		0.83551717	
FANCE		0.8348864	
ZNF48		0.83421195	
LRRC37A5P		0.83414394	
ZFP28		0.8338263	
LINC00910		0.8317699	
GTF2IRD1		0.83159727	
RAD51		0.8309888	
MACROH2A2		0.8309407	
CDC20		0.8307261	
CHI3L1		0.830322	
EGR2		0.8302057	
H2BC8		0.82970065	
RNF182		0.8292536	
HEXIM2-AS1		0.8287752	
CADM3		0.8286012	
F3		0.827295	
KRTAP5-AS1		0.8272167	
RPL7P6		0.8267093	
KDM2A		0.8266947	
GPC4		0.826598	
ZNF596		0.8259283	
BRME1		0.82515264	
SNRPB2		0.82444936	
NONO		0.8239372	
TNC		0.8235612	
PIWIL2		0.8232321	
SPECC1P1		0.8231269	
RPS29		0.82139975	
RAB17-DT		0.81959426	
AQP7B		0.8188264	
CASP6		0.8186823	
LINC02456		0.8185066	
ZNF445		0.818478	
NOD1		0.8166021	
CA12		0.816367	
CD44		0.81536096	
LIMK2		0.8145153	
TAF12		0.81420594	
BCL7A		0.8137472	
ERMARD		0.8134356	
DAP3		0.8121526	
RFC2		0.8115242	
SNX24		0.8114408	
TTC7A		0.8110267	
AAK1		0.8110122	
NUMBL		0.8104238	
ALDH2		0.81022906	
CCAR2		0.8101837	
PORCN		0.8089675	
ZSCAN31		0.80895007	
CNOT7		0.8087115	
IFIT3		0.8085457	
RAB23		0.80827427	
TNS4		0.8077201	
BCL9L		0.8076	
CIDEB		0.80711675	
LUC7L		0.8067767	
PTPRF		0.80648124	
XRCC3		0.8062443	
EYA3		0.80590194	
CUTC		0.80517393	
SEC13		0.8049805	
TNK2		0.8044285	
MTHFSD		0.8044004	
ZBP1		0.8037913	
CIMIP5		0.80340004	
IRF4		0.80331385	
RPL37A-DT		0.8032493	
MFAP5		0.80324304	
PHLPP2		0.8023609	
TMA7		0.80201197	
COPS7A		0.80198306	
TJP3		0.8017431	
RCL1		0.8005784	
CHD3		0.8000773	
COG1		0.7998809	
ST8SIA2		0.7992486	
TMEM64		0.7983655	
TMEM140		0.7969044	
GPR68		0.79654294	
SYT17		0.79507077	
SLC25A33		0.79506725	
MROH8		0.79468733	
SHTN1		0.79347765	
MX2		0.7912034	
KLRB1		0.791072	
TUFT1		0.78955644	
LINC00475		0.7895191	
TMPRSS7		0.78862643	
UBN1		0.78857964	
MSRB3-AS1		0.78764	
GATM		0.7876305	
PTCD3		0.7873363	
ABCA3		0.78657776	
LY6E-DT		0.78623	
YRDC		0.78536063	
LINC02466		0.7843481	
FAM222B		0.7831101	
PPP1R14D		0.7828566	
MRPS21		0.7826176	
TOB1-AS1		0.7824177	
RCSD1		0.7818743	
CLDN10		0.78186697	
SH3PXD2B		0.7817472	
LINC00930		0.78137606	
HYKK		0.7812721	
MRPS33		0.7806211	
LINC01550		0.7804609	
ARL1		0.77857614	
CYB5D2		0.77851814	
SHCBP1L		0.77707	
APOO		0.77648336	
ADI1		0.776358	
UBE2Q1		0.7759121	
RELA-DT		0.77587867	
MTURN		0.77509475	
EXOG		0.77505577	
YPEL5		0.7747154	
OAS3		0.77333957	
C1R		0.7732794	
CISD2		0.77217567	
ACTG1P17		0.77187747	
RUNX3		0.77019423	
NFKBIE		0.7701193	
CFAP53		0.7701128	
HCLS1		0.76902217	
MLPH		0.76864266	
DSEL		0.7684426	
TTC1		0.7683302	
GPR173		0.76831496	
RNF114		0.767712	
ACSBG2		0.7674402	
TMEM229B		0.76741856	
CLIP3		0.76646715	
POGZ		0.76554227	
FAM98A		0.76518625	
TMPRSS3		0.7648328	
IDH1		0.7647111	
IQCA1		0.7646148	
GATA2-AS1		0.7616988	
C5AR2		0.7616513	
SPTBN4		0.76146924	
CHST3		0.76118505	
POLR2M		0.76063794	
SHLD2		0.76053834	
COMMD6		0.760258	
H2BC6-AS1		0.7586416	
FAM3B		0.7582442	
MRPL14		0.7581445	
KRR1		0.7570031	
RPL5		0.7569085	
FBXL19		0.7568134	
IGFL4		0.75658363	
MBP		0.7564311	
EML1		0.7559271	
RAB7B		0.7535863	
SEC62		0.7531784	
DPT		0.75183845	
PRDX4		0.7513349	
MTHFD2		0.75116014	
DCAF16		0.7502827	
C15orf61		0.7492001	
HBA1		0.74886554	
RHOU		0.7488296	
AFF4		0.7483672	
GTF3C6		0.74807763	
CHKB-DT		0.7468965	
DEF8		0.7448192	
MORC1		0.7442273	
EPAS1		0.7429398	
CCR7		0.7425288	
SLC8A2		0.74242836	
FNTA		0.7416693	
RPS29P8		0.7410888	
RAP1GAP		0.7404427	
CCR5		0.73989004	
LINC00205		0.7394611	
UBTD2		0.7393368	
HNRNPK		0.73842853	
GRID2IP		0.73778903	
CDK7		0.7374562	
GGA3		0.7372024	
CCDC102A		0.73705703	
SLC36A1		0.7368657	
ZFYVE28		0.7368033	
TYMS		0.73588663	
SMAD4		0.733977	
C1GALT1C1		0.73117775	
ACP6		0.7307387	
MED1		0.7302639	
LINC02356		0.73010534	
PDIK1L		0.7298865	
FOXM1		0.7283894	
CHAD		0.7278284	
HNRNPH3		0.72737235	
NOTCH4		0.7272407	
RNF115		0.72721505	
HOXC11		0.7257398	
VWA5A		0.7255179	
IL2RB		0.7254393	
PTGR1		0.72542286	
FAM153CP		0.724895	
RBP4		0.7247596	
TSPYL5		0.7242769	
COX19		0.72426194	
CT75		0.7240224	
MISP		0.7239865	
UQCRHL		0.72351724	
DUSP12		0.7234683	
IL21R		0.7232684	
GPIHBP1		0.7230584	
PTDSS1		0.72129685	
RPL31P10		0.72061855	
DBI		0.7202209	
GFI1		0.71943575	
LINC00649		0.71933323	
KIF1A		0.71897477	
CIR1		0.7183386	
ZNG1A		0.71793723	
CLEC10A		0.71722054	
PSMG4		0.7167683	
SKIDA1		0.71584857	
ANKRD20A9P		0.71566606	
DNAAF2		0.7153762	
DCTN6		0.71393734	
PPIC		0.7134996	
ASCL1		0.7122361	
RAMP1		0.71223265	
DORIP1		0.71067154	
BOLA1		0.71054035	
CNR2		0.71040416	
VIPR1		0.7103007	
PPP2R1A		0.7100545	
SIX4		0.7093682	
SYNM-AS1		0.70858365	
GRAMD2A		0.708572	
MYC		0.707604	
CAMTA2		0.7074723	
TMEM176B		0.7071773	
ATP6V1C2		0.70712906	
NOD2		0.7056594	
UQCRFS1		0.7042975	
PTPRB		0.70386916	
LINC01484		0.7037595	
CDIP1		0.70318145	
ZNF786		0.70297694	
LINC03076		0.7027882	
NR4A2		0.70246375	
BHMT2		0.70194983	
APRG1		0.7017846	
SLC30A8		0.7016106	
AKAP5		0.70111936	
KIF9-AS1		0.70104676	
TLR10		0.70033807	
BAG1		0.70033073	
RADIL		0.7002484	
TTLL12		0.69971174	
SEL1L3		0.6996618	
CSTF2T		0.69893366	
OAS2		0.69883925	
SPAG8		0.6987933	
FAM118A		0.6983642	
GSTK1		0.69818676	
PSMA3		0.69743353	
SIRPB3P		0.69730955	
SNTB2		0.696081	
MCL1		0.6959886	
SCPEP1		0.6956645	
FTLP3		0.695129	
MFSD14CP		0.69493717	
LINC02350		0.69465166	
MED17		0.6945705	
RPL10AP6		0.69425213	
PAX2		0.69421417	
PODN		0.69412494	
FAM228B		0.6937699	
CCZ1B		0.6923825	
CCM2L		0.6923392	
ZBTB44		0.6915589	
ZNF354C		0.69135123	
KLRC4-KLRK1		0.6908463	
SFT2D3		0.6906538	
SLC39A11		0.69001025	
SPTBN5		0.68958014	
UBE2R2		0.6883003	
HES6		0.6870324	
KIF13A		0.68677217	
ZDHHC5		0.6865491	
LINC01588		0.6865242	
SS18L1		0.6864732	
MMP13		0.6848122	
ZNF107		0.68463904	
FBLN2		0.6843142	
RAP1GAP2		0.684211	
CCR2		0.68415916	
RAPGEF1		0.6840546	
OTOA		0.68352145	
EXOSC8		0.6831996	
TRPM1		0.6830668	
GUSBP6		0.68282247	
MIR762HG		0.68249875	
LRRC78P		0.6823806	
UBE2C		0.6812232	
APTR		0.68043005	
SPOCK2		0.679803	
RAB18		0.6793281	
ZDHHC14		0.679245	
CBR1-AS1		0.6787978	
HAUS6		0.67791563	
DKK3		0.6776095	
MT1E		0.67739743	
GBX2-AS1		0.67692626	
DPYSL3		0.67673117	
ZNF24		0.67662096	
ZNF699		0.6759738	
KCNS3		0.6753199	
SLCO4A1		0.67518127	
ZNF18		0.67371696	
RPS10P7		0.672492	
MALSU1		0.67195153	
RNF212B		0.6715014	
NDUFB9		0.6713346	
HCK		0.6712921	
AMIGO2		0.67102987	
GPNMB		0.67054224	
SERPINB1		0.6695678	
LPCAT1		0.66943	
PYGM		0.6686568	
APOBEC3A		0.66801924	
DNASE1L3		0.6675113	
ZNF609		0.6672221	
ACBD5		0.6668196	
NFRKB		0.666309	
MRPS10		0.6662186	
ISCU		0.66531473	
OVCH2		0.6645689	
ILF3		0.66227543	
CLEC16A		0.6616644	
FRG1DP		0.6612985	
MINDY2		0.6612233	
PLAG1		0.6609134	
DGUOK		0.6607252	
CXCR6		0.66062653	
PPL		0.6598645	
SLC12A3		0.65958637	
SALL1		0.6595603	
CEACAM16-AS1		0.65949565	
STXBP1		0.65894186	
DDX56		0.6586772	
ZNF273		0.6585443	
EIF4EBP1		0.6582681	
LURAP1L		0.6570043	
TPST2		0.656991	
LARGE1		0.6563309	
ESM1		0.6555499	
ATP8B5P		0.6552905	
OPHN1		0.6552386	
LARP4B-DT		0.65491563	
PRECSIT		0.6531843	
MTMR9		0.6528518	
ACAA2P1		0.65251833	
MACIR		0.65192556	
C1orf116		0.65107036	
LRP5		0.65093696	
GMPSP1		0.65066427	
ENPP6		0.6487309	
ANXA9		0.6476079	
CEP76		0.647491	
MED15		0.6472458	
GIMAP6		0.6470663	
TMEM255A		0.6464784	
PTPN3		0.6456717	
TET3		0.64532876	
RPS27AP11		0.6438173	
PEAR1		0.6434212	
RPL30P4		0.64277935	
SNHG15		0.6425714	
C19orf18		0.6405578	
TAOK2		0.64023834	
INTS10		0.64014906	
TTC9		0.6398513	
GPRC5B		0.6395551	
LINC01399		0.6382833	
PDZK1		0.63821346	
WDTC1		0.63760453	
ACER1		0.63691014	
UNC13A		0.6366228	
PICK1		0.63661736	
MYH13		0.6364194	
LINC03042		0.63555	
F7		0.6343763	
CORO1C		0.634338	
RIOK1		0.6330914	
FAM9B		0.6330381	
KLHL18		0.632833	
HLA-DRB6		0.6321464	
RAD9B		0.63176143	
CASZ1		0.63115287	
FABP6		0.63048613	
ZBTB33		0.6303674	
ZNF629		0.6290564	
BRDT		0.6281976	
KCNAB2		0.62781096	
TTC31		0.6274734	
ATP1A1-AS1		0.6261508	
TRIL		0.6256297	
SLC14A1		0.6226205	
PIP5K1C		0.6218104	
CHFR		0.62175167	
SCAND1		0.62132025	
AGR2		0.6206625	
TAGAP		0.62050843	
BMS1P10		0.61958736	
LRSAM1		0.6192596	
ABCC5		0.6192231	
EMX2		0.6190886	
ANGPT4		0.61873937	
BECN1		0.61824316	
PFKP		0.616891	
CSTB		0.6168863	
LINC01389		0.61661863	
PTPRH		0.6161866	
SLC39A14		0.61609054	
AAR2		0.6160043	
HIP1		0.61526227	
LINC00938		0.6149708	
KLHL36		0.6138935	
ST14		0.6132698	
CTHRC1		0.6116965	
SPG11		0.6113217	
RWDD2A		0.61077	
DNAJA4		0.6106603	
ZNF395		0.610632	
ARL5B		0.6104027	
PCA3		0.6103736	
C6orf136		0.60984397	
SREBF1		0.6095126	
BEX4		0.608123	
SNX20		0.6080854	
EIF2S3B		0.607698	
TNFRSF14-AS1		0.6053275	
ORC6		0.60488474	
GRB2		0.60477436	
RGS2		0.6045394	
ZNF665		0.6043751	
DCP1A		0.6043158	
GCNT2		0.6041602	
AP1G2-AS1		0.60407394	
NLRP1		0.60392195	
MBNL1-AS1		0.6031315	
ZNF204P		0.60308963	
ANGEL1		0.6030347	
LRRC69		0.60258937	
RABGGTB		0.6023467	
NPFFR1		0.60192823	
ACAD10		0.6012887	
RPS27P6		0.6010379	
EDN2		0.6010041	
GNL2		0.6008983	
CCDC80		0.6005668	
TBX5		0.6000582	
KLHL23		0.5993716	
FST		0.59927595	
SYNGAP1		0.59920275	
CAV2		0.59822357	
THAP7-AS1		0.5980477	
HOXC4		0.5979878	
FGD2		0.59718454	
ENPP7P8		0.5970019	
CPNE7		0.596279	
GPR27		0.5956929	
LINC02877		0.5955941	
FOXB1		0.59366375	
PRMT7		0.59314084	
ATP6V1H		0.5930437	
TMEM139		0.59211594	
VPS35L		0.59124184	
NFATC2		0.5911209	
CHD4		0.59056854	
NIPSNAP3A		0.59012276	
LINC02580		0.5895208	
PODXL		0.5891715	
CCND1		0.5891127	
ZNF486		0.5890083	
ZNF32		0.5886407	
KAT2B		0.5886348	
SHE		0.5884891	
FAM120AOS		0.5859092	
SYNPO2L-AS1		0.58389944	
PRUNE2		0.5837959	
MIDEAS-AS1		0.5835198	
AMMECR1L		0.5823248	
RBP7		0.5821544	
ID3		0.5820085	
LINC02641		0.58200306	
SFMBT1		0.58165723	
ATP13A3-DT		0.58136827	
IQSEC3-AS2		0.5807971	
TMPRSS5		0.5797604	
PBLD		0.5787367	
TLK2		0.5786459	
PPIAP72		0.5780936	
PLXDC1		0.57797205	
MMP24		0.577381	
DCUN1D4		0.57734483	
SEC14L1		0.5772938	
LMX1B		0.57626843	
LNCTAM34A		0.57626563	
TRMT10A		0.57611984	
FAM85B		0.57566595	
NAT1		0.5746287	
GTF2B		0.57461995	
FRMD4A		0.57379144	
AKR1D1		0.57375216	
BTN2A2		0.572735	
CGREF1		0.57262087	
NPFFR2		0.5721122	
NT5C2		0.5717693	
BAZ1A		0.5713325	
DCBLD1		0.5711932	
BSN		0.57110673	
TK1		0.5708434	
MAP7D2		0.5705025	
S1PR1		0.57014936	
COQ6		0.5696103	
LINC01270		0.56858766	
EGOT		0.56832784	
TAF3		0.5682476	
MOCS1		0.5677389	
GJC1		0.56755763	
MRNIP-DT		0.5667418	
NCR1		0.56626475	
RPL31P2		0.5661783	
EGR3-AS1		0.5656105	
PDXDC1		0.56537455	
CLSPN		0.56445956	
PIGX		0.5643489	
RBIS		0.56352335	
HSD17B6		0.5634722	
PENK-AS1		0.56300133	
NPTN		0.56180555	
LINC02133		0.5614996	
MMP7		0.5606445	
SLBP		0.5602998	
COQ10B		0.5602426	
HAL		0.56008947	
USP54		0.55904126	
ZNF691		0.55858254	
CTDP1		0.5579243	
CCPG1		0.557542	
GALNT16		0.55709153	
LSM7		0.5568675	
PDE12		0.5555744	
KRT18P55		0.5555544	
AMFR		0.5552409	
CAP2		0.5551108	
BMP7		0.5547884	
MRPS16		0.55476266	
SUMO2		0.5547252	
PKNOX1		0.55424696	
FAM20C		0.55424666	
ZNF436-AS1		0.5540824	
GPR176		0.55358875	
ZNF227		0.5532678	
ASAP2		0.5530983	
CLN3		0.55274	
KLF11		0.5524428	
LPGAT1		0.5524336	
RUBCN		0.552191	
SGPL1		0.55202544	
FOXP1		0.55172837	
LINC02603		0.5516708	
ST3GAL5		0.5516032	
PLEKHB1		0.55152255	
ABCB10		0.5514628	
STAT3		0.55110943	
IFI6		0.55108607	
LURAP1		0.5510152	
ITGA3		0.5504956	
LINC02253		0.55042297	
ZNF160		0.5503198	
FZD2		0.54981995	
OSCP1		0.5494402	
PARK7		0.54851145	
ALOX5AP		0.5474868	
ADD1		0.5472298	
LINC01277		0.546877	
SNHG10		0.54650176	
MST1R		0.5464049	
TCAM1P		0.5456925	
SPTAN1		0.54556537	
PDE1B		0.54549134	
PHF5A		0.5454801	
TDRD10		0.54545647	
RPA2		0.54455614	
MAP3K3		0.54430026	
ZNF439		0.54388046	
AMBRA1		0.5423057	
B3GNTL1		0.5421097	
FAM156A		0.5414294	
UGDH		0.54122066	
SHANK1		0.5412054	
ARRDC5		0.5410962	
CLK4		0.5408542	
ACSM5		0.54043496	
SH2D4B		0.5394979	
ERI2		0.53921086	
SPG21		0.5382797	
PTK7		0.5378381	
ZNF230		0.5374995	
FAH		0.5372312	
CFD		0.5369042	
ANXA1		0.5365766	
SDCBP		0.5365364	
PIGL		0.5364846	
NKAPD1		0.53607225	
SSC5D		0.53559965	
MANSC1		0.5338874	
RRP1B		0.5329555	
GLI1		0.5318884	
CEP250-AS1		0.5314145	
ANKRD55		0.53112864	
N4BP3		0.53075325	
BHLHE22		0.5281256	
HERPUD2-AS1		0.5280254	
CFAP99		0.5275315	
RPL21P94		0.52748144	
SYNE3		0.52727574	
SRP14		0.52676874	
EP300-AS1		0.5263507	
MCCC2		0.5261581	
OLFML3		0.52534837	
ADAMTS10		0.52491105	
UBE2O		0.52465385	
TRIM21		0.5245461	
POMZP3		0.5241931	
PAX8-AS1		0.52398825	
LY6K		0.5227717	
CYCS		0.522555	
GRM4		0.52178407	
LINC02057		0.5214586	
GPATCH4		0.52085614	
ZSCAN22		0.5207274	
ZNF185		0.5189259	
KCTD6		0.51891464	
CHD2		0.5188302	
ANKUB1		0.51835144	
AKAP1		0.518228	
KCNH2		0.51738715	
NFE2L1		0.51640755	
LINC01426		0.51615524	
AP3M2		0.51603067	
RNF141		0.5158026	
CPSF6		0.51545775	
NBPF20		0.51545334	
RGMA		0.51349056	
NME9		0.5127185	
DYNLT1		0.5123846	
CMPK2		0.51173	
C17orf58		0.5116541	
CHRNA6		0.5114239	
ISG20		0.5114035	
PNMA8A		0.5110388	
RPL21P28		0.51042634	
WWC3		0.5102242	
CCL4		0.5093482	
GART		0.50916547	
GALM		0.50836515	
HIKESHI		0.50823534	
LRRC23		0.5078555	
CRKL		0.5072717	
TPBG		0.50682724	
BOK		0.5054183	
AFDN		0.5048536	
CRABP1		0.5039308	
POLE2		0.5034152	
PHLDA1		0.5030603	
SELL		0.5022934	
TCTA		0.50222516	
FRG1CP		0.5017347	
CCT8		0.50038695	
PLCD4		0.49765092	
ANXA2R-AS1		0.49665537	
PELATON		0.49652815	
COX7A2L		0.49625176	
HACD3		0.49592823	
LAPTM4B		0.4957383	
GREB1		0.4957281	
ZC3HAV1		0.49568066	
APLP1		0.49505	
ZNF311		0.4944912	
TBX2		0.49415195	
SHANK2		0.4937881	
ZNF667-AS1		0.49370566	
ILF2		0.49331868	
PGCKA1		0.49271727	
ATP2B4		0.4923402	
LRP8		0.49233383	
LINC01828		0.49178684	
RASGEF1A		0.4915591	
RBM20		0.49115887	
ANKRD62		0.4907943	
PSTPIP2		0.49051556	
PVT1		0.4904891	
POGLUT1		0.4892069	
ZNF251		0.48874107	
ESPL1		0.48846883	
LOXL4		0.48814836	
ZNF587		0.48756737	
IDNK		0.48753557	
ALG12		0.48539034	
P2RY1		0.4850215	
CCDC159		0.48429462	
SPTLC2		0.48347694	
ALDH3B2		0.482796	
ARMCX2		0.48248956	
MBOAT1		0.4817875	
FOXF2		0.48115918	
SPINT1-AS1		0.48085025	
ASXL1		0.47906137	
AGRN		0.47872925	
TMCO1		0.4781162	
CAV1		0.47719932	
ZNF573		0.47679633	
CHRNB4		0.47610065	
MTOR		0.47582042	
SAXO1		0.47570753	
EXD1		0.47304794	
TTLL1		0.47291705	
LIAT1		0.47230533	
TTTY14		0.47188836	
HEG1		0.47168663	
CTPS2		0.47081745	
PAK1IP1		0.47080708	
SMAGP		0.4707291	
KCNK15-AS1		0.4702707	
LINC01518		0.47011787	
HMOX2		0.46989635	
ACTR3-AS1		0.46939018	
ST8SIA6-AS1		0.46912438	
DARS1-AS1		0.46849555	
KRT15		0.46760586	
RCAN3AS		0.46735737	
BLTP3A		0.4670139	
ANXA2P2		0.4664462	
LRRC75A		0.46630535	
SLC25A44		0.46617445	
PGM2		0.46542776	
PINX1		0.4652139	
TMTC1		0.46372837	
LETR1		0.46291918	
SMG1-DT		0.46203998	
SLC20A2		0.46145108	
CXCL14		0.46138862	
CDH23		0.46123257	
TMED3		0.46107683	
FAM86FP		0.46078765	
CGN		0.45880523	
PUS1		0.45868316	
CA11		0.45864105	
TFF3		0.45801166	
ESPN		0.4572793	
ZNF529		0.45711762	
XKR7		0.45656446	
LINC01169		0.45599258	
BOD1		0.45489976	
HRH2		0.45472193	
KLK5		0.45460236	
PRPF38A		0.45431045	
CFAP20DC-AS1		0.45412686	
EVI2B		0.4535801	
FER1L6		0.45353383	
RMB8AP1		0.45254856	
APOD		0.45251697	
CENPW		0.45241398	
VAT1L		0.45238972	
ARHGEF2		0.4522583	
SEC61G-DT		0.45158935	
GGNBP1		0.4513979	
LINC02175		0.45125866	
BCAM		0.4511436	
LINC02336		0.45069706	
HERPUD2		0.44971856	
ESRRB		0.44940606	
SOAT1		0.44923684	
ABCD1		0.448946	
SERF2		0.44878027	
EGR1		0.4483044	
GPN3		0.44824734	
MMD2		0.44798368	
RET		0.44789636	
DNAH1		0.44730878	
DPCD		0.44564438	
ZFYVE26		0.4453424	
PATL1		0.44533017	
BTD		0.44466546	
RSPO2		0.44362253	
PCMT1		0.44341254	
LINC02201		0.4431519	
GZMA		0.4430091	
ZNF689		0.44294667	
NBPF12		0.44288355	
HTR2A		0.44277722	
NECAB1		0.4427606	
CPAMD8		0.44195387	
STAT5A		0.4419229	
PSMG3-AS1		0.4416359	
GPX8		0.44109583	
STK17B		0.44097617	
RAB21		0.44092697	
TSPAN18		0.44074297	
CDH3		0.4406989	
DNAJC30		0.44024864	
LRRC8E		0.44015175	
TMPRSS15		0.4399308	
ULK2		0.43810728	
SAYSD1		0.43737206	
SLC29A3		0.43683258	
ITGA11		0.43647057	
ALKBH2		0.43620405	
COLEC11		0.4361237	
FADS2		0.4355112	
DAAM2		0.4354093	
ZNF556		0.4353644	
SF3B1		0.43449757	
BROX		0.43427214	
SMARCAL1		0.43404898	
CUX2		0.4338085	
PRCP		0.43337834	
ELMO2		0.43317616	
SOD1		0.43296266	
NLRP2		0.43265817	
GASK1B		0.4323182	
RNPEP		0.43226779	
LGR4		0.43134955	
PSPHP1		0.43046317	
ZSCAN2		0.42949983	
SERPINA11		0.4289738	
MED9		0.42883098	
LINC02484		0.4287475	
NR2F2-AS1		0.42833596	
UBE2I-AS1		0.4279992	
GALNT8		0.42719832	
UBR2		0.42693475	
GRIA1		0.4269003	
OGFRP1		0.4265571	
NDUFC2-KCTD14		0.42578772	
CLNK		0.4255794	
LINC01003		0.4255751	
CCDC88B		0.42531398	
LINC00899		0.42506075	
ZNF668		0.42485425	
FOXA1		0.42467812	
SERTAD2		0.42438674	
STRAP		0.42426094	
LARGE2		0.42421404	
DAOA-AS1		0.4240617	
ADORA1		0.42403042	
FBXW10		0.4232806	
CYP26B1		0.42292786	
C3orf80		0.4216133	
IRX5		0.42076242	
GNAL		0.42064226	
NT5DC3		0.42058277	
EMSY-DT		0.42039806	
NANOS3		0.42002097	
SEMA3G		0.41999787	
RCAN2-DT		0.41962892	
PPP1R1A		0.41940323	
SS18L2		0.41860503	
ADAMTS2		0.4183795	
MIR9-1HG		0.41813117	
NGFR		0.41800153	
ANKRD29		0.41742653	
KCNC1		0.41632974	
CMKLR2-AS		0.41597736	
ZNF25		0.41583848	
PGF		0.41575536	
GAB2		0.41516683	
C9orf153		0.41504717	
TMEM11-DT		0.41480386	
HOXB-AS3		0.41461647	
PLUT		0.41455454	
PPEF1		0.41367286	
TECPR2		0.41364244	
AARD		0.41325206	
GSTO2		0.41223562	
DNASE1		0.411952	
PKD1L2		0.41184664	
KNDC1		0.41181695	
LAMP5		0.41019216	
CLIC4		0.40957493	
BOK-AS1		0.409232	
ADORA2A-AS1		0.40818787	
RNF157		0.4081187	
PAK4		0.4078115	
SMARCD3		0.40754125	
LRGUK		0.40717366	
GRAP2		0.4062977	
ANAPC13		0.40596804	
RTL6		0.40512994	
KCTD21-AS1		0.40503588	
CCT5		0.40461922	
IRX1		0.40408117	
LIMD1		0.4035634	
PPP1R11		0.40322834	
MIR155HG		0.40294608	
ARL9		0.40281868	
TFAP4		0.40246707	
TRA2A		0.4015476	
TIMP4		0.4005249	
IPMK		0.40005276	
EXO5		0.3991422	
RAB4A-AS1		0.3980371	
C12orf43		0.39724416	
MAP3K7CL		0.39704385	
LINC00348		0.39673945	
APLNR		0.39660802	
KCNK5		0.3958225	
DSG3		0.39555135	
RANBP3L		0.3952789	
RPF1		0.39462337	
LINC00433		0.3939675	
HAAO		0.3935407	
MAPT-AS1		0.39332053	
CRMP1		0.39325187	
LYRM7		0.393051	
RNASEH2B-AS1		0.39233765	
RBBP7		0.39223924	
RPS8		0.3909118	
LUM		0.3909056	
LINC02267		0.39018545	
ANXA2R-OT1		0.3901501	
PLAGL2		0.38990352	
SKIC8		0.38974154	
CDKN1B		0.38961807	
HOXD10		0.38935727	
PLAT		0.38919577	
NDE1		0.38895088	
FADS1		0.38826758	
MEX3A		0.38723004	
NECAP2		0.38689655	
CXCL12		0.3868832	
MYL3		0.3866963	
ZNF750		0.3862332	
HSP90AA4P		0.38559034	
LHPP		0.38520008	
KLF4		0.3851412	
YWHAZ		0.38490975	
GZMK		0.38481465	
MAFF		0.38467622	
PRSS3		0.3841787	
NLRC5		0.38351697	
YIPF7		0.38323045	
RGPD1		0.38236004	
CMKLR1		0.3821974	
NTN1		0.38195387	
PTHLH		0.38129333	
RMDN1		0.38066375	
RPL39		0.3805184	
STAP1		0.38049254	
DPYSL5		0.38007134	
PSMC3		0.37864894	
RAB32		0.37838268	
TCEAL1		0.3781334	
PSTPIP1		0.37780952	
NEK4		0.37593773	
TCEA3		0.37556592	
CCL4L2		0.37511596	
KRT6B		0.37484616	
LRRTM3		0.3745519	
DPP3		0.37425673	
NNT-AS1		0.373833	
PPARGC1A		0.3735254	
LINC02901		0.37310168	
PDLIM1		0.37275594	
BSDC1		0.37246907	
CYRIB		0.37221655	
LRRC56		0.37209162	
SULT4A1		0.3718822	
SMPD3		0.36893535	
MIR22HG		0.36844608	
CDS1		0.36795092	
SLC22A4		0.36793545	
CADM4		0.3677325	
RALA		0.36666706	
LMNA		0.36574367	
C6		0.36565328	
TRNAU1AP		0.36492726	
GNG4		0.36457884	
KCNIP2		0.36406192	
BRF1		0.36329135	
LRRC39		0.36287984	
SFI1		0.36275822	
MAD2L1		0.36260226	
RPL39L		0.3623459	
NME1-NME2		0.36150604	
ATG7		0.36121756	
LYZ		0.36078152	
CCDC3		0.3604641	
SORBS2		0.35987654	
FANCF		0.35884753	
ZNF341-AS1		0.35805675	
GLP1R		0.3571835	
SNHG26		0.3570394	
FCRL5		0.35688555	
TMEM252-DT		0.35685432	
SERP1		0.3567505	
FAM169BP		0.35661906	
TTF1		0.35635677	
NLE1		0.35612574	
YY1AP1		0.35504505	
WRAP53		0.35427502	
ZBTB7B		0.3541353	
CTCF		0.3530907	
RRN3P1		0.35251322	
KDELR3		0.35240382	
CHST1		0.35209447	
NRN1		0.35138395	
MIR9-2HG		0.35088837	
JAG1		0.35087663	
LINC01198		0.35044077	
AZGP1		0.34997812	
GALNT6		0.3498752	
SPIB		0.34972972	
NDC1		0.3495497	
ITPRIPL1		0.3488353	
NSD2		0.3486008	
LINC00393		0.34832212	
CCDC18-AS1		0.3480128	
CYTH1		0.34788436	
GIT2		0.3466967	
TTC7B		0.3465628	
BATF		0.34653795	
MPPED1		0.34635168	
ACSBG1		0.3461125	
MPEG1		0.34607998	
BAHD1		0.3460474	
TRIB3		0.34589812	
VIRMA		0.34467787	
CASC11		0.34376866	
PCDH11Y		0.3435659	
CMTM7		0.34245217	
RAD51C		0.34239677	
PIK3CA-DT		0.34123683	
SERAC1		0.3411365	
ATP10A		0.34092042	
CNDP1		0.3405197	
FUBP3		0.34020233	
TEX14		0.3401486	
KIF28P		0.33925033	
UBA3		0.33904314	
RDH14		0.33895352	
USP35		0.33876815	
RMI2		0.33814055	
IRF2BPL		0.33725846	
VAC14		0.33715147	
CCDC149		0.3370457	
PACSIN2		0.3368278	
NFIX		0.3366833	
C1RL		0.33649474	
NR2E3		0.33634505	
LLGL2		0.33630034	
EGILA		0.33608606	
FAM157C		0.33573303	
PITPNB		0.3351491	
ZSCAN4		0.33423844	
EID1		0.3342202	
PPP1R12A-AS1		0.33392304	
GPBP1L1		0.33367732	
KCNU1		0.33364612	
PSMB2		0.33329704	
SRSF10		0.33287656	
FAM174B		0.33276886	
PKIA		0.33230796	
GTF2IRD2		0.33186516	
MRPL18		0.3317024	
GOLM2		0.33159146	
ACSL5		0.33114403	
ASIC2		0.33085033	
MROH3P		0.3306974	
SH2D2A		0.33069515	
LILRB5		0.33018738	
TMEM150C		0.33014694	
TMEM98		0.32994875	
IL17RB		0.32959038	
ANKRD12		0.32930082	
SLC22A3		0.32901922	
DSCAM		0.32853782	
CALCOCO2		0.32846665	
ZNF423		0.3280321	
MMADHC		0.3279737	
CD38		0.32786447	
FBXW2		0.32719198	
KANTR		0.32707182	
HEY1		0.32641974	
ZNF846		0.32596266	
MRPL22		0.3257766	
EEF1A1-AS1		0.32571626	
CNIH4		0.32530203	
GBA3		0.32522777	
CC2D1A		0.32439473	
GNL3L		0.32346147	
HEY2		0.32180703	
MXI1		0.32111913	
GCHFR		0.32076463	
RGS10		0.3202897	
DNA2		0.32023895	
DNAAF8		0.3198465	
ZSCAN12		0.31983843	
C9orf152		0.31824762	
LINC00355		0.3181951	
MGP		0.31807953	
FAM3C		0.31783423	
HMGB1		0.3171179	
PRELID3A		0.31665847	
MIR3936HG		0.3166037	
TDRD1		0.3165977	
NKAP		0.3149803	
FBLN5		0.31487316	
TMEM45B		0.31391373	
LINC01341		0.31307465	
TFDP2		0.31263712	
RTN4RL2		0.31244293	
SCARA5		0.31181112	
SELPLG		0.31156522	
KIF18B		0.31087136	
FBXO7		0.31085885	
TRERF1		0.31054673	
TAF15		0.31024766	
LINC01429		0.31011915	
ZNF200		0.30975524	
SETD9		0.30943418	
TRPV6		0.30939004	
MEX3B		0.30916494	
LINC01162		0.3090493	
EIF2AK4		0.30896783	
SMO		0.30884892	
VSTM2A		0.30880708	
CTLA4		0.30862835	
LIN7C		0.30857378	
FZD3		0.30851007	
A2M		0.30831036	
GJA5		0.30803555	
ZNF830		0.30801395	
ZCCHC8		0.3078535	
GDPD4		0.30762276	
TNF		0.30654165	
RPL23AP53		0.30628985	
TRAK1		0.3062856	
ESRP1		0.3062241	
DNALI1		0.30592206	
TBILA		0.30554646	
C3orf38		0.3055052	
ITGB6		0.3050903	
TTC39B		0.30504265	
QNG1		0.30484614	
NET1		0.3040904	
ODAD1		0.30357742	
HGSNAT		0.30327788	
KIFC1		0.30318943	
GPR55		0.3025913	
MTSS2		0.3021815	
RNF213		0.30145887	
DDX12P		0.3013737	
TERF2IP		0.30132005	
SRGAP1		0.30123222	
GBP1P1		0.30083674	
LINC02775		0.3007248	
NIM1K		0.3003859	
OACYLP		0.29970378	
MLX		0.29963154	
PAICS		0.29959515	
DYSF		0.29944623	
GTF2F2		0.29825324	
KLRA1P		0.29795504	
PLIN2		0.29791382	
LINC01643		0.2976981	
HOMER1		0.29754642	
TIMM23		0.29732844	
C19orf38		0.2966691	
KANSL1-AS1		0.29603568	
CLHC1		0.295618	
FEZ1		0.29554763	
MAILR		0.29552594	
LINC01602		0.29478756	
ATG13		0.29468483	
XPOT		0.29453152	
ECRG4		0.294513	
C1orf43		0.29444033	
B4GALNT3		0.29332086	
SCAMP1		0.2933066	
MALAT1		0.29310253	
FGGY-DT		0.2930189	
COG4		0.29287356	
R3HDM2		0.2928191	
THORLNC		0.2926715	
MYOM2		0.29166657	
HLA-DOB		0.29144517	
ZNF696		0.29113272	
NPLOC4		0.29086387	
LINC00839		0.29068756	
ZNF69		0.29060575	
PITX1		0.29012075	
ADGRB2		0.29003006	
CPA3		0.28972846	
TTC5		0.28958094	
CNTNAP3B		0.28909698	
NQO2		0.28876415	
INKA2		0.28861585	
PSMD6		0.28850645	
SHOX2		0.28724912	
MARCHF4		0.28702337	
KCNA2		0.2861783	
PFKM		0.2860563	
OVCH1		0.28589693	
LRRC3B		0.2856612	
PURA		0.28545684	
ZNF775		0.28515035	
UBOX5-AS1		0.28493303	
OTUD1		0.2848559	
GFRA2		0.28484258	
SIGLEC10		0.28465307	
RPL14		0.2844281	
COMMD2		0.28399536	
FRK		0.2838966	
SERPINB9		0.28349388	
NR5A2		0.28329453	
MSMO1		0.28325754	
TRMT2B		0.28308657	
CLPSL1		0.28286865	
DENND2B		0.28191355	
LINC02275		0.28189307	
DNAAF9		0.2815111	
IL17D		0.2808262	
ZFP2		0.28013912	
ARL4C		0.27998763	
EXTL1		0.27963534	
NSA2		0.27956867	
GPX7		0.2795318	
CAMK1D		0.27910614	
TSNAXIP1		0.27879745	
TEAD1		0.2787475	
NSUN5P2		0.27869222	
ERRFI1-DT		0.2786133	
VARS1		0.27753574	
ARSL		0.27751657	
GRK5		0.27683687	
RASGRF1		0.27649102	
IGFBP7-AS1		0.27633697	
AKAP6		0.27596238	
AURKA		0.27589625	
ABL2		0.27530205	
UBE2F-SCLY		0.274893	
QSOX2		0.2743794	
LINC00472		0.27387875	
FRMPD2		0.27360964	
IGFBP3		0.27340186	
C1orf198		0.2724223	
FNBP4		0.2721361	
FHL1		0.27195042	
GSPT1		0.27125445	
LINC02492		0.27087328	
XNDC1N		0.27069983	
SNAPC4		0.27064604	
LGI4		0.27054405	
LINC01192		0.27038214	
DIPK2B		0.27009326	
PPM1E		0.26990455	
HEXIM2		0.2693305	
HSPA1L		0.26925805	
ACE		0.26895717	
RHOT1		0.26867157	
MARVELD2		0.26833814	
SHQ1		0.26832306	
CDH10		0.268192	
PDE11A		0.26815748	
PAPOLG		0.2679907	
KCNH1		0.2677101	
ASRGL1		0.26722854	
MDS2		0.26704916	
PEX11G		0.2669138	
NXPE3		0.26669273	
C1QBP		0.26661783	
TIMMDC1		0.26609957	
SLC12A6		0.26601464	
LMCD1		0.26446596	
HERC6		0.262704	
DUXAP10		0.26208803	
NALCN-AS1		0.26141015	
CSPP1		0.26125994	
RDX		0.26117736	
SLC44A4		0.2609111	
SGCB		0.2601913	
ACTR5		0.26006708	
PHYH		0.2600598	
ADRA1A		0.2600472	
IGF1R		0.25982168	
CMIP		0.25933376	
NIHCOLE		0.2593152	
ZNF226		0.25903907	
SMOC1		0.25890952	
LINC02935		0.25883237	
CT69		0.25871667	
ZNF362		0.2585748	
GIHCG		0.25823712	
SDHB		0.25792712	
MFN2		0.2577819	
ELOA-AS1		0.25738335	
MUC20-OT1		0.25712952	
PKD1L3		0.25617123	
MAP7D3		0.25602365	
CBR3-AS1		0.25582442	
VSTM4		0.25543207	
IFNGR2		0.25510305	
NAGK		0.25421005	
THSD4-AS1		0.25396344	
CERS2		0.25394064	
COL6A4P2		0.25385004	
LYRM1		0.2532545	
ABHD4		0.252516	
UBAC2-AS1		0.25208208	
TRANK1		0.2520229	
ST3GAL6-AS1		0.25197166	
TOX2		0.25148338	
PRKX		0.25142363	
RHOBTB3		0.2512998	
MECR		0.25057933	
TIGD6		0.24976192	
PRSS27		0.24926312	
PLPBP		0.24921264	
RNF32-DT		0.24863425	
MTPN		0.24840079	
PMP22		0.24838808	
ABCA4		0.24829483	
THAP4		0.24765088	
LARP4B		0.24756558	
ING1		0.2473142	
TRAF3IP2-AS1		0.2465948	
GACAT2		0.24655707	
LSM3		0.24648805	
BNIPL		0.24588698	
SORT1		0.24560376	
OLFM2		0.24476147	
FLT4		0.24419992	
IGHMBP2		0.24419148	
TMEM53		0.24416058	
MICB-DT		0.24329564	
LIPE-AS1		0.24282973	
KGD4		0.24282417	
SLC30A6		0.24268281	
GATB		0.24247201	
EPB41L4B		0.24233907	
ZBTB43		0.24230492	
SLC26A8		0.24144383	
ANKAR		0.24131365	
LUCAT1		0.24104111	
SMG6		0.24096727	
ATP13A4		0.23982678	
F2RL1		0.23970732	
JAM3		0.23855896	
MLKL		0.23846875	
TESC		0.23843448	
TDO2		0.23843169	
EXOC3		0.23805152	
ZNF761		0.23784332	
ADCY2		0.23752666	
STS		0.23745377	
POLR2F		0.23729977	
PHF21B		0.2370021	
IL17RD		0.23619908	
ZAP70		0.23617351	
ZDHHC8BP		0.23588502	
PRKCSH		0.23572002	
LINC00640		0.23504525	
PFN4		0.23490714	
IGLL5		0.23427394	
LINC01242		0.23386852	
SFRP2		0.23384084	
RBM19		0.23300837	
GLDC		0.23287153	
ZNF366		0.23275468	
SYT9		0.23239663	
HK1		0.23237923	
BIN3		0.23219754	
ADAM19		0.23206119	
PLOD1		0.23177777	
NANOS1		0.23163396	
MIR4500HG		0.23152475	
RPL27P6		0.23140553	
METTL16		0.23135255	
HEATR4		0.23124628	
DNAJC12		0.2312103	
ADCK1		0.22955424	
TMEM128		0.22938326	
FZD10-AS1		0.2293225	
MERTK		0.22913067	
CLN6		0.22878262	
JAK3		0.22761917	
CEBPD		0.2276124	
SMIM15		0.22727212	
PDHX		0.22722231	
FEM1B		0.2269416	
CDKL2		0.2256443	
C6orf141		0.22537519	
DUSP19		0.22534156	
LGR5		0.22498846	
DYRK1B		0.22466935	
MYB		0.22428781	
COX6C		0.22416396	
LINC02925		0.22409314	
COA7		0.22405799	
MAPK4		0.22354876	
LINC02326		0.22283651	
GPR37		0.22247495	
UBTD1		0.2224301	
MYADM-AS1		0.22197244	
SPMAP2L		0.22019285	
WDR45B		0.21997875	
TWSG1		0.21894747	
ZZZ3		0.21867916	
MAP1LC3A		0.21814115	
TRMT61B		0.21796463	
RPS7P1		0.21791865	
ABHD15-AS1		0.21772732	
CRYBG1		0.21685596	
MAST3		0.21661776	
HOXD-AS2		0.21609937	
LINC01705		0.21587378	
LEPROTL1		0.21561004	
PTGS1		0.21544006	
ACKR4		0.21519682	
GARIN5A		0.21461311	
INHCAP		0.21454546	
SNRNP48		0.21336927	
CTCFL		0.21325766	
DNAJC7		0.21289529	
LINC01894		0.2127228	
SCUBE2		0.21223432	
SPATA16		0.21190986	
SPRY2		0.2113411	
PDCD2L		0.21097814	
SMPDL3A		0.2105608	
TDRD9		0.21053874	
CDS2		0.21015617	
WDR86		0.20954432	
FCF1P8		0.20917791	
PKD2L2		0.20913656	
CCNA2		0.2087381	
TMEM213		0.20869207	
SERPINB9P1		0.20856723	
TCERG1L		0.20836441	
PTGS2		0.20818913	
LINC03004		0.20787713	
ZNF546		0.2073202	
RHOF		0.20705879	
DOK7		0.20695488	
CSTA		0.20691833	
AHCY		0.20642868	
CD22		0.20633128	
ZNF502		0.20601252	
CAND2		0.20600598	
XPNPEP3		0.2054597	
PLA2G5		0.20540881	
CFAP157		0.20488346	
SQLE		0.20451619	
ERCC3		0.20435736	
CEP15		0.2042212	
CD34		0.2032655	
GRIN2C		0.20297632	
SMIM19		0.20272978	
STEAP1B		0.20241198	
SASH1		0.20198457	
TUSC8		0.20187896	
ELOVL6		0.20178658	
MADD		0.20131661	
KCNC2		0.20049368	
SSH2		0.20047955	
C1S		0.19801332	
TMEM220		0.1979201	
RENO1		0.19758931	
DIAPH2-AS1		0.19739021	
ZNF252P		0.19734083	
PTMAP5		0.19693978	
TENT5C		0.19687116	
LOHAN2		0.19677992	
PHF7		0.19636644	
PAX9		0.19604154	
ZNF436		0.19596188	
PLPP3		0.19576377	
UQCC2		0.19469999	
NLRC4		0.1940459	
NOS1		0.19382624	
USP18		0.19357175	
CYP46A1		0.19318445	
PTPRG		0.19293824	
KY		0.19270635	
FMO1		0.19269097	
CS		0.1923128	
HSPA2		0.19204268	
ADGRF5		0.1919623	
FHDC1		0.19190003	
HHAT		0.19181971	
RIBC1		0.19172868	
LINC01284		0.19156532	
LOXL1-AS1		0.19134466	
TRPC5		0.19123806	
PKP4-AS1		0.19092922	
PPP2R2C		0.1903391	
CPLX2		0.19029918	
TOM1L1		0.1901816	
BLK		0.19015539	
CROT		0.18988894	
FANCD2OS		0.18987733	
PRRC2B		0.18963239	
UBE2H		0.18953386	
LINC02613		0.18952584	
ANKRD17-DT		0.18916704	
EDAR		0.18908213	
ANKRD13C		0.18891418	
TRIP13		0.18823165	
CD24		0.18751022	
MT-TS1		0.18701461	
MPZL3		0.1867877	
CARD11		0.18661214	
BPGM		0.18651572	
LINC00513		0.18609859	
SOX13		0.18595754	
DNAH3		0.18593012	
MTA3		0.18584402	
BTLA		0.1857036	
TTC21A		0.18545346	
LINC02666		0.18543169	
VSIR		0.18536288	
ERVMER34-1		0.18520235	
PPP1CC		0.1846103	
FUT10		0.18451975	
MTO1		0.18390311	
RBM4B		0.1838214	
FFAR2		0.18305807	
RNF215		0.18299785	
SDK2		0.18248878	
MGLL		0.18247816	
TLN2		0.1823734	
CACNA1A		0.18231264	
RGMB		0.18227924	
KIZ-AS1		0.18219677	
S100A9		0.18219575	
PTTG1IP		0.18218513	
LERFS		0.18115416	
NWD1		0.18106054	
RGPD8		0.18012127	
TSR2		0.17981984	
ZNF334		0.17963025	
NXN		0.17951155	
QRICH1		0.17943443	
MRO		0.17940408	
KIF9		0.17916833	
ZNF676		0.17883155	
S1PR3		0.17880277	
MORF4L1		0.17866038	
CORO2B		0.17864044	
DCAF1		0.17820714	
CLUHP3		0.17764673	
GNB1		0.1771871	
FAM151B		0.17716485	
ALDH3A2		0.17651883	
IFIT5		0.17634955	
LAD1		0.17633775	
CLCN6		0.17583032	
DAXX		0.17554328	
RPL23AP65		0.17537296	
GGNBP2		0.17519781	
CDCP1		0.1749715	
FZD4-DT		0.17459446	
MIR3142HG		0.17440142	
ZNF253		0.17426105	
TGFBR3		0.1741553	
CAPN8		0.17360076	
TNFSF4		0.1734895	
SIK3		0.17348845	
ZNF469		0.17347078	
RPL41P2		0.17339645	
TSPAN33		0.173075	
CABLES1		0.17295048	
JAKMIP2-AS1		0.1728296	
TANGO6		0.17277458	
SYTL3		0.17228414	
CPT1C		0.17200123	
VCAM1		0.17160057	
CECR2		0.17142548	
GTSE1		0.17127155	
MYH9-DT		0.17118058	
CAD		0.17117925	
SALL4		0.17093296	
BANP		0.17086099	
OR7C1		0.17044583	
SEMA4D		0.16987097	
TGFA		0.16964775	
SLC52A3		0.16935144	
ALDH6A1		0.16899218	
EMP1		0.16853848	
DOC2A		0.16849382	
SLC25A4		0.16773602	
MATN3		0.16752997	
TRIM13		0.1671547	
HSPBP1		0.16695097	
CRYL1		0.16686253	
ENTPD4		0.16582148	
MYCNUT		0.16493832	
TPD52L1		0.16463073	
RASSF10		0.16451283	
CERS3		0.16368724	
NDUFB6		0.16358955	
ARHGAP39		0.16348192	
HFE		0.16334325	
PUS3		0.16317692	
KBTBD7		0.16317447	
FXR2		0.16297637	
ANGPTL1		0.16289599	
PARP1P1		0.16268496	
HK2		0.16268355	
TENT4B		0.16263197	
CDCA8		0.1626256	
ERICH1		0.16248155	
NDUFB4		0.16244832	
H2BC15		0.16207144	
PGD		0.16184422	
EBF3		0.16151546	
ALPK2		0.1604598	
STX1A		0.16024074	
BUB3		0.159852	
PPP2R5A		0.1592727	
ADCK2		0.15926617	
TNFRSF13B		0.15919833	
ACACA		0.15907873	
ANXA4		0.15893492	
SMKR1		0.15881366	
SPTB		0.15824048	
MAST1		0.15782942	
LINC03011		0.15725705	
CCL20		0.15665925	
THUMPD1		0.15642686	
IQANK1		0.15619873	
NEPRO		0.15591434	
UBAC1		0.1558162	
DHRS9		0.15580592	
DMKN		0.1555107	
TCEAL4		0.1554225	
STON1-GTF2A1L		0.15532628	
XDH		0.15489167	
ST6GAL1		0.15461734	
CCNE1		0.15445568	
FAM78B		0.15429232	
LINC02432		0.1540924	
L3MBTL2-AS1		0.15391284	
CCNG2		0.15358733	
RUBCNL		0.15354079	
IL32		0.1532868	
AP5B1		0.15321447	
SFXN2		0.15313892	
EFCAB3		0.15269946	
DNAJC10		0.15259597	
ATRIP		0.15253028	
USP4		0.15227059	
LINC01483		0.15198457	
RNF170		0.15188043	
HDAC5		0.15183857	
LINC02932		0.15179153	
EYA2		0.15153508	
ARHGAP5-AS1		0.15150553	
GREB1L		0.15144946	
SNHG18		0.15117647	
SV2A		0.15112224	
LRP4		0.15066898	
PLEKHA7		0.15022919	
TFPI		0.15011995	
INSYN2A		0.15001647	
EOGT		0.14994378	
LTBP1		0.1497619	
AGFG1		0.1497569	
FKBP7		0.14967339	
IPO11		0.1496643	
ADGRD1		0.14954433	
ZNF454		0.14898664	
REXO5		0.1482004	
PPP1R36		0.14817508	
CSTPP1		0.1478687	
PDE9A		0.14706011	
DNAJC3-DT		0.14700143	
MYH3		0.14669079	
SPACA6		0.1466884	
ARHGEF37		0.14663538	
PECR		0.14632356	
CDC26		0.14532441	
CD300LF		0.14531381	
GATAD2B		0.14515807	
KCNJ15		0.14515643	
RGS7		0.14503396	
NCKAP1L		0.14455059	
MYLK3		0.14454375	
TM9SF4		0.14432241	
OAT		0.14405154	
TENM1		0.1439238	
HOMER2		0.14300954	
OPRD1		0.14285798	
MICALL1		0.14277644	
LINC02166		0.14237343	
HLA-E		0.14196636	
RALB		0.14192991	
CPXM1		0.14184503	
RALY		0.14177866	
LINC01392		0.1417094	
TOMM20		0.14147092	
WDR83		0.14116575	
FAUP1		0.14091316	
MYO1G		0.14056545	
EDNRA		0.14050019	
TVP23A		0.1403856	
ZMYND8		0.13968691	
SPCS2		0.13959448	
AMPD3		0.13941444	
CAV2-DT		0.13927121	
RGN		0.13860068	
GDF11		0.13806376	
GOSR1		0.13797013	
KLHDC1		0.13780092	
SENP2		0.13744202	
CTU1		0.1372721	
C8orf34-AS1		0.13524528	
SLC6A4		0.13507593	
NHSL1-AS1		0.13441819	
LINC02476		0.13409057	
ZFHX4-AS1		0.1338953	
PSAT1		0.13386004	
F2RL2		0.13357168	
MED23		0.13239212	
GNE		0.13207898	
ZNF738		0.13155633	
MAP3K19		0.13141513	
MELK		0.13124156	
TSHR		0.1296029	
PPP1R2		0.12950927	
PCP4		0.1293768	
KIAA1217		0.12907417	
LINC01968		0.12904145	
ANKRD20A7P		0.12883273	
INO80E		0.12833242	
KIAA2012-AS1		0.12827036	
TRIM36		0.12772608	
INTS2		0.12763502	
SULT1C4		0.12749286	
ENO4		0.12718646	
PELO-AS1		0.12698074	
H4C8		0.12641025	
EBPL		0.12627979	
PTGFR		0.12565875	
MFSD4B		0.12563162	
LZTS1		0.12496469	
LGALS8		0.12458669	
SIAH2		0.12435046	
MT-ND5		0.12415825	
SHISA9		0.123789676	
NFIL3		0.12361648	
ENOPH1		0.12332002	
SPOCK3		0.123105094	
SMC1B		0.12268032	
DMC1		0.122372285	
ASPN		0.12188151	
RPL23P8		0.12185882	
C5orf24		0.12166437	
DDX12B		0.121649094	
KCNG3		0.120815895	
GRIK4		0.12071138	
DNAJC9		0.120678894	
PRKCB		0.12045019	
ADCY6		0.11898853	
ZNF789		0.118439674	
ZNF138		0.118131936	
STEAP3		0.11765604	
NSG2		0.11736772	
SLC45A4		0.117201224	
IGFBP7		0.11699514	
MICU1		0.11692307	
NIPA2		0.11684699	
BCRP2		0.11680499	
OSBPL10		0.11645228	
CTDSPL2		0.11608918	
CAPN10		0.11596408	
BCAS2		0.11596185	
MIR4432HG		0.11553635	
ZNF254		0.11521817	
MT-TY		0.11477016	
COMMD8		0.11475024	
SLC9A6		0.11451726	
CALM1		0.11438796	
AP2A2		0.11430956	
TMEM14C		0.11419165	
PPCS		0.11396934	
TXNDC11		0.113645665	
HEATR6		0.11363732	
CENPT		0.11331777	
RAB14		0.1126103	
ACTG2		0.112293236	
MIR646HG		0.112122536	
WNT2		0.111804	
ETFBKMT		0.11118818	
LINC00159		0.110919185	
CFAP77		0.11087974	
SHISAL2A		0.11034235	
TUBGCP5		0.11023377	
KRT86		0.110026084	
PRR15-DT		0.1093297	
ARL5A		0.1092157	
CRYAB		0.10915532	
ETNK2		0.10898394	
RCC1L		0.10866288	
PRDM9		0.10836447	
DAO		0.10821789	
BTN3A1		0.108165115	
GARIN2		0.10796772	
HOXA9		0.107865795	
NMNAT1		0.107854776	
LSAMP		0.107581854	
ACSL1		0.10741819	
MET		0.10739158	
CACNB2		0.10712302	
TNXB		0.10663761	
VWF		0.10658607	
CD247		0.10638706	
UTP4		0.10559542	
PTPN21		0.105463594	
BTBD2		0.10530299	
MBD2		0.10525892	
SLC39A6		0.10512735	
MAP9-AS1		0.10504708	
R3HCC1		0.104531325	
AGAP9		0.10444853	
ALDH18A1		0.10409827	
SLC43A2		0.104051	
COL2A1		0.10396566	
NUP160		0.10348264	
H1-9P		0.103213556	
ADGRE4P		0.10291516	
ZIM2-AS1		0.102817506	
NEDD9		0.102408044	
OTUB2		0.10203622	
PES1		0.101892486	
LINC01271		0.10155223	
GET1-SH3BGR		0.10127688	
FBXL14		0.100830294	
PSME1		0.100748464	
IL17RE		0.10061396	
NPNT		0.10057879	
SLC12A2		0.1002786	
AK7		0.100172274	
UPK2		0.100065604	
WDR76		0.09997014	
P2RX7		0.099961296	
TOP6BL		0.09955032	
LINC02789		0.09924109	
TIPIN		0.09845443	
IMPA2		0.098340236	
GRB14		0.0981469	
CD300A		0.09783181	
SLC46A3		0.09744326	
CD244		0.09738854	
ZC3H4		0.097252555	
ZNF652		0.09681928	
TACC3		0.095786825	
ZFHX2		0.09526258	
GIMAP7		0.094918735	
SAMD11		0.09461673	
CRYM		0.09460279	
HLA-F		0.094542064	
LOH12CR2		0.09418338	
ATP6V1E2		0.09390483	
RNF139		0.09376841	
GPD1		0.093702234	
LINC01115		0.09352228	
ACADL		0.092587575	
TFRC		0.09257247	
PHGDH		0.09256151	
ZAN		0.09251933	
ACER2		0.09198569	
MYO6		0.09191336	
TMEM233		0.09169415	
MTHFD1L		0.09136307	
LINC02885		0.091228165	
NEURL1		0.091170646	
CCDC74A		0.09098306	
ZNF514		0.09061468	
AMZ1		0.0904836	
SLC44A1		0.090265326	
DNAJC11		0.0901364	
SMARCAD1-DT		0.08994974	
SPANXA2-OT1		0.089885436	
NRAS		0.08981679	
ENTPD3		0.08968277	
MMP26		0.08953623	
PRKAA1		0.08900003	
MFSD13B		0.0889733	
MAGED1		0.088921785	
PON1		0.08889415	
CDCA7		0.08884625	
PDE5A		0.08876102	
RAB1A		0.088759124	
TTLL6		0.08861661	
CDH4		0.088516206	
CHCT1		0.08851053	
SYTL2		0.08839605	
IL15RA		0.088133805	
ALOX15B		0.0879838	
MCMDC2		0.08792351	
VPS72		0.08787064	
SMUG1		0.0874437	
RASEF		0.08734843	
PATL2		0.08715619	
SDR16C5		0.08707826	
ZPLD2P		0.08706102	
BCAS3		0.08696695	
ALKAL2		0.08684565	
ARRDC2		0.0868099	
LRP1		0.08678163	
TACR1-AS1		0.086469665	
EIF3L		0.08602458	
PKP1		0.08596814	
AKAP1-DT		0.08528368	
DDIT4L		0.08522246	
ODF2		0.08455927	
SSR3		0.08447359	
GPR26		0.084462576	
SRPX2		0.084447965	
MIR4422HG		0.08423086	
CPXM2		0.0838862	
PRMT5-DT		0.083767414	
JCHAIN		0.08363937	
CERS4		0.0830075	
LINC02355		0.08296626	
SVOP		0.08290237	
SELP		0.08279186	
NPAS2		0.08260613	
SFXN5		0.08247227	
UBL7-DT		0.082464084	
NQO1-DT		0.08236111	
SLITRK4		0.081960686	
LRRFIP2		0.08170082	
KMO		0.081700124	
ITGB8-AS1		0.08140455	
HIF3A		0.08056317	
IRAG1		0.0798427	
DDHD2		0.079619505	
WDR11-DT		0.07960205	
MUSK		0.0795743	
CHSY1		0.07899179	
RHPN2P1		0.07884412	
DOHH		0.07857167	
FAM83B		0.0785349	
PKD2L1		0.07803496	
IKBKB		0.077979036	
INPP5F		0.0777854	
DEPDC4		0.07774199	
RPL23AP82		0.07760319	
PCK1		0.07718753	
ID4		0.07717633	
GINM1		0.0766255	
MLH1		0.07629627	
COG2		0.07555881	
REEP2		0.07512292	
TOP3A		0.07500013	
TCHP		0.07475075	
RASGRP1		0.07466581	
CRNDE		0.07446317	
CPPED1		0.07444659	
NECTIN1		0.07431495	
TMED8		0.07415836	
ARHGAP35		0.07240837	
SOCS2		0.072247885	
TMEM184A		0.072085686	
WDR62		0.072053425	
UBQLN1		0.072019055	
HLA-DRB5		0.071991295	
DHX37		0.071989186	
PALB2		0.07176038	
LINC02086		0.07158251	
ZNF106		0.07150981	
HERC2P4		0.07136309	
MPZL2		0.071329	
SPTLC1		0.07119849	
GDNF-AS1		0.07087928	
LINC00863		0.070511706	
NPY1R		0.07008354	
GRM1		0.0700517	
TTF2		0.0699212	
NMB		0.06935831	
PDLIM3		0.06931333	
BCO1		0.06888651	
CPVL-AS2		0.068816185	
MIR4280HG		0.06832434	
ADIPOQ		0.06820495	
ATL2		0.06807133	
ACTR3B		0.06806221	
LINC01151		0.067831255	
SLC30A1		0.06773737	
RUFY1		0.06763109	
MYT1		0.06757993	
ZXDA		0.06751661	
DTNB		0.06750585	
SYNPO2		0.06736133	
CDC20-DT		0.06720937	
PLXNC1		0.06688062	
GLI2		0.066429384	
GTF2I-AS1		0.06595009	
PISD		0.065821625	
NUP42		0.065405205	
CIDEC		0.06515706	
SULF2		0.064823	
TMEM68		0.064804144	
MATCAP2		0.06476939	
TSPAN9		0.06473209	
LINC01226		0.064567424	
HERC2P9		0.06444999	
ZC2HC1A		0.06405985	
SYAP1		0.06395346	
LINC00466		0.06378085	
PPP1R13B		0.06346149	
TPT1-AS1		0.06344702	
GALNT12		0.06308474	
HAUS1		0.062852055	
LINC02046		0.062209364	
ABRACL		0.062052276	
SCAND2P		0.062010407	
ACIN1		0.061491817	
AGBL2		0.061165396	
FAM83A		0.06098028	
MYO18A		0.060615264	
TEX11		0.06056468	
LINC01937		0.06012592	
LRRC7		0.060067825	
IARS2		0.059775323	
UBE4B		0.05952783	
ELP2		0.05900502	
SYPL1		0.0587305	
FAM114A1		0.058723494	
LRRC43		0.05840421	
MFSD2B		0.058306284	
GATA4		0.058171853	
ZBTB7C		0.058135394	
TTC34		0.057497554	
UBASH3B		0.05735539	
LINC02836		0.05706005	
OSER1-DT		0.05663388	
NUP50-DT		0.056586716	
TSG101		0.056541357	
SLC11A1		0.056263722	
HARS1		0.056095973	
ARIH2		0.055705547	
DPP10		0.055407472	
GBA1LP		0.055136874	
GPR34		0.055052146	
SCN4B		0.05491868	
ZNF16		0.054185078	
SARM1		0.053999066	
IFT70A		0.053300522	
MFSD13A		0.05324801	
LINC02156		0.05285888	
RCN2		0.052535087	
HAPLN3		0.05203204	
ATP6V1D		0.051297355	
RHPN2		0.051271558	
CCNE2		0.051204126	
MXRA5		0.051188592	
IRF6		0.051036462	
F2RL3		0.050975222	
TRIM62		0.050856315	
PLBD1		0.05085379	
RPS7P10		0.05068363	
RGS12		0.05054645	
NBPF8		0.050533835	
ZNF3		0.05045949	
MDFI		0.05045345	
TRAPPC13		0.049719766	
PARVG		0.049690805	
TRUB1		0.04958301	
B3GNT3		0.04947242	
JKAMP		0.049447216	
SLC25A5-AS1		0.049244873	
CD6		0.049128044	
PAXBP1-AS1		0.049100764	
SEMA4G		0.04878325	
PCBP3		0.048766978	
SELENOI		0.04860174	
SLC7A6		0.048384037	
SLC23A4P		0.04827975	
MYPN		0.04822544	
FTSJ1		0.047860254	
CACNG8		0.047554504	
KCNJ5		0.047490522	
ST3GAL1		0.047069814	
PSMA5		0.04686388	
LAMA3		0.04681808	
GOLGA8B		0.04663683	
LINC02463		0.04610033	
KIRREL3		0.045851048	
TCEA1		0.04535457	
SEC31B		0.04533893	
CCAR1		0.04481941	
DENND3-AS1		0.04460391	
FOS-AS1		0.04442835	
BTNL9		0.04430532	
MECP2		0.0437737	
RAB19		0.043713316	
CIBAR1		0.043461815	
NYNRIN		0.043395054	
RUNDC3A-AS1		0.04326622	
UNC5B		0.043103795	
DCTD		0.043059897	
GINS1		0.04299326	
DGAT2		0.04298552	
SORL1		0.042922303	
SPC25		0.042708542	
LMO2		0.042696614	
CD47		0.04261469	
TNFSF8		0.0426027	
MGAM2		0.042186283	
LINC01411		0.042011466	
LINC01088		0.04193968	
USP26		0.0418574	
NINJ2-AS1		0.04155497	
KIAA0319		0.04128552	
NRG1		0.04118869	
GSE1		0.041154154	
CLDND1		0.040662583	
TWIST2		0.040644635	
ENTPD3-AS1		0.040590245	
SCARB1		0.04037108	
SRRM2-AS1		0.040082514	
ZNF525		0.039980207	
CACNA2D2		0.039927695	
ELAPOR1		0.039911985	
UBE2Q2P13		0.039570667	
C3orf52		0.039351325	
FIGNL1		0.03879818	
COPS4		0.03878702	
BAIAP2L1		0.038665727	
PDE7B-AS1		0.038651943	
PRC1-AS1		0.038469046	
HNF1A-AS1		0.038282324	
STK32A		0.037876315	
EPCAM		0.03763327	
NRG4		0.037215322	
SLC5A11		0.03676832	
ASB9		0.03648553	
CFAP161		0.036175855	
TP73		0.035917383	
CELSR1		0.035840064	
FAM13B		0.035796765	
SEC23B		0.035212576	
CSF1		0.034958728	
CHPT1		0.034837887	
LINC00342		0.03455636	
MZF1-AS1		0.034303628	
DRD3		0.03426285	
NFATC3		0.0339534	
OTX2-AS1		0.03392304	
EED		0.033655584	
MIER2		0.03357909	
RFWD3		0.033487324	
SPINK5		0.032971315	
SOX11		0.032715954	
FRMPD1		0.032673094	
GP6		0.032528818	
KCNJ8		0.032339163	
BCAN-AS2		0.032279633	
KIAA1549L		0.03205415	
HPX		0.031222163	
BIRC3		0.031166216	
APOBEC3G		0.030910134	
CREBL2		0.030785695	
METTL21A		0.029386777	
KIRREL1		0.029265577	
SORD		0.028540242	
FCGBP		0.02840305	
SIM2		0.028264543	
LARP1B		0.028133985	
LINC02325		0.028004471	
ANKRD16		0.027897015	
PLIN4		0.027753774	
METTL25B		0.027696235	
LCP2		0.027542474	
TMEM266		0.027066413	
TMEM243		0.027046613	
CDH22		0.026920851	
DCLK3		0.02690635	
TCTN1		0.026856367	
NEU3		0.026756627	
ASB16		0.026384693	
GTF3C2		0.02631455	
RASSF2		0.026148267	
SMIM10L2B		0.025827331	
PPIE		0.025127036	
ELMOD2		0.025037505	
PC		0.024271572	
LINC02631		0.023923283	
PHF2		0.023747751	
CMKLR2		0.023441892	
PAWR		0.023351911	
MRPL58		0.023321543	
ITCH		0.023160916	
BMP6		0.023123356	
SPACDR		0.022996526	
SUSD1		0.022803357	
CHADL		0.022343697	
MFAP3L		0.022243721	
CYP51A1-AS1		0.022082275	
MRPL3		0.021175057	
LINC00299		0.02076543	
TMEM216		0.020649124	
STMN1		0.020345518	
HEXIM1		0.020053029	
CALU		0.019989513	
TPTEP2-CSNK1E		0.01990366	
PRRC1		0.019714775	
GPR183		0.01962681	
LINC02245		0.019587215	
TOR1AIP1		0.01931922	
COL17A1		0.019239346	
SKA1		0.019191906	
RMND5B		0.019159311	
ZC2HC1C		0.019139793	
MACO1		0.019031746	
NSUN6		0.019028993	
LINC01118		0.018971546	
RAB39A		0.018786397	
CLMN		0.018608497	
SFTPD		0.018577574	
CLTB		0.018555542	
AFAP1L1		0.018239176	
SLAMF7		0.017420389	
TIGIT		0.017352577	
RAP2B		0.01726832	
SCNN1G		0.0172456	
TNFAIP6		0.017193753	
GRAMD1B		0.017028462	
MCOLN1		0.01682103	
THBS4		0.016663386	
FHAD1		0.016549636	
DDX5		0.016499184	
CYB5A		0.015974045	
MFAP1		0.015528522	
CTBP2		0.015191609	
CNR1		0.014985402	
C20orf96		0.014519183	
MTG2		0.013982992	
ANXA5		0.013890482	
UBBP4		0.013889525	
PAK1		0.013873298	
RCC1		0.013731115	
MEGF11		0.012995224	
MED31		0.012940812	
CAPN13		0.012884676	
MTDH		0.012814371	
AK8		0.012788404	
RBMS3-AS2		0.012466916	
KCNMB4		0.012430063	
EXOSC1		0.012415644	
CDH7		0.01241525	
IFT172		0.012405514	
TFR2		0.012391017	
TNFRSF10A		0.0123476535	
TXLNG		0.012026757	
GTPBP2		0.011839459	
PMS2P3		0.0115702925	
ACSF2		0.011552083	
ABHD17C		0.011157694	
NALCN		0.0110610975	
GLIPR1L2		0.010844912	
CPEB3		0.010437368	
IRX4		0.010136674	
CARD8		0.009794349	
TPTE2P6		0.00966502	
SYTL4		0.009511853	
SORCS3		0.009479341	
PTGFRN		0.009330678	
PTPN1		0.009063578	
TMED2		0.007773507	
NR6A1		0.007685039	
EBI3		0.0076125497	
ADAMTS20		0.007578345	
METTL9		0.0071885264	
MYBL1		0.0068105278	
FBXO46		0.0066633346	
BAG2		0.0062989905	
CLCN2		0.0060803615	
AKNAD1		0.0054587172	
FKRP		0.0047826427	
ZNF589		0.004647379	
PKN2-AS1		0.0042993124	
CABYR		0.004251002	
INPP5B		0.0041888845	
DLGAP4-AS1		0.0039825644	
CXCL10		0.003624765	
BASP1-AS1		0.003219227	
SMIM27		0.0025026053	
FAM217B		0.0019953428	
EID2B		0.0019642026	
JPH3		0.001712175	
NCOA4		0.0016797978	
FAM174A		0.0014636168	
ENPP7P15		0.0014459225	
ESYT2		0.0013248599	
SCAND3		0.0010843102	
GRXCR2		0.0010333906	
STX11		8.7269343E-4	
SORBS1		7.230971E-4	
SMPDL3B		5.4092816E-4	
HBEGF		4.106969E-4	
LETM2		2.9421685E-4	
NUDT11		-5.9091064E-5	
GLUD1P3		-1.19133816E-4	
IKZF5		-4.1245634E-4	
NRTN		-5.0390494E-4	
LSM12		-0.0012428275	
LINC02741		-0.0012742546	
TRAM2		-0.0015557908	
KIF17		-0.0018963637	
EGR3		-0.0019274428	
PIR		-0.002273781	
LINC01397		-0.0023943535	
TMEM200C		-0.0027837278	
LEF1-AS1		-0.002818788	
CSNK2A2		-0.0028411264	
WNK4		-0.0028925173	
LEMD2		-0.003547193	
CPE		-0.003773035	
JCAD		-0.004057148	
WIPF3		-0.0041992115	
LINC02934		-0.0042236224	
HAS2		-0.0043390202	
MTRES1		-0.004573889	
SYNDIG1		-0.0046731518	
KBTBD11		-0.0048619737	
GPR143		-0.0048874146	
ATP1B2		-0.004957173	
PRKAR2B-AS1		-0.005047249	
DPY19L2		-0.005076534	
PARP6		-0.005087129	
KIF2C		-0.005443596	
UPF3A		-0.005671473	
COLEC10		-0.005776356	
PGM2L1		-0.0058973655	
SYCE2		-0.0060839294	
ATP8A2		-0.0063560354	
CNGA1		-0.006460873	
PWRN1		-0.0065537393	
SPCS3-AS1		-0.006826241	
UBLCP1		-0.0068283016	
APCDD1		-0.0069366866	
A2MP1		-0.0071296757	
MRPS11		-0.007242999	
AOX1		-0.0072936295	
DHRS4L1		-0.007509323	
SLC16A4		-0.0075110523	
LINC02541		-0.007524785	
TTYH2		-0.007656773	
HSPA2-AS1		-0.0078001576	
FRA10AC1		-0.007950883	
GSG1L		-0.008131022	
DNPEP-AS1		-0.008151734	
CDH17		-0.008190592	
ADAMTS9-AS1		-0.008356614	
AUNIP		-0.009112735	
LY75-CD302		-0.009591504	
RNF183		-0.009666975	
LINC03048		-0.009709555	
GLRX3		-0.00995193	
LINC00993		-0.009960705	
C3orf20		-0.010463814	
COPE		-0.010803739	
SLC35F4		-0.011778982	
ZNF783		-0.011846234	
TMC1		-0.012046233	
GXYLT1		-0.012266335	
PSPH		-0.0125825275	
FMNL3		-0.012696736	
GRM7-AS3		-0.012799239	
FAM184B		-0.013445763	
GLRA2		-0.013714728	
ATP7B		-0.013818175	
COL4A3		-0.0139116375	
LINC01356		-0.014023398	
RIMKLB		-0.014514351	
CD5		-0.014567541	
RARRES1		-0.014833524	
RADX		-0.014852583	
MTERF2		-0.0154201565	
MCFD2		-0.015550228	
CDK15		-0.015770614	
C14orf93		-0.015776481	
ATP1A4		-0.01585821	
LINC01692		-0.015890028	
PCED1B		-0.01592692	
DDX11		-0.016121574	
IL2RA		-0.016390625	
TMEM40		-0.016899131	
ZNF726		-0.01768795	
ABHD6		-0.018116653	
TMPRSS9		-0.018177984	
TP53BP2		-0.0182287	
CEACAM1		-0.01834316	
M1AP		-0.018526547	
HTR2C		-0.018538103	
EFHB		-0.0187099	
METTL3		-0.01895494	
SEL1L2		-0.019107796	
GARNL3		-0.019115001	
LINC01800		-0.020119326	
ZNF282		-0.020390462	
GABRP		-0.02043503	
BIRC5		-0.020826701	
XIAP		-0.020834612	
GNA14		-0.021253906	
MCM3		-0.021630406	
ADPRM		-0.021644108	
ZBTB25		-0.021769255	
ITM2B		-0.021835506	
HOTAIR		-0.022180889	
TUBE1		-0.022692507	
SEC22C		-0.022824103	
GIPC2		-0.022892635	
ABCA13		-0.023291782	
NRL		-0.023306774	
LILRB3		-0.023512842	
ACSF3		-0.023728913	
DGCR5		-0.023769753	
ZFP3		-0.02384085	
COL3A1		-0.02448015	
TIPARP		-0.025055032	
ZNF737		-0.025421225	
EDARADD		-0.02542488	
ZNF552		-0.025435142	
PERP		-0.025598237	
ZKSCAN7-AS1		-0.025812317	
ZFP64		-0.026168209	
RGS2-AS1		-0.026536573	
MYCN		-0.02668627	
GOLGA2P5		-0.026841491	
CDC7		-0.026981352	
SLC47A1		-0.027027905	
IQCN		-0.027933057	
C10orf143		-0.028357245	
CD1C		-0.028523685	
ACOX2		-0.028549602	
RHOXF1P3		-0.028646484	
PCYT1B		-0.028722715	
H3-3B		-0.029091403	
VBP1		-0.029139388	
TPCN1		-0.029680325	
RAB11FIP5		-0.030211346	
HMGCR		-0.030211894	
FAM216A		-0.030470798	
CYSTM1		-0.030496808	
TP53TG5		-0.03075798	
RAPGEF4		-0.030762745	
LINC01170		-0.03157711	
FBXO17		-0.03166915	
BIK		-0.03181334	
FKBP9		-0.03188715	
CLIC5		-0.03190364	
SRGN		-0.032078702	
INTS4		-0.032836452	
TPH2		-0.032900758	
BRWD1-AS1		-0.033053596	
CYREN		-0.03338877	
NTRK1		-0.033407718	
TRAF5		-0.033411376	
ZNF384		-0.034125872	
CDC37L1-DT		-0.03420773	
RBM47		-0.03501623	
MMP9		-0.03509354	
RGCC		-0.035605125	
PIEZO2		-0.035779055	
SMIM2-AS1		-0.037279274	
HAND2		-0.037336797	
RPGRIP1		-0.037708927	
RFLNB		-0.037737653	
DMRT1		-0.038114563	
TM9SF5P		-0.038171798	
SMAD3-DT		-0.038245186	
TRAT1		-0.038346045	
MYRFL		-0.038387235	
TMBIM7P		-0.03914833	
CACNG3		-0.039766926	
STARD9		-0.040286127	
LINC00632		-0.04049467	
PPP2R2B		-0.04069345	
MAP4K1		-0.041041523	
ZBTB39		-0.04145598	
ZNF267		-0.04158648	
ZNF876P		-0.04249053	
SLC39A13-AS1		-0.04251216	
BALR6		-0.043351255	
ARHGEF28		-0.04338446	
EMC1		-0.044268213	
GCNT3		-0.044440255	
ZNF717		-0.04451698	
KCNK13		-0.044660613	
NHP2P1		-0.04481217	
POR		-0.045394905	
PDZD2		-0.04571514	
LINC02405		-0.045874137	
ITM2A		-0.046324532	
FSHR		-0.04637086	
LINC00616		-0.046601072	
ICOS		-0.046713248	
KIAA0040		-0.046714757	
TMEM106C		-0.04677506	
SLC5A4-AS1		-0.046876524	
PPP1R1B		-0.046909206	
SUGT1		-0.047005486	
FBXO21		-0.04711635	
BTG3		-0.047433972	
CTNNB1		-0.0476456	
XKR4		-0.047778483	
IDO1		-0.047839414	
MRPL42		-0.047953274	
DIO2		-0.048069566	
COQ4		-0.048272185	
OARD1		-0.04844077	
NOSTRIN		-0.04884185	
HMGCS1		-0.048918065	
TLE6		-0.049296804	
THBD		-0.04953382	
SLIT3		-0.049602613	
PADI4		-0.049991153	
TUBB2B		-0.050038185	
EEPD1		-0.050169192	
PLPPR4		-0.050321642	
PDHB		-0.05046707	
PRTG		-0.050623264	
LINC02984		-0.05084693	
TRPA1		-0.05115991	
THAP1		-0.051247492	
STAT1		-0.051869772	
CCDC125		-0.052318215	
LINC02100		-0.052463815	
ZNF702P		-0.0524642	
HOMER3		-0.052743804	
PPP1R3B-DT		-0.052980475	
SPHKAP		-0.05307098	
SIGLEC15		-0.05310427	
SNHG16		-0.05319578	
SGCD		-0.053658184	
MCM10		-0.0542735	
SLC39A7		-0.05445752	
RFPL1S		-0.05472432	
TAB1		-0.05505046	
BPIFB1		-0.055055168	
LACTB		-0.05574948	
MGAT5B		-0.055825286	
TM4SF18-AS1		-0.055987444	
H2BC9		-0.056219816	
GPM6B		-0.056314465	
RFPL3S		-0.056317907	
SLC35D1		-0.05638346	
BNIP3		-0.056512628	
NHS		-0.056552324	
PAX5		-0.05657985	
AZIN1		-0.056714304	
ABCC8		-0.056893125	
DYNLRB2		-0.056923874	
CREG1		-0.05715131	
FCHSD2		-0.057248004	
CD93		-0.05726837	
ARHGEF3		-0.05760784	
CXCR2P1		-0.05762622	
CNBD1		-0.05778931	
C17orf75		-0.05805625	
CGGBP1		-0.05848869	
IREB2		-0.058715995	
GAPLINC		-0.058745194	
COCH		-0.05889358	
FAM234A		-0.05908328	
PDCD6P1		-0.059194457	
ATP6V0D2		-0.05937234	
CCNO-DT		-0.06058358	
YWHAG		-0.060737144	
PRELP		-0.0609595	
TMC7		-0.061134722	
KLF13		-0.061183114	
ATP5PB		-0.06123932	
PSORS1C1		-0.061393764	
HEATR5B		-0.06152563	
RHBDL2		-0.061682586	
IQSEC2		-0.062128734	
PRSS23		-0.0627533	
PYGL		-0.06276915	
TSPAN12		-0.062993325	
PLA2G2C		-0.06304802	
JAM2		-0.06313785	
KDM8		-0.063140966	
MPPED2		-0.06350758	
LINC02832		-0.063729666	
ZFP82		-0.063809514	
PTPN22		-0.0640904	
ORC1		-0.06464159	
HBB		-0.06496243	
APLP2		-0.06518791	
SEH1L		-0.065243036	
IDH3A		-0.06557445	
SUSD4		-0.065994	
ZNF441		-0.06618474	
SARDH		-0.066262245	
PI4KB		-0.06641126	
LINC03036		-0.066514075	
PSMF1		-0.06726269	
GRM5P1		-0.06760206	
NEMP2-DT		-0.06762782	
SLC25A16		-0.06792136	
BMPR2		-0.06812319	
RPS29P5		-0.06828001	
TPO		-0.06841525	
NOS3		-0.068464674	
HTT-AS		-0.06868429	
DPY19L1		-0.069240585	
CBX1		-0.06983422	
TGDS		-0.07000281	
LINC01818		-0.0700174	
ZPBP		-0.070329435	
ZNF517		-0.070600554	
CLIC6		-0.07061209	
VPS53		-0.070677	
IL23R		-0.0706991	
ANKRD20A11P		-0.070805706	
FANCA		-0.07121013	
IQSEC1		-0.07147807	
EXOSC5		-0.07190089	
SNX25		-0.072076224	
SCIRT		-0.07210518	
RNF6		-0.07239306	
SEPTIN14		-0.073026076	
PSMD2		-0.073493116	
MTMR1		-0.07357765	
TEX21P		-0.07380543	
ZNF236		-0.07418484	
CCBE1		-0.07448008	
LGR6		-0.07456998	
NPHS1		-0.074579984	
TPD52		-0.07497278	
PMFBP1		-0.075900786	
LIN7A		-0.07602605	
ME2		-0.07609707	
MTFR2		-0.076316	
UTS2B		-0.07651974	
GNB5		-0.076558694	
FTSJ3		-0.07665504	
LINC01876		-0.07747206	
DUSP6		-0.077824906	
NUAK2		-0.07799046	
EPS15L1		-0.07805334	
TMEM132D		-0.07831343	
LINC01134		-0.078591704	
LINC02208		-0.07874093	
IGSF3		-0.07912497	
DGUOK-AS1		-0.079291426	
HACD1		-0.07946724	
STUM		-0.079560205	
FOXO1		-0.07959092	
B3GALNT1		-0.07983759	
NAT10		-0.08026074	
ZFAND1		-0.080392756	
RAB30-DT		-0.08077629	
CNNM2		-0.08079037	
FBXO27		-0.08101806	
MYO10		-0.08105282	
EDDM13		-0.08115048	
PRDM1		-0.081249036	
HDAC4		-0.081354626	
LINC02422		-0.08135813	
HNRNPUL1		-0.08182988	
GAS1		-0.082922205	
PURB		-0.082963586	
PGM5		-0.08315593	
PCGF6		-0.08389276	
VPS35		-0.0841669	
VEGFD		-0.084447	
ERICH5		-0.0845959	
KRCC1		-0.084936365	
PRKG1-AS1		-0.0851278	
TRARG1		-0.085410014	
CTSV		-0.08552359	
GPLD1		-0.085822664	
CNTFR		-0.0861557	
SNAP25-AS1		-0.08643468	
DCTN5		-0.08699205	
APTX		-0.08714925	
TBC1D2		-0.087219015	
TRABD2A		-0.087656416	
ZFP90		-0.08775197	
APAF1		-0.08813806	
GALNT15		-0.088174045	
PCOLCE-AS1		-0.08823946	
FAM199X		-0.08843255	
LINC03002		-0.0887014	
LGALSL		-0.089069866	
PIN4		-0.08918549	
TMEM165		-0.08921342	
DSTYK		-0.08922893	
LINC01992		-0.089330874	
VAX2		-0.08950136	
RAPH1		-0.089605436	
SGK3		-0.08998231	
HRH1		-0.090052426	
LINC02324		-0.0901116	
KNSTRN		-0.09017542	
THSD1		-0.09029438	
FABP4		-0.09085468	
SMYD1		-0.09128967	
DPF3		-0.09131021	
TMEM38B		-0.09164264	
ACOT7		-0.091845386	
LINC00924		-0.091960736	
UBE2Z		-0.09279933	
SPATA21		-0.09297539	
GTF2H3		-0.09342076	
PARVB		-0.09343608	
ATP8B2		-0.09363301	
POC1A		-0.09370018	
NBPF9		-0.09391672	
ATP2B2		-0.09444041	
NUP107		-0.09449896	
BNIP3L		-0.09452642	
PLAAT5		-0.0952549	
PCSK6		-0.09529472	
TIAL1		-0.09530668	
PHYHD1		-0.095366746	
NADSYN1		-0.09547422	
ZNF33B		-0.09555873	
C16orf96		-0.09580094	
BCL2		-0.096152455	
SEMA4B		-0.096188605	
GRP		-0.09636441	
ATP5F1EP2		-0.096635975	
HSPA5		-0.09688712	
HCRTR2		-0.096935466	
CAMSAP1-DT		-0.09720605	
FAM186A		-0.09740756	
NETO2		-0.09775241	
ANXA7		-0.09780341	
SNX31		-0.09787381	
CHRM5		-0.09899378	
ASAH1		-0.09899693	
ANKFY1		-0.09919697	
LINC02653		-0.09923691	
CASS4		-0.09963556	
GMEB1		-0.09983417	
FSIP2LP		-0.09991719	
SLC35B4		-0.10045174	
PLPP1		-0.100681305	
FAM90A1		-0.10092521	
LSM1		-0.10102814	
OPCML		-0.10122526	
WIPF1		-0.10150326	
FAIM2		-0.101677686	
WDR64		-0.102368884	
SYT14		-0.10278947	
G2E3-AS1		-0.10325458	
PNPLA3		-0.103287436	
AQP7		-0.10338384	
MAPK6		-0.10343001	
PHC2		-0.103622034	
ANKRD33B		-0.103791386	
PRPF3		-0.10395767	
ARSG		-0.10404788	
SYT13		-0.10407757	
CXCL11		-0.10408473	
SF3B6		-0.104091324	
SLC6A14		-0.10413454	
TRGC2		-0.104412064	
MIR4435-2HG		-0.10449446	
CCDC63		-0.10497006	
HTRA4		-0.105020344	
AOX2P		-0.10509696	
ARLN		-0.10534711	
POLB		-0.10576245	
IBSP		-0.10587205	
PLEKHA8		-0.106053956	
SLC25A29		-0.10637243	
DTL		-0.1064663	
CDC42BPG		-0.10673922	
TMEM241		-0.10803427	
CHMP3-AS1		-0.10825606	
GYPE		-0.108262785	
BACE2		-0.10858047	
PROCA1		-0.108658284	
HADHAP2		-0.10945023	
LAMB3		-0.109615736	
GEMIN2		-0.10967692	
COL4A4		-0.10990183	
PTS		-0.1099479	
DPH1		-0.11038423	
EMG1		-0.110585876	
LYG1		-0.111050345	
LDHC		-0.11131655	
SYNPR		-0.11153652	
PEG10		-0.11175326	
PALM3		-0.11187292	
HCG11		-0.11204105	
GEMIN6		-0.11263256	
SLC37A2		-0.11270092	
RPS20P2		-0.11272026	
PPP1R14C		-0.11278771	
LINC01645		-0.11286068	
TAF12-DT		-0.11300901	
ZNF503-AS1		-0.113171585	
VANGL1		-0.11343469	
PRPF38B		-0.11365146	
LINC01508		-0.11368845	
PRDX6-AS1		-0.113744035	
TOE1		-0.11392058	
ADM2		-0.11415641	
CATIP		-0.114167355	
TECTA		-0.11420464	
ETFDH		-0.11442545	
FAM83F		-0.11469924	
SMIM14		-0.11478346	
SPRY1		-0.11494883	
SRP14-DT		-0.11535908	
MRPL48		-0.11553677	
SDSL		-0.11557663	
RGS6		-0.11572161	
PPIH		-0.11612329	
ASB7		-0.11634405	
TSC22D1		-0.11661735	
RHEB		-0.116660535	
NFASC		-0.11674368	
STIL		-0.1169366	
ZNF532		-0.11695369	
INAVA		-0.11696136	
CTSK		-0.11731215	
HCP5		-0.11772147	
TPGS1		-0.118382	
FGD4		-0.118444934	
CXCL9		-0.11907801	
PCYT1A		-0.119302675	
PPM1F-AS1		-0.11945745	
ZIC1		-0.11949496	
BEND7		-0.120450154	
C3P1		-0.1208466	
SMARCD1		-0.120952964	
TLCD2		-0.121119134	
EXOSC7		-0.12123631	
CEP250		-0.121921465	
KLF7		-0.12209189	
ZNF300		-0.12214088	
TUG1		-0.122225516	
REC114		-0.12240535	
CXorf58		-0.122428976	
GFRA1		-0.12261474	
MOXD1		-0.12280609	
FERMT1		-0.12288239	
TRAPPC9		-0.12296436	
BRD8		-0.12303615	
LINC02296		-0.123396896	
DHX8		-0.12386912	
LHX6		-0.12427466	
LYSMD1		-0.12471716	
FKBP14		-0.12515807	
CKS2		-0.12518854	
IRAK2		-0.12539923	
LINC02462		-0.12571019	
C17orf67		-0.12573963	
SHLD1		-0.12611893	
LINC01098		-0.12627712	
NYAP2		-0.1266441	
NFIA-AS2		-0.12739111	
PATJ		-0.12764494	
INTS6L		-0.12765571	
UPB1		-0.12808564	
GRIK3		-0.12836248	
SEC24A		-0.12836607	
CIDEA		-0.12863804	
AMN1		-0.12869969	
CCS		-0.12964287	
ANKRD42-DT		-0.12973751	
GABARAPL2		-0.12986891	
ERLIN1		-0.12987652	
LINC03062		-0.12990734	
TOP3B		-0.13019606	
XRN2		-0.13026421	
CNPY2-AS1		-0.13041914	
ATXN7L1		-0.13045166	
RUSF1		-0.13050888	
TEC		-0.13070747	
DPP8		-0.13078439	
TRAM1		-0.13115908	
ZFPM1		-0.13136269	
SNX29		-0.1314278	
CHROMR		-0.13148165	
PSMD7-DT		-0.13148756	
NRXN1-DT		-0.13162738	
RBFOX3		-0.13217373	
FAM168A		-0.13242868	
AMOT		-0.13242982	
FAM89A		-0.13277923	
CFAP210		-0.13285178	
SPTBN2		-0.13319439	
ZNF169		-0.13324018	
RAD17		-0.1332852	
SNHG30		-0.13334541	
FAM193B		-0.13383272	
LINC01301		-0.1339175	
PPP1R26		-0.13431643	
DNAH9		-0.13460912	
NUP210L		-0.13515237	
PTK2		-0.13530494	
MTIF3		-0.13549243	
SART1		-0.13554849	
ATP2B1-AS1		-0.13575342	
DTX3L		-0.13602974	
CATSPERD		-0.13692853	
TRIM16L		-0.13714805	
CCDC148		-0.1372857	
KITLG		-0.13750806	
FANCD2		-0.13777226	
TOB1		-0.13798901	
DOCK1		-0.13813503	
PPM1K		-0.13843119	
LETMD1		-0.13883072	
FZD5		-0.13933143	
CENPK		-0.13973542	
FAM163A		-0.14002812	
ZNF195		-0.14020373	
CSAD		-0.14030573	
ENPP3		-0.14033093	
CEACAM6		-0.1405035	
LINC02840		-0.14085118	
BSPRY		-0.14162868	
APCDD1L-DT		-0.14166598	
C1orf115		-0.14190666	
LINC02197		-0.14211279	
SLC16A6		-0.14218324	
ASIP		-0.14234248	
EFCAB14		-0.14328834	
COIL		-0.14426772	
DCAF12		-0.14427581	
CCDC90B		-0.14428054	
AGL		-0.14471032	
CENPO		-0.14489836	
TRMT2B-AS1		-0.14509752	
SELENOP		-0.14529884	
CCNB3		-0.14559016	
DCBLD2		-0.14561768	
ATP6V0D1		-0.1464941	
PLCXD2		-0.14670222	
SULF1		-0.14676258	
CEP19		-0.1476503	
LSS		-0.14783107	
TRAF3		-0.14808117	
DNMT1		-0.14818573	
CCNI		-0.14843841	
ZNF280B		-0.14867873	
JOSD1		-0.14874472	
USP40		-0.14908214	
LINC01830		-0.1490935	
ADAMTS16		-0.14918797	
UBA2		-0.149285	
UBE2N		-0.14936952	
USP44		-0.1495345	
LINC01337		-0.14968546	
DNAJC27-AS1		-0.14978804	
FBXL9P		-0.14979783	
IFI44L		-0.15010361	
PSMA8		-0.15019938	
SLC39A9		-0.1504164	
INMT		-0.1505006	
IYD		-0.15053602	
TULP2		-0.15108187	
STRBP		-0.1510964	
MAEL		-0.15152653	
SLCO2B1		-0.15158676	
ZNF208		-0.15169671	
PAX8		-0.15192717	
PWRN4		-0.15200432	
BICRAL		-0.15241672	
LINC00944		-0.15244249	
FAM193A		-0.1531359	
MYO18B		-0.1531784	
TIMM17A		-0.15322123	
GALNT17		-0.15359077	
CMBL		-0.15366554	
MASTL		-0.15372097	
CD53		-0.15425238	
UNK		-0.15477872	
TAFA4		-0.15500614	
APP		-0.15516227	
NUMB		-0.15579256	
NOP14-AS1		-0.15584068	
SPMIP11		-0.15590903	
CAPN9		-0.15619306	
FTX		-0.15623173	
ZNF91		-0.15648837	
HJURP		-0.15699036	
MIR493HG		-0.15715933	
QRSL1		-0.15775163	
HNRNPD		-0.15804654	
FAM185A		-0.15833047	
ZNF711		-0.15873721	
SOCS2-AS1		-0.15931657	
TMEM178B		-0.15969793	
ATP11A		-0.16046159	
ZNF674		-0.16138965	
TMEM202-AS1		-0.1614007	
THSD4		-0.16220148	
FNBP1		-0.16223016	
PRRX1		-0.16236359	
ATL3		-0.16263148	
TNFRSF11B		-0.16300172	
CEP97		-0.16331428	
H2BC18		-0.16350882	
SIAE		-0.16356817	
AP1S2		-0.16363397	
CAMSAP1		-0.16370112	
LINC02940		-0.16422056	
TUB		-0.16468647	
NDOR1		-0.16501243	
MOK		-0.1650759	
H3C12		-0.16603747	
ENPP2		-0.16640437	
AGR3		-0.16641453	
SPDYA		-0.16697475	
LINC00511		-0.16717207	
ZDHHC7		-0.16718124	
PPP1R42		-0.16756345	
LINC02446		-0.1676662	
PDK4		-0.1678814	
CALN1		-0.1678896	
MCMBP		-0.16799664	
AASDH		-0.16857883	
SP140L		-0.1687523	
ZNF542P		-0.16915609	
PPP3CC		-0.16983552	
KCNAB3		-0.17002088	
PROSER2		-0.1704277	
SLC9C2		-0.17046814	
CLPX		-0.17121328	
THBS3-AS1		-0.17164369	
PCCB		-0.1717264	
DBX2		-0.1720377	
RDH10		-0.17211166	
CDKN2B		-0.1730096	
EYS		-0.17341092	
CD8B		-0.17353219	
TXNL4B		-0.1737448	
OPRM1		-0.1738952	
MIR3659HG		-0.17412579	
GDA		-0.17420906	
MKRN3		-0.17469618	
FES		-0.17504132	
MGST1		-0.17574367	
CDKL4		-0.17667098	
OIP5		-0.17686717	
CACNG1		-0.1770789	
API5		-0.1772098	
BIVM-ERCC5		-0.17724626	
RETREG1		-0.1773552	
NTM-AS3		-0.17782266	
NFE2L3		-0.17823716	
MAP3K9		-0.17848259	
ACADSB		-0.17866278	
GUSBP15		-0.17901206	
TMC3		-0.17911573	
ZBTB44-DT		-0.17926864	
SKIL		-0.17948061	
DSCAS		-0.17979729	
IL15		-0.17994249	
KCNH4		-0.18005227	
SLC26A5		-0.18031077	
LINC00243		-0.1806826	
DLEC1		-0.18070291	
ARGLU1-DT		-0.18097286	
TINAG		-0.18154395	
APBB1IP		-0.1816619	
LINC02997		-0.18215337	
HIF1A		-0.18217558	
EPB41L5		-0.18235569	
RASSF4		-0.18240112	
CPD		-0.1829659	
RSPO4		-0.18299258	
CACNB4		-0.18305664	
INTS6-AS1		-0.18332176	
SLC25A24P1		-0.18356088	
TMEM97		-0.18432738	
SLC4A8		-0.18527856	
PARVA		-0.18561421	
MICOS10		-0.18577698	
HPYR1		-0.18626525	
KLHL25		-0.18643929	
LINC02669		-0.18714316	
USH2A		-0.1873	
ERI1		-0.1878463	
YTHDF2		-0.18813834	
LIPC		-0.1882568	
SATL1		-0.1882975	
CEMIP2		-0.18901095	
CARM1P1		-0.1890463	
LAMA1		-0.18978192	
C1QTNF7-AS1		-0.18998887	
CNGB3		-0.18998952	
LINC01697		-0.19034836	
GLYATL2		-0.19043256	
GLT8D2		-0.19062111	
BCL7B		-0.19066948	
MYO5C		-0.19095686	
SRI		-0.19122294	
TAFA5		-0.19129944	
PAFAH1B1		-0.19145672	
E2F5-DT		-0.19231737	
ZBTB18		-0.19241884	
SNCA		-0.19242251	
LINC00448		-0.19251157	
PIK3AP1		-0.19339032	
AREG		-0.1937219	
GDPD1		-0.19541898	
LINC00383		-0.19564	
MCOLN3		-0.19614565	
PLPP4		-0.19650193	
GPC5		-0.19661392	
PIK3CB		-0.19673903	
DENND2C		-0.19696914	
ZNF287		-0.19709556	
RIMKLA		-0.19756645	
LINC02137		-0.19792914	
ZNF778		-0.1981528	
GTF3C2-AS2		-0.19846486	
RFX8		-0.19855075	
ATP1A2		-0.19858609	
LINC02043		-0.19865908	
GINS4		-0.19885896	
JHY		-0.19892213	
KIT		-0.1991664	
PIKFYVE		-0.1994609	
TMEM116		-0.19954374	
LINC01344		-0.19985394	
PLEKHA6		-0.20043866	
KCTD13		-0.20048021	
PLXNA4		-0.20149086	
GNAS		-0.20167312	
LINC02895		-0.20196697	
IGSF21		-0.20198926	
OSBPL6		-0.20204404	
C1QTNF7		-0.2023387	
CLNS1A		-0.20246877	
GFM1		-0.20271163	
ABRAXAS1P2		-0.20273164	
NAALAD2		-0.20347215	
HESX1		-0.20351478	
NPIPB2		-0.20355183	
VSTM5		-0.20377536	
PPP3CB-AS1		-0.20405062	
BCAS1		-0.20418711	
STAB2		-0.20422366	
NBPF3		-0.20442341	
CCT2		-0.20453238	
ADAMTS5		-0.20465979	
AGT		-0.20482928	
LAMP2		-0.20515987	
MAP3K1		-0.20611408	
ZNF620		-0.20677653	
RWDD1		-0.20692597	
ACACB		-0.2070642	
AMOTL1		-0.20761639	
TMEM50A		-0.20783646	
CCDC81		-0.20786637	
LINC03000		-0.20786658	
FZD7		-0.20809358	
TBK1		-0.20833696	
AQP9		-0.20880955	
ABHD14B		-0.20888622	
PSIP1P1		-0.2093756	
TRIM33		-0.20940997	
CNIH3		-0.2094612	
HSD17B2-AS1		-0.20972441	
NCAL1		-0.21018001	
LINC02288		-0.2102037	
SHMT1		-0.2113735	
SLC16A10		-0.2119038	
MAP4K3-DT		-0.21220393	
TRPM2		-0.2124645	
NIPSNAP2		-0.21253574	
PLB1		-0.2141047	
LINC03107		-0.21431431	
PTN		-0.21437326	
CFAP263		-0.21446268	
ZMYND12		-0.21471551	
COA6		-0.2149984	
KIF3B		-0.21514852	
MORF4L2		-0.21517597	
VPS13D		-0.21525298	
UBL7		-0.21539323	
DTX1		-0.2155763	
GTF2E1		-0.21568584	
ZBTB16		-0.21572585	
GCSAML		-0.21576066	
PYROXD2		-0.21616271	
PARP1		-0.21624105	
CIT		-0.21746625	
SLCO5A1-AS1		-0.21749699	
PEMT		-0.21753885	
HAS2-AS1		-0.21793737	
SLC7A10		-0.2180387	
CDC42EP3		-0.21848285	
GLRX		-0.21888071	
MTSS1		-0.21939227	
PPIP5K1		-0.21954195	
LINC01090		-0.22067775	
LINC02112		-0.22079344	
CFAP95		-0.22100833	
LINC02345		-0.22106194	
CFL1P1		-0.22154503	
CT62		-0.2217868	
WAKMAR2		-0.22208075	
NT5E		-0.22219718	
ERICH2		-0.22262296	
FJX1		-0.22270073	
GAS7		-0.22274792	
PACS1		-0.22275713	
C9orf78		-0.22316985	
BDH2		-0.22319819	
MACROD1		-0.22326908	
SETD4		-0.22351332	
GIMAP4		-0.22363448	
ACSS3		-0.22445846	
PKIG		-0.22451401	
CDC123		-0.22452536	
CTDP1-DT		-0.22504468	
CNOT2		-0.22540084	
GCNT4		-0.22568354	
LINC02873		-0.22600497	
PI4KA		-0.22635151	
TSBP1		-0.22704282	
SCN1A		-0.22749385	
ZNF569		-0.2279214	
ESR2		-0.22831984	
TMTC2		-0.22838123	
GABRB1		-0.22913675	
CDH9		-0.23047613	
KRT81		-0.23065288	
CHIC1		-0.23082796	
CMTM8		-0.23133764	
SOS2		-0.23156714	
RNF103-CHMP3		-0.23179697	
G0S2		-0.23181786	
RIMS2		-0.23202853	
FRZB		-0.23241217	
SLC16A1		-0.2330264	
LINC02211		-0.23302743	
KCNIP3		-0.23323506	
PARN		-0.23326303	
UBE2QL1		-0.23348294	
MIR9-3HG		-0.23385546	
MRPL32		-0.23394185	
ZDHHC2		-0.2345225	
PZP		-0.2348763	
ADAMTS14		-0.23488885	
SLC41A3		-0.23508936	
LINC02611		-0.23514518	
NAA35		-0.23596975	
PCSK2		-0.2362036	
RFK		-0.23686734	
PAN2		-0.23787001	
CDC14B		-0.23787154	
VDAC2		-0.23819469	
SLC38A11		-0.23825976	
GDI2		-0.23837227	
KLF3-AS1		-0.23886688	
WWOX		-0.23985344	
FRRS1L		-0.23995984	
SPRY4		-0.24000889	
GP6-AS1		-0.24030088	
GMFB		-0.24069096	
ZBTB10		-0.24070014	
PPP1R16B		-0.24136141	
PPM1K-DT		-0.24171066	
RHOBTB1		-0.24204946	
CDKN3		-0.24222934	
LINC02774		-0.24250418	
MLF1		-0.24257024	
PARD3		-0.24274406	
HPGD		-0.24370508	
HNRNPDL		-0.24418606	
AR		-0.24424699	
MVD		-0.24490306	
FFAR4		-0.24585497	
LINC01847		-0.24590237	
RBMS3-AS3		-0.24628048	
GPR137C		-0.24634749	
SNX32		-0.24655649	
ERC2		-0.24760798	
DCDC2		-0.24783936	
HADHA		-0.24827723	
PLCG2		-0.24846771	
SCAF1		-0.24883094	
KPNA7		-0.24936444	
SCHLAP1		-0.25042424	
CSF1R		-0.25048387	
PREPL		-0.250589	
TDRD12		-0.25148305	
KCNJ8-AS1		-0.25220835	
ZNF117		-0.25224328	
ARMH4		-0.25227693	
EXOC2		-0.2523071	
RETREG1-AS1		-0.25298443	
H2BC20P		-0.2530253	
GIMAP8		-0.25306663	
ZNF708		-0.25316662	
RHEX		-0.25360334	
SFRP4		-0.25384337	
LINC02896		-0.25430223	
SLC35F2		-0.25467926	
SLC16A12		-0.25469697	
SMG1P5		-0.2548575	
LINC02755		-0.2552329	
OR7E14P		-0.25528625	
TBC1D10B		-0.25582266	
ADCY8		-0.25626308	
NARS2		-0.2565472	
PCBP2		-0.25699887	
MYT1L		-0.25717026	
RALGPS1		-0.2575468	
SRP54		-0.25796255	
YPEL1		-0.25898525	
SCML4		-0.259608	
NOLC1		-0.25976384	
ZNF90		-0.2601978	
NACC2		-0.26045048	
LINC02964		-0.26045194	
SH3RF3		-0.26216698	
IL16		-0.2624807	
SELE		-0.26249865	
NEPRO-AS1		-0.26266858	
DCAF4L1		-0.2628871	
HEATR5A		-0.26289383	
TLR5		-0.2630139	
TTC23-AS1		-0.26327696	
GOLM1		-0.2634995	
HSPA9		-0.26363328	
ILRUN		-0.26364058	
ITK		-0.2638384	
TBCCD1		-0.26393765	
LINC02054		-0.26421767	
HAVCR2		-0.2648397	
HSPA14		-0.26531196	
GPATCH8		-0.26550293	
FGD5-AS1		-0.26569986	
LINC01967		-0.26581645	
RELT		-0.2666313	
SORCS1		-0.26684102	
LAMB4		-0.26685098	
SPATA33		-0.26688647	
ECT2		-0.26765358	
ERICH6		-0.2683477	
IRS2		-0.2684294	
FBXO32		-0.26900262	
MRAS		-0.26919422	
TIFA		-0.27019486	
LINC01965		-0.27042288	
HACD4		-0.27106008	
CYP19A1		-0.27137253	
GNGT1		-0.27157167	
SUPT6H		-0.27157626	
ZSWIM5		-0.27273503	
GABBR2		-0.27345848	
CPS1		-0.27356872	
MARCHF8		-0.2738282	
EXT1		-0.2739066	
KCNK1		-0.27400973	
MNS1		-0.27414268	
ZCCHC2		-0.27437052	
CPNE3		-0.2745767	
MRM1		-0.2769179	
LRRC20		-0.27711388	
LMAN2L		-0.27720982	
TMEM114		-0.2772154	
MAP4K5		-0.27757648	
METTL13		-0.27776626	
SELENOF		-0.27778807	
SPTSSB		-0.27835312	
RAB3B		-0.27873787	
ERLIN2		-0.27876803	
TRIP4		-0.27944764	
ZNF331		-0.2796562	
EGF		-0.28011784	
LINC01807		-0.2806186	
IL1B		-0.28083453	
EMX2OS		-0.2811485	
FGD6		-0.28152126	
DSCAML1		-0.28243616	
ATP10B		-0.2825417	
ATP13A5		-0.28259107	
FZD6		-0.2826391	
SCOC-AS1		-0.28274012	
DNAL1		-0.28291705	
SLC1A3-AS1		-0.28364763	
CH25H		-0.28370914	
BLTP2		-0.28374457	
TMEM163		-0.28390563	
INPP1		-0.28424877	
IRGM		-0.2842718	
IGFN1		-0.2847535	
RPL34-DT		-0.28482622	
MAFTRR		-0.2849731	
ARL3		-0.28542858	
MAN1C1		-0.2857054	
TNS1		-0.2859099	
MPHOSPH6		-0.2860207	
RXYLT1		-0.28607777	
RUNDC3B		-0.28622428	
TMEM132C		-0.28644115	
UBXN8		-0.28679013	
MMP3		-0.28682664	
FITM2		-0.28699943	
SMIM8		-0.28715417	
HNRNPU		-0.28740114	
EIF2AK1		-0.2874662	
PPIEL		-0.2876686	
DAP3P1		-0.2883831	
MAPK1IP1L		-0.28879485	
RSPH9		-0.28887168	
SURF6		-0.28962198	
C21orf91-OT1		-0.28996202	
KCND3		-0.2903606	
MPP7		-0.29054052	
CACYBP		-0.29069757	
RBBP4		-0.29108617	
PPP1R21		-0.29130653	
TXNL1		-0.29160118	
TTLL7		-0.29182944	
LINC01320		-0.29213575	
DCAF8L2		-0.29222637	
IRAK3		-0.29332316	
PLEKHM1		-0.29361513	
CCDC68		-0.29389977	
KHDC1		-0.29394487	
FOXN3		-0.29403746	
MS4A15		-0.29412824	
ETV4		-0.2951506	
PIK3C2A		-0.29542726	
VCL		-0.29589665	
GJA1		-0.29628533	
AK4		-0.29633635	
BAZ1A-AS1		-0.2967556	
ITM2C		-0.2970185	
PTCHD1		-0.29710895	
TNRC6C		-0.2980267	
CHST8		-0.29847646	
S100B		-0.29867667	
MEST		-0.29896513	
HEATR3		-0.29987657	
PSD4		-0.3002331	
PI15		-0.3002785	
LINC00662		-0.30033806	
GAS6		-0.30073935	
HLA-DQA2		-0.30086464	
APCDD1L		-0.30133647	
SLCO5A1		-0.3013776	
ADGRE2		-0.3015621	
PSG11-AS1		-0.30158427	
RAB38		-0.30164185	
LINC02284		-0.30207032	
EFCAB12		-0.3022039	
C2		-0.30328426	
FREM1		-0.30358502	
GRM7		-0.30359638	
UBXN2A		-0.30418172	
LINC02384		-0.30450398	
TBCD		-0.30474606	
TLE1-DT		-0.30502805	
DNAI1		-0.30505246	
SLC39A12		-0.3053856	
STAG3		-0.30540413	
STAM-DT		-0.3056271	
TMEM178A		-0.30609047	
PDCD7		-0.30629638	
PCID2		-0.3065843	
AK3		-0.30675557	
KLHL14		-0.30700815	
ZNF30		-0.30738324	
SLA		-0.3075736	
ZNRF3		-0.30758077	
TARS2		-0.30759427	
FHIP1B		-0.30823916	
GRTP1		-0.30840266	
SIAH2-AS1		-0.30843005	
ICA1L		-0.30874985	
ZNF641		-0.30894724	
TMEFF2		-0.30896068	
ERICH6-AS1		-0.30904534	
BIN2		-0.30949503	
GABRG2		-0.30954403	
SLC6A11		-0.3100797	
SMURF2		-0.31135857	
COL12A1		-0.31141716	
RHBDL3		-0.31194443	
MAP9		-0.31203303	
APELA		-0.31215706	
LIFR-AS1		-0.31216148	
ADORA2B		-0.31220394	
LINC01554		-0.31221595	
GFPT1		-0.31230238	
MTMR6		-0.31279072	
SMAD9		-0.31291616	
LINC00877		-0.31310913	
SDC2		-0.3138119	
RBL2		-0.31391206	
RASA3		-0.31436926	
NR1D2		-0.31440127	
LINC01099		-0.31445295	
MAST2		-0.31445688	
LINC02240		-0.31585997	
USP46		-0.31590542	
EIF2AK2		-0.3159471	
THRAP3		-0.31654632	
TSPAN8		-0.31666934	
UBE2D3-AS1		-0.31672266	
CYBRD1		-0.31700695	
SAFB2		-0.31703508	
PARPBP		-0.3174739	
H2BC5		-0.31756082	
LYPD6B		-0.3177115	
CDH19		-0.31786284	
WWC1		-0.31807098	
STK10		-0.31867486	
AMER1		-0.31867787	
CDKL5		-0.3189623	
PSTK		-0.31927344	
ABCB5		-0.31952912	
FKBP14-AS1		-0.31973067	
C4orf50		-0.31984472	
LINC02457		-0.31993088	
LINC02068		-0.32016504	
AAAS		-0.32024658	
FLRT2		-0.3204857	
MCCC1		-0.3210155	
OMD		-0.32132712	
TRIM32		-0.32135576	
SLIT1		-0.3214624	
FAM43A		-0.32158378	
IPO9-AS1		-0.32187116	
SIX1		-0.32200795	
DPYD-AS1		-0.32303715	
HDDC2		-0.32314023	
LINC02918		-0.32330647	
WDR19		-0.3234312	
LINC02937		-0.32380962	
TNFRSF11A		-0.32390904	
RIN3		-0.3240558	
RGS9		-0.32422134	
RIT2		-0.3248094	
VWA2		-0.32619876	
N4BP2L2		-0.32745317	
LINC02073		-0.32756907	
ETV7		-0.32766291	
NKAIN3		-0.3283639	
GREM1		-0.32866517	
NCMAP		-0.3288665	
VKORC1L1		-0.32910746	
RGS5		-0.32936966	
UBE3AP2		-0.32978442	
CMPK1		-0.33014336	
LINC01378		-0.33025318	
GPAT3		-0.33041805	
CFAP69		-0.33063316	
EYA4		-0.3309587	
ROCR		-0.33115137	
DPY19L2P4		-0.33115917	
SLC31A1		-0.3315606	
KLRF1		-0.3318155	
LINC01644		-0.33185136	
PPP3CB		-0.33222896	
FRMPD4		-0.33228555	
IDH2-DT		-0.3323342	
SPRYD7		-0.33233687	
PPP1CB-DT		-0.33238775	
TACR3		-0.33292764	
GTF3C5		-0.33346152	
MAGEC3		-0.3345103	
CYP2B7P		-0.33529344	
AGO2		-0.33556932	
RPP38		-0.3356722	
LIPG		-0.33626625	
ASAH2B		-0.33659175	
F2R		-0.3377622	
CASC18		-0.33784786	
PPIG		-0.3381698	
CLUL1		-0.33859333	
HYDIN2		-0.33916113	
ABRAXAS2		-0.33939716	
ARMC3		-0.33993855	
PLCE1		-0.34007636	
FBXL2		-0.34011656	
TUBA3D		-0.3407664	
CDCA7L		-0.3411306	
CNTNAP3		-0.34121287	
LINC02145		-0.3413366	
CERNA1		-0.3413679	
ZCCHC24		-0.34167206	
PRPS2		-0.3419028	
CDH13		-0.34207386	
CCR3		-0.34212053	
BBOX1		-0.3423717	
NXPH1		-0.34239352	
LONRF2		-0.3424625	
SEC23A		-0.34251362	
SDF2		-0.34269175	
ENAH		-0.3429212	
DSC2		-0.34334174	
PPP1R3D		-0.34334755	
CALCOCO1		-0.3436314	
LMAN1		-0.34381732	
RFX2-AS2		-0.3439133	
PEX11A		-0.34438235	
RUNX1		-0.3445269	
INPP4B		-0.34482107	
HPGDS		-0.34502444	
PCDH19		-0.34522566	
RBM4		-0.34525087	
GABRA2		-0.34539554	
NCBP1		-0.3455118	
KLHL28		-0.34559143	
MS4A6A		-0.34568074	
SH2B2		-0.34580314	
SCGB2A1		-0.3459823	
FHL2		-0.34637162	
NAP1L3		-0.34654966	
PUDP		-0.3467756	
CCDC28A-AS1		-0.34690046	
CLEC2L		-0.34703663	
EGLN3		-0.34849587	
GOLT1B		-0.34860736	
GABRB2		-0.34873408	
SMOX		-0.34908947	
PNMA2		-0.3495614	
DLEU7		-0.35024032	
NBEAL1		-0.35058066	
MAB21L1		-0.35090044	
DENND2D		-0.3510535	
NRXN1		-0.35203242	
BICDL1		-0.35204488	
NSFP1		-0.35227036	
ENTPD7		-0.35244396	
STEAP4		-0.3528254	
INTS8		-0.3538104	
SUB1		-0.35406628	
LINC02438		-0.35408542	
NUDT16		-0.35465676	
LDLRAD3		-0.35519952	
FAM86HP		-0.35576388	
FOXC1		-0.35588065	
GTF2IP7		-0.35704836	
MAOA		-0.3570678	
ALOX12P2		-0.35832334	
CDH26		-0.35899416	
POLQ		-0.35909382	
CCDC33		-0.35912246	
BST1		-0.35917127	
CYP4F12		-0.35922548	
CTSO		-0.3592639	
MDM4		-0.35988277	
RPH3A		-0.36000338	
BRCA1		-0.36036673	
TAF1D		-0.3606249	
KCTD19		-0.36096108	
LINC01801		-0.3610274	
PURG		-0.361174	
STXBP5L		-0.36132732	
TM4SF1-AS1		-0.36142552	
KBTBD12		-0.3621595	
LINC00499		-0.36220106	
CCDC51		-0.36230722	
C7orf78		-0.36282775	
L3MBTL2		-0.36314988	
TIAM1		-0.36555675	
LINC01622		-0.36582363	
SHBG		-0.36588633	
DDO		-0.36622638	
IQCG		-0.36723948	
ARK2N		-0.367722	
MTCL2		-0.3681455	
LRRTM4		-0.36882618	
TGFB2		-0.3694003	
PATL1-DT		-0.36999363	
C4orf33		-0.3700597	
MFF		-0.37029088	
BRINP1		-0.37075752	
SLC30A4-AS1		-0.37076858	
TLR3		-0.37145925	
GLRX2		-0.3719385	
PPP1R9A-AS1		-0.37203586	
AQP4-AS1		-0.37297	
CTNNA3		-0.37309977	
ZNF385C		-0.37375146	
SLCO4C1		-0.37423915	
NRCAM		-0.37589183	
CEP170P1		-0.376907	
SEMA6A-AS2		-0.3769459	
GRM3-AS1		-0.3780209	
RAB29		-0.37812647	
GLIDR		-0.37854728	
PDE6A		-0.37880415	
GALNT18		-0.37905392	
ENTPD1		-0.37910748	
NRXN2		-0.3793321	
TUBBP5		-0.37943786	
RUFY4		-0.37984943	
ZNF157		-0.3800691	
VPS26A		-0.38083756	
B4GALT6		-0.3809708	
KBTBD2		-0.3814138	
RGP1		-0.38148287	
ANO4		-0.38164508	
SLTM		-0.38174418	
ZGRF1		-0.38182884	
NOVA1		-0.38224354	
LINC02223		-0.38256714	
INSYN2B		-0.38267332	
PDCD1LG2		-0.38287866	
EIF5A2		-0.38384658	
SYT1		-0.3839155	
PLEKHB2		-0.38482952	
MAPK10-AS1		-0.384837	
CSRP2		-0.38528392	
TRIM22		-0.38675472	
TPST1		-0.38687107	
IGF2BP2		-0.38692504	
HMGA2		-0.3869752	
SERBP1		-0.3875464	
SOX10		-0.3876399	
PDGFRA		-0.38842216	
ATP23		-0.3890099	
SLC2A10		-0.38913763	
INTS4P1		-0.3894135	
HMGB2		-0.38944194	
LINC01837		-0.38946503	
RELN		-0.38950744	
AP3B2		-0.38960317	
ROR1-AS1		-0.3900158	
MRS2		-0.39089438	
DOC2B		-0.3909339	
ENPP7P4		-0.39111158	
UBXN4		-0.3914564	
SLC34A2		-0.39161342	
PCDH15		-0.39187396	
USP32		-0.3922071	
LINC01234		-0.39244938	
TACO1		-0.3930352	
IL13RA1		-0.3939963	
ZNF215		-0.3943702	
KLRG2		-0.39616016	
CDC45		-0.3962227	
EPHX4		-0.39642206	
NAA50		-0.39650354	
KTN1-AS1		-0.39720836	
MCF2L		-0.39729053	
MCF2		-0.3972916	
CHST7		-0.3973027	
P2RY13		-0.39823318	
METTL18		-0.39828935	
SH3D19		-0.3991958	
KCNN1		-0.39921406	
ALG1L2		-0.3998775	
PAPPA2		-0.4002194	
TENM2		-0.40023023	
CRISPLD1		-0.40062708	
CDKN2AIP		-0.40076125	
TMC5		-0.4023133	
MEGF10		-0.40328863	
STX12		-0.40377647	
CCNG1		-0.40427092	
ALX4		-0.4046609	
POPDC1		-0.40473828	
LINC01019		-0.404881	
MPHOSPH10		-0.40509272	
KRTDAP		-0.40552226	
CFAP92		-0.40569997	
CENPV		-0.4060257	
HSP90AA2P		-0.40603665	
RAB11FIP1		-0.4064031	
LINC01476		-0.40644714	
L3HYPDH		-0.4071288	
DMD		-0.4072103	
ZNF536		-0.40745544	
EMCN		-0.40756163	
GOLGA1		-0.40794113	
LMO4		-0.4084227	
FBXO15		-0.40879917	
CACHD1		-0.4088841	
HNRNPA1L3		-0.4092032	
LINC02315		-0.40989935	
MOB1A		-0.41037405	
RFLNA		-0.41041127	
PLCG1		-0.4108736	
ZNF790-AS1		-0.41149053	
PCDHB10		-0.4122773	
DNAAF1		-0.4124719	
SAMD13		-0.4127001	
DR1		-0.4129966	
GLO1		-0.4132882	
TMEM37		-0.41357315	
SMIM31		-0.41491115	
TRIM7-AS2		-0.414985	
KIF5C-AS1		-0.41507605	
CAPN14		-0.41514882	
OCRL		-0.41583863	
SLC19A3		-0.416896	
GTPBP1		-0.4172591	
SLC26A5-AS1		-0.41753027	
DOP1B		-0.41840306	
SCML1		-0.41853857	
CCL18		-0.41895834	
BHLHE40-AS1		-0.41895995	
LINC01931		-0.41949698	
C5orf46		-0.4197262	
SLC27A6		-0.41984206	
LINC02377		-0.41984245	
LSP1		-0.4199549	
KLHDC3		-0.42005625	
ZNF420		-0.42057723	
TMEM131L		-0.4213719	
ST6GALNAC5		-0.4214812	
FANK1		-0.42156634	
FBP1		-0.42159137	
FRMPD3		-0.4219128	
NAA16		-0.422311	
THRB-AS1		-0.4223512	
GYG1		-0.42239073	
RIN2		-0.4224155	
TLR8		-0.42243266	
KATNA1		-0.42271516	
GTF3C1		-0.4228679	
NEK5		-0.42297897	
CAPN5		-0.42322117	
LIN28B-AS1		-0.42325518	
TBC1D22B		-0.42327926	
ZKSCAN2		-0.4236953	
DPYS		-0.42465052	
MAK		-0.4248245	
GABRG3-AS1		-0.4255634	
NKD1		-0.42565182	
DNAH17		-0.42724186	
OCIAD2		-0.42753106	
ADGRL3		-0.42767468	
MTERF4		-0.42792308	
IL1RAPL2		-0.42804012	
ASH2L		-0.42897236	
WDR93		-0.4292318	
GPR158		-0.42967108	
NCKIPSD		-0.42985332	
ACOT12		-0.43028334	
LINC02256		-0.43029323	
RGS4		-0.43047792	
CYP4Z2P		-0.43067202	
GLG1		-0.43112743	
CHI3L2		-0.43119875	
ZNF577		-0.43131638	
FIGNL2		-0.43172407	
NTRK3		-0.43345892	
PAPSS2		-0.43430996	
TMEM256-PLSCR3		-0.43441448	
CDO1		-0.4344151	
TLL2		-0.43509632	
ANKH		-0.43581936	
LINC02506		-0.43584085	
ZFX		-0.43672994	
TFAP2B		-0.43673527	
HSP90AB1		-0.43710148	
GUCY1B2		-0.43743536	
PPIB		-0.43776366	
BEX1		-0.43870905	
SLC5A8		-0.439053	
PRKCQ-AS1		-0.43915385	
LINC02210-CRHR1		-0.44044122	
SECISBP2L		-0.44175237	
EFNB3		-0.4420982	
SPON1		-0.44319624	
MZT1		-0.44341007	
NANP		-0.44412562	
PLAA		-0.44438076	
CDON		-0.44440806	
NVL		-0.44477418	
KCNN3		-0.44490647	
DNAJC22		-0.44495896	
CENPI		-0.44544166	
UBE4A		-0.44552642	
XYLB		-0.44568753	
MRTO4		-0.4456989	
MSI1		-0.4462046	
P3R3URF-PIK3R3		-0.44621432	
VRK3		-0.44706818	
COPS3		-0.44713196	
CCSAP		-0.4472753	
DELEC1		-0.44757378	
SPAG17		-0.44785026	
INIP		-0.44793582	
TMEM139-AS1		-0.44815984	
CLASP2		-0.44848523	
GOLGA6GP		-0.44882578	
GAL3ST2		-0.44904587	
CUEDC2		-0.4493315	
RANBP3		-0.4496659	
ARMC2		-0.4505197	
COL26A1		-0.4506347	
ATP6V0A1		-0.4506533	
USP7		-0.45131123	
STEAP2		-0.45154232	
RPL23A		-0.45230496	
ARHGAP31-AS1		-0.45259762	
ALS2		-0.45268843	
TIMD4		-0.45279965	
IKZF3		-0.45314524	
POP1		-0.4535877	
LINC01229		-0.45402026	
SGO1		-0.45411506	
LINC00941		-0.45480525	
WDR88		-0.45493346	
CD36		-0.45545226	
HYDIN		-0.455493	
ZHX3		-0.4559816	
CHMP1B2P		-0.45660117	
SLC9A2		-0.4566923	
CTNNA2		-0.45680124	
LINC01143		-0.4569261	
PLD5		-0.45711935	
MAOB		-0.4583828	
PDE6B		-0.4591953	
MAP3K13		-0.45925817	
MAP1LC3B2		-0.45933405	
SCGB1D2		-0.4597452	
CENPL		-0.4597655	
POFUT1		-0.4598202	
ZBED4		-0.4599319	
KANSL2		-0.46096435	
GYG2		-0.46128193	
RNASEH2B		-0.46199876	
TTI1		-0.4623718	
DIMT1		-0.46268743	
LMTK2		-0.46296895	
SRSF12		-0.46397808	
EXOSC2		-0.4646212	
CCDC40		-0.4654285	
CRTAM		-0.46546373	
EIF4E2		-0.465476	
LINC02327		-0.46551022	
PDCD4		-0.46579254	
ACOXL		-0.46628913	
ZNF529-AS1		-0.4663714	
ADRA1B		-0.4665151	
YBX3		-0.46665204	
ADNP		-0.46704894	
PTGER3		-0.468054	
WDR72		-0.4684481	
EZH2		-0.4691122	
BTK		-0.46911648	
NAE1		-0.46928176	
NNAT		-0.46954274	
LINC01492		-0.47005072	
FCGR2A		-0.47010645	
LY9		-0.4704633	
MICAL2		-0.47046566	
ZNF826P		-0.47150028	
NUTM2E		-0.47239932	
RAP1GDS1		-0.47250172	
CCDC43		-0.4730319	
NBDY		-0.4737051	
ABL1		-0.47413495	
LY86		-0.47483283	
TICAM2-AS1		-0.47507823	
H3-5		-0.4751212	
ADGRF1		-0.47516665	
RPL26L1		-0.4756113	
TRPM3		-0.47666135	
RBPMS		-0.4768068	
FBXO34		-0.47683853	
AKAP14		-0.4773701	
LINC01416		-0.47763595	
TM7SF3		-0.47785085	
SULT1C2		-0.47832242	
ANKRD13C-DT		-0.47861847	
HERC2P10		-0.47933686	
DUSP10		-0.48003978	
PKIA-AS1		-0.48029414	
GNG11		-0.48105687	
PTX3		-0.4810749	
TTLL11		-0.48205644	
SLC38A1		-0.4823845	
ANOS1		-0.48294324	
BMPR1B-DT		-0.48353326	
FLI1		-0.48357442	
C7		-0.4841825	
DEPDC7		-0.4844493	
NFS1		-0.48458472	
TMEM30A		-0.4846562	
UBE2G1		-0.48530966	
SCN2B		-0.48601955	
COL6A3		-0.48645148	
SAA2-SAA4		-0.48667082	
RENBP		-0.48722842	
AKIRIN2		-0.48741627	
POLR3D		-0.48777974	
LINC00536		-0.4895397	
COL14A1		-0.4896347	
TMPRSS11E		-0.48973387	
RAB8A		-0.48993126	
SLC52A1		-0.49000663	
RIPK2		-0.49079627	
NCAN		-0.4912594	
MIR4300HG		-0.4918973	
SARNP		-0.4920696	
ANKRD33BP1		-0.4924186	
LINC03142		-0.4926222	
SDAD1P1		-0.49273854	
PIK3R5		-0.49308234	
SLAMF1		-0.4933071	
LINC03124		-0.49397314	
ADCY1		-0.49446937	
POU6F1		-0.49521193	
IMPG1		-0.49525827	
CERKL		-0.4955048	
MMRN1		-0.49555016	
RNU2-63P		-0.49589285	
KIF26B		-0.4959237	
CD226		-0.4960153	
MIR4527HG		-0.49627882	
FAM171A1		-0.49631548	
SLC11A2		-0.49669284	
SDC3		-0.49699876	
ACSM6		-0.4976415	
ARHGAP26		-0.49793297	
ZNF114		-0.49799833	
ATXN3		-0.49805975	
SLC26A4		-0.49810097	
DYNC2LI1		-0.49810314	
GRPEL2-AS1		-0.49880606	
LINC02643		-0.49932244	
KDM5A		-0.4999964	
TXNDC12		-0.50087404	
SLC15A4		-0.50107104	
LINC02693		-0.50175714	
AKR1C1		-0.5019404	
UBE2E2		-0.50217736	
ADAT2		-0.5024942	
MYCBPAP		-0.50268316	
CLIP1		-0.50271267	
PDIA5		-0.50338066	
ZCCHC10		-0.50344783	
LINC02346		-0.50369793	
DENR		-0.5041677	
LRCH3		-0.50420463	
MID1		-0.5042659	
PTPN20		-0.5046048	
ADAMTS18		-0.5050129	
IL12A-AS1		-0.5052264	
FAM13C		-0.5058163	
TRPV4		-0.50595886	
FAM182A		-0.5061557	
RIDA		-0.5073796	
CCT4		-0.50750464	
KIAA1958		-0.5077771	
KLF8		-0.5077842	
IP6K2		-0.5079742	
RASGRF2		-0.5079802	
RTN4		-0.50799054	
TTC33		-0.5083645	
RAB12		-0.5084178	
CUBN		-0.5086959	
PDLIM5		-0.50903994	
CTIF		-0.51144326	
MED14		-0.5116948	
TACC1		-0.51245886	
COL10A1		-0.5125223	
FMO1-AS1		-0.5141116	
BCAR1		-0.51417005	
MRPL9		-0.51533896	
TMEM154		-0.5157931	
CNTNAP5		-0.51643926	
CHRNA5		-0.5164923	
RBMX		-0.51682	
NTN4		-0.51744926	
LINC00470		-0.5174875	
MIR3681HG		-0.5175339	
LINC01630		-0.51780003	
OSGIN2		-0.5180771	
NOL7		-0.51813185	
ELF4		-0.5186297	
ZNF112		-0.51869273	
BEND3		-0.5190525	
OLFML2B		-0.5199503	
DDX59-AS1		-0.5200538	
TCF7L1		-0.5201956	
KLHL22		-0.5209167	
SYNPR-AS1		-0.5219532	
CAPN2		-0.5220454	
IL34		-0.5224389	
UAP1		-0.5227106	
GPR63		-0.5227587	
FMOD		-0.523042	
SLC7A13		-0.52357614	
NOA1		-0.52363366	
HELB		-0.52388746	
FAM222A-AS1		-0.52440906	
RYR3		-0.52484906	
MOGAT1		-0.5251766	
MAJIN		-0.525413	
NDUFV3		-0.52556974	
CAPN9-AS1		-0.52598536	
PLSCR2		-0.5261825	
GLRB		-0.5264442	
PTK2B		-0.5271303	
TACR1		-0.52834463	
SEPTIN11		-0.5285754	
ENTHD1		-0.52892077	
LINC02614		-0.52922356	
PUM2		-0.52941525	
LINC01982		-0.5299121	
PCMTD1		-0.53073996	
FAM21EP		-0.5314618	
LAMP3		-0.5315979	
GRAMD2B		-0.53202426	
ADAMTS8		-0.5325288	
BEND6		-0.53254634	
PLCH1		-0.5326198	
APBA2		-0.53278005	
CD48		-0.5334378	
PSMG2		-0.5340975	
CYP11A1		-0.5341499	
XACT		-0.5343001	
NMBR		-0.5345654	
PARP8		-0.5352746	
HSP90AB3P		-0.53545266	
FAR1		-0.53552127	
SCN8A		-0.53593	
EPHA3		-0.53630704	
TENM3-AS1		-0.5370017	
RAVER1		-0.5370168	
PDE3A		-0.53769493	
LINC01517		-0.53836536	
LPCAT3		-0.53897184	
PCDH17		-0.5391179	
CIB2		-0.54019374	
PLS3-AS1		-0.5403681	
BOLA3		-0.54101557	
CYP3A5		-0.54184747	
NUP62CL		-0.54208016	
PNRC1		-0.542134	
TLCD5		-0.54303676	
BBIP1		-0.5433913	
DENND2A		-0.5436086	
ANTXR1		-0.543702	
SCGN		-0.54374874	
ING2		-0.54426414	
MED27		-0.54507446	
AASS		-0.54562026	
ANP32B		-0.5456588	
ANKRD30BL		-0.54586285	
ARMC9		-0.5460039	
CASC15		-0.54609174	
ARHGAP12		-0.54717255	
COL4A6		-0.54771	
ENPP7P7		-0.54784715	
UNC5C		-0.54792625	
MRPL47		-0.5481216	
CD200		-0.5481327	
ELAVL4		-0.5485775	
LIPE		-0.54932505	
HVCN1		-0.5514958	
FAM66D		-0.5521496	
DICER1-AS1		-0.5526743	
DNMBP		-0.55357176	
LINC01535		-0.5538985	
GALNT3		-0.5546833	
HACL1		-0.55470705	
FERMT2		-0.5558623	
HS3ST3A1		-0.55622315	
VMP1		-0.5567098	
H2AZ2		-0.55673856	
SPMIP4		-0.5570482	
TEKT5		-0.55722123	
MSX2		-0.5572824	
GGH		-0.55764806	
TTC36-AS1		-0.5577694	
FAM8A1		-0.55827737	
POF1B		-0.55896115	
ZNF883		-0.55913574	
LINC01499		-0.5593682	
HTR4		-0.55952275	
USP33		-0.55963135	
EPCAM-DT		-0.56025624	
ABLIM3		-0.56026626	
ABHD3		-0.5607127	
CRIM1		-0.5613367	
LINC01205		-0.5619137	
IGSF10		-0.56249064	
AZIN2		-0.56274694	
RIPOR2		-0.56378573	
KLHL7		-0.5640275	
TTC19		-0.564216	
ZNF570		-0.564305	
ACO1		-0.56456715	
KPNB1		-0.5654141	
SH3PXD2A		-0.5654776	
CIAO2A		-0.56558937	
TAT		-0.56564415	
CRACD		-0.56635684	
HTR1E		-0.56683755	
PLCXD3		-0.56731874	
WNT5A		-0.56741923	
ECM2		-0.5684381	
COL4A2		-0.57009614	
HEMK2		-0.5702076	
SNX3		-0.57050776	
B3GNT2		-0.57082146	
MTTP		-0.57125795	
SRP68		-0.5733741	
GLYATL1		-0.5735799	
LARP6		-0.5736442	
MISFA		-0.5737167	
IGSF11		-0.57371944	
TSHZ2		-0.57386357	
GARIN1B		-0.5742797	
MLIP		-0.5743723	
MIR130AHG		-0.57475746	
IQCJ-SCHIP1		-0.57478154	
SEC11C		-0.5747884	
FRMD4B		-0.5751327	
KCNK10		-0.57573056	
LRRC34		-0.57573503	
SCG5		-0.5758342	
TNFAIP8		-0.57684207	
LINC01579		-0.57728606	
LINC02343		-0.57793903	
SOBP		-0.5785556	
LINC02585		-0.57898337	
EVL		-0.5792123	
AGPAT4		-0.579296	
PM20D2		-0.57945186	
SLC13A3		-0.5802538	
CLIP4		-0.5803422	
CRHBP		-0.5805454	
DHX33		-0.580816	
ENTREP1		-0.58097965	
HKDC1		-0.5816345	
TRIB1AL		-0.58173186	
AFF3		-0.58209896	
KIF15		-0.58235776	
RPS7P11		-0.5826561	
LYN		-0.58308953	
DENND5B		-0.58323085	
PLIN1		-0.5837398	
XYLT1		-0.5838805	
CDKN2C		-0.5838935	
TRPC1		-0.5842287	
GPRC5D-AS1		-0.58654904	
THAP10		-0.58662224	
PHC1		-0.5872154	
CDHR17P		-0.5872428	
TBC1D24		-0.58728784	
CSTF3-DT		-0.5873114	
ZNF510		-0.58772707	
LINC00908		-0.58847296	
TOB2		-0.5889637	
GLI3		-0.5891593	
SERPINI2		-0.5892558	
LINC02341		-0.5898628	
LINC02848		-0.5898744	
TCIM		-0.5901403	
CTTN-DT		-0.5901947	
RLIM		-0.59118927	
AGAP1		-0.5913554	
LINC01819		-0.59179395	
FAM81A		-0.5922989	
FAM120A2P		-0.59291995	
DLC1		-0.5929921	
PAK5		-0.59331584	
RGS7BP		-0.5936216	
TNIP3		-0.594214	
NUP188		-0.594499	
AFTPH		-0.5946687	
CNOT10		-0.59467775	
SMIM10L1		-0.5951623	
KLF15		-0.5951667	
CD72		-0.5952966	
SENP5		-0.5955726	
TRMO		-0.59584695	
TMEM87B		-0.59627956	
LINC00964		-0.59645617	
VILL		-0.5972422	
DMP1-AS1		-0.5973216	
LRRC9		-0.5983587	
SEPTIN3		-0.59852636	
TTLL10		-0.598868	
DLEU1		-0.5999044	
MIEF2		-0.59991914	
E2F6		-0.5999453	
SMN2		-0.599995	
NPIPB3		-0.60082734	
ING2-DT		-0.60083914	
GRB10		-0.60086346	
ATP6AP1L		-0.6008901	
ECPAS		-0.6013796	
CRYBG2		-0.6017937	
TARID		-0.6018335	
RBM26-AS1		-0.602769	
ARSJ		-0.6027911	
PCP4L1		-0.6035636	
FSTL5		-0.6035707	
WNK2		-0.6037961	
SNX2		-0.6049274	
WDFY3-AS2		-0.6054635	
EMILIN2		-0.60569054	
SLC18B1		-0.60593563	
CNOT1		-0.60768485	
SUPT5H		-0.60925263	
ARHGAP44		-0.61013204	
EPIC1		-0.6108513	
TXK		-0.6116808	
FBF1		-0.6122396	
HSD17B11		-0.6123867	
LEMD1		-0.6145946	
VAMP3		-0.61484593	
MCU		-0.61532176	
PEX14		-0.6160754	
RECQL5		-0.6163816	
WNT5B		-0.61644375	
NSA2P7		-0.61675787	
ASB13		-0.6175226	
CD302		-0.6176988	
SEMA4F		-0.61771965	
URGCP		-0.6185357	
IGIP		-0.61885244	
EIF2B3		-0.6189695	
DLGAP2		-0.61898077	
SYT10		-0.61933887	
OGN		-0.6202405	
ST13		-0.62080973	
FRMD5		-0.62160873	
ADGRL4		-0.6218436	
SFRP1		-0.62245923	
MTRFR		-0.6229986	
KIAA2012		-0.62437403	
TNR		-0.62456477	
ARMC10		-0.62545705	
CPB1		-0.62586	
ETV6		-0.6262407	
PRICKLE1		-0.62706816	
PPP4R1L		-0.62731934	
WIF1		-0.62846893	
LINC00334		-0.62879825	
DNAH10		-0.6289785	
PON2		-0.6296827	
LDB2		-0.6298341	
CD40LG		-0.6299482	
TTC41P		-0.63057464	
SPRY4-AS1		-0.63118553	
NPR2		-0.6319307	
LMF1		-0.63287795	
ZNF98		-0.6335635	
PPIL6		-0.6336455	
NPIPB15		-0.6342134	
C2CD3		-0.63439596	
SMCO2		-0.63466	
SPAG5-AS1		-0.63503766	
CEMIP		-0.63645214	
ATPSCKMT		-0.6370767	
GBF1		-0.6376511	
LMNB1		-0.6378134	
DCC		-0.6384166	
IGF2BP3		-0.63845325	
PXYLP1		-0.6394631	
SAP130		-0.63965946	
SLC8A3		-0.63970846	
HS6ST3		-0.63972086	
SMG1P1		-0.6398669	
LINC01252		-0.64008236	
SDK1		-0.6411697	
B3GALT1-AS1		-0.6418071	
EGFLAM		-0.642126	
SAMD12-AS1		-0.64252603	
TMEM237		-0.6427409	
MARCKS		-0.64351016	
GPR174		-0.6436098	
RERE		-0.64381856	
F8		-0.6439002	
UBAP2L		-0.6440113	
LINC03044		-0.6443038	
ASL		-0.64439094	
EIF1B		-0.6444466	
RSL1D1-DT		-0.64567924	
LINC01091		-0.6457347	
C2orf42		-0.6466106	
SLC14A2		-0.64731675	
ST8SIA5		-0.64831704	
POC1B		-0.6485578	
PLAC8		-0.6487134	
DRAIC		-0.6488385	
PODXL2		-0.6488764	
CNTNAP3P7		-0.650047	
FBLN7		-0.65007436	
SMC1A		-0.6503459	
LINC02150		-0.65070677	
P3H1		-0.6515455	
SFR1		-0.65175515	
CHMP4C		-0.65198123	
LINC01504		-0.65200925	
PYDC2-AS1		-0.65234923	
MRPL16		-0.65255797	
BCL10-AS1		-0.6533194	
ZBED5-AS1		-0.65386546	
CASP7		-0.6541642	
TLL1		-0.6543246	
RBBP8		-0.6547831	
TRDN-AS1		-0.6551579	
FARP1		-0.655494	
TFPI2		-0.65649146	
SHROOM3-AS1		-0.6568009	
CDC42SE2		-0.6572346	
FYN		-0.65731895	
GZMH-AS1		-0.6578944	
NFATC1		-0.6586799	
CP		-0.6588437	
MEIG1		-0.65985364	
LINC00667		-0.6599242	
SEMA7A		-0.6608894	
LINC00636		-0.6616688	
LNCBRM		-0.66214544	
DOCK3		-0.66278213	
LZTFL1		-0.6633918	
TSPAN5		-0.6641563	
CDK1		-0.6643609	
GPR171		-0.6647586	
CHRM3-AS2		-0.6648235	
CBL		-0.66536504	
LURAP1L-AS1		-0.66632813	
SLC22A23		-0.6664775	
SLC8A1-AS1		-0.66734767	
OGFRL1		-0.6674514	
NEDD4L		-0.6674959	
KRT23		-0.6677035	
TMEM69		-0.6680993	
ADGRG2		-0.66865	
SMYD4		-0.6689136	
NFAT5		-0.6692851	
TRIM24		-0.6694608	
YEATS4		-0.67021126	
SH2B3		-0.67026967	
SYNJ2		-0.67035604	
LINC02331		-0.670406	
FN3K		-0.6709978	
ROR1		-0.6710593	
MYH10		-0.67127585	
UBR1		-0.6726778	
HCN1		-0.67284554	
DPY19L3-DT		-0.6732184	
RPS12P3		-0.6736736	
PARP9		-0.67433834	
SGIP1		-0.674453	
STARD4-AS1		-0.674964	
ZSWIM7		-0.6759216	
FBXO41		-0.6760178	
TCF7L2		-0.67604774	
SLC16A2		-0.6767975	
DUSP5-DT		-0.6768979	
PTPRG-AS1		-0.67697275	
EIF1AX		-0.67701006	
USF3		-0.67749953	
CCNL1		-0.67825645	
THAP3P1		-0.681035	
FZD4		-0.6829081	
HPF1		-0.6829288	
GATA6		-0.68313664	
SELENOK		-0.68315095	
VASH2		-0.6835592	
USP13		-0.68415654	
CACNA1G		-0.6841832	
ISM1		-0.6850548	
VIM		-0.6853501	
ADAM32		-0.685578	
PRKCH		-0.6869676	
MT-TI		-0.6875442	
ARHGAP4		-0.68772787	
CHMP2B		-0.68900317	
LINC01138		-0.6892444	
MTMR7		-0.6894259	
PARP12		-0.6904372	
IL12RB2		-0.69051576	
HOXD3		-0.69056857	
RPN2		-0.6907053	
ANKRD11		-0.6915943	
TBL1X		-0.69197947	
FAM110B		-0.6921783	
PRKCA		-0.69314915	
B4GALT5		-0.69337	
MRPL13		-0.6941681	
LENG1		-0.6941771	
RPIA		-0.69452095	
MIDEAS		-0.6950151	
IPCEF1		-0.6951616	
DPM2		-0.6951991	
LINC00867		-0.69536203	
EOLA2		-0.6955069	
WEE1		-0.69644845	
CAMSAP2		-0.69650745	
CNNM1		-0.69656354	
TEKT3		-0.6981195	
ASAH1-AS1		-0.7014374	
FAM162B		-0.7035503	
ADH1B		-0.7036552	
FSIP2		-0.7037553	
XKRX		-0.7043171	
CCDC136		-0.7043185	
TCEAL3		-0.7046492	
BACE1-AS		-0.70483524	
HSD17B14		-0.70484746	
ZNF41		-0.70669335	
PALMD		-0.70682395	
ZNF610		-0.70737517	
TATDN1		-0.70761377	
TADA2B		-0.7077992	
LINC02889		-0.70813215	
HS3ST2		-0.70862395	
LINC02074		-0.70890486	
IL18BP		-0.70898664	
ROBO2		-0.70909876	
LINC01322		-0.70946527	
PGR		-0.710908	
IL18R1		-0.71186924	
LINC01707		-0.7130633	
PLPP5		-0.7134745	
NAP1L4		-0.7140329	
MAPDA		-0.71413904	
LINC00922		-0.714913	
SNAP23		-0.71498007	
GALNT11		-0.71528584	
LGALS3		-0.7155996	
TAF7		-0.716001	
ATIC		-0.7165673	
ASAP1		-0.7170311	
NSF		-0.71707696	
MYO1H		-0.7186456	
NTRK2		-0.71886873	
EP400P1		-0.7189384	
HS3ST4		-0.71909493	
ANK1		-0.72042924	
ZSCAN20		-0.7212446	
LINC01393		-0.7217965	
SPAG9		-0.72193605	
FAM227A		-0.72195977	
EFCAB13-DT		-0.7220871	
BPNT1		-0.7222209	
LINC03041		-0.72271615	
ZNF396		-0.72356075	
UPP2		-0.72369695	
TMEM100		-0.72470015	
ZNF383		-0.72470653	
ANGPT1		-0.7247784	
LPAR3		-0.72486347	
PRKCE		-0.7262353	
LINC02882		-0.7263406	
CBX3		-0.72663563	
LINC02869		-0.7269575	
XXYLT1		-0.7278485	
LINC02269		-0.7284055	
RAB3C		-0.7287232	
LINC01435		-0.73249584	
BTG1		-0.732551	
PLAC1		-0.73295766	
LINC03059		-0.7334297	
G3BP1		-0.7335591	
ZNF559-ZNF177		-0.7349693	
DGKD		-0.7353394	
UBE2U		-0.73537385	
RUFY3		-0.7366218	
PACSIN1		-0.73714864	
FMO2		-0.7371813	
AFDN-DT		-0.73736745	
FZD8		-0.73866457	
THBS4-AS1		-0.7386886	
SYCP2L		-0.7396117	
BCL2A1		-0.7398224	
KCNIP4		-0.7398564	
GPATCH1		-0.7401977	
PANK2-AS1		-0.74109185	
PMEPA1		-0.7416173	
ZNF706		-0.7429017	
ELOVL5		-0.7430675	
MORN1		-0.7431162	
TRAF1		-0.74328876	
EEF1AKMT1		-0.74395984	
INSIG1		-0.7448043	
LINC00621		-0.74545866	
HSPA4		-0.74625367	
RBM15-AS1		-0.7463527	
EFCAB2		-0.74643666	
FLT1		-0.74688315	
HPSE		-0.74751085	
MRPS22		-0.74766344	
SEC1P		-0.74776256	
EDIL3-DT		-0.7498411	
ACOT8		-0.74993455	
UBE2H-DT		-0.7503545	
ANO5		-0.75039935	
ANKRD6		-0.7517121	
GRAMD4		-0.75202376	
CARNMT1		-0.7521405	
PPP1R15B-AS1		-0.7545049	
KLHL29		-0.75453335	
CLU		-0.7545841	
PARD6G-AS1		-0.75566196	
LACTB2		-0.7557605	
MGRN1		-0.75595444	
BCL2L14		-0.7561035	
CNGA4		-0.75671196	
SIPA1L1-AS1		-0.75694937	
TMEM132B		-0.75731033	
PKP4		-0.7575836	
ZNF646		-0.75807136	
LINC01619		-0.758798	
LPL		-0.75912285	
EGFR		-0.7593573	
LINC03021		-0.7594761	
GRIK1		-0.75983	
SEC23IP		-0.75997156	
TACC2		-0.7600287	
LIN9		-0.76006407	
ZNG1DP		-0.7603913	
CSGALNACT1		-0.7604887	
KCNQ1		-0.7613346	
TULP4		-0.7618214	
TATDN3		-0.7620915	
RABGAP1L-DT		-0.7621042	
PHF6		-0.7630111	
AK9		-0.76305723	
NEGR1		-0.7631261	
KCNJ3		-0.7632414	
AGAP13P		-0.7637365	
OTOGL		-0.7638063	
SLC27A2		-0.76440424	
PLA2G7		-0.7645993	
FAM107B		-0.7655315	
RFESD		-0.7665467	
RIOX2		-0.7679053	
ADAMTS9		-0.7688005	
ECT2L		-0.76941913	
SMAD6		-0.76955456	
PIWIL4		-0.7697044	
C6orf120		-0.76978374	
FBN3		-0.7698077	
SMIM35		-0.7707213	
MAP3K8		-0.7713665	
TEAD4		-0.77143484	
OSBP2		-0.7714502	
TMEM51-AS1		-0.7726017	
FGF2		-0.7726458	
MINPP1		-0.7733253	
CCL8		-0.77350277	
ABO		-0.77404034	
IFT20		-0.77480614	
DHX40		-0.7750958	
NAA25		-0.7762965	
SPAG1		-0.77840686	
BAALC		-0.7785623	
PHC3		-0.7791686	
FKBP8		-0.77949154	
LINC02742		-0.78005034	
SLC16A9		-0.7812406	
HSF5		-0.7812503	
GAD1		-0.7819355	
LINC00426		-0.78210956	
PHLDB2		-0.7821735	
SYT6		-0.78303957	
RAD54B		-0.7832472	
GRM5		-0.7835746	
GLT1D1		-0.7838045	
TEK		-0.78386694	
CASP10		-0.78393584	
MT-TE		-0.78406864	
LINC02228		-0.78486013	
ERICH2-DT		-0.7849854	
HIPK1		-0.7851386	
PIGZ		-0.7851786	
TAF7L		-0.7857422	
PLA2G12A		-0.78582895	
NEK6		-0.7876659	
DNMT3A		-0.7878411	
PRKAG2		-0.78800243	
HORMAD2		-0.7885527	
HSD11B1		-0.7888623	
ZNF663P		-0.78916615	
LINC02884		-0.7903759	
CISD1		-0.7904319	
GPR87		-0.7905513	
TOP2A		-0.79088885	
CPEB1-AS1		-0.7911336	
EOLA2-DT		-0.7918215	
TG		-0.79195917	
CDK11B		-0.7924949	
NFIB		-0.79258955	
LINC00603		-0.7945409	
WNT4		-0.7965841	
KDSR		-0.7981466	
SON		-0.7983129	
CEACAM21		-0.79882187	
GTF2IRD1P1		-0.7989036	
DNAJC1		-0.7995502	
LINC01035		-0.79962265	
ZNF418		-0.7999625	
RSPO3		-0.80258846	
KCNQ4		-0.80281574	
BTN2A1		-0.80288684	
GFOD2		-0.8033104	
TNFSF13B		-0.80363476	
FMO5		-0.80442274	
ARK2C		-0.8044579	
AFF1		-0.8048948	
CXADR		-0.80492735	
EML4-AS1		-0.8053034	
C10orf90		-0.8068083	
DSEL-AS1		-0.8075594	
HSDL2		-0.80783933	
BCAR3		-0.80790734	
DARS1		-0.807983	
LINC01239		-0.8081528	
ACAA2		-0.8084441	
KNL1		-0.8086651	
HSD11B1-AS1		-0.8091274	
DACH2		-0.80942124	
CELF4		-0.81143415	
DDX20		-0.8116601	
SLFN12		-0.81203794	
NPHP3-AS1		-0.8121093	
RFX4		-0.8122819	
PPP1R12B		-0.81298083	
THEM4		-0.81399184	
PEBP4		-0.81450766	
HSDL2-AS1		-0.8147468	
KATNIP		-0.81522745	
KLHL3		-0.8157182	
TTC6		-0.8159387	
SCRN1		-0.8168435	
COL4A1		-0.81712574	
ZRANB3		-0.81885874	
PCYOX1		-0.81924343	
ATRNL1		-0.81964564	
ARCN1		-0.8217403	
TRAM1L1		-0.8218197	
LINC01762		-0.8220327	
TARS1		-0.82217765	
B3GALNT2		-0.8222963	
CAP1		-0.8226914	
LONP2		-0.8235329	
LINC01806		-0.82373154	
APPBP2-DT		-0.8238138	
CCDC32		-0.8249327	
ARID4B		-0.82644534	
GRIP1		-0.8266342	
C15orf40		-0.8271574	
MAST4		-0.82738733	
LINC00840		-0.8274383	
MT-TM		-0.8274837	
KLHL4		-0.82769686	
CETN2		-0.8277793	
CCDC162P		-0.82807064	
GBP5		-0.82880396	
NUCKS1		-0.82927066	
EPB41L2		-0.83027285	
BTN3A3		-0.83185595	
SELENOS		-0.83224463	
ZYG11A		-0.83243746	
OPN3		-0.8331053	
PTPRN2		-0.8331368	
KCNH5		-0.8335789	
UBE2J1		-0.83360106	
DPY19L4		-0.83370316	
ZNF134		-0.83466727	
LINC02803		-0.83477914	
SLC28A2-AS1		-0.83553946	
LRRC31		-0.83591235	
CD33		-0.83602536	
RAB6B		-0.83621573	
TBX18		-0.83635354	
CCR5AS		-0.8365293	
REXO6P		-0.8370181	
CLCN4		-0.83761764	
KIF5A		-0.8376978	
SCCPDH		-0.8388208	
LRRIQ1		-0.839063	
ADAMDEC1		-0.83946896	
LINC02763		-0.839727	
LINC01786		-0.8400467	
LINC02307		-0.8406437	
HMGA2-AS1		-0.8410381	
MAP6		-0.84182596	
AICDA		-0.84194064	
THBS1		-0.84234244	
SKA3		-0.843787	
KCNJ16		-0.8442194	
LINC02725		-0.84464777	
LINC02141		-0.84675807	
SEC24D		-0.8472697	
LINC02646		-0.84783316	
MAP2		-0.8482603	
XIRP2		-0.8487411	
CFL2		-0.8490694	
CCDC141		-0.8497176	
GCLM		-0.8498902	
SRRM1P3		-0.8500113	
TENT4A		-0.8508968	
SP140		-0.8530984	
MAP2K6		-0.8532147	
ANKS3		-0.8539987	
IGSF5		-0.85400313	
LINC02362		-0.8541243	
GRIN2B		-0.85413444	
LMO7-AS1		-0.85426027	
MGAT4C		-0.8555726	
NIPAL2		-0.85611415	
TTPA		-0.85621953	
UNC13B		-0.8563728	
CFAP43		-0.85651463	
PEX5L		-0.8570043	
CYP2G1P		-0.85717916	
SETD7		-0.85794955	
IGF1		-0.8581838	
BBS4		-0.85847706	
GPC6		-0.85864365	
DCLK2		-0.859572	
GBP4		-0.8597205	
LRCH1		-0.85986143	
CACNA1D		-0.8599777	
STX2		-0.8606801	
PPP1R3A		-0.860837	
PTRH2		-0.86357147	
RBM26		-0.86360776	
MXD4		-0.8640435	
AXDND1		-0.86413413	
REL-DT		-0.8645574	
SSPN		-0.86483276	
LINC02320		-0.86498976	
PARP14		-0.8652254	
SEMA6A-AS1		-0.86626625	
EXTL3		-0.8663564	
FDCSP		-0.86636436	
NUDT16-DT		-0.8664517	
SREBF2		-0.8666442	
TPTE2P5		-0.8667574	
TNN		-0.86698234	
TRAF3IP3		-0.86813277	
CLVS1		-0.868833	
METTL2A		-0.8690147	
MCUR1		-0.86959183	
MTHFS		-0.869857	
LINC02008		-0.86992747	
PROM1		-0.87002474	
SMU1		-0.8710797	
KCNIP1		-0.871271	
C1orf87		-0.87133336	
ERG		-0.87152493	
JADE3		-0.87252	
PLEKHG7		-0.8728887	
RBM15		-0.8735521	
GRIA2		-0.8735605	
MARCHF11		-0.8736724	
SLC44A3		-0.8737541	
RMDN2-AS1		-0.87387973	
RAB22A		-0.8739023	
GABPB1		-0.87403053	
DIS3		-0.87504226	
KCNH7		-0.87518966	
LINC00648		-0.87562454	
SVIP		-0.87637645	
VEZT		-0.87645394	
MRTFB		-0.87698853	
FMNL2		-0.8774637	
FRG1BP		-0.87806624	
TULP3		-0.87825996	
ZMAT2		-0.878936	
ATP2C2		-0.8794392	
EHD4		-0.8794787	
PCBD2		-0.8800521	
DCK		-0.88010675	
LINC02814		-0.8810928	
XRRA1		-0.8813154	
XRCC6		-0.8813915	
UQCC1		-0.88159436	
C4orf51		-0.8816058	
MDC1		-0.8819201	
MCPH1		-0.8822735	
ZNF14		-0.88271797	
LDHB		-0.8831799	
PNN		-0.88318926	
NUDCD3		-0.88341016	
STK38L		-0.88377476	
BTC		-0.8839182	
CD86		-0.88426197	
RAD21		-0.8843463	
RCAN2		-0.88470536	
ZCWPW1		-0.8849886	
PPA1		-0.8858788	
MYLK4		-0.88588816	
TNFRSF21		-0.8859209	
PAX3		-0.8861347	
CAMLG		-0.88677406	
PSEN1		-0.88710773	
RIPK1		-0.8871579	
SCN1A-AS1		-0.88728577	
ADD3-AS1		-0.8875177	
STRADB		-0.88766086	
EEF1B2		-0.888147	
PLBD1-AS1		-0.888204	
PAK3		-0.88820964	
RNF11		-0.8889407	
ZC3H14		-0.889587	
LINC01572		-0.8897627	
GTF2IRD2P1		-0.890864	
PLPPR5-AS1		-0.89165354	
ZNF622		-0.8917198	
TNFAIP3		-0.8917252	
ZNF214		-0.89226335	
DPY19L2P2		-0.89341193	
KCNK3		-0.8934337	
PRG4		-0.89436245	
C1orf159		-0.8967428	
VENTXP1		-0.8976724	
VWA3B		-0.8978459	
LNC-LBCS		-0.89808285	
FLT3		-0.89848703	
ABLIM1		-0.8991274	
LINC00327		-0.90086144	
CASC19		-0.9022989	
FSIP1		-0.9034896	
LINC02416		-0.9035546	
ZNF568		-0.9046406	
BMPER		-0.90491706	
DCAF10		-0.9053679	
SCD5		-0.90572333	
SF3A3		-0.90687317	
P2RY10		-0.90727246	
USP2-AS1		-0.90885454	
WDR73		-0.9088798	
CFAP96		-0.90895027	
ZNF528		-0.90968716	
RIC3		-0.91027176	
LINC02099		-0.9103498	
RNF139-DT		-0.91100544	
DDX42		-0.91125995	
DCAF13		-0.9118521	
MAP3K20		-0.9129567	
TRAPPC12		-0.9137962	
CA8		-0.91424406	
VGLL1		-0.91473055	
DPH5		-0.9149905	
ADAM18		-0.91526055	
TRPM6		-0.9159217	
SAMD8		-0.91593915	
TTC23		-0.91629654	
ERRFI1		-0.917126	
SKAP1		-0.9172753	
ZBTB49		-0.91801035	
PGBD4		-0.9181351	
SPSB1		-0.9183928	
TENM4		-0.9184026	
NAP1L2		-0.9184223	
LINC01111		-0.91860247	
MRPS35		-0.91906846	
SNHG31		-0.91925824	
ATP6V1G1		-0.91982865	
TLR1		-0.9202743	
TSHZ3		-0.92047286	
CX3CR1		-0.9205001	
SV2C		-0.9211671	
ELAVL2		-0.92136	
DTNBP1		-0.9213737	
UBAP2		-0.9215344	
SLC25A53		-0.9236472	
PDE10A		-0.9240841	
FGD5		-0.9248376	
LINC01500		-0.9251025	
TEX41		-0.92699075	
NRXN3		-0.92700255	
PABIR3		-0.9276763	
LRRIQ3		-0.9285864	
FZD1		-0.92876476	
RBPJ		-0.92882955	
DPP6		-0.92898816	
SNHG33		-0.929147	
USP50		-0.92934644	
PAH		-0.9293905	
CD55		-0.92955	
LINC02185		-0.9296004	
CYRIA		-0.93002844	
KREMEN1		-0.93011445	
ADK		-0.9302717	
FAM118B		-0.93107104	
LINC01204		-0.9319599	
ONECUT2		-0.9323174	
USP30		-0.9326421	
ZNF460		-0.93301105	
C8orf89		-0.93417746	
LINC00378		-0.93426734	
IQUB		-0.93497914	
TMEM67		-0.93517876	
ITPR1		-0.9354277	
AKAP12		-0.9380771	
CYP4X1		-0.9387894	
LINC02826		-0.93892306	
OBSCN		-0.93928725	
CENPP		-0.93961126	
CALR		-0.93995005	
URB1		-0.94023067	
CYYR1		-0.94065225	
DTWD2		-0.9410316	
RORB		-0.9413988	
SRP54-AS1		-0.9420536	
DPYSL2		-0.9420973	
VPS45		-0.9425234	
LAMC2		-0.94280005	
KIF5C		-0.9433052	
LZIC		-0.94358116	
UQCRC2		-0.9436187	
LINC02652		-0.944004	
CPNE9		-0.9445933	
BEX3		-0.9446781	
PLPPR1		-0.94469213	
CNGB1		-0.94516075	
CYLC1		-0.9453545	
NUP98		-0.94586164	
CENPU		-0.9471743	
MDH1B		-0.9473032	
ENTREP2		-0.9481252	
DOCK9		-0.94842297	
GNG12		-0.9488043	
ZNF837		-0.9502054	
ZNF493		-0.95021147	
ST8SIA6		-0.95043826	
LRRC4		-0.9519775	
VWC2		-0.95280045	
AFG3L2		-0.95310897	
MYO19		-0.95317763	
NEK10		-0.9536812	
LHFPL5		-0.9537586	
STK31		-0.95462006	
DNAJC19P9		-0.9551734	
ARID1A		-0.9573298	
PBRM1		-0.9577209	
RHBDD3		-0.95835334	
ZDHHC11		-0.95843416	
SLC4A10		-0.9585046	
FMO6P		-0.9585221	
ZMAT4		-0.95859575	
HS3ST5		-0.95939094	
ZNF385D		-0.9595559	
SYF2		-0.9595925	
BRAP		-0.95981514	
DNAJA1		-0.9601614	
BNC2		-0.9605025	
CKMT2		-0.9609629	
MCUB		-0.96099615	
MRC1		-0.9613403	
SLMAP		-0.96156144	
MAP3K4-AS1		-0.962008	
SLC26A2		-0.9622605	
GALNT10		-0.9639175	
SBSPON		-0.9640233	
ARPP21		-0.9646071	
MIR3667HG		-0.96510947	
CASP3		-0.96548593	
SMG1P3		-0.96552104	
ZNF785		-0.96621555	
PTBP3		-0.96660846	
SLC6A6		-0.96742123	
PLEKHG1		-0.9677256	
TMEM39B		-0.9691168	
TRDN		-0.9696291	
MOSMO		-0.9696907	
CIITA		-0.97019416	
FRG1JP		-0.97100234	
SLCO1C1		-0.9713597	
SPOCK1		-0.9714727	
TMEM26		-0.9716077	
CIBAR1-DT		-0.97192144	
CDH6		-0.97197455	
SLC14A2-AS1		-0.9724484	
ZNF808		-0.97380847	
FAM135B		-0.97452945	
CASP8		-0.97474307	
ULK4		-0.9753376	
MSI2		-0.9771357	
FRMD6-AS2		-0.9771714	
ABCB4		-0.97732747	
ENPP7P2		-0.97753155	
CTPS1		-0.9778234	
ST3GAL1-DT		-0.97817063	
CFLAR		-0.9792431	
ANP32E		-0.98042923	
UTP18		-0.98046756	
SGPP2		-0.98051643	
TBX19		-0.98078835	
TAPT1-AS1		-0.9809148	
KANK4		-0.9814972	
ATP13A2		-0.98156804	
DHRS4		-0.98269755	
CFAP46		-0.98274285	
ANO2		-0.98323154	
LINC00937		-0.984001	
AGK-DT		-0.9841201	
MARK3		-0.98419654	
NF2		-0.9846541	
RBKS		-0.98499423	
ZNF155		-0.98520154	
ZNF124		-0.9852966	
OR9Q1		-0.9853264	
LYPD6		-0.9855023	
LINC01117		-0.98584807	
KLHL2P1		-0.98593336	
CCT6P3		-0.9876524	
CNTNAP2		-0.98827505	
GRIN2A		-0.98866737	
KCNMA1		-0.98876023	
LINC01031		-0.9896838	
MECOM		-0.98971754	
NCOA3		-0.9899072	
TMEM65		-0.99075496	
MOV10		-0.9911022	
CYFIP2		-0.9920402	
TENT5D		-0.99211454	
PRKRA		-0.99228483	
FARSB		-0.99318886	
DPM1		-0.9934883	
BICD1		-0.9941645	
ITGA2		-0.99472654	
THEMIS		-0.99475265	
DAAM1		-0.99537355	
TPTE2		-0.9957387	
IRS1		-0.9965956	
NHIP		-0.99686795	
LINC02055		-0.99732214	
LY96		-0.9974375	
PDRG1		-0.9977724	
PKNOX2		-0.9979446	
OTUD6B-AS1		-0.99892664	
CLDN1		-1.0001866	
WASF3		-1.0007123	
VSNL1		-1.0012561	
DOK5		-1.0022901	
LINC00351		-1.0034512	
LRCH2		-1.0035918	
NUDT5		-1.0038491	
VIT		-1.0043316	
LINC01237		-1.0043819	
FHIP1A		-1.0068841	
TTI2		-1.0076861	
LINC02770		-1.0080837	
ST6GAL2		-1.0087624	
VIPAS39		-1.0091072	
LCA5L		-1.0105035	
CABIN1		-1.0111314	
ZNF75D		-1.0122607	
PPARG		-1.0124884	
MED12		-1.0125955	
PLXNA2		-1.0126671	
PKD2		-1.0151867	
SART3		-1.0152129	
DCUN1D2		-1.0154967	
GNAO1-DT		-1.0155506	
USP31		-1.0161285	
ATP6V1C1		-1.0173742	
FAM13A-AS1		-1.0175393	
ZNF518B		-1.0180361	
PPP2R1B		-1.0186124	
RASAL1		-1.0205725	
MTHFR		-1.0212462	
ALG5		-1.0215482	
YWHAE		-1.0223135	
SNUPN		-1.0247142	
NALF1		-1.0249363	
PPP2R2A		-1.0254098	
LINC02306		-1.0254937	
EML6		-1.0255699	
CBLN4		-1.0257636	
PRPF40A		-1.0264822	
LDLRAD4		-1.0298736	
RTN1		-1.0300881	
PTPRR		-1.0322819	
NFYB		-1.0330968	
LINC01917		-1.0332546	
HAT1		-1.0333166	
NAA30		-1.0337268	
COLGALT2		-1.034635	
CHAC2		-1.0358125	
MYH15		-1.0359119	
CD96		-1.0384567	
ADAM12		-1.038497	
MYO1D		-1.0391412	
ANKRD36C		-1.0392451	
C17orf100		-1.0394174	
CHRDL1		-1.039431	
ADAMTS9-AS2		-1.0396719	
PRDM8		-1.0398135	
LYPD5		-1.040465	
CFAP52		-1.0406162	
ANGPT2		-1.0406477	
KPNA6		-1.041258	
LINC02006		-1.0414584	
ING4		-1.0425081	
LINC00240		-1.0427638	
SSU72-AS1		-1.0428845	
ENPP5		-1.0432135	
SHC3		-1.0456337	
LINC00598		-1.046088	
KLB		-1.0463091	
PARD6G		-1.0475689	
POLR1B		-1.048318	
YOD1		-1.0483228	
BCL11B		-1.0488203	
SYT9-AS1		-1.049281	
RMI1		-1.0500743	
GZF1		-1.0505568	
SAMMSON		-1.0510558	
CCDC73		-1.0512848	
BAG4		-1.051631	
LRRC17		-1.0524738	
HADH		-1.0528601	
POTEF		-1.0532517	
EPN2		-1.0533987	
APOLD1		-1.0534537	
SERPINI1		-1.0543338	
SLC24A2		-1.0543764	
AOAH		-1.0545835	
RECK		-1.0546141	
MYOSLID-AS1		-1.0557237	
KSR2		-1.0566112	
PRIM2BP		-1.0590303	
ZNF180		-1.0590339	
RORA-AS1		-1.0592732	
GRIN3A		-1.0612084	
EBF1		-1.061416	
GALNTL6		-1.0627377	
NCAPH		-1.0636781	
ABTB2		-1.0664494	
CHST11		-1.0693808	
SNAPC1		-1.0697604	
PPP1R1C		-1.069793	
MTFR1		-1.0699984	
LINC01524		-1.0704595	
CLYBL		-1.0718179	
GPAM		-1.073224	
ETS2-AS1		-1.073759	
SYNGAP1-AS1		-1.0747763	
PRCD		-1.0749726	
WDR25		-1.0752065	
SVIL-AS1		-1.0758209	
SNX22		-1.0763025	
ISY1-RAB43		-1.0768867	
ZBTB26		-1.0773262	
BANK1		-1.0783243	
LINC01194		-1.0789931	
TMCC2		-1.0790154	
SLC38A4		-1.0806731	
C12orf56		-1.0808153	
SLC9A7		-1.081205	
FGF1		-1.0812546	
LINC02864		-1.0825887	
ME1		-1.0836236	
ZNF501		-1.0841284	
PLEKHG4B		-1.084429	
RABGEF1P1		-1.085664	
PRICKLE2		-1.086492	
C2orf88		-1.0866761	
PRKCQ		-1.0866776	
CLEC5A		-1.0867018	
PTPRT-DT		-1.0873446	
DOCK7-DT		-1.0874273	
SLC15A5		-1.0888879	
OSMR		-1.0889851	
ANKRD30B		-1.0892625	
CCDC144NL		-1.0899982	
ADGRB3		-1.0903596	
SNTG1		-1.0914347	
AJAP1		-1.0919896	
ACSM3		-1.0932987	
ACBD3		-1.0933887	
XKR6		-1.0942959	
DLG2-AS2		-1.0954518	
BRAT1		-1.0962853	
MIR181A2HG		-1.096731	
GOLPH3		-1.0968058	
RHOH		-1.0968682	
DRC1		-1.0984904	
AGTPBP1		-1.0991983	
TMEM44-AS1		-1.0996772	
SMIM30		-1.0997396	
LINC01121		-1.1010374	
ADCY10		-1.1020572	
EDIL3		-1.1028172	
DYNLT2		-1.1036599	
GSKIP		-1.10383	
VAV3-AS1		-1.1040576	
DSC3		-1.1040964	
OXTR		-1.1042813	
ANKRD22		-1.1043925	
EFCAB8		-1.1044685	
LMO3		-1.1054101	
TARBP1		-1.1059839	
HCG27		-1.1078665	
RYR1		-1.1080972	
DCHS2		-1.1082151	
ARHGAP11A		-1.1083142	
CASP4		-1.1084485	
PRSS12		-1.1096511	
TBC1D1		-1.1106348	
PALD1		-1.1106691	
INTU		-1.110678	
PRPF40B		-1.111572	
CRYZ		-1.1119319	
IL33		-1.1119751	
PDCL3P4		-1.1140519	
LINC01440		-1.1141565	
CLCN3P1		-1.1147026	
FCRL3		-1.1148628	
SNCAIP		-1.1151603	
PMS2P4		-1.1153579	
MARCHF10		-1.115585	
MYEOV		-1.115613	
IPO7		-1.115755	
LINC02458		-1.1159965	
INTS4P2		-1.1160085	
MTUS1-DT		-1.117317	
CNTNAP3P2		-1.1175063	
ARHGEF1		-1.1177307	
GBP1		-1.1178857	
SYT11		-1.1180243	
HELLS		-1.1196352	
EIF3H		-1.1197109	
SETDB1		-1.1198673	
SRR		-1.1199774	
CD163L1		-1.120191	
LOXL3		-1.1202191	
NUP50		-1.1211448	
LACTB2-AS1		-1.1212206	
BBOX1-AS1		-1.1214038	
MIR4713HG		-1.1214744	
TYMSOS		-1.1219944	
RNF19B		-1.122491	
TMCC3		-1.122573	
CDHR18P		-1.123039	
CDK12		-1.124785	
SP2-AS1		-1.1256256	
ARIH1		-1.1265422	
SLC9C1		-1.1265662	
FYB2		-1.1265991	
DIO2-AS1		-1.1270264	
PAF1		-1.1275615	
MINDY1		-1.1277674	
DNAI7		-1.1293633	
ANKFN1		-1.1296308	
CDH2		-1.1311517	
TOX3		-1.132054	
VAPB		-1.1322317	
KIF14		-1.1323904	
LRP1B		-1.133449	
SLC1A1		-1.1351103	
CD2		-1.1351423	
SRGAP3		-1.1359221	
KAT6B		-1.1361953	
PKHD1L1		-1.1367505	
IL12B-AS1		-1.136917	
NAMPT		-1.13814	
FRG1EP		-1.1382068	
SIK2		-1.1394818	
NOS1AP		-1.1397723	
LINC02691		-1.1398133	
IPP		-1.1411825	
STEAP1		-1.1416373	
RXFP1		-1.141802	
LINC01605		-1.1420205	
SLC24A3		-1.1420757	
CAT		-1.14246	
LINC00862		-1.1429707	
RNF4		-1.1430014	
ASB4		-1.1433966	
SLC23A2		-1.144742	
BANF2		-1.1448123	
SPAST		-1.1450144	
HPSE2		-1.1457651	
SLC7A9		-1.1464431	
ABAT		-1.1464905	
CSRP3-AS1		-1.1479398	
CDC14A		-1.1486813	
NAPB		-1.1491038	
ELF5		-1.1491227	
ALKBH3		-1.1495719	
CA10		-1.1501877	
NSDHL		-1.1502233	
SCGB2A2		-1.150728	
RNF175		-1.1508776	
BUB1		-1.151149	
TIAM2		-1.1517254	
SYT16		-1.1520209	
PDGFRL		-1.1521493	
A2ML1		-1.1521893	
RANBP10		-1.1531391	
NSMAF		-1.1546761	
LNCAROD		-1.1548702	
TNFSF15		-1.1562907	
SYNM		-1.1564286	
GLYAT		-1.156838	
SEMA3D		-1.1570266	
FAM161A		-1.1574619	
MINAR1		-1.1578965	
AGAP4		-1.1581799	
SCN3A		-1.1582007	
SBK1		-1.1596634	
CCDC77		-1.1600646	
GAP43		-1.1600972	
ZHX1-C8orf76		-1.1608553	
RNPC3-DT		-1.1621633	
CCNB1		-1.1623244	
ZNF485		-1.1623925	
LINC02015		-1.1632974	
TPRG1		-1.1655682	
RNF152		-1.1656268	
AK5		-1.1663356	
PAMR1		-1.1668648	
JAML		-1.1686667	
NLN		-1.1692343	
MEOX2		-1.1693348	
PM20D1-AS1		-1.1704143	
DENND6A		-1.171241	
RERG		-1.1714189	
SPOPL-DT		-1.173408	
LINC02752		-1.1736213	
BMAL2		-1.1736251	
FICD		-1.1747723	
HMGB3P6		-1.1750071	
ADD2		-1.175137	
ALDH1A2		-1.1755604	
WAC-AS1		-1.1770524	
METAP1D		-1.1776838	
FPR1		-1.177684	
EPHA6		-1.1781204	
MIR548A1HG		-1.1784575	
TBC1D2B		-1.1788263	
KDSR-DT		-1.1825956	
F11-AS1		-1.1829505	
NHLRC2		-1.1840584	
PKP2		-1.1845711	
TSBP1-AS1		-1.1847283	
ABCA17P		-1.1847614	
CD101-AS1		-1.1863995	
RAD21P1		-1.1878322	
RGS22		-1.1882007	
ABCC4		-1.1890821	
SLC17A8		-1.1894108	
CRTAC1		-1.1899467	
RORC		-1.1919609	
BDH1		-1.1926824	
SH3TC2		-1.1942935	
KYNU		-1.1942961	
NRIP3		-1.1948364	
CASC2		-1.19572	
FUT8		-1.1973612	
TPK1		-1.2001023	
TMEM181		-1.2001926	
GANC		-1.2006853	
LINC02936		-1.2008388	
EXO1		-1.2015594	
ETV5		-1.2024151	
CDYL		-1.2026118	
RBM11		-1.2027572	
IATPR		-1.2031381	
MAP3K15		-1.2034221	
VTCN1		-1.2036563	
LAYN		-1.2047493	
EPHA5		-1.2049046	
AFAP1		-1.2051938	
ALDH1L1		-1.2058151	
MRPS27		-1.2076387	
COLEC12		-1.2076751	
CYKILR		-1.2078141	
LINC01414		-1.2080057	
WNT2B		-1.2091024	
ST8SIA4		-1.2095846	
POLR1D		-1.2096722	
MCF2L2		-1.2098979	
CCHCR1		-1.2114937	
HMGCS2		-1.2120094	
DIS3L-AS1		-1.2130616	
FGF12		-1.213447	
EML5		-1.213733	
CXCL13		-1.2149248	
PIP5K1A		-1.2149501	
NDEL1		-1.2149863	
DTNA		-1.2153823	
C12orf60		-1.2157652	
QPCT		-1.2161168	
IKZF1		-1.2161305	
ACTN2		-1.2166367	
RERGL		-1.21712	
C2CD6		-1.2190667	
ZNF337-AS1		-1.2192804	
SLC1A2		-1.2195824	
MRFAP1L1		-1.2200019	
LY86-AS1		-1.2202832	
ZBTB41		-1.2210665	
CCSER1		-1.2213014	
TGFBR1		-1.2227362	
GUSBP1		-1.2241307	
SLITRK6		-1.2244606	
LINC01560		-1.2244637	
EHD3		-1.2245709	
MTUS2		-1.2247959	
LINC01681		-1.2253247	
MPP2		-1.225605	
RBMS3		-1.2256744	
GALNT16-AS1		-1.2259743	
ALKBH5		-1.2261692	
GKAP1		-1.2262056	
PRANCR		-1.2263367	
PEX2		-1.226566	
UGP2		-1.2268194	
FSTL4		-1.2270335	
HHIP		-1.2285293	
SLC22A14		-1.2300657	
ZNF8-DT		-1.2305596	
CHODL		-1.2309437	
PANTR1		-1.231486	
NSUN7		-1.2315283	
HDAC2		-1.231753	
UPF1		-1.2318124	
GEMIN8		-1.232833	
ENPP7P10		-1.2332519	
CYP27C1		-1.2335322	
SHC4		-1.2340416	
PARD6B		-1.2348988	
PPP4R4		-1.2349116	
LINC02624		-1.235253	
CLMP		-1.2353618	
LINC02762		-1.2358524	
MSNP1		-1.2365655	
LINC01456		-1.2372326	
DNAH11		-1.2375494	
MYO3A		-1.2378021	
NMNAT2		-1.2386607	
FGF14		-1.2390755	
PNO1		-1.2395188	
KALRN		-1.2403778	
RPP30		-1.2404857	
MYCT1		-1.2415873	
ERAP2		-1.2429925	
PLEK		-1.245302	
PCAT18		-1.246826	
FBXO43		-1.2469275	
RIBC2		-1.2478356	
CLECL1P		-1.2485052	
BFAR		-1.2498496	
PIWIL4-AS1		-1.2501782	
CAVIN2-AS1		-1.2503804	
OCA2		-1.2536081	
NIPAL3		-1.2546949	
COPB2-DT		-1.2563239	
ASTN2		-1.2563457	
LINC01798		-1.2572917	
DDX17		-1.2578967	
C5orf15		-1.2583327	
PLEKHH1		-1.2592652	
CASC16		-1.2596866	
PURPL		-1.2618068	
IL20RA		-1.2643085	
SGCZ		-1.2659084	
PTPRT		-1.2663822	
DNAH8		-1.2664278	
RPL31P46		-1.2669646	
STN1		-1.2688872	
MAGI1		-1.2691762	
FCRL2		-1.2694076	
CKMT2-AS1		-1.2696211	
WHAMMP3		-1.2713493	
EZR		-1.2715154	
JADE1		-1.2717229	
SAMD4A		-1.2719901	
KLHL13		-1.2722001	
TCF20		-1.2724888	
LRP2BP		-1.2728355	
URB2		-1.273335	
ANKRD20A8P		-1.2734545	
SEPHS2		-1.2738129	
POU6F2		-1.2739372	
ERCC6L		-1.2745249	
MSRB3		-1.2749752	
BBOF1		-1.2754718	
CRB1		-1.2768304	
ITIH6		-1.2781854	
CTH		-1.2783664	
MR1		-1.2796754	
TFCP2		-1.2812836	
UBE2D4		-1.2822452	
LPXN		-1.28434	
GATAD1		-1.2851776	
PNPLA7		-1.2851865	
TM9SF3		-1.2861773	
RHOQ		-1.2868114	
PLA2G4A		-1.286835	
BICC1		-1.2868466	
ORC4		-1.2879534	
UIMC1		-1.2892867	
VAV1		-1.2897615	
MRPS30		-1.2899234	
LINC00276		-1.2919527	
DYNC1I1		-1.2933453	
FBH1		-1.2947993	
CORIN		-1.2951132	
DNAJC5B		-1.2955488	
MS4A4A		-1.2963258	
TMEM72-AS1		-1.2967733	
IRF2BP2		-1.2971369	
USP10		-1.298156	
EGFL6		-1.298409	
CARD18		-1.2985157	
DCX		-1.2991365	
MPHOSPH9		-1.2992772	
CYP2U1-AS1		-1.2998554	
ATP6V0D1-DT		-1.2999761	
DUOXA1		-1.3001791	
ABCA12		-1.3014215	
CAPRIN1		-1.303915	
RSL24D1		-1.304079	
FRG1GP		-1.3046278	
RP1		-1.304797	
ZMYM5		-1.3054365	
DDX10P2		-1.3066012	
GTF2IP4		-1.3069649	
FUNDC1		-1.3079367	
MRPL39		-1.3082461	
PDE1A		-1.3089124	
STRN		-1.3090123	
MIR924HG		-1.3098696	
LINC02853		-1.3101703	
CREB3L2		-1.3105633	
PPARGC1B		-1.3109691	
TLR7		-1.3116243	
LRIG2-DT		-1.3118333	
EFNB2		-1.3118625	
F5		-1.3124573	
SLC15A1		-1.3136028	
SPIRE1		-1.3138368	
SHOC1		-1.3139975	
UNC5D		-1.3144733	
LINC02966		-1.3147694	
NRK		-1.317043	
TMEM39A		-1.318731	
DDX19A-DT		-1.3202674	
BTBD10		-1.3216975	
SGCG		-1.3217301	
SP110		-1.3217783	
RAP2A		-1.322403	
TGFBR2		-1.3228687	
TPM1		-1.3236167	
ERMAP		-1.3242455	
OGFOD1		-1.3248177	
ABHD2		-1.3265414	
ISG20L2		-1.3273225	
IMPA1		-1.3289171	
NELL2		-1.3289491	
COL23A1		-1.3295833	
SLCO3A1		-1.3298751	
LINC01637		-1.3301739	
ZKSCAN8		-1.330704	
SEPTIN7P9		-1.3326178	
SAMD4B		-1.332809	
TBC1D15		-1.3345324	
CFTR		-1.3348104	
SVIL		-1.3355708	
VWA3A		-1.3377538	
TRRAP		-1.3378266	
ACAP2		-1.3400261	
KRT10-AS1		-1.3401009	
EAF2		-1.3405477	
NPAS3		-1.3407946	
UVRAG		-1.3414383	
VGLL3		-1.3430331	
MSANTD3-TMEFF1		-1.3433998	
NUP35		-1.3439175	
TNFSF10		-1.3444756	
ITGA9-AS1		-1.3449156	
ANKMY1		-1.3452641	
PIK3CD-AS2		-1.3464912	
LYSMD2		-1.3470814	
DISC1FP1		-1.347624	
FAXDC2		-1.3492202	
CTTNBP2		-1.3502979	
PROS1		-1.3508893	
NCR3LG1		-1.351084	
ZNF616		-1.3513772	
NUDT12		-1.3514293	
DDX60L		-1.352213	
ROR2		-1.3531678	
LEF1		-1.3554868	
PDE4D		-1.3575898	
SV2B		-1.3586063	
SUZ12P1		-1.3603256	
LINC02428		-1.3603573	
APP-DT		-1.361025	
BMPR1A		-1.3610289	
SGMS1-AS1		-1.3610708	
NTF3		-1.3614409	
LINC01885		-1.3634497	
FBXL19-AS1		-1.3648343	
SLC28A3		-1.3650835	
SACS		-1.3657403	
IRF2-DT		-1.3662779	
AADACL2-AS1		-1.3669252	
ADAMTS6		-1.3674163	
USO1		-1.3679146	
RNF144A		-1.3697017	
SLC7A2		-1.3697364	
UBQLN2		-1.3698559	
ADGRV1		-1.3704691	
RSF1		-1.3707741	
OLFML1		-1.3717766	
STPG2		-1.3724054	
OBI1-AS1		-1.3737546	
LIN52		-1.3741163	
MEAK7		-1.3768404	
LINC02147		-1.3784137	
DUSP11		-1.3797975	
MAP3K5		-1.3803465	
LINC00968		-1.3804754	
ATXN7L3B		-1.3814135	
ZNF37BP		-1.3819581	
PTPRD		-1.3820406	
MBTD1		-1.3821692	
PDZRN4		-1.3842608	
ZNHIT1		-1.3851101	
DGKB		-1.3856686	
IFT122		-1.3861121	
PLEKHF2		-1.386749	
NWD2		-1.3870978	
KPNB1-DT		-1.3883198	
TOGARAM2		-1.3888032	
ARPC2		-1.3888583	
PCDHB4		-1.3892167	
RANBP6		-1.3895775	
HSF2BP		-1.3905361	
ELOVL7		-1.3906257	
TRMT9B		-1.390628	
WDR17		-1.3907001	
ATF1		-1.3913422	
DTHD1		-1.3919417	
NOP14		-1.3927628	
IGF2BP1		-1.3939245	
DOCK8		-1.3951507	
PCCA		-1.3959767	
CDH12		-1.3960698	
HOXB3		-1.396134	
HBP1		-1.3978492	
SCIN		-1.3979298	
COL4A5		-1.398102	
RASSF6		-1.3985599	
HUS1		-1.3993876	
NDUFAF7		-1.4006971	
ESD		-1.400749	
SH3BGRL2		-1.4009246	
LINC00871		-1.4012946	
EFNB1		-1.4014193	
PCBP1-AS1		-1.4017867	
PSME4		-1.4022144	
COBL		-1.4023778	
SATB2		-1.4026603	
ZNF526		-1.4031589	
STK17A		-1.4061298	
CR1		-1.4062982	
TSHR-AS1		-1.4065776	
CD84		-1.4071308	
LIMA1		-1.4080327	
HSPBAP1		-1.4089178	
LSM11		-1.4089983	
YTHDF3		-1.410019	
TWF1		-1.4106776	
ADAMTS1		-1.4117432	
SLC2A12		-1.4125354	
RPL21		-1.413664	
HS3ST1		-1.4140016	
CEP104		-1.4143269	
SLC6A1		-1.4143782	
ZNRF2		-1.4151691	
GNB4		-1.4154035	
ARMCX4		-1.4159547	
CDKL1		-1.4170927	
TBCAP1		-1.4175192	
AXIN2		-1.4180073	
NDNF		-1.4186363	
P3H2		-1.421092	
FAP		-1.4213576	
POGLUT3		-1.4214704	
HERC2P3		-1.4222822	
KCNMB2-AS1		-1.4230797	
PIP5K1B		-1.4231175	
MAP2K1		-1.4233187	
VLDLR		-1.4236422	
ZNF101		-1.4244101	
POLG2		-1.4272354	
UNC80		-1.4273946	
GLRA3		-1.4293797	
BEX2		-1.429614	
ALOX5		-1.4306264	
MARCHF3		-1.4310288	
NUBPL		-1.4311887	
RASSF8-AS1		-1.433804	
RBM44		-1.4344057	
AGA-DT		-1.4344122	
NR4A3		-1.4347912	
COL6A6		-1.4359676	
INCENP		-1.4374868	
CREB5		-1.4396019	
NSD3		-1.4397156	
BHMT		-1.4421362	
CDC27		-1.442818	
TSEN15		-1.4434611	
RPS6KA2		-1.444177	
COMMD1		-1.4443364	
NUP43		-1.4449171	
PIP		-1.4450167	
PPP2R3C		-1.4450293	
NRBP1		-1.4451436	
SLC4A7		-1.4461893	
PRDM6		-1.4464948	
PDE6D		-1.4495887	
TMEM126B		-1.4500833	
ZNF92		-1.4503883	
UBASH3A		-1.4507155	
CPHL1P		-1.4516995	
CTTNBP2NL		-1.4518449	
NR2C1		-1.452332	
PSMD10		-1.4523373	
TAPBPL		-1.4523515	
AP1AR		-1.4529812	
ANKRA2		-1.4530448	
ZNF519		-1.4551361	
HSPA12A		-1.4552054	
BCL11A		-1.4555007	
LOX		-1.4558574	
ADAM29		-1.4570069	
GAS1RR		-1.4571402	
TBC1D7		-1.4574864	
KIF11		-1.458124	
SLC17A5		-1.4582754	
SIDT1		-1.458761	
POSTN		-1.4589356	
ZNF606		-1.4593699	
DPY19L2P1		-1.459538	
VPS39		-1.4596834	
BTG3-AS1		-1.4603338	
HOOK3		-1.4615391	
LINC02994		-1.4615612	
WDR41		-1.4622104	
RFT1		-1.4626926	
ICA1		-1.4627762	
GPM6A		-1.4642849	
KCTD9		-1.4654254	
SBNO1		-1.4676869	
CASC9		-1.468134	
DAB2		-1.4686422	
MEF2C-AS1		-1.4711906	
CSNK1G1		-1.4716475	
SYK		-1.4731863	
ARHGEF6		-1.4739761	
ZBTB20-AS5		-1.4744599	
CADPS		-1.4755363	
ENPP4		-1.4769905	
JARID2		-1.4770764	
CERS3-AS1		-1.4774545	
CEACAM22P		-1.4780408	
COL25A1		-1.4781102	
TICRR		-1.4782934	
PTGR3		-1.4794717	
F13A1		-1.4799765	
LINC01980		-1.4802706	
PLD1		-1.480644	
RNF212		-1.481893	
HLF		-1.482019	
ARHGEF4		-1.4824702	
SPTLC3		-1.4839796	
GRIK5		-1.4842823	
CRACDL		-1.4846897	
DSP		-1.4847898	
ARHGAP29-AS1		-1.484825	
RSAD2		-1.4860581	
ADAMTS19		-1.4864963	
RHCE		-1.4868621	
ZNF19		-1.4868884	
CNKSR2		-1.4899789	
HERC5		-1.4905943	
PAQR3		-1.4910305	
TLE1		-1.4910554	
ZNF492		-1.4913826	
PDCD11		-1.4914539	
PARP2		-1.4922392	
SCART1		-1.4931549	
NIPAL1		-1.4943637	
PLA2R1		-1.4962949	
MIR3171HG		-1.4964944	
STK26		-1.4970334	
PTOV1-AS1		-1.4970982	
CYTIP		-1.4973761	
SPAG16		-1.497925	
MT-TW		-1.4987836	
LINC02532		-1.5003086	
ANKLE2		-1.5007446	
LINC01606		-1.5010703	
ANKRD20A5P		-1.5011579	
LPP		-1.5014768	
CUL4A		-1.502536	
KIAA0232		-1.503255	
HBS1L		-1.5035692	
SLC24A1		-1.5041937	
STK32B		-1.5063272	
RNF145		-1.5078639	
RPS25		-1.5086714	
ZNF300P1		-1.5090945	
GTF2F1		-1.5095247	
ACTR6		-1.5099638	
FUT9		-1.5121944	
CDK17		-1.5123484	
HEY2-AS1		-1.5152897	
UGCG		-1.515338	
CDKN2A		-1.5155802	
NBPF25P		-1.5173014	
GABRB3		-1.5174526	
CCL28		-1.5190098	
SHLD2P1		-1.5190395	
ATE1OSP		-1.5193512	
CCDC26		-1.5195719	
LINC01355		-1.5204937	
SEC61A2		-1.5206932	
DEPDC1		-1.5207535	
ALMS1P1		-1.5220435	
SSBL2P		-1.5222001	
PRLR		-1.5226338	
CFAP61		-1.5247903	
ARID5B		-1.5251031	
SLC25A12		-1.5255078	
CLCA4-AS1		-1.5256493	
EMC1-AS1		-1.5278679	
LINC00519		-1.5288935	
TMEM107		-1.5289702	
TTC28		-1.5295467	
BCO2		-1.5297794	
MYRIP		-1.5301517	
LINC01618		-1.5316726	
TRHDE		-1.5321246	
CARD10		-1.5325303	
TMEM156		-1.5334004	
IKBIP		-1.5336992	
GNA12		-1.5344423	
SEC22A		-1.5345949	
H2AC6		-1.5349483	
TMEM144		-1.5357132	
MAP1LC3B		-1.5361022	
MYO1E		-1.5361303	
LINC02005		-1.5361491	
SVEP1		-1.5361899	
MLEC		-1.5369649	
PRDM4		-1.5369949	
CHL1		-1.5372813	
KCNJ6		-1.5390295	
PTGER2		-1.5391533	
MCTP2		-1.5398868	
ATP11B		-1.5401931	
NUAK1		-1.5402876	
SNAI2		-1.5414214	
RPS7		-1.5419172	
ZBTB34		-1.5438993	
SGPP1		-1.544234	
C2CD5-AS1		-1.5444316	
RAB10		-1.5467347	
ADGRE3		-1.5479709	
CLEC4C		-1.5487236	
AVL9		-1.5492643	
ABCC11		-1.5502	
DAPK3		-1.5518554	
ARHGAP25		-1.5548602	
PLD3		-1.5549347	
NAV2		-1.5550638	
TRIM58		-1.5552593	
TBC1D8		-1.5557053	
GM2A		-1.557835	
IFNG-AS1		-1.5578554	
CAMK2A		-1.558344	
PCDH11X		-1.5585918	
DRC3		-1.5588121	
GK5		-1.5604467	
CCDC144BP		-1.5605398	
POC5		-1.5616951	
FNIP2		-1.5619789	
GABPB1-AS1		-1.562384	
CDC42BPB		-1.5624062	
LINC03088		-1.5626245	
HS1BP3		-1.5631906	
UBE2S		-1.5650338	
SOCS6		-1.5656391	
STAC		-1.5660635	
SHCBP1		-1.5661322	
TESPA1		-1.5662978	
LINC00607		-1.566322	
MIR31HG		-1.5675055	
FLII		-1.5676649	
SNAP25		-1.5680349	
RUFY2		-1.5692061	
LNX2		-1.5700694	
CTNND2		-1.571147	
FAT1		-1.5718828	
NF1		-1.5725366	
FYB1		-1.5727688	
CLDN16		-1.5733293	
DNAH12		-1.5736792	
LARP7		-1.573816	
LINC00471		-1.5742644	
MYO16		-1.5743594	
FAM110C		-1.5757501	
USP3-AS1		-1.577362	
SLC35B3		-1.5777711	
SPART-AS1		-1.5789105	
SIRPG		-1.5792525	
HEBP2		-1.5815297	
LINC03007		-1.5817707	
TMEM17		-1.5824366	
ZNF165		-1.5831592	
RASAL2		-1.5898325	
LINC00596		-1.5917095	
EDNRB		-1.5923434	
DEPDC1B		-1.5927752	
KIF6		-1.5943036	
SYT1-AS1		-1.5950518	
PDE4DIP		-1.5953088	
GUCY2C-AS1		-1.5955073	
GARRE1		-1.5971578	
GRID2		-1.5971874	
HTR2B		-1.5975938	
GPR65		-1.5997273	
STX19		-1.6005387	
XRCC2		-1.6011795	
PHF12		-1.6014165	
TDRD5		-1.6034812	
TGS1		-1.6039376	
ZNF483		-1.6040462	
HLA-DQB2		-1.6054494	
LINC02511		-1.6083611	
RABEP1		-1.6084641	
BAIAP2L2		-1.6101341	
DEUP1		-1.6101794	
FAM225B		-1.6133347	
PAN3		-1.6142049	
TMEM273		-1.6150795	
ROPN1B		-1.6183108	
RTCB		-1.6190115	
TPX2		-1.6193855	
RASGEF1C		-1.6197445	
RELL1		-1.6215143	
MRAP2		-1.622155	
SYN3		-1.6222454	
RNF17		-1.6225982	
CASP8AP2		-1.6237916	
NAA15		-1.6264112	
LINC00539		-1.6270012	
SRGAP2D		-1.6271746	
ENKUR		-1.6277188	
NR2F1		-1.6284703	
COPB1		-1.6291645	
RPS3AP6		-1.6292914	
MFF-DT		-1.6295006	
ZFP14		-1.6301483	
ZNF586		-1.6323743	
ZNF391		-1.6325654	
SEPTIN10		-1.6335272	
ACSL3		-1.634287	
KIF1B		-1.6345901	
EDN3		-1.6349858	
SWAP70		-1.6355084	
KANSL1		-1.6361071	
SSBP1		-1.6375846	
ZMAT5		-1.6376411	
LINC02237		-1.6390791	
TRAPPC10		-1.6391187	
ZNF534		-1.6396292	
GABRA3		-1.6409694	
CDHR3		-1.6420673	
CCDC61		-1.6424017	
SAMD5		-1.6429302	
CACNB2-AS1		-1.642949	
PABPC5		-1.6433004	
TTC39C		-1.6440096	
ZNF239		-1.6455469	
PLCB4		-1.6466113	
POLR1E		-1.6473377	
DOCK2		-1.6477396	
WHAMMP1		-1.6478075	
DIRAS3		-1.6485248	
B4GALT4		-1.6492019	
INTS3		-1.649283	
CCDC170		-1.6501274	
CABCOCO1		-1.6517751	
RPS6KA5		-1.6522037	
PPM1D		-1.6522782	
HLCS		-1.6527548	
ZNF337		-1.6531882	
DPP4		-1.6537509	
FAT2		-1.6542162	
SLFN13		-1.6550086	
ZNF28		-1.6564816	
MDFIC		-1.6565543	
CLUAP1		-1.6567434	
ZNF143		-1.657167	
IL20RB		-1.6582795	
FRAS1		-1.6582993	
CAB39		-1.6586542	
SAP30BP		-1.659028	
LRRC4C		-1.6597844	
ODAD2		-1.6599723	
LINC00571		-1.6599737	
AIF1		-1.6602241	
CPSF3		-1.6604968	
TXNDC9		-1.660512	
SYBU		-1.6606373	
AGBL1		-1.6625236	
ZC3H6		-1.6627936	
MAP4K4		-1.6631094	
LINC01013		-1.6636286	
NFX1		-1.6643535	
TMEM71		-1.6654172	
FILIP1		-1.6671562	
USP45		-1.6673652	
PARM1		-1.6684266	
TXNRD1		-1.6684437	
PRKCH-AS1		-1.6693102	
CFAP20DC-DT		-1.6698139	
MTMR8		-1.6699735	
SH3BP4		-1.6755118	
ATPAF1		-1.6755875	
LINC01708		-1.6767199	
DIPK1A		-1.6774851	
ERAP1		-1.6819432	
GCA		-1.6830119	
ARPC5		-1.6831872	
SOX6		-1.683349	
SFXN1		-1.6835952	
IQCM		-1.6838442	
NRP1		-1.684706	
RDH11		-1.6850816	
ZHX2		-1.6856312	
IL1RL2		-1.685922	
MAP3K21		-1.686487	
DUSP16		-1.6871494	
POC1B-AS1		-1.6893735	
GREM2		-1.6920289	
RGSL1		-1.6932433	
FOLH1		-1.6932997	
RWDD3-DT		-1.6935462	
COPG2IT1		-1.6936023	
JAKMIP3		-1.6936378	
NABP1		-1.695117	
LINC00467		-1.6963776	
ZNF470-DT		-1.6966164	
LINC01607		-1.6971885	
SPSB4		-1.6973615	
ADAMTSL3		-1.6980186	
DYRK4		-1.7001358	
ZNF141		-1.7006398	
CHN1		-1.7023784	
LINC01214		-1.7023937	
LNP1		-1.7024474	
SC5D		-1.7031877	
SLC37A1		-1.7037504	
LINC01258		-1.704238	
WAPL		-1.7051861	
SERPINE2		-1.70631	
LINC01592		-1.7076194	
NSMCE1-DT		-1.707716	
LINC03016		-1.7085075	
LINC01600		-1.708718	
ABCF1		-1.7089225	
ZNF543		-1.7091132	
NOCT		-1.7091583	
ZNF639		-1.7092673	
PCNX3		-1.7093011	
UBE2R2-AS1		-1.7111715	
IQSEC3		-1.7112877	
CFAP300		-1.7139211	
RHOXF1-AS1		-1.7143191	
CATSPERB		-1.714603	
NME5		-1.716035	
DNAI3		-1.718444	
ELOC		-1.7189677	
GLCE		-1.72103	
KAZN		-1.7213964	
HDGFL3		-1.7227072	
CHD1-DT		-1.7237643	
ZNF235		-1.7237878	
LINC02609		-1.7244064	
HSD17B2		-1.7244898	
ESR1		-1.7245092	
PSMD14-DT		-1.7246383	
DPEP2		-1.7252581	
HFM1		-1.7254119	
CD28		-1.7254459	
CEBPG		-1.7263101	
BLM		-1.728019	
CCDC175		-1.730349	
TGFBRAP1		-1.7303741	
STAT5B		-1.7317717	
PRELID2		-1.7319573	
ELFN1		-1.7328792	
PAPPA		-1.7331412	
ABCB11		-1.733668	
C1RL-AS1		-1.7339141	
SLFN12L		-1.7340226	
TEX22		-1.7341106	
CDH8		-1.7347735	
POGK		-1.7356402	
CA2		-1.73651	
LINC02645		-1.7369636	
UBQLN4		-1.7374731	
MME		-1.7397614	
SLC18A2		-1.7411598	
SCARB2		-1.7418029	
ST8SIA1		-1.7421181	
ZNF345		-1.7421916	
ZFYVE9		-1.7424592	
SLC22A1		-1.7440455	
LINC02698		-1.7444221	
TAF13		-1.7460358	
TMEM169		-1.747184	
BORCS5		-1.748451	
SMIM13		-1.7498288	
RAB3GAP2		-1.750018	
CHST9		-1.7501574	
GNL1		-1.7506819	
ALG14		-1.752177	
PDK4-AS1		-1.7545121	
CGNL1		-1.7545844	
FRY		-1.7553239	
BMPR1B		-1.7560716	
MAMDC2		-1.7563369	
KIFBP		-1.7563406	
GPR155		-1.7566139	
ATP6V1A		-1.7572721	
KDM4A-AS1		-1.757514	
MAPK1		-1.7579468	
LAMC1		-1.759594	
FAXC		-1.7597127	
CSDE1		-1.7614541	
LINC02188		-1.7620039	
AGMO		-1.7624197	
CATSPERE		-1.7639672	
LINC02712		-1.7642468	
TRPC4		-1.7649966	
PGAP1		-1.7650099	
TPTEP1		-1.765854	
BCAT1		-1.7658871	
MROCKI		-1.7662379	
FAM120A		-1.7664274	
CFAP58		-1.7680378	
UGT8		-1.7694602	
SVBP		-1.7707474	
KCTD8		-1.7712033	
ANP32BP1		-1.7717012	
PCDHGA1		-1.7728997	
SYDE2		-1.7768967	
NCEH1		-1.7776234	
CELF2		-1.7798554	
OSTC		-1.7805533	
CSRNP3		-1.7817385	
TRPC4AP		-1.7824274	
C10orf67		-1.7829962	
PREP		-1.7841043	
LINC01950		-1.7844923	
TCERG1		-1.7856474	
GAN		-1.7860445	
GPR156		-1.7862809	
COL8A1		-1.7867978	
NETO1		-1.7903888	
CKAP2		-1.7921007	
DNM3OS		-1.7935057	
PDGFDDN		-1.7935491	
CSE1L		-1.7941618	
LDAF1		-1.7963239	
ZNF22		-1.7963787	
PLK4		-1.7969275	
C16orf95		-1.7977496	
LINC01036		-1.7985977	
FOXO3		-1.8004868	
KLRK1-AS1		-1.8012723	
ITGA2-AS1		-1.8017426	
DACH1		-1.8025426	
SCARA3		-1.8038064	
SNIP1		-1.8040112	
DCLRE1A		-1.8064859	
DNAH5		-1.8070492	
EIF3E		-1.8076448	
RARB		-1.8078178	
CMTM4		-1.8084338	
CFH		-1.8088846	
TNRC6A		-1.8092214	
COL9A3		-1.8101074	
ATM		-1.8107986	
TMOD3		-1.8113053	
SNED1		-1.8114194	
IFIT2		-1.8122315	
PPARD		-1.8149111	
NCAM1		-1.8150944	
FHOD3		-1.8155866	
TNFRSF10B		-1.8176486	
NMU		-1.8181986	
SYNE1		-1.818317	
CMAHP		-1.8189454	
DGKE		-1.8208226	
ADAMTSL4-AS2		-1.821196	
BLNK		-1.8230866	
STYK1		-1.8239433	
MSR1		-1.8240731	
OR52K3P		-1.8265358	
RSU1		-1.8276929	
MTMR10		-1.8277082	
HCG20		-1.8285935	
ARL8B		-1.8286805	
DDIAS		-1.8286916	
ABCC9		-1.8291011	
KCNE4		-1.8298471	
HDLBP		-1.8313149	
GPS2		-1.8379974	
CCDC178		-1.838178	
CEP152		-1.8393666	
GABRR2		-1.8405073	
FSIP2-AS1		-1.8409438	
EVC		-1.8411012	
SUCLA2		-1.8411415	
SFSWAP		-1.8417941	
CR2		-1.8422958	
FMN2		-1.845195	
ENTR1		-1.8457804	
WHRN		-1.846334	
NDUFV2-AS1		-1.8464893	
DHFR2		-1.8477331	
LINC00958		-1.8479483	
TAF5		-1.8484032	
TPM4		-1.8484247	
MRI1		-1.8484343	
NHSL1		-1.8495634	
CPNE8		-1.8504119	
NRG2		-1.8505523	
LINC02981		-1.852508	
IL7R		-1.8541288	
ALPK3		-1.8553708	
TBX15		-1.8554646	
PTP4A1		-1.8562114	
POTEKP		-1.8565453	
FBXO3		-1.8569463	
INTS12		-1.857908	
HRG-AS1		-1.8591957	
PLAGL1		-1.8593451	
MBTPS1		-1.8597046	
APBB2		-1.8615423	
ZCCHC14		-1.8627697	
PLEKHH2		-1.8635223	
CAPZA1		-1.8642304	
MDGA2		-1.8647671	
FOXQ1		-1.8667239	
MTMR14		-1.8667265	
PTP4A2		-1.8670324	
RAB33B		-1.8683358	
PCAT1		-1.8684256	
BARX2		-1.8688836	
ANO3		-1.8697562	
PAIP2B		-1.8702126	
SLCO2A1		-1.8715435	
KLHL32		-1.8720547	
LINC01611		-1.877481	
CLSTN2		-1.877519	
OLFM4		-1.8787563	
DENND4C		-1.8799634	
SLITRK5		-1.8812692	
CFAP221		-1.881746	
MEIOB		-1.8831874	
PMS2P1		-1.8836101	
YLPM1		-1.8836458	
DYNLT5		-1.8853016	
HORMAD1		-1.8891	
TAF1		-1.8897562	
LINC00504		-1.8932319	
DIAPH3		-1.8935562	
PTH2R		-1.8937738	
PSIP1		-1.8946974	
TSTD2		-1.8950958	
HTR1F		-1.8958243	
MTX3		-1.8961482	
CTNNBL1		-1.8962853	
GAPVD1		-1.8975604	
RN7SL138P		-1.8980201	
SEMA3E		-1.8986309	
CYP27A1		-1.9000833	
GTF2IP20		-1.9001713	
IL1R1		-1.9009275	
ITPRID1		-1.9013824	
CCR1		-1.9024312	
ADNP-AS1		-1.9029227	
B3GNT5		-1.903278	
GRHL2		-1.9032961	
SOX7-AS1		-1.9033297	
ZNF606-AS1		-1.9050232	
CHRM3		-1.9059051	
TASL		-1.9064547	
ELK3		-1.9070872	
IDO2		-1.907227	
CD3G		-1.9083247	
THSD7A		-1.9091103	
ENDOD1		-1.9108851	
ZNF382		-1.9124085	
NRIP3-DT		-1.9128668	
SH3GL2		-1.9138055	
MFSD14B		-1.9141587	
BRIX1		-1.914183	
SEMA3A		-1.914591	
GPHN		-1.915167	
ZNF451-AS1		-1.9158946	
JAKMIP2		-1.9188007	
GLMN		-1.9193485	
EDA		-1.9205201	
SGO1-AS1		-1.9213139	
GNAI1		-1.9216799	
CERS6		-1.9260378	
C3orf70		-1.9265115	
NEFH		-1.926529	
ZBTB47-AS1		-1.9277778	
BRPF3		-1.9282006	
EPHA7		-1.9283937	
POLH		-1.9285709	
ACTR3C		-1.9301375	
SH2D4A		-1.9306006	
MLH3		-1.9320312	
ANP32A		-1.9333807	
TOPBP1		-1.9362569	
XAF1		-1.9373361	
LINC02335		-1.9384507	
TTC23L		-1.9401699	
MRRF		-1.9416499	
MCTP1		-1.942217	
CCN4		-1.9435666	
JADE2		-1.9436511	
AJUBA-DT		-1.943867	
FBXO4		-1.9442514	
VLDLR-AS1		-1.9454901	
GTF3C4		-1.9473231	
LNCATV		-1.947521	
HIVEP3		-1.9479109	
C4orf36		-1.9487001	
CNTN4		-1.9492831	
PUM1		-1.9522264	
NUTM2B-AS1		-1.9558865	
ARHGAP11B-DT		-1.9563925	
LYPLAL1-DT		-1.9605652	
CRACR2A		-1.9612215	
FANCC		-1.9620378	
HYCC2		-1.9642029	
RASGRP3		-1.9642968	
ADGRG7		-1.9643741	
BRPF3-AS1		-1.964674	
SNTG2		-1.9647669	
RTKN2		-1.9653813	
SAMSN1		-1.9660592	
KCNJ10		-1.9673163	
DOCK11		-1.9675174	
TRIM59-IFT80		-1.9679204	
ZNF767P		-1.9708704	
STXBP6		-1.972463	
IDE		-1.9733562	
CDK6-AS1		-1.974106	
FRMD3		-1.974332	
GRAPL		-1.9743695	
GTF2IP13		-1.9748093	
MAPK10		-1.975226	
ZSCAN9		-1.9756062	
NOMO2		-1.9756415	
ARL11		-1.976059	
ZNF81		-1.9766574	
LINC00882		-1.9770461	
SRD5A1		-1.9797659	
BCDIN3D		-1.9802228	
PHEX		-1.9807678	
ZNF582		-1.9810619	
SMARCAD1		-1.9826652	
SUMO1		-1.9829872	
EDEM1		-1.9838142	
TNS3		-1.9841965	
RNF150		-1.9843757	
AKIRIN1		-1.985163	
NDST4		-1.9870437	
FGF7		-1.9878118	
LNCRNA-IUR		-1.9892818	
SMIM20		-1.9901437	
KIF3A		-1.9904777	
AMD1		-1.9916576	
PIGK		-1.9921374	
MRPL50		-1.9931198	
SLC26A7		-1.9958731	
LINC00992		-1.9972073	
PITRM1		-1.9972717	
ALK		-1.9976698	
ATP5PD		-1.9980315	
TMEM45A		-1.998199	
RAB39B		-1.9992764	
KCNB1		-1.9998369	
SKP2		-2.0028605	
CTDSPL		-2.003549	
NUF2		-2.0042481	
ERLEC1		-2.0053144	
LARS2		-2.006476	
DHRS7B		-2.0084202	
TF		-2.0088143	
SRRM1		-2.0091622	
DCDC2C		-2.0107925	
SNX10		-2.0112412	
SLC5A1		-2.0114033	
ACVR1C		-2.0123553	
SLC12A2-DT		-2.0126827	
DBR1		-2.0146718	
ASB3		-2.016275	
PYGO1		-2.016497	
SESN3		-2.0167093	
WDR5B-DT		-2.017692	
PPFIA2		-2.018581	
NPSR1-AS1		-2.019228	
LINC01608		-2.0201182	
REDIC1		-2.020669	
APPBP2		-2.0208323	
CALCB		-2.0210564	
TAF10		-2.0249622	
INPP4A		-2.0252638	
EYA1		-2.0258367	
RAI14		-2.0264318	
ATP8A1		-2.0266705	
ZNRF2P2		-2.0268784	
KLHL31		-2.0272026	
WASF2		-2.0277066	
ZBTB6		-2.028204	
COPB2		-2.029264	
CMTR2		-2.0300417	
DNAJC6		-2.0313034	
DARS2		-2.0322356	
ARHGEF33		-2.035642	
MEF2C		-2.0368261	
OTUD7A		-2.0371668	
SLC7A1		-2.0373504	
SPAAR		-2.0376947	
C5orf63		-2.0379837	
SH3GL3		-2.0388527	
LINC02507		-2.0389814	
PCOLCE2		-2.0392828	
WDR20		-2.039377	
ZNF667		-2.0396495	
EFCC1		-2.0414226	
MIR2052HG		-2.0418296	
MGAM		-2.042111	
SCN11A		-2.043132	
GSEC		-2.0434	
PITX1-AS1		-2.0451717	
POU5F1		-2.0461228	
ITGA10		-2.047762	
L3MBTL4		-2.0478508	
LRRC37A2		-2.0485327	
C1orf141		-2.0491347	
KANK1		-2.049152	
SLC10A6		-2.0499372	
NDST3		-2.0503554	
ARHGAP17		-2.050538	
GULOP		-2.0532806	
WAC		-2.0535176	
SH3BGRL		-2.0553744	
CEP55		-2.05628	
SHROOM3		-2.0575204	
LINC00971		-2.0590246	
PLCG1-AS1		-2.0615296	
LINC00996		-2.0629635	
MYHAS		-2.0630224	
SIL1		-2.063131	
CFAP20DC		-2.0644944	
KLHL11		-2.0645094	
WNK3		-2.0646837	
RIC8B		-2.0673785	
TRPS1		-2.0688906	
OFCC1		-2.070363	
CPNE4		-2.0712245	
PRXL2C		-2.0712862	
TRHDE-AS1		-2.071562	
PRKAB1-AS1		-2.0717795	
GAREM1		-2.0725594	
CLPB		-2.0727224	
FYTTD1		-2.0732934	
EIF6		-2.073678	
LINC00861		-2.073968	
ANKRD42		-2.0771103	
MDM1		-2.0783935	
CFAP70		-2.0786376	
COP1-DT		-2.0801666	
LAMTOR3		-2.081072	
TSTD3		-2.081813	
SPA17		-2.0821576	
NOL9		-2.0826876	
COL5A2		-2.0831068	
EHF		-2.083457	
CLEC3A		-2.085381	
CPEB1		-2.0859227	
LINC01515		-2.086123	
PLEKHA3		-2.0872808	
CFAP299		-2.0874114	
ITSN1		-2.0882149	
FAM149A		-2.0888212	
PHACTR1		-2.089843	
CHCHD6		-2.0909264	
TTC3P1		-2.0914266	
SIRLNT		-2.0929506	
TEX15		-2.093597	
PARG		-2.0962524	
PMAIP1		-2.0962706	
OVAAL		-2.0981114	
POPDC2		-2.098295	
RNASEH1-DT		-2.0982962	
BCL7C		-2.1006675	
PHAX		-2.1007676	
RGS20		-2.1011422	
MMP2-AS1		-2.101437	
MKI67		-2.1017148	
PRR5-ARHGAP8		-2.1033869	
ARHGAP31		-2.1052065	
RBM39		-2.1052628	
IQCD		-2.1075292	
TDGP1		-2.1081038	
HULC		-2.1085653	
TMEM167A		-2.1109915	
FARS2		-2.1116288	
GLIPR1		-2.1130261	
YAE1		-2.1132784	
TNPO1-DT		-2.11381	
ARHGAP15		-2.1139555	
TBC1D9		-2.1139574	
TRABD2B		-2.115949	
SCML2		-2.118655	
SRA1		-2.1188	
PDE4B		-2.119527	
RALYL		-2.1203904	
ACER3		-2.1205432	
PTMAP8		-2.121941	
DGKI		-2.1220274	
GAPT		-2.1258638	
MEI4		-2.130308	
SPCS2P4		-2.1307244	
RASSF9		-2.1314993	
DANT2		-2.1326613	
TMC3-AS1		-2.1334805	
MT-TL1		-2.1341784	
UXS1		-2.1376772	
TMED2-DT		-2.1399546	
KIF23		-2.1403694	
POLR2B		-2.1414402	
LINC02930		-2.1444085	
ATF7IP2		-2.1446042	
PRTFDC1		-2.1453867	
RCOR1		-2.1459413	
IGF2R		-2.146121	
ACOX1		-2.1461496	
KHDRBS2		-2.147638	
GPR139		-2.147826	
GPCPD1		-2.1482878	
TWIST1		-2.148656	
ADAMTS3		-2.1501057	
LMBRD2		-2.1519253	
EPSTI1		-2.1521494	
BOC		-2.1533408	
STK4		-2.153828	
TC2N		-2.1540313	
NFIA		-2.1545246	
LINC02109		-2.1545978	
C8orf34		-2.1557558	
TRIM5		-2.1559722	
MEIS2		-2.1568983	
LINC02427		-2.1590645	
TPRXL		-2.1592433	
SERPINB8		-2.1598344	
BRINP2		-2.16065	
ITGB1BP1		-2.1622667	
CFAP45		-2.1625583	
ZNF175		-2.163343	
NEIL3		-2.1661713	
E2F8		-2.1666465	
GRIA4		-2.167787	
PSD3		-2.1678476	
RMST		-2.1678934	
TTK		-2.1690326	
CD274		-2.1694617	
SPIN1		-2.170547	
HUNK		-2.1712632	
TANC2		-2.1712964	
VCAN		-2.1735077	
CFDP1		-2.175479	
MIR99AHG		-2.1763544	
LMCD1-AS1		-2.177023	
BHLHE41		-2.1772585	
ANKRD30A		-2.1786087	
SLC22A16		-2.1808941	
ZXDC		-2.18091	
CACNA2D1		-2.1814585	
KLHL1		-2.1833136	
PPP1R3F		-2.1854916	
ETV3		-2.1861856	
SLC40A1		-2.1870382	
LINC02718		-2.1872463	
NDFIP2		-2.1872895	
CYSLTR1		-2.1873705	
CDCA2		-2.1903932	
PRAG1		-2.1912837	
ANXA3		-2.1920357	
FAM114A2		-2.192201	
NID1		-2.1925714	
SMOC2		-2.1927788	
CFAP54		-2.193056	
BMP5		-2.200018	
LYRM2		-2.2042956	
CRTC3-AS1		-2.2047243	
ZFP1		-2.2056677	
ANKRD36BP2		-2.205866	
PTPRO		-2.206664	
WT1-AS		-2.2082207	
LINC00824		-2.2082453	
CWC15		-2.210632	
YEATS2		-2.2113085	
CACNA1C		-2.2123294	
PRKG1		-2.2127047	
C5orf34		-2.2127976	
ZC4H2		-2.2134588	
INTS13		-2.2135432	
EIF2S1		-2.2144914	
ART3		-2.2146533	
MAP3K10		-2.2199926	
LINC02955		-2.2228913	
PWWP3B		-2.2234266	
RRM2B		-2.2268982	
PAG1		-2.2270598	
STON2		-2.2283995	
AFF2		-2.2287786	
SFMBT2		-2.2297885	
HECW2		-2.2299604	
CYP4A22-AS1		-2.2311115	
LINC01087		-2.2325706	
LAMA4		-2.2328334	
ARHGEF38		-2.232954	
DYRK3		-2.233602	
BORA		-2.2338986	
PHF14		-2.233945	
SLCO6A1		-2.234338	
ITGA6		-2.2343462	
NBPF14		-2.236649	
YPEL2		-2.2374384	
DLAT		-2.237733	
SPATA18		-2.2377903	
TMTC3		-2.2378829	
LINC01956		-2.238017	
KCTD20		-2.2383149	
HERC4		-2.23933	
ANKRD20A21P		-2.2399988	
SOX9		-2.240156	
OBI1		-2.2402487	
NEDD1		-2.240993	
CPO		-2.2411292	
PRKAA2		-2.2427154	
ZC3H15		-2.244207	
TUT4		-2.2460475	
FNDC1		-2.2468395	
SDHAF4		-2.2476485	
TCN1		-2.2497337	
TRIM37		-2.2511132	
HISLA		-2.2532368	
KIF4A		-2.2545404	
FIRRE		-2.2547646	
SDCCAG8		-2.2595122	
GSDME		-2.260723	
PIK3R4		-2.2617476	
LEP		-2.262001	
SPATA1		-2.2620926	
CXXC5		-2.262392	
SUV39H2		-2.2641072	
AADAT		-2.2698195	
LINC00377		-2.271306	
GARS1-DT		-2.271346	
PDE4DIPP6		-2.271495	
PLS1		-2.271733	
NIBAN1		-2.2723336	
DUSP4		-2.272728	
DOK6		-2.272898	
SRGAP2B		-2.2749794	
RANBP9		-2.2772748	
AIMP1		-2.2778769	
KDM7A		-2.2790952	
NREP		-2.2796538	
C6orf52		-2.2797055	
NLGN4X		-2.2799942	
MMAA		-2.2813158	
LINC01934		-2.2827795	
APH1B		-2.2830586	
COL11A1		-2.283919	
PCDHB9		-2.2843196	
ZNF831		-2.2849107	
CALCR		-2.2856677	
PLEKHA8P1		-2.285902	
CCDC60		-2.287159	
COQ8B		-2.287228	
VTA1		-2.2879348	
UFM1		-2.2889748	
EGFEM1P		-2.2900226	
CHRNA7		-2.290225	
PCED1B-AS1		-2.29065	
DIP2A		-2.293001	
NLRP3		-2.2961137	
LINC02388		-2.29615	
HIPK2		-2.2962437	
LTA4H		-2.2976823	
EFR3A		-2.2976894	
LINC01145		-2.2987309	
PSMC1		-2.299724	
CTSC		-2.301003	
TRAPPC2		-2.3016138	
SETMAR		-2.3034556	
PPTC7		-2.3045518	
CSMD3		-2.3052807	
SOX5		-2.3055809	
CLEC2B		-2.3059893	
POLR3C		-2.3070383	
KCNQ1OT1		-2.307609	
PDGFD		-2.3076465	
ARFGEF3		-2.3088017	
MBOAT2		-2.3089304	
AHNAK2		-2.30906	
BRIP1		-2.3096638	
RAD54L		-2.3113654	
GCNT1		-2.3123505	
BTNL8		-2.3130176	
LINC01933		-2.3139267	
MAML2		-2.3154862	
SPATA7		-2.3160026	
PRSS51		-2.3162158	
LMO7		-2.3169901	
ANK3		-2.3180737	
TDRD6		-2.3209307	
DAPK1		-2.3216245	
CDC20B		-2.3217456	
ALDH1A1		-2.3220034	
CPEB4		-2.3235383	
ENTPD5		-2.32412	
TNIK		-2.3247201	
ZDHHC15		-2.3250923	
CPM		-2.3252685	
CD69		-2.3257716	
SUCLG2-DT		-2.3258262	
KBTBD6-DT		-2.326232	
SRGAP2		-2.3275034	
TDP1		-2.328028	
IL18RAP		-2.330308	
TMEM123		-2.3315318	
NFYA		-2.335392	
STRIP2		-2.3365054	
ZBBX		-2.337002	
LINC01470		-2.3372998	
SH3RF2		-2.3406813	
SCRN3		-2.3407402	
ZNF318		-2.341532	
HNRNPA3		-2.3418481	
EPYC		-2.342393	
TFEB		-2.343244	
ST3GAL6		-2.3442705	
SNAP91		-2.3446925	
PALLD		-2.345282	
CADM1		-2.3453803	
PRSS23-AS1		-2.3460653	
ACAT1		-2.3470724	
AHR		-2.3481505	
MEGF9		-2.3485267	
NAP1L1		-2.3519826	
MRPS30-DT		-2.353079	
ZFAND6		-2.3532946	
LINC01182		-2.3545675	
LRRC40		-2.3547604	
TRA2B		-2.3557992	
VEZF1		-2.358085	
ZDHHC11B		-2.3591712	
PTGER4		-2.3591845	
CHD9NB		-2.3596365	
NELL1		-2.3602896	
LINC00907		-2.3613124	
SPIDR		-2.3640757	
NCOA7		-2.3687315	
CNOT6L		-2.3691354	
IP6K1		-2.369634	
MTUS1		-2.3704522	
HRK		-2.3711243	
SARS1		-2.3720908	
PFDN4		-2.3739967	
TDRP		-2.374019	
DCDC1		-2.375786	
MSH4		-2.3759384	
VIRMA-DT		-2.376006	
CMTR1		-2.3763723	
CDK9		-2.3774257	
LINC01446		-2.3784444	
LINC01772		-2.3784459	
VCPIP1		-2.380038	
ASB16-AS1		-2.3804984	
TMEM74		-2.3831851	
FILIP1L		-2.3849103	
TRIM25		-2.3873887	
CACNG2		-2.387955	
PPM1H		-2.3902566	
FBXO39		-2.3908174	
MACROH2A1		-2.3908787	
NUP155		-2.3917089	
THADA		-2.3932502	
C14orf39		-2.3937862	
FGL2		-2.3949583	
NTM		-2.3978398	
DNAAF11		-2.398223	
PBX1		-2.398325	
LINC00869		-2.4000812	
BTBD7		-2.400259	
KAT6A		-2.4011967	
GPR19		-2.4012444	
CACNA2D3		-2.4016552	
EMB		-2.401739	
PLEKHS1		-2.4026651	
WHAMMP2		-2.402711	
CYYR1-AS1		-2.4032996	
ZNF207		-2.4057832	
DNAH14		-2.405793	
GRAMD1C		-2.405962	
HTT		-2.4071314	
LINC02391		-2.4083533	
MSRA		-2.4094436	
EPS15-AS1		-2.4112105	
ELP1		-2.4133332	
FSAF1		-2.4137628	
PDIA6		-2.4142604	
PIERCE2		-2.414485	
PDE8A		-2.4145355	
SUDS3		-2.4150314	
PCDH18		-2.416423	
RRAGC-DT		-2.416976	
GABRG3		-2.4170504	
TTBK2		-2.4175222	
FRS2		-2.418083	
MYBPC1		-2.41938	
EPHA4		-2.4210248	
ZFP69		-2.4215167	
DAPK2		-2.421979	
WBP11		-2.4221447	
ACP3		-2.422388	
ADAMTSL1		-2.4245875	
LRRC63		-2.4250507	
LINC03077		-2.4258244	
SLC25A48		-2.426924	
ZC3H12D		-2.4270399	
NUDC		-2.4273064	
DDAH1		-2.4290435	
REXO4		-2.4291923	
C9orf72		-2.430458	
SNX27		-2.4307013	
MIRLET7IHG		-2.4309099	
ITSN2		-2.433934	
OTUD7B		-2.4341602	
LHFPL6		-2.4345727	
ZNF274		-2.434795	
FHIP2A		-2.436405	
NXPH2		-2.4367301	
AHCTF1		-2.438256	
ZNNT1		-2.4383543	
NCAPD2		-2.438992	
AIG1		-2.4391859	
NDUFS4		-2.4421287	
RORA		-2.4458807	
ZNF131		-2.4495625	
SUSD6		-2.450051	
HLA-DOA		-2.4528592	
EBF2		-2.452914	
MMP16		-2.4538863	
GNAI3		-2.4543743	
SMG1P7		-2.455153	
RIOK3		-2.4645991	
TMEM255B		-2.4655437	
LUZP2		-2.465805	
LINC01684		-2.4667704	
NPR3		-2.4685676	
FGGY		-2.4692488	
STRN3		-2.4706535	
CCT3		-2.472079	
ARNT2		-2.472309	
GPR180		-2.4726086	
SUMF1		-2.4727337	
DIRC3		-2.473384	
SHROOM4		-2.4739542	
PDIA3		-2.4754987	
LIN28B		-2.4763286	
TNFSF11		-2.4780736	
KCNH8		-2.4782898	
ERO1B		-2.4813735	
MDN1		-2.4822361	
TMA16		-2.4822843	
NNT		-2.4834828	
ZNF583		-2.4836025	
PREX2		-2.485797	
TMEM263		-2.4893687	
CACNA1E		-2.489725	
ZSCAN23		-2.4922931	
RAB8B		-2.4923508	
ANLN		-2.4933662	
DENND4A		-2.4945033	
FOXP4-AS1		-2.4979475	
NUDT7		-2.4989765	
RUSC2		-2.4991052	
CCDC7		-2.4993339	
NUCKS1P1		-2.5009122	
ZNF736		-2.5013385	
CREBBP		-2.5025337	
ADAM7-AS1		-2.5054736	
CARD6		-2.5056574	
SMAD7		-2.5063572	
UPRT		-2.5081832	
LONRF3		-2.5107996	
LRRK1		-2.5130951	
SPAG6		-2.5140605	
XPO6		-2.5156522	
NHSL2		-2.5156975	
EPB41L4A		-2.5177534	
LANCL1		-2.518705	
ADGB		-2.5198696	
CCM2		-2.5199292	
MOB3B		-2.5203269	
TMEM232		-2.5210695	
SLC35G2		-2.5269973	
HS6ST2		-2.5274308	
FAM229B		-2.5312638	
ABI3BP		-2.5314698	
TRMU		-2.53301	
LRRC77P		-2.5357068	
NRBF2		-2.5367465	
LINC02268		-2.5369265	
CNTN3		-2.5404644	
GUCY1A1		-2.541259	
IMMP1L		-2.541721	
A2ML1-AS1		-2.5424573	
CEP126		-2.5434456	
ZNF197		-2.5439658	
AGTR1		-2.5442474	
TIGD4		-2.5446625	
RUNX1-AS1		-2.5488913	
GLUD1P2		-2.549992	
DAB1		-2.5507622	
NLGN1		-2.5516798	
MAP2K4		-2.5535595	
SCN7A		-2.5538435	
DPY19L3		-2.5549233	
CLIC2		-2.5574026	
CARMIL1		-2.5604072	
H1-2		-2.561679	
EFCAB5		-2.562816	
GUSBP18		-2.5629072	
FHIT		-2.5662277	
DLG2		-2.5663748	
POLI		-2.5677264	
ADGRL2		-2.56955	
RHOJ		-2.5697987	
ILDR2		-2.5711427	
RPL22		-2.571982	
MAGEA3-DT		-2.5729275	
PAIP1P2		-2.573462	
CMAS		-2.5755067	
LRP2		-2.5763178	
ZNF480		-2.5767639	
TTC12		-2.5779803	
UCK2		-2.5796812	
MFAP3		-2.579969	
FREM2		-2.581741	
TIPRL		-2.5823028	
ZNF697		-2.582353	
APPL1		-2.5829146	
FAT4		-2.5835514	
ARL6IP1P3		-2.584306	
ELMO1		-2.584403	
SCUBE1		-2.5844436	
APOOL		-2.5852258	
ATP5F1C		-2.5864341	
RRAGD		-2.586784	
KCNN2		-2.587182	
OXR1-AS1		-2.5872412	
LRRN2		-2.589472	
CCDC6		-2.5900593	
GSAP		-2.591503	
ARHGAP11A-DT		-2.5931027	
PTPN14		-2.5933065	
TIRAP-AS1		-2.5941672	
CD109		-2.5961382	
NCAM2		-2.5970294	
GALNT13		-2.5970612	
ASPH		-2.5983548	
AAGAB		-2.5995371	
IQCH		-2.5997906	
LPAR4		-2.600408	
LINGO2		-2.600534	
RMND1		-2.6019337	
LINC02196		-2.6024866	
TSPEAR		-2.6041527	
TSNARE1		-2.604685	
MRPL19		-2.605244	
SORCS2		-2.606505	
ATXN1		-2.6083634	
CFAP57		-2.6084177	
SNX6		-2.609629	
ENOX2		-2.6100416	
CNTN6		-2.61228	
PER3		-2.6129746	
CASK		-2.6136832	
BTBD8		-2.6167	
FAM151B-DT		-2.6174288	
LINC01094		-2.6198604	
MAPRE3		-2.620215	
ETS1		-2.6227877	
CANX		-2.6228487	
SLC44A5		-2.6231916	
ST6GALNAC3		-2.625809	
PKD2L2-DT		-2.6277878	
ZDHHC20		-2.6288753	
GRID1		-2.6296396	
GHR		-2.6315095	
VPS36		-2.6370814	
DCLK1		-2.6373122	
GNG2		-2.6401505	
LOXHD1		-2.6416748	
TCTN3		-2.643726	
SPATS2L		-2.6440544	
USP14		-2.644322	
RN7SL689P		-2.649393	
LINC02233		-2.6494067	
ZNF33A		-2.6494136	
ABCA8		-2.650133	
TRIM3		-2.6513624	
YAP1		-2.6518118	
MSC-AS1		-2.6538913	
THEM7P		-2.6540136	
GMDS-DT		-2.65588	
ASXL3		-2.6583092	
MRPS25		-2.6584692	
WARS2-AS1		-2.6586647	
CHD6		-2.6634583	
LINC01122		-2.6637776	
TBC1D12		-2.6646378	
ENPP1		-2.665353	
LATS1		-2.6655073	
LRRN3		-2.666768	
WASHC5		-2.6671085	
MOSPD1		-2.6681266	
LINC01060		-2.6684837	
LINC00960		-2.6696193	
FAM241A		-2.6698368	
HEPH		-2.669843	
TRIO		-2.6712005	
PRR11		-2.6716688	
PLCB1		-2.6719034	
NAV3		-2.67432	
NBN		-2.6745334	
KL		-2.6772103	
PSMA1		-2.678074	
NKAIN2		-2.6806667	
RPL38		-2.6810567	
TNFRSF19		-2.684153	
ZNF500		-2.684645	
USP34		-2.685227	
PPP1R12A-AS2		-2.6852915	
FBXO9		-2.686994	
HOXB-AS1		-2.6894484	
MTBP		-2.6905653	
LINC01915		-2.6913261	
L1TD1		-2.6920507	
MORC2		-2.692869	
TCAIM		-2.6954582	
SET		-2.6961799	
HMGCLL1		-2.7009215	
BCLAF3		-2.7024698	
COX10-DT		-2.703161	
VEPH1		-2.703547	
FAM219A		-2.7042718	
NCF2		-2.704848	
THSD7B		-2.7068336	
FBN2		-2.707395	
JAZF1-AS1		-2.7091873	
ANKRD7		-2.7094111	
PCSK5		-2.7094958	
LAS1L		-2.7106829	
DCN		-2.7115355	
MMADHC-DT		-2.7143505	
CNN3		-2.7144747	
KDM5B		-2.715433	
XIST		-2.7161472	
MIR325HG		-2.7162127	
HAND2-AS1		-2.7178442	
POTEC		-2.7183557	
MS4A1		-2.7185972	
UGGT1		-2.7190723	
AEBP2		-2.7197182	
ATAD2		-2.7197485	
ZBTB14		-2.7205288	
FPR3		-2.7207842	
ZNF618		-2.7215018	
PART1		-2.7235417	
ANKRD17		-2.723914	
SNTB1		-2.7241142	
STAT4		-2.725421	
MAP4K3		-2.7287414	
RPH3AL		-2.7294981	
ZNF827		-2.7303953	
DUBR		-2.7315235	
PPFIA1		-2.73229	
MIA2		-2.7331488	
TUBA8		-2.7333782	
ESRRG		-2.735005	
MKLN1-AS		-2.7359161	
NDUFAF6		-2.7362547	
PHRF1		-2.7372499	
PDE1C		-2.737448	
KIAA0825		-2.7387986	
LRRC1		-2.7404196	
EML4		-2.7410295	
NINL		-2.7434046	
APPL2		-2.7461088	
KNTC1		-2.7475512	
SNRNP40		-2.7483938	
WHAMM		-2.7491026	
DNAH6		-2.7498305	
HECW1		-2.7500832	
ZNF630		-2.7502477	
NAA20		-2.7504263	
KATNAL2		-2.7504492	
PLSCR1		-2.7505429	
ENPEP		-2.7508583	
LINC00639		-2.7510483	
PLEKHA2		-2.7516744	
GTF2H5		-2.7523935	
ZNF804B		-2.752948	
ZEB2		-2.7543404	
MGMT		-2.7544565	
LINC02664		-2.7555914	
LINS1		-2.7563858	
CAB39L		-2.7566922	
TSPAN2		-2.7568302	
PRMT8		-2.7573519	
SLC22A15		-2.7599201	
PDSS2		-2.7604966	
FGFR2		-2.760885	
DOCK10		-2.761177	
RFTN1		-2.763033	
RAP1B		-2.7630916	
KIF24		-2.7649755	
GTF2H1		-2.767214	
BRINP3		-2.7683444	
SYCP1		-2.771546	
MIR100HG		-2.7716198	
DPY19L1P1		-2.7716768	
FBXL13		-2.774378	
UPP1		-2.7747245	
WT1		-2.7750008	
POU2AF3		-2.7753751	
MSANTD4		-2.7777538	
NTNG1		-2.777904	
ARHGAP22		-2.7854598	
FAM133B		-2.7868614	
WBP4		-2.789132	
RABGAP1		-2.790619	
IL18		-2.7917845	
CCDC92		-2.7919486	
ITGB8		-2.793093	
IFT70B		-2.7936637	
SRPK1		-2.7943413	
ZMAT1		-2.7950492	
GPC3		-2.796055	
PALM2AKAP2		-2.796216	
DYNC1LI1		-2.7967095	
PYHIN1		-2.797276	
FAM66C		-2.801042	
PRRC2C		-2.8015487	
GUF1		-2.804648	
MMP20-AS1		-2.8059382	
SLFNL1-AS1		-2.8073688	
OSMR-DT		-2.8078797	
FBXL7		-2.8095374	
RNF169		-2.8097093	
ERBB4		-2.8102677	
IFT56		-2.811376	
DNAJC24		-2.8121686	
LRRCC1		-2.8147087	
NSMCE2		-2.816598	
DEK		-2.8166428	
CR1L		-2.8171134	
ABCA10		-2.8172092	
ATP8B4		-2.8183172	
ZNF181		-2.818773	
GHRLOS		-2.8197231	
SEMA5A		-2.8200548	
LINC01482		-2.8216558	
PGM5P2		-2.8219745	
FAM136A		-2.823711	
HNRNPM		-2.825923	
MRPS9-AS2		-2.8259532	
SANBR		-2.8261566	
WLS		-2.8285136	
KDM1B		-2.8290267	
TSPYL2		-2.829664	
LNX1		-2.832195	
GPSM2		-2.8327885	
PREX1		-2.833494	
LIX1-AS1		-2.8341525	
KCTD1		-2.8346066	
ALCAM		-2.8361242	
PHF20L1		-2.836567	
ZNF397		-2.8377974	
LINC01900		-2.8387263	
ZC3H18		-2.839522	
DESI2		-2.8429148	
LINC00158		-2.8435464	
SWT1		-2.8443234	
CUL1		-2.8451164	
UST		-2.8459377	
CLGN		-2.851591	
SAFB		-2.851828	
PLD5P1		-2.852172	
ZC3HAV1L		-2.8533008	
CADM2		-2.8556008	
CBX1P2		-2.8565698	
UBXN2B		-2.85967	
TP63		-2.8605509	
BCL2L11		-2.8626826	
CAPS2		-2.8631482	
PDSS1		-2.864741	
RNF24		-2.865253	
STOX2		-2.8652956	
ABCB1		-2.8658967	
LINC01725		-2.8668444	
DDX11-AS1		-2.8675923	
ERC1		-2.86799	
MAPRE2		-2.868103	
TOX		-2.8709545	
UTP23		-2.8710659	
DBX2-AS1		-2.8727963	
CMYA5		-2.8749974	
PKHD1		-2.8750744	
GPR137B		-2.8762271	
HMGXB4		-2.8770177	
NSD1		-2.877725	
GXYLT2		-2.878228	
NRIR		-2.879094	
FAM111B		-2.8797886	
PNRC2		-2.8824914	
TNRC6B		-2.8827872	
VIM-AS1		-2.8834858	
SPATA9		-2.8857553	
CHSY3-AS1		-2.8887691	
RNF38		-2.8898268	
TOGARAM1		-2.8906698	
GUSBP2		-2.8935058	
TENM3		-2.895271	
ZFPM2-AS1		-2.8969474	
RRBP1		-2.8970497	
RPL23AP49		-2.8986046	
SLC12A8		-2.899134	
TANC1		-2.8994641	
YY1-DT		-2.9043767	
RPS6KA3		-2.9044223	
HIRIP3		-2.9044993	
EIF2AK3		-2.9048502	
VIPR2		-2.9056787	
HELLPAR		-2.9076142	
SLC2A9		-2.9106538	
NUFIP1		-2.911445	
LCLAT1		-2.9137993	
C10orf88B		-2.91485	
HSPE1-MOB4		-2.917688	
DCTN4		-2.9177651	
MCC		-2.9191127	
ACTR2		-2.9220486	
LINC02899		-2.9248862	
ACTL6A		-2.9252946	
ZBTB37		-2.9257843	
NFYC		-2.9270737	
PLEKHG6		-2.9277418	
CSMD2		-2.9298842	
PPP2R5E		-2.930651	
SYN2		-2.9313853	
CA5BP1		-2.9315658	
STEAP2-AS1		-2.9316902	
MB21D2		-2.9330451	
MACROD2		-2.9335835	
LYPLAL1-AS1		-2.9340162	
GALNT7-DT		-2.9346778	
ZDHHC3		-2.9358938	
MPP4		-2.9364796	
NFKBIZ		-2.9394546	
TAF4B		-2.9401639	
SLAMF6		-2.9414885	
PTGDR		-2.9499724	
TAF2		-2.9547555	
PCDH7		-2.9550927	
CCNT2-AS1		-2.9584742	
ADTRP		-2.9585817	
DLGAP1-AS2		-2.9590857	
HIP1R		-2.960915	
CRTC3		-2.962849	
PLAAT1		-2.963468	
XPO7		-2.9644022	
MACC1-OT1		-2.9644673	
SYCP2		-2.9650004	
NKTR		-2.9692345	
MTF1		-2.9719307	
GNAO1		-2.972526	
COL22A1		-2.9730601	
AKT3		-2.974676	
TXNDC16		-2.9763718	
GBP2		-2.9774814	
SLC25A30		-2.9802358	
PARD3B		-2.9862545	
NCK1-DT		-2.988808	
LSM6		-2.9888704	
REPS2		-2.9902697	
MAP3K7		-2.9919505	
LYVE1		-2.9927974	
WWP1		-2.9927998	
ZNF45-AS1		-2.997359	
ILDR1		-2.999756	
DCAF15		-3.000696	
PPFIA2-AS2		-3.0035913	
TMEM50B		-3.006497	
LINC01266		-3.0069149	
FAS		-3.0081751	
CBLL1		-3.0085957	
ZNF84		-3.0091844	
GLCCI1		-3.0099032	
ADAMTS7		-3.0135396	
ADCY10P1		-3.0143807	
MVB12B		-3.0150743	
C6orf58		-3.0151877	
RTCA-AS1		-3.0176716	
TMLHE-AS1		-3.0207088	
IRAG1-AS1		-3.0220594	
GLS		-3.022372	
ZNF777		-3.0249085	
DUXAP9		-3.0289488	
MYO5B		-3.0296178	
LINC02235		-3.0302029	
LRRC28		-3.0320609	
ZNF608		-3.0321746	
BACH1		-3.0329933	
LINC01418		-3.0358229	
LRIG1		-3.0381668	
SCGB2B2		-3.0396574	
SNORC		-3.042184	
MARK1		-3.0425205	
ALDH1L2		-3.0446758	
LDAH		-3.044677	
LATS2		-3.046749	
UQCRBP1		-3.0483842	
TMCO3		-3.049478	
EPHA1-AS1		-3.0501404	
ESYT3		-3.0513992	
MRPS9		-3.0528042	
USP46-DT		-3.055812	
MSH6		-3.058	
IFT74		-3.0588915	
SAMD12		-3.0606425	
FAAH2		-3.0619862	
CCDC30		-3.0637128	
IL6ST		-3.063815	
HLA-F-AS1		-3.0640142	
ZNF684		-3.0692446	
PROX1-AS1		-3.0694864	
EFHC2		-3.071823	
FAM106A		-3.0752006	
GLYATL1-AS1		-3.075316	
MKKS		-3.0784373	
SLC30A9		-3.0785995	
NEBL		-3.0807612	
ASTE1		-3.0812874	
TBCA		-3.0819035	
EFNA5		-3.0822852	
AZI2		-3.0837207	
SIPA1L1		-3.0837665	
GALNT14		-3.0860708	
TRIM9		-3.087524	
KCTD3		-3.090151	
SSX2IP		-3.0912309	
RPGR		-3.091614	
GMPR		-3.092431	
GARS1		-3.0936568	
ASTN1		-3.1006188	
FANCI		-3.1006541	
TUBGCP3		-3.1041875	
RPSAP52		-3.104557	
TXNIP		-3.1046422	
GPR39		-3.108332	
ZFAND3		-3.1105132	
DLG3		-3.1136682	
FAM47E-STBD1		-3.1139023	
IL1RAPL1		-3.1156762	
IRAK1BP1		-3.1171505	
PEPD		-3.117203	
SNHG14		-3.1185977	
PHACTR3		-3.1207492	
PHLPP1		-3.123162	
ADGRG6		-3.1233919	
CPB2-AS1		-3.1243565	
CHD7		-3.1279392	
SCAMP1-AS1		-3.1313586	
CEP57		-3.1313872	
ABCG2		-3.131395	
CPED1		-3.1316597	
CNRIP1		-3.1319425	
ABCC12		-3.136041	
TMEM245		-3.1418839	
B9D1		-3.1432915	
MPZL1		-3.1449318	
PRKCI		-3.147647	
ILKAP		-3.1481483	
HOXA3		-3.149415	
NCOA2		-3.1498682	
PTPRC		-3.1508038	
AUTS2		-3.1508832	
LINC03051		-3.1526456	
CD80		-3.1527712	
WNT3		-3.1530476	
GDAP1		-3.153625	
CXXC4-AS1		-3.1538289	
MMD		-3.1548235	
PFKFB1		-3.156867	
SPARCL1		-3.1570864	
BTG1-DT		-3.1593628	
ATP1B1		-3.1593711	
POU2F3		-3.1603115	
TK2		-3.1606991	
STK33		-3.1614714	
STKLD1		-3.1618097	
IQGAP2		-3.1639524	
RLF		-3.1649055	
OR3A2		-3.1664057	
LINC00540		-3.1683354	
EPB41L3		-3.1686294	
SUGCT		-3.169618	
CENPN		-3.1702795	
TMEM182		-3.1719909	
FIGN		-3.1725335	
ACSL4		-3.1735864	
C11orf65		-3.1739464	
RC3H2		-3.1742694	
COL19A1		-3.1749675	
ARMT1		-3.1772883	
ECI2		-3.1776175	
LRPPRC		-3.1811788	
LINC01768		-3.1821206	
TMEM106B		-3.1841843	
OSBPL11		-3.1843512	
LINC01340		-3.185375	
UGT2B15		-3.1862936	
HS3ST3B1		-3.1865778	
GNPAT		-3.1883678	
LINC01139		-3.1910317	
EHBP1L1		-3.1915557	
SMYD3		-3.1922698	
KLHL24		-3.1923795	
IPO5		-3.1930633	
ZNF732		-3.1957192	
LRRC36		-3.199866	
TRAF3IP1		-3.2001488	
PGR-AS1		-3.2007475	
KHDRBS3		-3.2024386	
WTAP		-3.2027051	
NEK2		-3.203418	
SAMD3		-3.206063	
TJP1		-3.2090626	
LYPLA1		-3.2100644	
CHCHD3		-3.2139943	
SPATA6L		-3.2144508	
PRKN		-3.2183752	
EXPH5		-3.218787	
AIDAP2		-3.218915	
CCDC144CP		-3.2191186	
PIGP		-3.2212405	
DSG2		-3.223078	
PANK3		-3.2239163	
HMGN1P38		-3.228412	
LUZP1		-3.2293334	
CCDC150		-3.2302194	
RAB2A		-3.230425	
WTAPP1		-3.2313967	
TCP11L1		-3.2323186	
RALGPS2		-3.2338142	
LINC01478		-3.2344916	
SETD3		-3.2347238	
WWTR1		-3.2351222	
RRAGC		-3.235124	
RBM18		-3.2354312	
FAT3		-3.2402713	
TAF8		-3.2411015	
PRPF4		-3.2417433	
MTCL1		-3.241762	
RMEL3		-3.243385	
MITA1		-3.246825	
KCTD16		-3.2476866	
SDR42E2		-3.249819	
NADK2		-3.2504022	
HEATR6-DT		-3.2520041	
IPO9		-3.2540555	
KEL		-3.2580028	
E2F3		-3.260971	
CUL4B		-3.2630248	
MALRD1		-3.2680643	
TRIM14		-3.2692788	
KIAA1549		-3.2705064	
NR3C2		-3.2713706	
RNF130		-3.2718556	
ALPK1		-3.2721548	
RNF144B		-3.2736993	
ACTL8		-3.2748187	
IFT81		-3.2781346	
CACUL1		-3.2786312	
MYNN		-3.2788796	
SIM1		-3.2789547	
SEC24B		-3.2791588	
THRB		-3.2845387	
MAML3		-3.285352	
METTL22		-3.2854562	
NEMP2		-3.2854795	
SLC15A2		-3.286507	
SCP2		-3.2866957	
DIP2C		-3.2866971	
PACRG		-3.2873898	
SZT2		-3.2874324	
MAP7		-3.289098	
CLEC7A		-3.2891066	
BAZ2B		-3.2900069	
E2F7		-3.290411	
NMRK1		-3.2937343	
DFFA		-3.2941902	
SMAD1		-3.296075	
HAPLN1		-3.29659	
DIAPH2		-3.29882	
TAFA1		-3.3047473	
CFAP36		-3.3051097	
STXBP5-AS1		-3.305884	
KLKB1		-3.3069203	
CXXC4		-3.3070738	
ABTB3		-3.3078337	
ANK2		-3.30822	
BPHL		-3.309597	
RPL26P36		-3.311456	
VPS9D1-AS1		-3.3120804	
BTN2A3P		-3.312616	
ZNF818P		-3.3145838	
NRG3		-3.3177657	
PRDM10		-3.317867	
ZMYM1		-3.3202667	
SF3B2		-3.3214445	
EHHADH		-3.3220837	
SLC9A9		-3.323586	
C5orf22		-3.3244627	
AHCYL2		-3.3264205	
EXT2		-3.3273034	
RAD51AP1		-3.3366508	
OPA3		-3.3368866	
GTPBP8		-3.3371122	
CYP1B1-AS1		-3.3381605	
STARD7-AS1		-3.3408012	
MIR548BAHG		-3.3429196	
LMX1A		-3.34338	
NCBP2		-3.3437362	
LINC00623		-3.3440087	
CRADD		-3.3446321	
PAM		-3.345236	
PPM1L		-3.345685	
KANSL1L		-3.3467565	
IK		-3.3496804	
DLGAP5		-3.3496804	
ADAMTS12		-3.3507793	
ITGA9		-3.351544	
CALCRL		-3.3528714	
TMPO		-3.3539762	
SLC24A4		-3.3546596	
MAGI2-AS3		-3.355079	
CDH20		-3.355945	
CCDC181		-3.3566337	
ATP2C1		-3.358157	
TET1		-3.3583071	
ZNF470		-3.3583646	
LRRK1-AS1		-3.3599846	
PER2		-3.362911	
ATE1		-3.3639305	
MYLK-AS1		-3.3642304	
VDAC1		-3.365002	
YAF2		-3.3661795	
ANKRD24		-3.372358	
DHFR		-3.373559	
TRG-AS1		-3.3746054	
JAK1		-3.375295	
AGBL3		-3.3764691	
MOB1B		-3.3772871	
TSC1		-3.3774877	
FBXO8		-3.3793278	
PRRC2A		-3.3807454	
NRP2		-3.38085	
FOXJ3		-3.381224	
BNIP2		-3.381784	
CCDC90B-AS1		-3.382044	
PIK3C2G		-3.3824902	
ADAT1		-3.383018	
KRBOX5		-3.3838663	
PCGF5		-3.3854568	
STAG3L1		-3.3909883	
CCR8		-3.3918118	
CCDC160		-3.3937993	
CDNF		-3.3961222	
AOPEP		-3.3970802	
UBAP1		-3.3992426	
ZNF277-AS1		-3.4000835	
DCP2		-3.4007604	
TTC8		-3.4010313	
GORAB-AS1		-3.401498	
B3GAT2		-3.40342	
ADAM23		-3.403492	
LARP4		-3.40616	
ZPLD1		-3.4062815	
MTPAP		-3.4063153	
SIAH1		-3.4079113	
RSPH1		-3.409415	
TLE4		-3.410076	
MRPS14		-3.4116702	
RPL41		-3.4118955	
JAK2		-3.4123862	
NCOA1		-3.4144583	
GTF3C3		-3.4147594	
PXDNL		-3.418398	
CNN3-DT		-3.4191086	
ADNP2		-3.4202318	
CFAP418-AS1		-3.4215615	
PPAT		-3.42261	
ZC3H7A		-3.4316738	
BRAF		-3.433004	
RESF1		-3.436062	
ZNF100		-3.4368541	
LMNTD1		-3.4376438	
DNAJC16		-3.4411213	
RPAP3-DT		-3.4411688	
SEC24B-AS1		-3.4425714	
PPM1G		-3.445201	
NOL4		-3.4458072	
ZNF146		-3.4473064	
AZGP1P1		-3.449806	
IQCH-AS1		-3.450254	
STXBP4		-3.4549234	
PKD1L1		-3.4554968	
ZNG1E		-3.4572942	
CAMK4		-3.461827	
ANKRD31		-3.4619224	
KCNQ3		-3.4621768	
CIMIP6		-3.4632924	
PALS1		-3.464701	
ESCO2		-3.466249	
PLEK2		-3.4721785	
RUVBL1		-3.4726863	
MCM3AP-AS1		-3.4742382	
DPY19L2P3		-3.475836	
MUC15		-3.4817758	
TMEM244		-3.4892566	
EVI5		-3.4902198	
SLC25A21		-3.4902503	
FBXO30		-3.49047	
ZNG1F		-3.4971533	
ARL15		-3.5000057	
COX20		-3.5005112	
TENT5A		-3.5009005	
REPS1		-3.5033808	
EFCAB6		-3.5043724	
DPH6		-3.5046968	
FKBP5		-3.508713	
ABCA5		-3.5102577	
H2AZ1-DT		-3.5105772	
R3HDM1		-3.5127635	
SMARCA1		-3.5128713	
LALTOP		-3.5144224	
C18orf54		-3.5157447	
POLR3G		-3.5173929	
CYP7B1		-3.5183182	
CAVIN2		-3.5186384	
LHFPL2		-3.519191	
S100Z		-3.5197668	
BCL2L13		-3.5220172	
PNPLA1		-3.5229506	
ZNF658		-3.5252192	
ZNF280D		-3.5254781	
NEDD4		-3.5256858	
FBXO45		-3.5267231	
CLEC2D		-3.5316215	
ANAPC1		-3.5321658	
VOPP1		-3.5345867	
FAM221A		-3.5400174	
P4HA1		-3.542906	
LIMCH1		-3.550479	
ARSB		-3.551533	
FNDC3B		-3.5595603	
RPTOR		-3.560712	
AGBL4		-3.561056	
PBX2		-3.5635855	
GMCL1		-3.5640988	
MTMR12		-3.5648959	
CNTN5		-3.5654583	
PGBD1		-3.5656228	
MGAT4A		-3.5672958	
ZBTB20-AS1		-3.5680964	
PLEKHA5		-3.5682309	
MTNAP1		-3.5698464	
PTCH1		-3.5777824	
GOLPH3L		-3.5829027	
KIF21A		-3.5835252	
BPTF		-3.583777	
PTCHD4		-3.5875638	
MAD2L1-DT		-3.5895293	
PACC1		-3.5895371	
RB1		-3.590529	
CENATAC		-3.590939	
NMD3		-3.5914052	
ZNF613		-3.5941305	
ZNG1C		-3.5945356	
LINC03138		-3.597321	
SPPL3		-3.603506	
PLCB2		-3.6035168	
CCNB2		-3.6059103	
PTPRZ1		-3.6068037	
LINC02408		-3.6079988	
KIAA1328		-3.609671	
LINC01331		-3.6106772	
CEP70		-3.6106775	
BABAM2		-3.6108785	
RAB30		-3.6120114	
GLIS3		-3.6137524	
FDX1		-3.6139688	
SAP30-DT		-3.614191	
ENOX1		-3.616462	
SYNCRIPP1		-3.6180038	
FAN1		-3.6183758	
ATG10		-3.6185565	
JRKL		-3.6209118	
KHDRBS1		-3.6209378	
CGAS		-3.6211164	
ZNF347		-3.6217437	
LINC02373		-3.6227965	
DBT		-3.624945	
NKX3-1		-3.6253688	
DPH5-DT		-3.6268864	
ARMH1		-3.63251	
USP51		-3.636997	
SGO2		-3.637314	
PI4K2B		-3.6383455	
SLC39A8		-3.638359	
LVRN		-3.6385932	
E2F5		-3.6394496	
AP2B1		-3.6402962	
DKK2		-3.6403089	
NKRF		-3.6406083	
RRAGB		-3.6433527	
FGF9		-3.6454573	
USP28		-3.6490018	
NR3C1		-3.6491153	
PDE7B		-3.649123	
TCP11L2		-3.649735	
TMEM184C		-3.6509786	
SESTD1		-3.6521308	
ELOA		-3.6524527	
DNAJC2		-3.6530223	
ADD3		-3.6545675	
SAMD9		-3.65466	
ATAD2B		-3.6549609	
DOCK5		-3.655963	
RPS26		-3.6567123	
SDHAP3		-3.6570997	
SIPA1L2		-3.6575658	
CA13		-3.6585286	
KIF18A		-3.6599715	
UBE2E1		-3.660313	
UMPS		-3.662817	
DNAI4		-3.662978	
CNOT3		-3.6642082	
FAM184A		-3.6652043	
LAP3		-3.6660378	
UBR5-DT		-3.667516	
CCNYL1		-3.6675928	
SOX2-OT		-3.6676276	
CHEK1		-3.6700609	
LINC00324		-3.6729298	
PAIP1		-3.6780272	
N4BP2L1		-3.679754	
IDI2-AS1		-3.68106	
ZNF45		-3.6847744	
PRDM11		-3.6855986	
COL11A2		-3.6868992	
ZNF816-ZNF321P		-3.6885667	
OR51E1		-3.69025	
BLTP3B		-3.6968005	
ANKRD44		-3.6970413	
SCAF11		-3.7034273	
DIXDC1		-3.7061458	
RNF32		-3.7062433	
CCDC152		-3.707065	
SIRPB2		-3.7071505	
HACD2		-3.7076728	
OVCH1-AS1		-3.710216	
SCN2A		-3.7104504	
KLF3		-3.7125056	
CEP295		-3.7141213	
UBE2Q2P1		-3.7151017	
EPS15		-3.7157586	
UTP14A		-3.7186825	
SULT1B1		-3.7208824	
RANBP17		-3.7215755	
SPOPL		-3.7217877	
MAGI2		-3.7226377	
UFSP2		-3.7251697	
DLST		-3.725642	
EP300		-3.7310808	
LINC02607		-3.7313173	
SP100		-3.7368593	
LRRC27		-3.7391849	
LINC00989		-3.7425222	
SGCE		-3.7425556	
TRPC6		-3.743089	
EPHB1		-3.744487	
IRF8		-3.7447658	
BTRC		-3.745773	
ILK		-3.749196	
GPD2		-3.7493026	
SPECC1		-3.7506342	
VPS4B		-3.75692	
LINC02542		-3.757559	
RALGAPA2		-3.7595136	
CLEC12A		-3.762594	
GNA13		-3.7629535	
UBE2E3		-3.7658212	
LINC02102		-3.7660594	
GOLT1A		-3.7695487	
GALNT7		-3.77307	
PPID		-3.7745106	
P2RY14		-3.7749572	
MMS22L		-3.775786	
C8orf88		-3.780717	
TMEM164		-3.780722	
HNF4G		-3.7810214	
GPRIN3		-3.7830553	
TRPC3		-3.7846422	
USP1		-3.7848809	
IBA57		-3.7851844	
MIR29B2CHG		-3.7865815	
BACH2		-3.7885706	
IGSF6		-3.792008	
ABCD2		-3.7950318	
ACSM1		-3.7979913	
ZCCHC17		-3.7994273	
IRF2		-3.8028693	
EXOC6		-3.8033195	
LINC02227		-3.8043034	
SIMC1		-3.804617	
GRPR		-3.8088245	
GTF2I		-3.8089573	
DBF4		-3.812599	
ANKRD18A		-3.8141572	
MTRF1		-3.8154671	
LINC02842		-3.816252	
AHI1		-3.8163803	
SAP30L-AS1		-3.816747	
ZBTB11-AS1		-3.8202674	
OXNAD1		-3.8224492	
VPS13B		-3.8238232	
ARHGEF35-AS1		-3.8244371	
SATB1-AS1		-3.8245788	
MTHFD2L		-3.8249807	
DYRK2		-3.8251565	
FANCM		-3.8271363	
RSL1D1		-3.8292985	
LINC00222		-3.830635	
CEP89		-3.8312526	
MYO3B		-3.8333137	
DNAAF5		-3.8359318	
POLD1		-3.8376477	
LINC02301		-3.8483748	
CARF		-3.84952	
DDX24		-3.84969	
LINC00534		-3.8501031	
PKIB		-3.8503761	
LRAT		-3.8533325	
TSFM		-3.8536782	
TRDMT1		-3.8540165	
KLHL5		-3.8599396	
LINC00578		-3.8600867	
RAP1A		-3.861414	
MAPK9		-3.8637183	
HMGXB3		-3.8642747	
CPVL		-3.8657317	
ETV1		-3.8685937	
PRR5L		-3.8695776	
GASK1B-AS1		-3.870506	
CCDC137		-3.8709152	
RABGAP1L		-3.8725762	
HMCN1		-3.8749669	
SP1		-3.8796082	
FAR2P2		-3.8800497	
NCKAP5		-3.8807545	
INTS7		-3.8827233	
ADAMTS19-AS1		-3.8880296	
CCDC88A		-3.889982	
ADAMTS17		-3.8902054	
MBNL3		-3.8917565	
EDEM3		-3.9020524	
PICALM		-3.9046614	
NAP1L1P3		-3.9082239	
UBE3C		-3.9107428	
ZNF852		-3.9115915	
LINC01163		-3.916843	
C12orf42		-3.9203486	
ACYP2		-3.9207852	
TAX1BP1-AS1		-3.9209454	
FAM124A		-3.9251528	
TIGD2		-3.9267857	
BDP1		-3.931604	
ALG6		-3.9317555	
RPA1		-3.9329584	
AKAP10		-3.9376018	
NCAPG2		-3.9380083	
TM6SF1		-3.9386659	
NAA38		-3.9442236	
SLC35F3		-3.9452705	
LINC02976		-3.946611	
ZNF496		-3.947935	
LAMA2		-3.9497466	
CNST		-3.9506629	
ANKS1B		-3.9527597	
PDS5A		-3.9529414	
SUPT16H		-3.9621835	
PCMTD1-DT		-3.9643462	
ENY2		-3.9657047	
SLC25A17		-3.96724	
KDM4D		-3.9677682	
VRK2		-3.9699833	
EMBP1		-3.9706688	
MOSPD2		-3.9706895	
CRBN		-3.974439	
JPH1		-3.9749286	
CCDC110		-3.9761288	
FAHD2A		-3.97715	
ZC3H12C		-3.9815698	
CILK1		-3.9830039	
DAPP1		-3.9839554	
ZNF555		-3.9858217	
NCKAP5-AS2		-3.988254	
LYRM4-AS1		-3.9891722	
CTSS		-3.9899094	
SIKE1		-3.9981492	
LINC02149		-4.0004115	
VASH1-DT		-4.0040064	
EPCIP-AS1		-4.006625	
ZFPM2		-4.007861	
DCAF6		-4.0080366	
EFHC1		-4.008925	
RALBP1		-4.012957	
SLC4A4		-4.015019	
CROCCP3		-4.017204	
ITGA1		-4.017261	
CAMKMT		-4.0174227	
ZW10		-4.0243864	
CLDN7		-4.02782	
ATRN		-4.029332	
SINHCAF		-4.029358	
LRRC8B		-4.032773	
ARFGEF1		-4.0378776	
SLC9B1		-4.039002	
ITFG1		-4.0409274	
LRP12		-4.042295	
EXOC1		-4.0443687	
SLIT2		-4.0445385	
ESF1		-4.0455446	
ARHGAP10		-4.0471005	
B3GALT5		-4.048636	
DACT1		-4.0486465	
IQCB1		-4.050262	
SLC25A24		-4.050695	
STARD13		-4.052802	
ANO10		-4.0529275	
DIP2B		-4.0540752	
PRKACB		-4.0598044	
ZNF724		-4.062421	
PRMT2		-4.065339	
ALG1L1P		-4.0678663	
GVINP1		-4.0727973	
U2SURP		-4.07287	
LRBA		-4.0773263	
GMDS		-4.0781217	
ZNF182		-4.0848184	
FMO4		-4.0859723	
LRFN5		-4.0870314	
AP3S1		-4.092058	
EEIG2		-4.0999885	
LINC02649		-4.1006703	
OSBPL1A		-4.1018853	
DLGAP1-AS1		-4.104807	
IL7		-4.1052694	
ABRAXAS1		-4.1097927	
MOCS2		-4.1131954	
RHBDD1		-4.1142626	
TRAPPC11		-4.1154184	
WASF1		-4.122648	
FGF10-AS1		-4.1231008	
CC2D2A		-4.128871	
ZMYM2		-4.128918	
MAMDC2-AS1		-4.1359496	
UBR3		-4.138229	
ELK4		-4.1411524	
ZZEF1		-4.141778	
WHAMMP4		-4.1466346	
UTP20		-4.146941	
LRRC37A4P		-4.146981	
TBCK		-4.149684	
CASD1		-4.152018	
CEP112		-4.1521626	
MGAT5		-4.1521873	
RGS13		-4.1524105	
WDSUB1		-4.156432	
GON4L		-4.1569543	
NUP54		-4.1604495	
KDR		-4.166363	
HELZ		-4.166954	
TM4SF18		-4.1674094	
ZSWIM9		-4.1692424	
PUS7		-4.1720395	
INTS9		-4.1738424	
TTLL5		-4.1790156	
BZW2		-4.1833854	
PCNP		-4.184879	
ADAM9		-4.187063	
POGLUT2		-4.187173	
GOT1-DT		-4.1882052	
KDM4C		-4.1890073	
PLD2		-4.1938972	
C1orf21		-4.1956444	
FLRT3		-4.196727	
FBXO25		-4.197376	
USP15		-4.199197	
NSA2P1		-4.199852	
GLIS1		-4.2010202	
PXDC1		-4.2040405	
GALNT5		-4.205339	
MNDA		-4.208364	
LINC01505		-4.2098	
STPG1		-4.2120566	
RAD18		-4.2133336	
LINC02694		-4.2139993	
RIMS1		-4.2149696	
BMS1P23		-4.2178893	
HACE1		-4.2228503	
ARID4A		-4.228488	
POLG		-4.2351413	
FCF1		-4.235353	
FSD1L		-4.236202	
CC2D2B		-4.2384095	
RSPH4A		-4.242223	
RUNX1T1		-4.2433143	
KLHL15		-4.243901	
HOTAIRM1		-4.2456765	
CYP4Z1		-4.24569	
NOTCH2		-4.247574	
CEP85		-4.2487082	
POLR1HASP		-4.2495713	
ABCD3		-4.2509766	
NDUFS1		-4.2528844	
PIK3R1		-4.257808	
STAM		-4.2582455	
STK39		-4.2593536	
PRKAR2B		-4.2617173	
SPRING1		-4.2694592	
ATOSA		-4.2743855	
DZIP3		-4.2776675	
RNF180		-4.28123	
LINC00265		-4.2887673	
NES		-4.289602	
ZCCHC7		-4.2946486	
CTXND1		-4.30246	
PID1		-4.3026743	
ZNF681		-4.3073745	
ZNF471		-4.3169103	
STAU2		-4.317666	
LINC02987		-4.3186727	
SLC66A1LP		-4.3189144	
SH3KBP1		-4.323982	
WDR26		-4.325903	
LINC01347		-4.326032	
GRIK2		-4.3317013	
ABHD5		-4.3367395	
SFPQ		-4.338148	
PAXIP1		-4.338631	
LINC02945		-4.3400116	
DDX60		-4.3401437	
SMAP1		-4.340343	
DHX32		-4.345322	
NDC80		-4.3460283	
HMGB1P1		-4.3472347	
LRFN2		-4.3474665	
CPLANE1		-4.3488417	
GSTCD		-4.3509355	
ZFP30		-4.3514323	
GADD45A		-4.3519964	
SLAIN1		-4.3541903	
WDR47		-4.354952	
LRIG3		-4.3557496	
ST18		-4.360916	
PFN2		-4.3617024	
ST7L		-4.363838	
FAM86B3P		-4.371309	
SDAD1		-4.372279	
RFC3		-4.3765926	
POT1-AS1		-4.3770385	
KMT2C		-4.377846	
SLFN5		-4.3813353	
LAMB1		-4.3882113	
CD46		-4.389674	
TMED5		-4.3903303	
TMEM209		-4.390929	
NPIPB4		-4.401298	
TMEM108		-4.401956	
EHMT1		-4.4047966	
EMSY		-4.4148326	
METTL1		-4.4216666	
PLXDC2		-4.423304	
GRM8		-4.4267344	
IFT43		-4.430269	
USP38		-4.433016	
OCLN		-4.4363437	
TTC14-DT		-4.437048	
TEKT4P2		-4.4377494	
CTBP1-DT		-4.439277	
INTS6		-4.4423113	
PHF8		-4.444304	
ABCB8		-4.4446707	
RB1CC1		-4.4467673	
AHI1-DT		-4.450743	
FTCDNL1		-4.4511952	
ANKRD26		-4.4537663	
SCAF8		-4.45473	
LINC02795		-4.4556355	
TRIM66		-4.457213	
CADPS2		-4.4690204	
AASDHPPT		-4.4693146	
CSTF2		-4.4702787	
ZFHX3-AS1		-4.471829	
ZBTB21		-4.4723186	
ATG12		-4.476114	
SFT2D2		-4.4770074	
CDYL2		-4.4805036	
SNX16		-4.489185	
DYNC2I1		-4.4893384	
THAP12		-4.489579	
NOP56		-4.492512	
MAP3K9-DT		-4.495116	
RFTN2		-4.498653	
PPFIBP1		-4.500492	
LINC02004		-4.5020614	
CHAMP1		-4.5029187	
ARHGAP6		-4.5032363	
ABI2		-4.505487	
OSBP		-4.510509	
CALCRL-AS1		-4.51183	
APBB1		-4.512636	
RPRD2		-4.5134673	
ARL4A		-4.514252	
MLLT10		-4.5151405	
ARNT2-DT		-4.5152464	
RPL23AP42		-4.5188684	
ARHGAP29		-4.5208774	
LINC02126		-4.521488	
TVP23B		-4.5277963	
MED13		-4.528937	
KSR1		-4.5353127	
HSD17B12		-4.536314	
AKAP13		-4.536344	
NDUFA6-DT		-4.5368667	
MORC3		-4.5399632	
CAMK2N1		-4.5439425	
RNF217-AS1		-4.547862	
ELOVL4		-4.550716	
RREB1		-4.555518	
VAMP4		-4.5555234	
STT3B		-4.5573974	
MACC1		-4.558462	
RTN4IP1		-4.560789	
WDFY4		-4.565665	
FMN1		-4.5673027	
ANKDD1A		-4.5690875	
NMNAT3		-4.5757074	
COPA		-4.5761695	
RCOR3		-4.5777564	
RAP2C-AS1		-4.579871	
GULP1		-4.5814815	
ORC2		-4.582047	
ACVR1		-4.5823727	
LINC03070		-4.5846415	
DDX19A		-4.586739	
CHSY3		-4.589802	
MCOLN2		-4.5999727	
EBNA1BP2		-4.6044216	
MBTPS2		-4.6104355	
GPN2		-4.611499	
ZRANB2-DT		-4.6141443	
PABPC4		-4.617829	
PDGFC		-4.618067	
KATNAL1		-4.621593	
SPMIP6		-4.623071	
LRMDA		-4.623838	
TAB2		-4.6241193	
MMACHC		-4.6241293	
AGK		-4.6291704	
STAMBPL1		-4.6324873	
SAXO2		-4.640535	
EEF1A1		-4.644208	
COL24A1		-4.6489563	
APLF		-4.651426	
CCDC54-AS1		-4.6519337	
CFAP47		-4.6523137	
KMT2E		-4.6526103	
CD163		-4.652854	
LINC02798		-4.65436	
FAM200A		-4.65437	
PNPT1		-4.656128	
HMG20A		-4.6585827	
SEMA3C		-4.6599884	
RPS27L		-4.661826	
BUD13		-4.663163	
PRKAB2		-4.66548	
LIFR		-4.666339	
MED12L		-4.670531	
CDKN2B-AS1		-4.671023	
LPAR1		-4.671041	
SACM1L		-4.684748	
AMPH		-4.6848416	
CCDC158		-4.6856823	
RPL34P6		-4.686623	
ZNF592		-4.6869116	
SUPT16HP1		-4.687063	
PDCD6IP		-4.69059	
ZNF566		-4.6921973	
NKAPP1		-4.69267	
CASC8		-4.696644	
NFKBID		-4.697281	
MTRF1L		-4.697484	
ANKRD50		-4.697902	
NAP1L4P3		-4.699703	
ARMCX3		-4.702715	
METTL8		-4.7040167	
SMARCC1		-4.7065053	
NOPCHAP1		-4.7094164	
AGGF1P2		-4.7157707	
ABCA9		-4.7190905	
ZSWIM6		-4.7197523	
ITPR2		-4.72172	
TBC1D23		-4.72601	
AFG2A		-4.732961	
ROBO1		-4.7356887	
CLEC1A		-4.7379513	
RPL21P32		-4.7397385	
ZNF260		-4.747919	
TDG		-4.749116	
U2SURPP1		-4.7577734	
SCN9A		-4.7597284	
ATP2B1		-4.761219	
RPS24P19		-4.764749	
ARHGAP20		-4.7669325	
DROSHA		-4.771688	
SCAF4		-4.775775	
MALT1		-4.781744	
TEX9		-4.783521	
SLCO1A2		-4.7892284	
COQ9		-4.7913213	
CD58		-4.7920327	
EIPR1		-4.7936544	
PHYHIPL		-4.7966695	
CCDC191		-4.799836	
AQR		-4.800524	
PHACTR2		-4.802722	
GNG12-AS1		-4.8031445	
BBS12		-4.81273	
FAM169A		-4.813356	
AIM2		-4.8143377	
HEPACAM2		-4.8146486	
ITGBL1		-4.8149524	
TPGS2		-4.815294	
RALGAPB		-4.815862	
NT5C3A		-4.817859	
DLGAP1		-4.8186035	
TMEM200A		-4.823204	
KCND2		-4.8246374	
FRRS1		-4.8249426	
ECD		-4.828187	
DDR2		-4.82994	
PCDH9		-4.83289	
NFXL1		-4.834872	
SPATA22		-4.837879	
OSGEPL1		-4.8410096	
GPR161		-4.841027	
ANKRD28		-4.8422394	
CREBRF		-4.8438735	
GORAB		-4.8443313	
TLCD4-RWDD3		-4.847693	
CCNJ		-4.852126	
SMCO4		-4.8551083	
IARS1		-4.8563824	
CRY1		-4.8580256	
RNF146		-4.859941	
PLEKHM3		-4.8602347	
RAB9A		-4.8627048	
LDB1		-4.8669915	
TAPT1		-4.867209	
CEP128		-4.86794	
KCNQ5		-4.87082	
TTC3		-4.8718686	
MACF1		-4.8737373	
ZNRD2-DT		-4.8797216	
H4C16		-4.881498	
NOL10		-4.8825426	
PPP1R15B		-4.884371	
TSR1		-4.8868685	
KCMF1		-4.8900814	
RRAS2		-4.8936167	
NUDT6		-4.8945312	
RPS6KA6		-4.8968935	
CDC42EP3-AS1		-4.900954	
TFEC		-4.9030695	
SLC38A6		-4.9097095	
NEB		-4.910069	
NECTIN3		-4.9110355	
NBPF26		-4.9144354	
RPF2		-4.918943	
CLASP1		-4.9198494	
PTBP2		-4.921292	
EIF2AK3-DT		-4.92619	
N4BP1		-4.926836	
WDR49		-4.930049	
SCG2		-4.9304695	
PDE7A		-4.9308214	
BTBD3		-4.9308696	
ERCC8		-4.933077	
TRIM59		-4.933538	
RBM17		-4.9361916	
OSBPL3		-4.936302	
GUCY1B1		-4.945228	
CYP1B1		-4.946771	
LINC01748		-4.9487243	
CCDC59		-4.9496293	
ERP27		-4.9573736	
CGRRF1		-4.958575	
TTC29		-4.9587984	
NUCB2		-4.963006	
MAF		-4.966009	
PBK		-4.96607	
COPG2		-4.967284	
LINC02328		-4.9707127	
MTMR2		-4.9718046	
FBXW4		-4.974214	
SSBP2		-4.975884	
FAM227B		-4.9834843	
DNM1L		-4.989317	
LRRK2-DT		-4.9921985	
ADARB1		-5.0011916	
NUP205		-5.005577	
LINC03122		-5.0070333	
TXNRD3		-5.0090055	
ESCO1		-5.0098605	
ERVK13-1		-5.013679	
GUCY1A2		-5.0172815	
JMJD1C		-5.0173683	
MANBA		-5.020521	
GPR135		-5.0224233	
LINC01924		-5.024213	
CDK5RAP2		-5.0294595	
CEP72		-5.03044	
SIMC1P1		-5.0394187	
SETBP1		-5.039423	
NIFK-AS1		-5.0421343	
FRYL		-5.0426435	
DYNLT3		-5.0485163	
TNFRSF10D		-5.050275	
TMEM47		-5.0515127	
DNM3		-5.0535307	
EHBP1		-5.0541735	
DZIP1		-5.0561175	
ZNF624		-5.059079	
TSNAX-DISC1		-5.0810976	
TANK-AS1		-5.0812063	
TMSB15B		-5.082816	
TES		-5.0872927	
FANCL		-5.089156	
FAM117B		-5.09079	
ZNF549		-5.091265	
BRCC3		-5.0940566	
SNRPA1P1		-5.097015	
DPH6-DT		-5.100257	
CCSER2		-5.10196	
KIAA0753		-5.1043873	
C10orf88		-5.104444	
METTL4		-5.10453	
RAG1		-5.106326	
CENPE		-5.1092834	
ALAS1		-5.11015	
DHDDS		-5.1201353	
WDR35		-5.12585	
TRIM38		-5.1276712	
NCK2		-5.1282163	
MSANTD1		-5.1357975	
RPP14		-5.135975	
WNK1		-5.138623	
HLX-AS1		-5.1389403	
STX18		-5.139299	
NEO1		-5.139983	
RNF8		-5.1400404	
ATG16L1		-5.142963	
ZNF184		-5.147286	
PEX1		-5.1482553	
B4GAT1-DT		-5.152487	
LAMTOR5-AS1		-5.1562057	
SLC1A3		-5.157516	
ANKRD18CP		-5.15776	
ZSCAN16-AS1		-5.162006	
LINC02516		-5.16366	
SEMA6D		-5.172233	
PLOD2		-5.179358	
HAPSTR1		-5.1845593	
SLC35E2A		-5.188093	
KIZ		-5.188738	
EPC1		-5.193406	
AP2B1P1		-5.194085	
NRAV		-5.1948133	
LANCL2		-5.200401	
SEMA6A		-5.2022576	
LNPEP		-5.205412	
KRAS		-5.2054925	
PELI1		-5.207164	
SND1		-5.2183065	
RAB33B-AS1		-5.222538	
PTPRE		-5.222833	
KDM3B		-5.225674	
KLF12		-5.2306585	
NDUFA12		-5.2358522	
GMNN		-5.236484	
VPS13B-DT		-5.2396035	
SPTBN1		-5.240655	
ZNF829		-5.2520013	
YTHDC2		-5.2544312	
DNAH7		-5.259046	
MEIS1		-5.259117	
KIF16B		-5.2645216	
GALNT2		-5.266956	
FAM91A1		-5.2695465	
DPYD		-5.2712717	
NEXMIF		-5.2754917	
LRP6		-5.2771626	
ERICH3		-5.283507	
TAOK1		-5.2838407	
TRPC7		-5.284613	
WDR44		-5.285021	
CAMTA1		-5.2857676	
CDKAL1		-5.2876387	
RRP36		-5.2895565	
ARRDC4		-5.302323	
PDE3B		-5.314159	
IPO8		-5.32143	
LINC02367		-5.321577	
CYP39A1		-5.3243113	
SERINC5		-5.3261156	
RNF213-AS1		-5.3295174	
PTPRK		-5.329738	
CA3		-5.331594	
PTMAP2		-5.3320837	
UFL1-AS1		-5.335888	
KIF13B		-5.338537	
ZNF516		-5.339989	
HPS5		-5.3420177	
EXTL2		-5.3468266	
FTO		-5.348893	
SLC9B2		-5.3491173	
MED13L		-5.3491173	
HDAC2-AS2		-5.349787	
PRIMPOL		-5.3522873	
BRD7P2		-5.3545117	
ARHGAP42		-5.3548093	
ZFP37		-5.3585334	
RAD23B		-5.361775	
DZANK1		-5.3639235	
BRWD1		-5.364393	
LPAL2		-5.364935	
LMBR1		-5.367745	
ATF7IP		-5.3699627	
CYP4V2		-5.3729467	
MRPL33		-5.3806825	
FRMD6		-5.3816533	
ITGB3BP		-5.382689	
LPCAT2		-5.385403	
NUP153		-5.392706	
PDPR2P		-5.3930025	
KDM6A		-5.393709	
VGLL4		-5.4059563	
ZCCHC4		-5.412589	
ELP3		-5.416799	
ZNF740		-5.4196434	
CCDC50		-5.4196806	
NCALD		-5.420406	
PCBP2P2		-5.4218526	
ANKK1		-5.422206	
SGMS2		-5.424656	
ELF2		-5.4298005	
ARHGEF26-AS1		-5.4303684	
NME6		-5.4384212	
VPS54		-5.438458	
B3GLCT		-5.4545507	
RBAK-RBAKDN		-5.4568677	
PCNX2		-5.4582396	
AIRIM		-5.4600286	
CNTN1		-5.464556	
RUNX2		-5.4719634	
RPL26P19		-5.474423	
ZNF330		-5.4781303	
ABCA6		-5.478817	
LINC00589		-5.479771	
OTULINL		-5.482172	
KLRG1		-5.486869	
MED10		-5.4901633	
FOXP2		-5.492839	
UBL3		-5.493115	
TMEM123-DT		-5.4969788	
TRIT1		-5.4970756	
SAP30		-5.4999976	
CPAP		-5.501114	
SNX19		-5.5077167	
APBA1		-5.508594	
ZNF675		-5.511956	
GAS2		-5.5132866	
TP53BP1		-5.5200744	
HDAC9		-5.525227	
KMT2A		-5.5275416	
ANKIB1		-5.5326447	
FBXO22		-5.54037	
UFL1		-5.54219	
ASF1A		-5.5449796	
NTPCR		-5.5480394	
PRKG2		-5.5501266	
USP8		-5.5506277	
TRIM44		-5.5542693	
RTTN		-5.557299	
SSPN-AS1		-5.55732	
PEX5		-5.56296	
SCMH1		-5.5685334	
TXLNA		-5.5696087	
KCNB2		-5.5742564	
TBC1D4		-5.575082	
C18orf21		-5.5757093	
CCDC174		-5.580665	
SLFN11		-5.583488	
ZNF595		-5.585372	
OXR1		-5.5866833	
CENPB		-5.594407	
PELI2		-5.598001	
EPS8		-5.5999737	
ABCA1		-5.6031466	
CCDC15		-5.609216	
LRFN5-DT		-5.610178	
ZNF35		-5.613268	
ZFAT		-5.6149654	
TRD-AS1		-5.62218	
QKI		-5.6222644	
LPIN2		-5.6234984	
PRKDC		-5.623848	
TBC1D31		-5.624746	
MED29		-5.627975	
VAV3		-5.628835	
ZNF561		-5.629004	
TUBB8		-5.6309905	
CYLD		-5.632555	
P2RY12		-5.633669	
STAMBP		-5.6358757	
TMCC1		-5.644387	
DLD		-5.644533	
ACTR3		-5.6490664	
GRPEL1		-5.658537	
ZNF521		-5.658958	
STAG2-AS1		-5.6600804	
C1QTNF3-AMACR		-5.6600904	
PIK3CG		-5.6654916	
EP400		-5.6691065	
AMMECR1		-5.670227	
SFT2D1		-5.679267	
OFD1		-5.682208	
MIR548XHG		-5.683941	
ME3		-5.685473	
FBXO33		-5.688208	
HERC2		-5.68884	
SLC7A6OS		-5.6966763	
PRDM5		-5.699628	
EIF3A		-5.7008123	
DGKH		-5.7020407	
TOR1AIP2		-5.7022343	
PAN3-AS1		-5.704176	
PDZRN3		-5.705074	
LINC01829		-5.7052865	
DPH3		-5.715229	
RAB27B		-5.716392	
ITGAV		-5.7199974	
SKINT1L		-5.724357	
STAG3L3		-5.7269034	
KRBOX4		-5.727245	
FGF13		-5.7274213	
ARHGAP24		-5.7285213	
NUDCD1		-5.729948	
PLSCR4		-5.7335315	
RFXAP		-5.734087	
NECTIN3-AS1		-5.7343183	
NHLRC3		-5.737216	
FGF10		-5.737489	
SEPTIN7P2		-5.740236	
TMEM30A-DT		-5.74463	
MAGOHB		-5.7472157	
HDC		-5.7476416	
WDHD1		-5.749055	
LXN		-5.7555017	
NID2		-5.7571807	
RNASEL		-5.7656803	
MAP2K5		-5.7680645	
GK		-5.7686276	
EXOC4		-5.7748017	
KCNK2		-5.7751307	
C5		-5.778822	
PRKD1		-5.7799945	
DUT		-5.793098	
PTPRM		-5.7943835	
PLRG1		-5.796341	
SHANK3		-5.8046227	
CPQ		-5.8048854	
LYRM4		-5.8085666	
DCUN1D1		-5.819975	
TCEANC2		-5.822458	
FAM200C		-5.8253164	
YARS2		-5.828918	
ZNF718		-5.8297215	
FMO3		-5.8313804	
CCT6P1		-5.8321147	
NCK1		-5.834268	
PTMA		-5.8380494	
MUC1		-5.8382955	
SAMD9L		-5.838489	
CRPPA		-5.8419995	
PPP4R1		-5.8420234	
KLHL20		-5.844829	
CDH11		-5.847608	
GNRH1		-5.851159	
IFT88		-5.8542957	
MT-ND6		-5.866733	
ATL1		-5.874019	
ELAPOR2		-5.8756275	
TMEM183A		-5.8770623	
NEK11		-5.8772197	
RRP15		-5.8839974	
BET1		-5.8925757	
ZNF527		-5.892688	
ATXN7		-5.9022365	
STX6		-5.9028144	
PABPC1		-5.9045467	
SLC49A4		-5.909961	
TMEM161B		-5.919254	
TCF4		-5.920128	
IFNAR1		-5.9204926	
CD200R1		-5.925606	
CBLB		-5.928998	
LINC01449		-5.93026	
CHD1		-5.9328465	
MCM6		-5.9354267	
PRPF39		-5.9437037	
ATP11C		-5.9468184	
CYP2J2		-5.9484515	
TTC28-AS1		-5.9505854	
NAF1		-5.9507155	
MAN1A1		-5.9518194	
FAM185BP		-5.955283	
HELQ		-5.9558845	
PPP4R2		-5.9576187	
VPS26B		-5.963956	
SLC16A7		-5.9661875	
RBBP5		-5.97485	
UBXN11		-5.976115	
ZNF221		-5.9782324	
ATF2		-5.9789767	
PTPRA		-5.9798646	
LRIF1		-5.985554	
LINC01208		-5.9893937	
REP15		-5.992996	
REST		-6.009129	
DIS3L2		-6.0115395	
IRAG2		-6.0151706	
ZNF774		-6.0165477	
CGA		-6.019428	
HLA-L		-6.0206375	
LCOR		-6.023138	
RPL21P44		-6.0244136	
FANCB		-6.035143	
PCNX4-DT		-6.036132	
ZBTB1		-6.040404	
LSM14A		-6.045588	
PON3		-6.047835	
PPME1		-6.0506735	
CCDC134		-6.05231	
PHKA1		-6.052562	
RAVER2		-6.0560293	
ANKS1A		-6.0564055	
PPP1R12A		-6.058183	
MS4A14		-6.0627556	
NBEA		-6.0745363	
MICU2		-6.0757847	
SELENOO		-6.076171	
ADAM22		-6.0832534	
ZNF749		-6.0853662	
DENND1B		-6.0885487	
YY1		-6.0890174	
CIP2A		-6.090186	
LINC00923		-6.0904455	
MAGI3		-6.096703	
SGMS1		-6.1011724	
SLC41A2		-6.107197	
SEPSECS		-6.1120186	
EIF4G3		-6.112075	
DHX15		-6.114491	
RGS18		-6.1170764	
AFG1L		-6.118172	
RASSF8		-6.118467	
UBA6-DT		-6.1204424	
ARHGEF12		-6.1279683	
STARD4		-6.131877	
FAIM		-6.139622	
TRIM27		-6.1406546	
SETD2		-6.1420646	
FOXN2		-6.1460605	
TENT2		-6.146492	
NAALADL2		-6.153899	
MIGA1		-6.155181	
KCTD12		-6.1568007	
NEK1		-6.162047	
OSBPL9		-6.1713805	
LEPR		-6.177825	
NSL1		-6.180588	
ZBED5		-6.1873927	
USP12		-6.1960974	
SUCNR1		-6.2033024	
FAM161B		-6.2123156	
MS4A4E		-6.2212863	
CDC16		-6.2214775	
SPINT2		-6.22151	
PEAK1		-6.2241745	
SNRNP27		-6.225864	
XPR1		-6.2265663	
RNF20		-6.2329288	
ORC3		-6.233106	
SPIN3		-6.2346463	
INSIG2		-6.236235	
FLACC1		-6.242046	
EEFSEC		-6.243493	
MITF		-6.2581997	
ARFGEF2		-6.262568	
SPEF2		-6.264298	
FAR2		-6.2667522	
SYNJ1		-6.2700405	
ZNF248		-6.2702365	
ACVR2B		-6.2712445	
SPATA45		-6.2794003	
ARHGAP32		-6.28129	
PEX13		-6.2880197	
CCND2-AS1		-6.2920475	
EXOSC10		-6.300249	
USP32P3		-6.3029704	
TPM4P2		-6.310683	
CDK8		-6.3133006	
ITFG2		-6.323237	
CSRP1-AS1		-6.325537	
SLC38A9		-6.3260903	
IFIH1		-6.3266487	
SNX9		-6.3274097	
NPHP4		-6.3316326	
PPP3CA		-6.334768	
UBE3D		-6.339137	
KIF5B		-6.3414736	
PLCL1		-6.341495	
AKAP7		-6.3455524	
NPHP3-ACAD11		-6.346836	
EEF1B2P3		-6.3523545	
PEX7		-6.3530145	
ADAM28		-6.355229	
EPRS1		-6.359266	
ELL2		-6.3611894	
AFG2B		-6.3635616	
SNX30		-6.365312	
CHM		-6.3661747	
LINC02550		-6.3670487	
BUB1B		-6.3678727	
HSPA4L		-6.369086	
PANK1		-6.372762	
ANKMY2		-6.372836	
LINC01278		-6.3742137	
CEP44		-6.376943	
RNVU1-25		-6.380373	
CCDC102B		-6.38611	
NPHP1		-6.3879595	
FBXW7		-6.3932953	
SMURF1		-6.400258	
FAM171B		-6.416612	
ZMYM4		-6.421821	
LRRC49		-6.422274	
GIGYF2		-6.4264336	
IMPG2		-6.4304643	
FBXW8		-6.4306364	
TAF1B		-6.431884	
ZNF484		-6.43838	
KYAT3		-6.4406333	
FRG1-DT		-6.440635	
GPALPP1		-6.4418535	
MRE11		-6.443543	
PPP1R9A		-6.4484215	
HECTD1		-6.454873	
GTF2A1		-6.455061	
DDX52		-6.4613085	
PALS2		-6.4666758	
VPS8		-6.4678483	
CRYBG3		-6.468312	
MFSD9		-6.468657	
ATG4C		-6.4706163	
SERINC1		-6.472255	
TMX3		-6.473395	
TUSC3		-6.473823	
ENC1		-6.474429	
DYNC2H1		-6.4759903	
PCNX4		-6.4762015	
ARID1B		-6.4878273	
PDC-AS1		-6.4940658	
ETNK1		-6.505443	
PUM3		-6.509721	
MSH3		-6.5168877	
PCLO		-6.5195312	
SPRTN		-6.523841	
OR2S1P		-6.5313225	
NPIPB5		-6.535587	
KCNJ2		-6.539238	
PPP2R3A		-6.54183	
DAP		-6.5460505	
CPEB2-DT		-6.546764	
DISC1		-6.5483665	
NT5DC1		-6.5525217	
CFAP141		-6.5561447	
NCAPG		-6.55822	
ZNF860		-6.560469	
MICU3		-6.567169	
NUP88		-6.5719695	
ARHGEF11		-6.579998	
BBS9		-6.580501	
PBX3		-6.588368	
KLF9		-6.5918417	
LINC01811		-6.598511	
CD164		-6.605631	
NUP37		-6.6113234	
ARHGAP21		-6.6145067	
HNMT		-6.633673	
MED30		-6.6491475	
CARD8-AS1		-6.65281	
IFNGR1		-6.657023	
WDFY2		-6.65908	
SNX7		-6.6601734	
STARD8		-6.662152	
EDA2R		-6.6647143	
FBN1		-6.674893	
TSHZ1		-6.678356	
MITD1		-6.6800423	
AGO1		-6.7075562	
LMLN		-6.710385	
FAF1		-6.7170024	
RFX3-DT		-6.717375	
ABI1		-6.720444	
ERI3		-6.7259684	
NOM1		-6.732959	
SMG1		-6.7374954	
CCDC28A		-6.745614	
ATG5		-6.746106	
HIBADH		-6.750643	
ZDHHC13		-6.751197	
OSTF1		-6.751977	
TARDBP		-6.7523513	
GBE1		-6.7683177	
WDR11		-6.769306	
UBN2		-6.7766337	
SLC44A3-AS1		-6.7827497	
INVS		-6.7914777	
RBM45		-6.796989	
PPA2		-6.8050537	
STAM2		-6.8092446	
ZNF462		-6.811274	
ARHGEF26		-6.813543	
SBF2		-6.8193765	
HOOK1		-6.824757	
LRRC8C-DT		-6.8276205	
HTR7		-6.8294096	
ITGB1-DT		-6.8332834	
ZDHHC18		-6.8343897	
GTF2H2C		-6.838232	
BRCA2		-6.8391623	
TMEM62		-6.8468733	
CTR9		-6.8483725	
ZFHX4		-6.8568573	
PHTF2		-6.868384	
SPDL1		-6.869411	
IFT25		-6.8732114	
SPART		-6.8738623	
CCDC121		-6.8743305	
ALG13		-6.8768163	
CENPF		-6.8784757	
COPS8-DT		-6.8785048	
H2BC4		-6.878662	
RICTOR		-6.8799667	
CSNK1A1		-6.881388	
PJA2		-6.884201	
CCDC112		-6.88456	
GPATCH2		-6.8868356	
PAPSS1		-6.890752	
PTER		-6.8954034	
ZNF804A		-6.8973346	
KCNT2		-6.901711	
DCAF17		-6.9021015	
ZC3H13		-6.907594	
GEMIN5		-6.918129	
CAPZA2		-6.9184394	
ATMIN		-6.9251714	
CDK6		-6.931566	
NR2F1-AS1		-6.937813	
DOCK4		-6.9416466	
VWDE		-6.9548464	
SNRK-AS1		-6.954923	
GOLGA2P10		-6.9568067	
PPP2R5C		-6.970944	
HSPH1		-6.9749146	
RND3		-6.9783893	
UBE2Q2P2		-6.97863	
VPS37B		-6.980639	
ALDH1A3-AS1		-6.9889865	
KIF27		-6.9974484	
ZDBF2		-6.9996505	
MBNL2		-7.0042925	
SAV1		-7.008868	
ZNF518A		-7.01165	
LINC01376		-7.0151067	
FCHO2		-7.037974	
FYCO1		-7.052438	
APC		-7.0539937	
KBTBD3		-7.054992	
ADH5		-7.0569253	
SMN1		-7.0589466	
ITGA4		-7.0604973	
BBS2		-7.062953	
ZNF540		-7.0641627	
PTPN2		-7.0764914	
ZBTB40		-7.076771	
IFI44		-7.0826764	
TASOR		-7.0828786	
RN7SL1		-7.089185	
BTBD9		-7.091739	
FBXO38-DT		-7.094467	
ALG10B		-7.100038	
DNAJC28		-7.102495	
GOLGA7		-7.1025796	
EFCAB7		-7.105984	
RBFOX2		-7.1083794	
TTC27		-7.113058	
DNHD1		-7.113567	
CDC42BPA		-7.1158695	
GEM		-7.1161556	
SMC4		-7.1272755	
TFB1M		-7.1277876	
NCKAP1		-7.1370335	
BMAL1		-7.1386147	
C2CD4D-AS1		-7.139948	
IKZF2		-7.1413345	
TAF1A		-7.1442084	
SDHAF3		-7.1444006	
SLC35G1		-7.148849	
SLC36A4		-7.1488914	
TMEM234		-7.15183	
PAXIP1-AS2		-7.1529098	
PLCL2		-7.1554785	
GTF2IP12		-7.155723	
TMEM117		-7.1584387	
TADA2A		-7.1588736	
EVC2		-7.1589737	
LINC00663		-7.160461	
HINT3		-7.1609564	
PTCD2		-7.162037	
CDK13		-7.1669426	
WASH3P		-7.1706424	
IMMT		-7.172848	
MIR223HG		-7.174586	
USP6NL		-7.1756263	
ATG14		-7.1796885	
TRIP12		-7.182025	
GTDC1		-7.185512	
COG6		-7.192459	
SLX4IP		-7.193819	
ADGRF3		-7.202226	
ATR		-7.2062902	
MTMR3		-7.2090907	
OXCT1		-7.2183714	
AP5M1		-7.2204175	
VEGFC		-7.232911	
CSNK1A1P1		-7.2387896	
RRP8		-7.2455316	
REXO1		-7.2479677	
BMX		-7.2548847	
HMMR		-7.2623997	
C2orf49-DT		-7.262575	
TASOR2		-7.2628255	
LMBRD1		-7.2646613	
PRKD3		-7.2674565	
ZNF766		-7.2704377	
MYEF2		-7.272447	
EIF3CL		-7.275588	
MFSD1		-7.279635	
RARS2		-7.281478	
BARD1		-7.2819643	
BMS1		-7.282639	
RABL3		-7.2944613	
MYOCOS		-7.309129	
GBP3		-7.310688	
KLHL2		-7.3152924	
CAVIN4		-7.3173957	
TDRD7		-7.3196263	
FIRRM		-7.335606	
EDEM2		-7.350843	
AVEN		-7.370832	
FOXP4		-7.3728	
ARHGEF9		-7.383517	
RAD51B		-7.396901	
PRIM2		-7.4027114	
HLTF		-7.4068866	
SPATA17		-7.4071584	
TRMT10C		-7.407781	
CTNNAL1		-7.4157424	
PUS10		-7.4219375	
TBC1D14		-7.4250145	
RPL14P1		-7.430166	
GRK3		-7.430337	
DNAJC27		-7.4319854	
LINC02728		-7.448773	
FLVCR2		-7.449449	
TTN		-7.4523077	
EPM2A-DT		-7.4559608	
TMEM9B-AS1		-7.4573536	
PRR14L		-7.461651	
RNF217		-7.466612	
MUC19		-7.4714417	
CAPRIN2		-7.4726496	
ZNF26		-7.4786673	
ZDHHC6		-7.4788933	
A2M-AS1		-7.4824266	
SYNE2		-7.486397	
TJP2		-7.497401	
OLFM3		-7.498075	
COL28A1		-7.5045905	
UBE2Q2		-7.510346	
EMC2		-7.512808	
SLC45A2		-7.5143456	
DST		-7.536394	
MFSD8		-7.5377665	
WDR75		-7.538334	
SOS1		-7.5525994	
USP3		-7.5651155	
LINC01881		-7.5721416	
SKAP2		-7.5809474	
SEPTIN7P7		-7.5848794	
FAM13A		-7.589988	
FBXW11		-7.589997	
DISP1		-7.5905633	
NUBP1		-7.5935855	
UBR5		-7.595354	
POLD3		-7.5981483	
CTBS		-7.6038713	
TMEM170B		-7.606653	
PARP4		-7.609819	
GTPBP4		-7.611594	
MCM3AP		-7.611615	
LINC02615		-7.6246586	
CPOX		-7.625249	
MCPH1-AS1		-7.629154	
SCYL3		-7.6372237	
POLR3B		-7.6427593	
SLC25A36		-7.649863	
CUL5		-7.65446	
RGS17		-7.6572514	
HTATSF1		-7.686598	
DNAJC8		-7.6901717	
OSBPL8		-7.695974	
ALG10		-7.6999245	
PIGC		-7.7042804	
NAB1		-7.706719	
NPAT		-7.7100854	
EXD2		-7.7132688	
HIVEP2		-7.7139764	
THOC7		-7.71482	
SEC31A		-7.7191215	
RBMS1		-7.7192864	
MIPOL1		-7.7263937	
WARS2		-7.7308197	
GEN1		-7.733002	
JPX		-7.734129	
PAK2		-7.73646	
ITPRID2		-7.736798	
CSTF3		-7.7411213	
HGF		-7.7436786	
BORCS7-ASMT		-7.7460284	
CYP2U1		-7.75151	
TMEM79		-7.761885	
ERCC4		-7.7628813	
MEG8		-7.7722087	
SMG9		-7.7777963	
PIBF1		-7.7820563	
SLC38A4-AS1		-7.783224	
SEPTIN7P13		-7.7903614	
HCCS-DT		-7.7993994	
ADGRA3		-7.8016434	
SMNDC1		-7.8018	
ABCC10		-7.802683	
SLC25A40		-7.8029904	
DSE		-7.810023	
WDR70		-7.8158703	
TBC1D22A		-7.8163137	
CDK19		-7.81722	
TIGD7		-7.8273215	
GLUD1		-7.8279014	
CCNH		-7.830836	
CEP85L		-7.8311567	
TAFA2		-7.8322954	
VWA8		-7.837414	
PROX1		-7.841441	
AIFM1		-7.8422823	
ICE2		-7.8466725	
PDCL3		-7.847107	
MT-RNR1		-7.8499985	
CCNT2		-7.86336	
ATAD1		-7.8677573	
SPRY3		-7.8730035	
IFTAP		-7.8737764	
ARRDC3-AS1		-7.8749323	
UTP25		-7.8824034	
SEPTIN2		-7.888545	
GLUD2		-7.899225	
ZMAT3		-7.901397	
SUCO		-7.9069347	
TMEM168		-7.90994	
GFM2		-7.9193044	
ZNF649		-7.9204097	
PTMAP10		-7.9313045	
TRIM4		-7.9326305	
TSHZ3-AS1		-7.933257	
TMEM135		-7.9431314	
MON2		-7.944649	
RPAP2		-7.948575	
LGALSL-DT		-7.950914	
ARHGAP28		-7.9607406	
SEC63		-7.9621534	
DICER1		-7.96487	
CHD8		-7.97689	
SDCBP2-AS1		-7.980688	
WDR12		-7.989196	
RWDD4P2		-7.991934	
POT1		-7.99678	
CBX5		-7.998599	
WDR3		-8.002842	
THUMPD3		-8.0074415	
PTPA		-8.009357	
BCL9		-8.009941	
AMY2B		-8.011573	
CEP135		-8.014582	
ROCK2		-8.015333	
CNOT8		-8.017011	
VRK1		-8.021165	
RANBP1P1		-8.022451	
PPFIBP2		-8.025616	
CCDC138		-8.025688	
TUT7		-8.03349	
TMEM185A		-8.04582	
PFDN1		-8.047098	
TMOD2		-8.052017	
MIPEP		-8.053757	
SP3		-8.059896	
RNGTT		-8.061797	
MIR222HG		-8.062616	
SLC5A4		-8.067376	
DHRS7		-8.06749	
CCNK		-8.073662	
RNF214		-8.078435	
MORC4		-8.0788555	
EIF3F		-8.089771	
DIPK2A		-8.102226	
RNF19A		-8.109231	
PSPC1		-8.122901	
CWC27		-8.131364	
MPPE1		-8.131554	
EPG5		-8.1358	
KTN1		-8.166228	
MIRLET7BHG		-8.169875	
KANSL1L-AS1		-8.175075	
FMR1		-8.181304	
ZNF281		-8.182348	
CAMK2D		-8.186049	
FAM149B1		-8.187345	
PPM1A		-8.190661	
ARL14EP-DT		-8.190771	
RNLS		-8.192653	
TPM3		-8.203526	
ENTPD1-AS1		-8.204443	
GSPT2		-8.206159	
TRIM52		-8.211962	
PLEKHA1		-8.213477	
CCDC82		-8.215041	
XPC		-8.226128	
TRNT1		-8.2264185	
SYS1-DBNDD2		-8.227115	
PPP4R3B		-8.230188	
CRNKL1		-8.237884	
CAAP1		-8.24027	
BCKDHB		-8.243023	
MT-RNR2		-8.246241	
BTBD1		-8.252193	
CYSLTR2		-8.258283	
C1GALT1		-8.2611475	
IFT57		-8.26116	
FAM76A		-8.2613535	
FBXO5		-8.266647	
CLOCK		-8.267092	
RPL6P10		-8.273187	
PHIP		-8.284221	
PIP4K2A		-8.286492	
PCM1		-8.287392	
ZNRF2P1		-8.292671	
PTPN13		-8.298359	
CDC40		-8.3211775	
ACAD9		-8.338315	
CDC73		-8.353173	
AGPS		-8.362382	
RGL1		-8.362704	
PMPCB		-8.363301	
SLC8A1		-8.366747	
CYP2R1		-8.3699875	
APIP		-8.370333	
CRIPT		-8.371987	
DOCK7		-8.372716	
C2orf76		-8.37387	
SECISBP2		-8.376303	
LYST		-8.391654	
DENND1A		-8.392673	
TTC32		-8.392942	
USP38-DT		-8.406728	
NCBP3		-8.408239	
WWC2		-8.4096	
AGO3		-8.426523	
IL1RAP		-8.42768	
ERGIC2		-8.438568	
PRR16		-8.440578	
GLYR1		-8.451123	
VPS37A		-8.459253	
EIF2A		-8.470897	
KDM3A		-8.4726515	
MGA		-8.473806	
DNTTIP2		-8.474103	
USPL1		-8.48463	
SCAPER		-8.493294	
ATAD5		-8.5116825	
ZBTB20		-8.514807	
OTUD3		-8.520453	
CEP78		-8.520541	
ZNF780B		-8.521486	
SLC35A5		-8.54293	
RNF111		-8.551278	
PSMA6P1		-8.560847	
CHUK		-8.562466	
ZSCAN25		-8.570814	
BCCIP		-8.571931	
UBAC2		-8.577227	
HECTD2		-8.608521	
UTRN		-8.610825	
CDC37L1		-8.6157255	
IFI16		-8.625561	
KLHL8		-8.639813	
CBFB		-8.643969	
KAT7		-8.645865	
CNOT4		-8.6466	
LINC02450		-8.649274	
USP37		-8.651038	
ECHDC1		-8.652236	
ARFGAP3		-8.65916	
FAM210A		-8.6633625	
ZNF704		-8.66899	
AUH		-8.678526	
BAG5		-8.689065	
ALG11		-8.692388	
LIAS		-8.6956005	
ASH1L		-8.713025	
USP53		-8.714353	
CCP110		-8.72033	
PPHLN1		-8.721576	
LLPHP3		-8.72477	
REL		-8.729657	
SLF1		-8.738581	
LIG4		-8.7456455	
PHF21A		-8.746199	
CCDC171		-8.749506	
PLGRKT		-8.751929	
ZFP69B		-8.753983	
TARS3		-8.765724	
ZBTB38		-8.767632	
EXOC6B		-8.776114	
DSTNP3		-8.779116	
BCL10		-8.780446	
SLC25A26		-8.81862	
GBA1		-8.827446	
STK3		-8.839331	
OTUD4		-8.8514805	
CEP120		-8.853119	
TTN-AS1		-8.855505	
BAALC-AS1		-8.859338	
LCORL		-8.868344	
CDK14		-8.869989	
USP34-DT		-8.870868	
MLLT3		-8.881078	
XPO4		-8.88501	
EFCAB13		-8.889314	
TPH1		-8.911745	
TAGAP-AS1		-8.913046	
TRIQK		-8.925159	
ZNF189		-8.931788	
ATG2B		-8.945994	
PPIP5K2		-8.951501	
KIAA0586		-8.9524765	
XRCC5		-8.96523	
ETFRF1		-8.972821	
FRG1HP		-8.973993	
PSMD12		-8.984996	
FUS		-8.989353	
CSNK1G3		-8.996914	
NOX4		-8.998463	
LRRC37B		-9.000035	
PFDN2		-9.0029955	
HSPA8		-9.005755	
SENP8		-9.013501	
RFX7		-9.016203	
SEPTIN7-DT		-9.029463	
SH3RF1		-9.047821	
STAG2		-9.048323	
NFKB1		-9.071631	
WDPCP		-9.083061	
MANEA		-9.08335	
CDIN1		-9.084101	
SAMD15		-9.087658	
FAM135A		-9.092288	
ERP44		-9.101487	
SPATA6		-9.109488	
PDZD8		-9.11011	
ZNF782		-9.113901	
ANTXR2		-9.120655	
STX7		-9.137713	
TCEAL8		-9.150436	
IQGAP1		-9.155961	
ZEB1		-9.156058	
MALINC1		-9.158913	
JAZF1		-9.163358	
NBPF10		-9.170186	
MARCHF7		-9.171644	
NSRP1		-9.194517	
ANKRD46		-9.197688	
TLR2		-9.1985235	
MIPEPP3		-9.199969	
ZNF451		-9.202917	
ZNF202		-9.204894	
MYO1B		-9.210597	
COG5		-9.224549	
LIMS1		-9.238675	
LYSMD3		-9.247444	
APEX1		-9.252557	
SERINC3		-9.266429	
MBNL1		-9.267231	
ADAM10		-9.279191	
SUCLG2		-9.279292	
VN1R53P		-9.27966	
CUL2		-9.281152	
STAU1		-9.2913475	
GNAQ		-9.292207	
PANX1		-9.296231	
GAB3		-9.298751	
SLC2A13		-9.308583	
ATP13A3		-9.312419	
MTERF3		-9.317409	
MKLN1		-9.318015	
TERF1		-9.324869	
NUB1		-9.324935	
PGBD2		-9.331195	
CTNNA1		-9.338065	
H3-3A		-9.346523	
WDFY3		-9.3550205	
KIFAP3		-9.356106	
BDNF-AS		-9.357221	
SASS6		-9.361627	
ZNF731P		-9.363906	
PMS1		-9.371943	
WWP1P1		-9.385398	
TTC21B		-9.389305	
TOP1		-9.391156	
FEM1C		-9.391908	
CDADC1		-9.400294	
C9orf85		-9.409991	
LONRF1		-9.44763	
SMARCA2		-9.451996	
TMX4		-9.462047	
MCEE		-9.46445	
LEO1		-9.469066	
ZNF669		-9.469604	
UBXN7		-9.478912	
RCAN3		-9.520611	
BCL2L2		-9.521118	
TRAK2		-9.5373535	
TFG		-9.547142	
RRH		-9.551425	
LRRC58		-9.55454	
CEP57L1		-9.565933	
NDUFAF5		-9.573982	
LNPK		-9.57976	
CCDC18		-9.582233	
LRIG3-DT		-9.582237	
PYROXD1		-9.587993	
FAM120B		-9.598564	
GOPC		-9.611718	
SHOC2		-9.624129	
MIA3		-9.63423	
SMC2		-9.6384535	
ERCC6L2-AS1		-9.640158	
LINC01409		-9.641184	
DIDO1		-9.643744	
DTWD1		-9.644713	
LINC02241		-9.653141	
ELF1		-9.664945	
SUZ12		-9.681489	
EPM2A		-9.684464	
CEP170		-9.687766	
C2CD5		-9.699542	
N4BP2		-9.722069	
DPY19L1P2		-9.730135	
SS18		-9.742571	
RC3H1		-9.746216	
SETX		-9.755894	
CXorf38		-9.764343	
ALMS1		-9.765075	
TRMT1L		-9.770268	
NME7		-9.778722	
TYW5		-9.790364	
WDR36		-9.8088	
DDX31		-9.816735	
LRRC66		-9.8182	
MT-TA		-9.822708	
METTL15		-9.825053	
SRGAP2C		-9.835835	
SDE2		-9.840858	
FKBP15		-9.847578	
USP25		-9.848481	
BRMS1L		-9.852789	
RAD52		-9.857912	
C22orf46P		-9.860768	
GAS2L3		-9.873185	
EDRF1		-9.881835	
MTF2		-9.889233	
HYCC1		-9.8962755	
TBC1D8B		-9.897362	
NIFK		-9.900562	
ASPM		-9.9072275	
POTEI		-9.925214	
SERPINB6		-9.92687	
IBTK		-9.929994	
FAM66B		-9.935853	
FAM20B		-9.942397	
IL6STP1		-9.948768	
REEP3		-9.961325	
ZNF438		-9.961839	
UHMK1		-9.967559	
ZNF567-DT		-9.971302	
UBE2D1		-9.976355	
HNRNPLL		-9.976469	
POU2F1		-9.986575	
CFAP44		-9.992815	
GTF2E2		-9.995595	
COMMD10		-9.995747	
SLAIN2		-9.998175	
NCAPD3		-10.000155	
MARCHF1		-10.01928	
ZEB1-AS1		-10.027719	
MED4		-10.038094	
RAPGEF5		-10.043361	
ATG3		-10.048986	
FEZ2		-10.050152	
FABP5		-10.056661	
DLG1		-10.057363	
COBLL1		-10.070911	
MYO9A		-10.079522	
RAD23A		-10.11249	
MT-TR		-10.117103	
REXO2		-10.122573	
DDX10		-10.1236725	
HIVEP1		-10.127905	
MED21		-10.136802	
PHKB		-10.138421	
PARAIL		-10.156952	
RIC1		-10.162863	
ANAPC4		-10.163949	
TAF4		-10.169371	
LBR		-10.186071	
DMXL2		-10.19243	
RYBP		-10.198744	
LINC00641		-10.210813	
RARG		-10.218812	
CCDC47		-10.237624	
TTC14		-10.245725	
COPS2		-10.249075	
SNX18		-10.250699	
CUL3		-10.252743	
MMUT		-10.2552185	
EIF1P3		-10.284885	
IMMP2L		-10.2902565	
ARAP2		-10.296156	
SLC10A7		-10.305426	
CNTLN		-10.306846	
YES1		-10.333314	
NCL		-10.334381	
SCYL2		-10.337256	
TNKS		-10.350378	
ATXN10		-10.352444	
NRF1		-10.362693	
LINC01909		-10.368527	
REV3L		-10.368544	
CLCN5		-10.39163	
FAM120C		-10.39415	
SAMTOR		-10.405576	
CTAGE3P		-10.406764	
ZNF644		-10.416861	
FBXL5		-10.422691	
NLK		-10.440906	
RPE		-10.441482	
NIN		-10.44705	
ETAA1		-10.447076	
EXOC5		-10.458363	
RELCH		-10.470765	
DHX16		-10.471384	
LINC00506		-10.476687	
MTX2		-10.47791	
HSP90B1		-10.479901	
GTF2A1-AS1		-10.487364	
BMP2K		-10.492021	
NUP58		-10.500542	
FAM98B		-10.501108	
MAPKAP1		-10.50113	
PABPC3		-10.538713	
RO60		-10.549039	
RPL6		-10.5552225	
ALKBH8		-10.569631	
ARHGEF7		-10.574855	
ARHGAP18		-10.582357	
ACBD6		-10.604414	
PPP4R3A		-10.605281	
TMA16P2		-10.610341	
TOP2B		-10.615162	
OLA1		-10.618607	
PHF11		-10.631307	
ATP9B		-10.64934	
CMSS1		-10.661519	
UGGT2		-10.667466	
PARP11		-10.67549	
FBXL17		-10.678763	
VTI1A		-10.683207	
MAP2K4P1		-10.686019	
HSD17B4		-10.695199	
MBLAC2		-10.698549	
HERC1		-10.699788	
BOD1L1		-10.708186	
PVR		-10.729683	
RSRC1		-10.748782	
PIAS2		-10.758941	
MYO5A		-10.759398	
RALGAPA1		-10.763994	
ZUP1		-10.766746	
WRN		-10.776286	
ABCE1		-10.780728	
ARL6		-10.794701	
STAG1		-10.796362	
ANGEL2		-10.801545	
PDCD6IP-DT		-10.812027	
MAN2A1		-10.826874	
ABHD13		-10.836118	
TTC17		-10.860903	
ZSCAN32		-10.88218	
ZNF507		-10.891162	
TASP1		-10.8941555	
MYCBP2		-10.89439	
CCNC		-10.896595	
CSGALNACT2		-10.898053	
KIN		-10.928663	
SERBP1P1		-10.943659	
PRDM2		-10.947205	
SBDS		-10.953665	
ASNSD1		-10.957421	
MIOS		-10.9789	
NARS1		-10.979562	
NUS1		-11.002984	
MAPK8		-11.003342	
FER		-11.008109	
TRPM7		-11.014236	
ZNF277		-11.02365	
DECR1		-11.025752	
TSPYL4		-11.034418	
ZNF571		-11.076726	
TFAM		-11.082778	
FIG4		-11.088212	
TAF5L		-11.115378	
STYX		-11.121002	
PGGT1B		-11.129355	
FNDC3A		-11.133256	
PRIM1		-11.138239	
LINC01473		-11.154816	
THAP6		-11.17177	
LRRK2		-11.184897	
PSMC1P1		-11.185652	
HPS3		-11.189066	
ZNF317		-11.193721	
SP4		-11.195034	
TEX10		-11.227607	
SESN1		-11.229986	
LINC01191		-11.234305	
STIM2		-11.240135	
MRPL1		-11.257184	
MSL3		-11.262743	
ZNF394		-11.262895	
SNHG22		-11.2645445	
SUPV3L1		-11.277484	
NASPP1		-11.279346	
TRMT11		-11.28594	
BCDIN3D-AS1		-11.286753	
SLC25A13		-11.299382	
TBC1D19		-11.305381	
LIN54		-11.307492	
ANO6		-11.311961	
FBXO38		-11.330064	
JMY		-11.330627	
DNAJC15		-11.332389	
RLIG1		-11.333171	
DHX35		-11.339041	
HEATR1		-11.342203	
MIR181A1HG		-11.352007	
SMG1P6		-11.357478	
FAM76B		-11.357779	
FOCAD		-11.364929	
TMEM131		-11.398053	
PTEN		-11.399854	
SMAD5		-11.409558	
DMXL1		-11.421096	
GPATCH2L		-11.421203	
MCM9		-11.42753	
FBXL3		-11.436255	
SNX4		-11.45346	
FXR1		-11.456201	
DHX36		-11.456342	
PCGF3-AS1		-11.470694	
GOLGA4		-11.474489	
SLC25A27		-11.484164	
PACRGL		-11.492733	
UTP11		-11.4940815	
SDAD1P2		-11.533669	
NEK3		-11.55086	
MAPK14		-11.568484	
FKBP3		-11.578507	
SELENON		-11.599342	
SMAD2		-11.605519	
RPL24P4		-11.607232	
TWNK		-11.649047	
HIBCH		-11.649781	
EIF4G1		-11.65891	
MFSD6		-11.668451	
RASA2		-11.687702	
DYM		-11.691692	
RBM28		-11.710296	
MAP10		-11.7115965	
BIRC6		-11.726299	
BRD10		-11.730508	
CEP192		-11.737682	
TDRD3		-11.757497	
GAB1		-11.76976	
ZDHHC17		-11.774942	
DBF4P1		-11.782699	
ING3		-11.782742	
SNAPC3		-11.791062	
RNMT		-11.79596	
C6orf62		-11.807952	
PDAP1		-11.8250885	
CCDC91		-11.860826	
CRYGS		-11.882914	
ACVR2A		-11.884087	
KIDINS220		-11.88632	
DLEU2		-11.913618	
RAB28		-11.932315	
NASP		-11.934862	
CCT6B		-11.965288	
RAB3IP		-11.9661875	
MTM1		-11.978523	
CECR7		-11.997416	
RPS6KC1		-12.005066	
NAPG		-12.008797	
CKAP5		-12.031971	
SLC35F5		-12.033923	
PTPN4		-12.03908	
RBM48		-12.063819	
RPGRIP1L		-12.075956	
OPA1		-12.098679	
ASXL2		-12.112402	
G3BP2		-12.113699	
DNAJC3		-12.147274	
WDR7		-12.151898	
GPR108		-12.168521	
CNTRL		-12.177521	
WDR7-OT1		-12.187508	
BAZ1B		-12.204255	
MAN1A2		-12.204977	
ZNF892		-12.211218	
DNAJC21		-12.213025	
SNRK		-12.213417	
APPAT		-12.234284	
POLA1		-12.252546	
GMPS		-12.264835	
ZNF678		-12.269227	
SKIC3		-12.287899	
LPAR6		-12.300895	
CRAMP1		-12.30246	
PRMT3		-12.311155	
DIAPH1		-12.317315	
ANKRD36B		-12.333415	
ELP4		-12.360988	
LEKR1		-12.380081	
PPP1CB		-12.393138	
C1orf52		-12.445627	
COX10		-12.456083	
HDX		-12.466113	
CCDC93		-12.497573	
LARS1		-12.519963	
NRIP1		-12.526934	
CENPC		-12.533012	
LEMD3		-12.540884	
AATF		-12.54406	
AKAP9		-12.54525	
ZNF407		-12.5632715	
NUFIP2		-12.565024	
CDC5L		-12.583631	
CCDC122		-12.588661	
TBC1D5		-12.592869	
HS2ST1		-12.612253	
IRAK4		-12.625868	
ARL13B		-12.638187	
RSPRY1		-12.650504	
AIDA		-12.65232	
ACADM		-12.666363	
RIOK2		-12.669371	
ORC5		-12.6779585	
USP16		-12.6974535	
PTPDC1		-12.704235	
MBD5		-12.708365	
POLK		-12.710088	
ZNF561-AS1		-12.710608	
ZNF891		-12.738144	
UBA6		-12.745209	
TAX1BP1		-12.748123	
TIMM23B-AGAP6		-12.756997	
ST7		-12.777734	
THOC5		-12.779095	
GOLGA5		-12.783701	
PIP4P2		-12.789636	
METTL2B		-12.810569	
FAM174A-DT		-12.814378	
CPEB2		-12.823766	
SH3YL1		-12.844207	
YWHAEP5		-12.8790655	
TCF12		-12.9473295	
PHC2-AS1		-12.954129	
CYB5R4		-12.960807	
ARGLU1		-12.998902	
UACA		-13.029633	
ERBIN		-13.0321665	
RAB40A		-13.038531	
SEPTIN7P6		-13.043086	
SERGEF		-13.062662	
TXLNB		-13.063616	
TMEM161B-DT		-13.072066	
EVA1A		-13.112659	
DCP1B		-13.115989	
TATDN1P1		-13.118523	
KMT5A		-13.139466	
MAP3K4		-13.160849	
COPS5		-13.172481	
XRN1		-13.179257	
ARID2		-13.185512	
CPSF2		-13.193252	
NIPBL		-13.211049	
LCA5		-13.251268	
PRCC		-13.258379	
M6PR		-13.263205	
ERCC6		-13.280733	
XRCC1		-13.285198	
NDUFAF2		-13.294844	
ZC3H8		-13.295483	
VDAC1P1		-13.330839	
MAP3K2		-13.354671	
ZNF280C		-13.358975	
TSGA10		-13.37125	
MIX23		-13.41597	
NSUN3		-13.422752	
ZFP91-CNTF		-13.423653	
CLCN3		-13.426216	
KIF20B		-13.433111	
SEPTIN7		-13.436951	
DCAF11		-13.482596	
GIN1		-13.4893	
SLC30A7		-13.49619	
JUN-DT		-13.521874	
PCNT		-13.582328	
RIMOC1		-13.609861	
L3MBTL3		-13.645121	
MPDZ		-13.645522	
CREB1		-13.655836	
POM121		-13.708563	
SENP1		-13.717037	
NMI		-13.758734	
EEA1		-13.768957	
PDE4DIPP2		-13.798736	
MON1B		-13.802823	
CCDC146		-13.849746	
ATP10D		-13.853147	
TMEM260		-13.861467	
CHD9		-13.871507	
MAIP1		-13.888921	
SPRED1		-13.918132	
VPS13C		-13.925112	
RAPGEF2		-13.949372	
CCDC14		-13.956093	
METTL25		-13.971573	
RAB3GAP1		-13.975248	
OFD1P17		-14.015909	
CCNB1IP1		-14.027953	
ZNF292		-14.087867	
SSB		-14.101144	
ZNHIT6		-14.106895	
MID2		-14.116492	
FAM168B		-14.126137	
HMBOX1		-14.127778	
ZSCAN30		-14.133624	
FAM204A		-14.172168	
XRCC4		-14.225118	
CFAP97		-14.249779	
GPATCH11		-14.264364	
PCNX1		-14.273015	
MSS51		-14.2806835	
FBXL4		-14.283905	
PTPN12		-14.291361	
KPNA5		-14.306184	
METTL14		-14.320911	
MNAT1		-14.328393	
KIAA1586		-14.33603	
ASCC3		-14.337253	
RCHY1		-14.34226	
SPEN		-14.3565445	
PIK3CA		-14.382957	
PTP4A2P2		-14.389507	
OTULIN		-14.404527	
TBL1XR1		-14.408801	
GALK2		-14.431585	
ZNF621		-14.454736	
SNW1		-14.467552	
DDHD1		-14.491138	
ALKBH1		-14.525629	
TLN1		-14.528082	
CMC1		-14.587664	
PABPC1P4		-14.61478	
TNPO1		-14.617309	
RINT1		-14.6567135	
CEP83		-14.658404	
PPWD1		-14.693871	
DENND11		-14.704308	
CLDN12		-14.720518	
WDR48		-14.730445	
ARL6IP5		-14.747939	
SMCHD1		-14.753227	
LYPLAL1		-14.802632	
C16orf87		-14.822379	
C11orf58		-14.83215	
QSER1		-14.8580885	
TRIM23		-14.85858	
FNBP1L		-14.866951	
CEP162		-14.879815	
ARFIP1		-14.885461	
SEPTIN7P14		-14.921429	
ZMYND11		-14.935973	
PMM2		-14.980167	
FERRY3		-14.989303	
EIF4B		-15.047193	
RMDN2		-15.0512905	
PIK3C3		-15.067941	
SH3GLB1		-15.091846	
C21orf91		-15.125188	
HCFC2		-15.125503	
TAB3		-15.130762	
GOLIM4		-15.131046	
DHX9P1		-15.147318	
RANBP2		-15.172488	
RECQL		-15.181891	
HP1BP3		-15.184054	
ODF2L		-15.196082	
EFCAB10		-15.220236	
EWSR1		-15.227982	
COX20P2		-15.238442	
STX17		-15.271861	
FBXO11		-15.2863655	
SUPT20H		-15.330504	
RASA1		-15.342185	
ZNF326		-15.355605	
GNPDA2		-15.358743	
THOC1		-15.395273	
PTAR1		-15.402624	
PRP4K		-15.428275	
KPNA3		-15.445449	
RNU4-2		-15.461428	
NRDC		-15.480135	
COP1		-15.494766	
ZDHHC1		-15.508652	
RFX3		-15.517725	
PNPLA8		-15.526422	
RPRD1B		-15.56548	
ZFYVE16		-15.580345	
DHX29		-15.628282	
ARHGAP5		-15.680633	
KDM1A		-15.72765	
TSC22D2		-15.741498	
DERA		-15.753226	
ARB2A		-15.757663	
HSPA9P1		-15.758273	
PIGN		-15.7841625	
CEP95		-15.803447	
SKA2P1		-15.805847	
ATRX		-15.823855	
BICD2		-15.824311	
CCNY		-15.829526	
ZDHHC21		-15.846175	
KATNBL1		-15.872467	
MTREX		-15.891182	
SCLT1		-15.895819	
TBC1D32		-15.916961	
ZFR		-15.932627	
XPA		-15.9408	
THUMPD2		-15.977917	
RIF1		-15.996593	
DOP1A		-16.000057	
ZNF567		-16.029291	
MTR		-16.036905	
SUPT3H		-16.090487	
EBLN3P		-16.099463	
EFL1		-16.113483	
ST13P5		-16.116894	
SCFD2		-16.144289	
UBE3A		-16.153341	
PIAS1		-16.162283	
ZRANB1		-16.209108	
AGPAT5		-16.233799	
QTRT2		-16.246607	
GTPBP10		-16.256594	
RARS1		-16.30623	
URI1		-16.318558	
ABHD17B		-16.342278	
ARMC8		-16.357601	
BBX		-16.368122	
ODR4		-16.407333	
SETDB2		-16.420841	
ZNF654		-16.452324	
STXBP5		-16.454676	
THAP9		-16.459673	
PAPOLA		-16.47281	
COA1		-16.511017	
GPBP1		-16.518505	
SCFD1		-16.521559	
SENP7		-16.52674	
ARSK		-16.55906	
CEP290		-16.56022	
TYW3		-16.56098	
ZNF234		-16.567543	
USP47		-16.58921	
TMEM242		-16.607218	
PARGP1		-16.65315	
MTERF1		-16.702972	
TPM3P5		-16.731771	
GALNT1		-16.746479	
ROCK1		-16.75772	
PIGF		-16.775515	
PDS5B		-16.775814	
RNF138		-16.775928	
SPON1-AS1		-16.778963	
REV1		-16.8118	
ZRANB2		-16.83809	
CENPCP1		-16.902313	
NCOA5		-16.906832	
NGLY1		-16.91694	
IPO7P1		-16.960941	
ZNF354B		-17.012566	
PRPF18		-17.06431	
BRWD3		-17.098629	
SETP14		-17.119028	
CCDC66		-17.12655	
CD2AP		-17.21385	
RNPC3		-17.219751	
GCFC2		-17.261688	
USP9X		-17.284485	
KIAA1143P1		-17.347872	
PGM3		-17.492104	
BTAF1		-17.526432	
RNF2		-17.621994	
GABPA		-17.63451	
SPTY2D1		-17.63662	
DNAJB11		-17.657673	
VPS13A		-17.664265	
MBIP		-17.67201	
GSK3B		-17.693089	
NUP214		-17.798223	
MIS18BP1		-17.838718	
PKN2		-17.858355	
SMAP2		-17.8731	
FGFR1OP2		-17.905128	
TRIP11		-17.925531	
NDUFAF2P1		-17.941912	
C1D		-17.96733	
SERBP1P5		-17.96932	
HMGN2		-17.995821	
CHORDC1		-18.004536	
ABCB7		-18.14248	
SOCS4		-18.1781	
CYP51A1P2		-18.221891	
WDR43		-18.223053	
KMT5AP1		-18.243418	
CEP350		-18.25449	
FUBP1		-18.310417	
RBM33		-18.361155	
PTP4A2P1		-18.376877	
CAST		-18.46389	
WASL		-18.47191	
MOB2		-18.492874	
G2E3		-18.527464	
DNAJA2		-18.529171	
RPAP3		-18.56063	
SUGT1P4-STRA6LP-CCDC180		-18.560942	
ZBTB24		-18.561785	
DHX9		-18.576113	
MIB1		-18.584768	
BBS7		-18.59611	
CCNY-AS1		-18.612034	
OLA1P1		-18.617712	
SMG7		-18.617987	
YBX1P1		-18.632961	
KCTD18		-18.650185	
UCHL5		-18.691118	
AHCTF1P1		-18.749369	
BZW1		-18.76854	
KPNA1		-18.79946	
DCUN1D5		-18.821127	
USP24		-18.85745	
CENPQ		-18.875742	
LINC00630		-18.879486	
SLK		-18.915686	
TPP2		-18.926535	
SLC39A10		-18.980707	
VDAC1P6		-19.013952	
NOL8		-19.030857	
ARL14EP		-19.065529	
YME1L1		-19.200127	
UBA5		-19.221525	
ZNG1B		-19.2239	
TMLHE		-19.282558	
CENATAC-DT		-19.292007	
PSMD14		-19.317091	
SEPTIN10P1		-19.38351	
PTPN11		-19.396511	
BLTP1		-19.418419	
MIER3		-19.425484	
BCLAF1P2		-19.471582	
SHPRH		-19.481838	
SBDSP1		-19.503344	
SNORD13		-19.527704	
CAPN7		-19.534672	
TLK1		-19.57765	
H1-3		-19.584698	
NAMPTP1		-19.592203	
SLF2		-19.612297	
HSPD1		-19.647186	
CFAP418		-19.648361	
ICE1		-19.678286	
ST13P6		-19.683195	
OTUD6B		-19.694391	
AP3B1		-19.715816	
KRT8P12		-19.794062	
RCBTB2		-19.8018	
NBAS		-19.805346	
VPS50		-19.809383	
RBM41		-19.8295	
YBX1		-19.862173	
HUWE1		-19.882072	
MIER1		-19.901728	
HMGN2P5		-19.904715	
CD59		-19.920399	
UBE2V1P2		-19.93282	
PEX3		-19.93806	
SENP6		-19.969791	
RFC1		-19.995531	
PHF3		-20.011648	
RYK		-20.058147	
DNAJB14		-20.07876	
NEK7		-20.103733	
ANKRD36		-20.125935	
ERCC6L2		-20.362392	
SIN3A		-20.485695	
GCC2		-20.528378	
TTC13		-20.588652	
CACYBPP2		-20.689707	
LTN1		-20.705475	
SUCLG1		-20.730408	
PRR3		-20.765621	
LNCSRLR		-20.872309	
GOLGA6L9-AS1		-20.894047	
SRP14P2		-20.919464	
SMARCE1P6		-20.938877	
CLINT1		-20.9396	
MRPS31		-20.991566	
OXSR1		-20.996334	
DDX1		-21.14332	
ZNF638		-21.186695	
MINDY3		-21.295294	
YBX1P6		-21.326721	
GDAP2		-21.370176	
SEC63P1		-21.377447	
RTF2		-21.38971	
NDUFA5P11		-21.453335	
STXBP3		-21.574223	
ZNF133		-21.628815	
MFN1		-21.671528	
PIGB		-21.841818	
MYSM1		-21.904627	
DYRK1A		-21.905182	
FKTN		-21.931278	
KPNA4		-21.939188	
MSANTD2		-22.030773	
DDX59		-22.036003	
MTIF2		-22.05956	
H4C3		-22.099535	
SOCS5P4		-22.256857	
ZNF322		-22.284794	
GNL3		-22.29101	
HNRNPCP4		-22.315374	
CCDC186		-22.408422	
CERT1		-22.412676	
HNRNPC		-22.456587	
TRAF6		-22.457794	
FAM192BP		-22.560839	
DCTN1		-22.633884	
BLZF1		-22.68198	
ADSS2		-22.871582	
VPS41		-22.88463	
HMGB1P5		-22.917652	
RPS3A		-22.963533	
R3HCC1L		-22.984938	
CHIC2		-23.291193	
PUS7L		-23.384632	
ZNF148		-23.606987	
CALM2P3		-24.01734	
IWS1		-24.123951	
ZNF800		-24.136717	
SRBD1		-24.191584	
BCLAF1		-24.197193	
NFE2L2		-24.273907	
THAP5P1		-24.356068	
RSRC2		-24.40364	
SMC3		-24.410645	
ZNF790		-24.470966	
NFYC-AS1		-24.542648	
ATF6		-24.553185	
RNF13		-24.754822	
PSMD6-AS1		-24.769009	
TRMT13		-24.850718	
SRFBP1		-25.188618	
H1-4		-25.235466	
FNBP1P1		-25.32216	
SMC5		-25.41903	
PDCD10		-25.426	
TANK		-25.51478	
EXOC5P1		-25.660942	
ITGB1		-25.720198	
TNKS2		-25.755108	
WASHC4		-25.863708	
MT-ATP8		-25.894627	
NOC3L		-25.9495	
UBR4		-26.266672	
C2orf49		-26.28378	
SNX13		-26.459621	
RBM12B		-26.516775	
HNRNPDP1		-26.575214	
CWC22		-26.606394	
HAUS6P1		-26.618671	
PAXBP1		-26.637596	
CHCHD3P3		-27.085926	
GOLGB1		-27.150904	
RAB11FIP2		-27.153378	
RNF216P1		-27.356968	
TMF1		-27.47618	
SMC6		-27.526943	
TET2		-27.641205	
TRAPPC8		-27.784086	
TLK1P1		-27.844439	
ZBTB11		-28.062368	
DMTF1		-28.358316	
YTHDC1		-28.725704	
CEPT1		-28.731558	
HSPD1P1		-28.934696	
TPM4P3		-29.217035	
CBX3P9		-29.453264	
DNAJC13		-29.537735	
EPC2		-29.791788	
KATNBL1P6		-30.03682	
AKAP11		-30.165482	
HNRNPKP2		-30.184916	
MEF2A		-30.363997	
EIF4BP3		-30.442385	
BCL2L2-PABPN1		-30.472599	
PPIL4		-30.818611	
SNORA11F		-30.859116	
CEBPZ		-31.03579	
RCN1P2		-31.038506	
CALM2P2		-31.860422	
DNAJB6P1		-33.361835	
PTGES3P1		-33.453968	
TPR		-33.527653	
SMARCA5		-33.618763	
FAM3C2P		-33.99858	
MORF4L1P1		-34.25448	
HNRNPR		-35.557808	
IPO7P2		-37.687283	
